model,scenario_id,n_masts,shapley_source_evidence,shapley_sensor_visibility,shapley_wind_error_sensitivity,featval_source_evidence,featval_sensor_visibility,featval_wind_error_sensitivity,v_all_maps,v_no_maps,efficiency_residual
DeepSets,ch4t-test-000000,6,0.339310,-0.062955,0.479978,0.637727,0.664518,1.363644,-4.130918,-4.887250,0.000e+00
DeepSets,ch4t-test-000001,4,-0.043671,-0.113098,0.161181,0.942629,0.220189,1.585843,-6.355829,-6.360242,2.776e-17
DeepSets,ch4t-test-000002,6,4.118458,-1.159794,-1.176837,2.151335,-0.560630,1.432217,-2.850417,-4.632244,0.000e+00
DeepSets,ch4t-test-000003,5,1.819680,-0.004753,-0.569568,0.809028,-0.470753,1.020843,-3.254283,-4.499642,2.220e-16
DeepSets,ch4t-test-000004,6,1.686137,0.034992,-0.296835,0.420327,0.880178,0.402675,-3.994777,-5.419070,2.220e-16
DeepSets,ch4t-test-000005,6,0.732676,0.150878,0.137984,0.822973,0.133216,1.305014,-5.374080,-6.395618,0.000e+00
DeepSets,ch4t-test-000006,8,1.180568,-0.131481,0.094559,0.222705,-0.008838,0.434744,-3.635272,-4.778919,0.000e+00
DeepSets,ch4t-test-000007,5,4.705552,-1.394644,-0.357235,0.228273,-1.132776,0.189003,-2.150835,-5.104508,8.882e-16
DeepSets,ch4t-test-000008,6,0.340387,0.366410,-0.076588,0.131892,0.855553,0.159724,-6.792920,-7.423129,0.000e+00
DeepSets,ch4t-test-000009,4,0.804703,0.248607,-0.583058,0.845038,-0.812864,1.616322,-5.896760,-6.367013,0.000e+00
DeepSets,ch4t-test-000010,6,0.986264,0.470127,0.398119,0.641779,0.819704,0.987655,-5.458237,-7.312747,0.000e+00
DeepSets,ch4t-test-000011,6,0.001117,-1.008782,0.358202,0.057311,0.003176,0.119267,-9.822064,-9.172602,1.110e-16
DeepSets,ch4t-test-000012,5,-0.754962,-0.392140,0.619603,0.104189,0.600659,0.220905,-7.574084,-7.046585,0.000e+00
DeepSets,ch4t-test-000013,6,0.807849,-0.157428,-0.273456,0.848507,0.965370,0.295609,-4.217266,-4.594231,5.551e-17
DeepSets,ch4t-test-000014,4,-0.012501,-0.556704,0.857363,0.608296,-0.519051,1.616750,-7.206943,-7.495101,1.110e-16
DeepSets,ch4t-test-000015,6,0.388509,0.774417,-0.125087,0.135779,0.968994,0.264520,-5.986496,-7.024335,0.000e+00
DeepSets,ch4t-test-000016,5,0.367172,-0.212707,-0.053446,-0.007097,0.094556,0.135593,-7.670065,-7.771084,2.776e-17
DeepSets,ch4t-test-000017,4,-0.127359,0.020180,-0.051291,0.002190,0.315155,0.162276,-8.300548,-8.142078,0.000e+00
DeepSets,ch4t-test-000018,7,0.472595,0.132611,0.146055,-0.007181,1.136367,0.161802,-7.836777,-8.588038,0.000e+00
DeepSets,ch4t-test-000019,4,-0.075452,-0.002365,-0.033516,0.026335,-0.439010,0.124335,-6.944874,-6.833541,2.776e-17
DeepSets,ch4t-test-000020,4,0.477232,0.435796,-0.118468,0.151752,0.730750,0.236036,-7.378715,-8.173275,0.000e+00
DeepSets,ch4t-test-000021,6,1.076553,0.354144,-0.275149,0.503223,0.907480,0.936137,-4.750060,-5.905609,0.000e+00
DeepSets,ch4t-test-000022,8,0.280073,0.179646,-0.075303,0.274381,0.027776,0.705825,-6.667671,-7.052088,0.000e+00
DeepSets,ch4t-test-000023,4,0.684835,-0.056665,0.105676,0.146635,0.656145,0.652743,-10.883783,-11.617629,2.220e-16
DeepSets,ch4t-test-000024,6,0.275793,-0.099581,-0.082518,0.148495,1.096784,0.445498,-8.192400,-8.286093,2.776e-17
DeepSets,ch4t-test-000025,7,1.944752,0.559778,-0.206075,0.182088,1.061471,0.197966,-4.161438,-6.459892,4.441e-16
DeepSets,ch4t-test-000026,7,1.692320,0.533377,-1.124723,1.387166,1.025204,1.564768,-5.020928,-6.121902,0.000e+00
DeepSets,ch4t-test-000027,6,0.152474,0.564495,0.126315,0.048287,0.974289,0.170442,-7.320358,-8.163642,1.110e-16
DeepSets,ch4t-test-000028,6,-0.537267,-0.564549,0.810001,0.665027,-0.454109,1.086724,-6.926512,-6.634696,1.110e-16
DeepSets,ch4t-test-000029,7,2.520170,-0.194928,-0.158472,1.445491,0.056826,0.503572,-3.818838,-5.985609,4.441e-16
DeepSets,ch4t-test-000030,8,1.213051,0.005902,-0.133062,0.774808,-0.045212,1.356714,-5.104599,-6.190490,2.220e-16
DeepSets,ch4t-test-000031,6,0.327652,-0.280862,0.453875,0.044923,-1.487200,0.211424,-7.192249,-7.692914,0.000e+00
DeepSets,ch4t-test-000032,4,0.029287,0.678617,0.042425,0.006030,-0.688190,0.160025,-6.727061,-7.477389,0.000e+00
DeepSets,ch4t-test-000033,6,1.699458,0.019023,-0.195744,0.783479,0.813890,0.357113,-4.781465,-6.304202,0.000e+00
DeepSets,ch4t-test-000034,4,-0.206584,0.594342,-0.059268,-0.071173,-0.949594,0.121747,-7.755792,-8.084281,0.000e+00
DeepSets,ch4t-test-000035,7,0.431671,0.070691,0.644226,0.177598,-0.197380,1.109773,-4.594049,-5.740636,0.000e+00
DeepSets,ch4t-test-000036,5,0.472429,0.320006,0.085594,0.110581,0.900375,0.128937,-5.979215,-6.857243,0.000e+00
DeepSets,ch4t-test-000037,4,2.869365,-0.395237,-0.565924,1.248310,0.070080,0.515026,-3.236270,-5.144475,0.000e+00
DeepSets,ch4t-test-000038,6,1.514825,-0.156717,-0.606908,1.005406,1.273039,0.962400,-4.756288,-5.507490,2.220e-16
DeepSets,ch4t-test-000039,7,-0.002175,0.365301,0.012024,-0.019889,-0.314319,0.146824,-5.226917,-5.602066,5.551e-17
DeepSets,ch4t-test-000040,8,0.750966,0.156588,-0.051776,1.190629,1.099744,1.020201,-4.883717,-5.739496,0.000e+00
DeepSets,ch4t-test-000041,5,0.704479,0.235122,-0.085114,0.441565,0.608848,0.285420,-4.251231,-5.105719,1.110e-16
DeepSets,ch4t-test-000042,8,1.542449,0.260690,-0.412085,0.607313,1.242851,0.780375,-4.971353,-6.362407,0.000e+00
DeepSets,ch4t-test-000043,4,0.393443,0.138552,-0.101228,0.356117,0.786860,0.255857,-5.637852,-6.068618,0.000e+00
DeepSets,ch4t-test-000044,7,0.224317,0.258715,-0.224045,0.324798,1.201926,0.353734,-5.134052,-5.393039,0.000e+00
DeepSets,ch4t-test-000045,8,1.420575,-0.227719,-0.228746,0.829803,0.281951,0.759054,-4.150756,-5.114866,1.110e-16
DeepSets,ch4t-test-000046,5,1.933633,0.181444,-0.428215,0.528584,0.883876,0.476107,-6.709566,-8.396427,0.000e+00
DeepSets,ch4t-test-000047,6,1.433223,0.012150,-0.190093,0.574687,0.685920,0.326932,-4.026758,-5.282037,0.000e+00
DeepSets,ch4t-test-000048,4,-0.332301,0.833531,-0.142286,0.071165,-0.270524,0.150743,-6.597414,-6.956358,1.110e-16
DeepSets,ch4t-test-000049,6,-0.070214,0.010713,-0.078781,1.720491,0.794219,0.835400,-5.338547,-5.200265,0.000e+00
DeepSets,ch4t-test-000050,4,-0.019132,1.150036,-0.128668,-0.012735,0.653175,0.185250,-6.794637,-7.796873,2.220e-16
DeepSets,ch4t-test-000051,7,1.381299,0.301253,-0.281738,0.710205,0.614021,0.790576,-4.308295,-5.709109,2.220e-16
DeepSets,ch4t-test-000052,8,-0.052471,1.560448,-0.147574,0.002435,0.469011,0.146897,-6.863940,-8.224343,0.000e+00
DeepSets,ch4t-test-000053,4,0.036833,0.458148,0.072355,-0.020594,0.055872,0.206872,-7.920255,-8.487592,0.000e+00
DeepSets,ch4t-test-000054,8,0.410010,0.282881,0.144022,0.708025,1.001874,1.445844,-5.791677,-6.628589,0.000e+00
DeepSets,ch4t-test-000055,4,4.475921,-0.386867,-0.928837,2.206846,-0.308185,2.058204,-3.724742,-6.884959,4.441e-16
DeepSets,ch4t-test-000056,5,0.317451,-0.142041,0.235617,0.984436,0.482682,0.994610,-5.560307,-5.971334,0.000e+00
DeepSets,ch4t-test-000057,4,0.226522,-0.248464,0.418766,0.230107,0.312627,1.003222,-7.226346,-7.623170,0.000e+00
DeepSets,ch4t-test-000058,5,1.243493,-0.177682,-0.330141,1.196683,0.617740,1.215520,-7.232534,-7.968204,0.000e+00
DeepSets,ch4t-test-000059,4,0.005002,-0.078869,0.028528,0.016043,-1.533170,0.158207,-9.979553,-9.934214,0.000e+00
DeepSets,ch4t-test-000060,6,0.142703,0.257784,0.514721,0.047523,1.183127,0.244018,-7.415584,-8.330792,1.110e-16
DeepSets,ch4t-test-000061,5,0.257070,0.003484,0.670100,0.065129,-0.249700,0.245986,-7.916551,-8.847206,2.220e-16
DeepSets,ch4t-test-000062,8,-0.122254,0.067392,-0.037802,0.749536,0.312699,0.293790,-6.336610,-6.243946,1.388e-17
DeepSets,ch4t-test-000063,5,0.024866,-0.556782,1.594627,0.332781,1.499720,1.154269,-7.206326,-8.269036,0.000e+00
DeepSets,ch4t-test-000064,6,1.306919,-0.228109,-0.111842,0.490175,0.027947,0.218182,-4.555446,-5.522413,0.000e+00
DeepSets,ch4t-test-000065,5,-0.270597,-0.105982,-0.387910,0.205555,-1.251043,0.359317,-11.294202,-10.529712,0.000e+00
DeepSets,ch4t-test-000066,5,-0.354152,-0.340370,0.230268,0.804769,0.298137,1.500450,-6.024636,-5.560383,0.000e+00
DeepSets,ch4t-test-000067,4,0.789038,0.098329,-0.182296,0.556890,0.594841,0.413796,-4.628256,-5.333326,1.110e-16
DeepSets,ch4t-test-000068,8,0.182189,0.070224,0.074672,0.560072,0.469245,0.706494,-5.880374,-6.207459,0.000e+00
DeepSets,ch4t-test-000069,6,2.410598,0.062716,-0.390422,0.604049,0.695678,0.560770,-4.118434,-6.201326,0.000e+00
DeepSets,ch4t-test-000070,5,0.598209,-0.028212,-0.171337,1.541777,1.016916,1.148200,-8.136718,-8.535378,0.000e+00
DeepSets,ch4t-test-000071,7,0.471436,0.257736,-0.056965,0.192022,0.863871,0.162562,-6.954883,-7.627090,0.000e+00
DeepSets,ch4t-test-000072,8,0.026430,-0.403135,0.512779,0.183500,0.549266,0.488613,-6.853016,-6.989091,5.551e-17
DeepSets,ch4t-test-000073,6,-0.098427,-0.283216,0.170277,0.275711,1.188980,0.677568,-7.714936,-7.503570,0.000e+00
DeepSets,ch4t-test-000074,7,-0.022587,0.393122,-0.003877,0.002488,-0.326851,0.157191,-7.649280,-8.015938,5.551e-17
DeepSets,ch4t-test-000075,7,-0.223796,-0.350898,-0.217740,0.383942,1.113221,0.481757,-9.509996,-8.717562,0.000e+00
DeepSets,ch4t-test-000076,6,0.743447,0.010722,-0.147985,0.156547,0.705494,0.195439,-5.795808,-6.401993,0.000e+00
DeepSets,ch4t-test-000077,5,0.311193,0.116032,-0.107722,0.630672,0.871787,0.370245,-4.571644,-4.891147,5.551e-17
DeepSets,ch4t-test-000078,8,1.330244,-0.201168,-0.368420,0.725403,0.733553,0.479713,-5.276616,-6.037272,0.000e+00
DeepSets,ch4t-test-000079,7,1.459366,0.173124,-0.935504,0.516051,0.981980,0.871642,-5.876349,-6.573335,0.000e+00
DeepSets,ch4t-test-000080,5,1.168005,-0.339321,0.207647,0.483552,-0.443648,1.047347,-4.740973,-5.777304,0.000e+00
DeepSets,ch4t-test-000081,8,2.754204,0.282512,-0.574596,2.021182,0.170791,2.419411,-4.787459,-7.249580,8.882e-16
DeepSets,ch4t-test-000082,5,-0.510800,-0.468644,0.532377,0.781022,1.132888,1.438813,-6.808262,-6.361196,5.551e-17
DeepSets,ch4t-test-000083,8,1.540842,-0.073653,-0.067306,1.289708,0.865309,0.802364,-6.431664,-7.831546,0.000e+00
DeepSets,ch4t-test-000084,5,0.372608,0.059583,-0.070867,1.266439,1.240060,0.498064,-6.203170,-6.564495,0.000e+00
DeepSets,ch4t-test-000085,5,1.016094,0.108696,-0.182184,1.282775,0.285598,1.512181,-4.904531,-5.847137,0.000e+00
DeepSets,ch4t-test-000086,5,-0.861053,-0.849243,0.981857,0.629027,0.563564,1.774248,-9.163959,-8.435520,0.000e+00
DeepSets,ch4t-test-000087,4,-0.063995,-0.031294,0.551241,0.293601,-1.465554,0.661417,-6.683407,-7.139359,0.000e+00
DeepSets,ch4t-test-000088,5,0.067320,0.581107,0.261373,0.041218,0.904988,0.307530,-7.884527,-8.794327,1.110e-16
DeepSets,ch4t-test-000089,8,0.981470,0.105395,-0.345452,0.501296,1.212936,0.628711,-4.428775,-5.170187,1.110e-16
DeepSets,ch4t-test-000090,4,-0.364183,-0.237469,0.471227,0.661473,1.350764,2.048527,-9.074144,-8.943720,2.776e-17
DeepSets,ch4t-test-000091,6,0.015855,0.166727,-0.073768,-0.008475,-1.075688,0.140982,-7.198952,-7.307766,0.000e+00
DeepSets,ch4t-test-000092,4,0.253182,0.019188,-0.031170,0.405468,0.759218,0.243055,-6.051943,-6.293143,5.551e-17
DeepSets,ch4t-test-000093,6,0.747914,0.253809,-0.165147,0.519064,-0.468039,0.489895,-5.662242,-6.498817,1.110e-16
DeepSets,ch4t-test-000094,5,1.107560,0.309150,-0.134255,0.155166,0.605301,0.164914,-5.097511,-6.379967,0.000e+00
DeepSets,ch4t-test-000095,4,-0.318010,0.089567,0.003939,0.009689,0.801786,0.150566,-7.586926,-7.362422,5.551e-17
DeepSets,ch4t-test-000096,7,1.690335,0.035376,-0.351272,0.835135,0.366204,0.769006,-4.401728,-5.776168,0.000e+00
DeepSets,ch4t-test-000097,6,0.734625,0.014617,0.737029,0.870281,0.737424,1.960934,-3.571261,-5.057532,2.220e-16
DeepSets,ch4t-test-000098,8,-0.039239,0.346853,-0.033201,0.011887,-0.948919,0.095768,-11.310989,-11.585403,0.000e+00
DeepSets,ch4t-test-000099,6,0.048733,0.223231,0.061394,0.012492,0.773364,0.147097,-7.463467,-7.796825,0.000e+00
DeepSets,ch4t-test-000100,4,1.927661,-0.287073,-1.210942,0.846967,-0.694340,0.761889,-4.935766,-5.365412,1.110e-16
DeepSets,ch4t-test-000101,5,-0.061796,0.738706,0.028037,0.011587,0.076051,0.126212,-9.447634,-10.152581,0.000e+00
DeepSets,ch4t-test-000102,4,1.662896,0.375624,-0.581991,0.834086,0.460528,1.121487,-6.215035,-7.671564,2.220e-16
DeepSets,ch4t-test-000103,5,1.365145,-0.466937,-0.310643,0.860097,-0.908296,0.863958,-3.895910,-4.483475,1.110e-16
DeepSets,ch4t-test-000104,8,0.966315,0.295313,-0.324618,0.862176,0.874973,0.836113,-5.320786,-6.257796,2.220e-16
DeepSets,ch4t-test-000105,5,0.056324,0.657510,-0.084406,-0.030739,0.488907,0.162511,-7.812857,-8.442285,1.110e-16
DeepSets,ch4t-test-000106,6,-0.022614,1.839331,-0.034758,-0.052639,0.780734,0.138579,-6.997820,-8.779779,2.220e-16
DeepSets,ch4t-test-000107,7,2.369524,0.124125,-0.774673,1.200860,-0.125491,1.019110,-5.482027,-7.201003,0.000e+00
DeepSets,ch4t-test-000108,5,-0.017812,-0.094456,0.124449,0.717975,0.545101,1.435953,-5.715823,-5.728005,0.000e+00
DeepSets,ch4t-test-000109,6,2.171161,-0.036297,-0.269967,0.691233,0.923521,0.579096,-6.001544,-7.866441,2.220e-16
DeepSets,ch4t-test-000110,5,-0.061132,0.116210,-0.128520,0.018473,-2.252404,0.120192,-8.944844,-8.871402,2.776e-17
DeepSets,ch4t-test-000111,4,0.023642,0.281690,-0.076861,-0.025772,-0.896542,0.145953,-6.689888,-6.918360,0.000e+00
DeepSets,ch4t-test-000112,5,-0.004668,0.123049,-0.039399,0.001108,-1.895196,0.086061,-9.738565,-9.817547,0.000e+00
DeepSets,ch4t-test-000113,4,0.602694,0.178670,-0.131399,0.150001,-0.162470,0.214874,-6.991521,-7.641486,0.000e+00
DeepSets,ch4t-test-000114,7,0.237775,0.261879,0.030808,0.303263,0.798310,0.371703,-4.478884,-5.009346,0.000e+00
DeepSets,ch4t-test-000115,7,1.288554,-0.111858,-0.174920,0.677141,0.998348,0.339206,-4.491517,-5.493292,0.000e+00
DeepSets,ch4t-test-000116,6,0.440145,-0.013811,-0.087060,0.976388,0.906013,0.606898,-3.871328,-4.210602,0.000e+00
DeepSets,ch4t-test-000117,5,2.570099,-0.049678,-0.835410,0.839938,0.903607,0.945353,-3.889515,-5.574526,2.220e-16
DeepSets,ch4t-test-000118,4,0.525551,0.356397,-0.174749,0.420425,-0.460935,0.494524,-5.762372,-6.469571,0.000e+00
DeepSets,ch4t-test-000119,8,0.466301,-0.167249,-0.035580,0.089477,0.730241,0.196678,-6.710189,-6.973662,5.551e-17
DeepSets,ch4t-test-000120,4,0.048011,0.129777,-0.008365,0.522779,0.588032,0.225695,-5.325476,-5.494899,0.000e+00
DeepSets,ch4t-test-000121,7,3.202255,-0.428964,-0.429049,1.619961,0.800971,0.705940,-3.431917,-5.776159,4.441e-16
DeepSets,ch4t-test-000122,7,0.726911,0.219484,-0.230286,0.362482,0.771682,0.342589,-4.057802,-4.773911,0.000e+00
DeepSets,ch4t-test-000123,5,0.040474,1.463010,0.096665,-0.006038,0.891297,0.206314,-4.794263,-6.394412,0.000e+00
DeepSets,ch4t-test-000124,7,-0.227839,1.058386,0.154664,-0.006890,0.715249,0.192234,-7.148027,-8.133238,0.000e+00
DeepSets,ch4t-test-000125,6,2.304845,0.151473,-0.326708,1.489372,0.883856,0.812218,-5.070084,-7.199694,4.441e-16
DeepSets,ch4t-test-000126,5,-1.177477,-0.503104,0.233925,0.300124,0.505599,0.791930,-7.499036,-6.052380,0.000e+00
DeepSets,ch4t-test-000127,5,-0.010853,0.889263,-0.078480,-0.022296,0.000968,0.151439,-7.514694,-8.314623,1.110e-16
DeepSets,ch4t-test-000128,5,1.911628,0.254047,-0.869930,1.332145,-0.221526,1.420843,-6.224759,-7.520504,0.000e+00
DeepSets,ch4t-test-000129,4,0.854966,-0.000314,-0.221839,1.865524,0.116365,1.292240,-5.627910,-6.260723,1.110e-16
DeepSets,ch4t-test-000130,5,1.103499,0.576127,-0.005161,0.332390,1.127849,0.314508,-6.218259,-7.892724,2.220e-16
DeepSets,ch4t-test-000131,8,-0.090846,0.231285,0.311013,-0.019865,0.418054,0.125733,-7.822719,-8.274172,0.000e+00
DeepSets,ch4t-test-000132,6,0.762305,0.252267,0.181746,0.487462,1.088439,0.882725,-4.056857,-5.253175,0.000e+00
DeepSets,ch4t-test-000133,4,0.871323,0.180982,-0.140214,1.136990,0.427413,2.531168,-5.473181,-6.385273,0.000e+00
DeepSets,ch4t-test-000134,5,2.008114,0.122400,-1.052921,1.267704,-0.014575,1.501776,-5.542497,-6.620089,0.000e+00
DeepSets,ch4t-test-000135,5,-0.000511,0.128584,-0.035985,0.000708,-2.454479,0.068311,-8.125156,-8.217244,1.388e-17
DeepSets,ch4t-test-000136,6,0.374296,0.465934,0.082422,0.006802,0.996821,0.130481,-6.158409,-7.081061,0.000e+00
DeepSets,ch4t-test-000137,8,-0.015165,0.188134,-0.040200,0.024784,-0.685556,0.124916,-6.931149,-7.063919,0.000e+00
DeepSets,ch4t-test-000138,8,3.894178,-0.927010,-0.719556,1.712315,0.742700,0.647193,-4.102017,-6.349629,4.441e-16
DeepSets,ch4t-test-000139,8,1.867218,0.038178,-0.561378,0.860183,0.272092,0.845399,-3.837645,-5.181663,0.000e+00
DeepSets,ch4t-test-000140,8,-0.000126,0.198257,-0.078886,-0.010803,-0.462188,0.151448,-6.674034,-6.793278,1.388e-17
DeepSets,ch4t-test-000141,5,-0.096783,-0.237535,0.719571,0.406076,0.386317,0.829625,-8.390499,-8.775752,5.551e-17
DeepSets,ch4t-test-000142,7,-0.005132,1.043641,-0.028114,-0.027470,0.314697,0.170071,-6.291426,-7.301822,0.000e+00
DeepSets,ch4t-test-000143,4,-0.124339,-0.095528,0.471100,0.688323,1.225378,2.204549,-7.818858,-8.070092,0.000e+00
DeepSets,ch4t-test-000144,8,0.136379,0.349217,-0.087977,0.826366,0.970222,0.347799,-8.295142,-8.692761,0.000e+00
DeepSets,ch4t-test-000145,7,1.667039,0.400391,-0.380288,1.151877,0.840056,1.527928,-4.127186,-5.814327,2.220e-16
DeepSets,ch4t-test-000146,8,1.233740,0.403588,-0.551499,0.613945,0.751424,0.950579,-3.643155,-4.728983,2.220e-16
DeepSets,ch4t-test-000147,7,2.026619,0.015822,-0.225194,1.266702,0.969757,0.424647,-3.603238,-5.420484,0.000e+00
DeepSets,ch4t-test-000148,8,1.912433,-0.151849,-0.493113,0.604457,1.253756,0.358226,-3.406725,-4.674197,4.441e-16
DeepSets,ch4t-test-000149,5,-0.084778,1.138349,-0.186907,0.008786,-0.251495,0.187600,-6.184520,-7.051183,0.000e+00
DeepSets,ch4t-test-000150,7,1.501282,-0.326006,-0.277265,1.289929,0.257635,1.009907,-4.700376,-5.598386,0.000e+00
DeepSets,ch4t-test-000151,7,0.532500,-0.125632,0.432300,0.132304,0.490844,0.463372,-5.804969,-6.644137,2.220e-16
DeepSets,ch4t-test-000152,6,0.356809,0.263625,0.109522,0.422392,0.951053,0.648676,-5.452417,-6.182374,0.000e+00
DeepSets,ch4t-test-000153,8,0.113982,-0.063952,0.309115,0.033191,-0.168538,0.247991,-7.996218,-8.355363,5.551e-17
DeepSets,ch4t-test-000154,7,1.527871,0.742061,-0.771857,0.849335,1.358068,1.507704,-3.518465,-5.016540,0.000e+00
DeepSets,ch4t-test-000155,6,0.846686,0.405238,0.036283,0.352848,0.531641,0.488679,-6.189225,-7.477432,0.000e+00
DeepSets,ch4t-test-000156,5,0.116440,-1.253909,0.059843,-0.002633,0.007231,0.105400,-10.057188,-8.979561,0.000e+00
DeepSets,ch4t-test-000157,7,0.457397,0.094554,0.330322,0.614728,0.627848,0.810141,-4.299862,-5.182136,0.000e+00
DeepSets,ch4t-test-000158,7,0.056116,0.630535,-0.081145,-0.029965,-0.306085,0.155351,-7.779746,-8.385251,0.000e+00
DeepSets,ch4t-test-000159,4,0.922510,0.126711,-0.547423,0.896732,1.128101,1.169021,-5.089882,-5.591680,0.000e+00
DeepSets,ch4t-test-000160,7,0.543607,0.109331,-0.149455,0.943115,0.894718,0.452199,-5.385857,-5.889339,0.000e+00
DeepSets,ch4t-test-000161,5,0.515363,0.586622,0.212932,0.100983,-0.238550,0.289722,-6.732470,-8.047387,2.220e-16
DeepSets,ch4t-test-000162,6,1.016441,0.617950,-1.241340,1.541945,0.555960,2.266140,-7.354231,-7.747282,1.110e-16
DeepSets,ch4t-test-000163,8,0.133613,0.106382,0.001414,0.406298,0.935921,0.264401,-5.081194,-5.322603,0.000e+00
DeepSets,ch4t-test-000164,7,-1.726780,-1.718702,1.869293,0.264853,0.888645,0.836251,-7.526272,-5.950083,2.220e-16
DeepSets,ch4t-test-000165,5,1.949218,0.346960,-1.274298,0.980242,-0.073433,1.066509,-5.975913,-6.997793,0.000e+00
DeepSets,ch4t-test-000166,6,0.409893,-1.402851,0.310432,0.047643,0.284502,0.135686,-8.956721,-8.274195,2.220e-16
DeepSets,ch4t-test-000167,8,1.334936,0.429307,-0.463579,0.439763,1.200719,0.357958,-6.075641,-7.376305,0.000e+00
DeepSets,ch4t-test-000168,8,0.712093,-0.076262,-0.168695,0.519978,-0.834400,0.675061,-5.334180,-5.801316,5.551e-17
DeepSets,ch4t-test-000169,4,-0.252804,-0.130822,0.341956,0.717756,1.158638,0.792510,-6.074814,-6.033144,2.776e-17
DeepSets,ch4t-test-000170,7,1.037360,-0.141205,0.011432,0.147843,-0.960886,0.242404,-7.076323,-7.983911,2.220e-16
DeepSets,ch4t-test-000171,5,0.029745,0.299206,0.030782,-0.062067,-0.719985,0.195609,-9.039198,-9.398931,0.000e+00
DeepSets,ch4t-test-000172,4,0.820963,0.134655,-0.167539,0.349850,0.848681,0.238790,-5.679391,-6.467470,0.000e+00
DeepSets,ch4t-test-000173,8,0.995367,0.152654,-0.688505,0.311811,0.790863,0.608538,-7.691607,-8.151123,1.110e-16
DeepSets,ch4t-test-000174,7,1.155930,0.101641,-0.317459,0.553963,1.162433,0.399867,-5.065449,-6.005561,0.000e+00
DeepSets,ch4t-test-000175,7,0.033555,0.203461,-0.077556,-0.006765,-1.061258,0.158236,-7.944695,-8.104155,0.000e+00
DeepSets,ch4t-test-000176,6,1.518123,-0.224108,-0.180712,1.776281,0.565600,0.842504,-6.059197,-7.172499,2.220e-16
DeepSets,ch4t-test-000177,5,1.207259,-0.104623,-0.241842,0.749463,0.379426,0.619752,-5.785489,-6.646283,0.000e+00
DeepSets,ch4t-test-000178,4,-0.025998,0.032895,-0.027434,0.014340,-1.092262,0.108223,-7.610524,-7.589987,6.939e-18
DeepSets,ch4t-test-000179,8,-0.069906,0.572984,-0.057426,0.057476,0.390181,0.195714,-7.661312,-8.106965,0.000e+00
DeepSets,ch4t-test-000180,8,0.360098,-0.265638,-0.289826,1.193091,0.640527,1.040448,-7.171974,-6.976608,0.000e+00
DeepSets,ch4t-test-000181,7,-0.030773,1.108147,-0.028218,-0.006844,0.568225,0.136399,-5.823111,-6.872267,2.220e-16
DeepSets,ch4t-test-000182,7,0.749425,0.441895,-0.901413,1.001284,1.060816,2.098558,-4.618074,-4.907982,1.110e-16
DeepSets,ch4t-test-000183,4,0.793971,0.499729,0.077941,0.644103,0.661123,1.183275,-9.122575,-10.494216,0.000e+00
DeepSets,ch4t-test-000184,4,0.396757,-0.203768,0.502409,1.155972,0.462076,2.050726,-7.365249,-8.060646,0.000e+00
DeepSets,ch4t-test-000185,5,1.628644,0.261982,-0.538361,0.437964,-0.078383,0.891692,-2.948493,-4.300759,2.220e-16
DeepSets,ch4t-test-000186,6,1.179358,0.573358,-0.508227,0.409584,0.915941,1.051373,-4.542888,-5.787378,0.000e+00
DeepSets,ch4t-test-000187,7,-0.016718,0.813000,-0.016717,-0.024115,0.442298,0.159203,-7.005484,-7.785050,1.110e-16
DeepSets,ch4t-test-000188,7,0.618136,0.224631,0.384883,0.111243,0.586439,0.131723,-5.921846,-7.149497,0.000e+00
DeepSets,ch4t-test-000189,5,1.400234,-0.131142,-0.518223,0.473742,0.407833,1.332659,-6.775329,-7.526198,1.110e-16
DeepSets,ch4t-test-000190,6,1.329046,0.605927,-1.196782,1.123982,1.030450,2.309802,-4.257138,-4.995328,1.110e-16
DeepSets,ch4t-test-000191,6,1.656902,0.466231,-0.744496,0.416115,0.951214,1.003964,-2.972978,-4.351616,0.000e+00
DeepSets,ch4t-test-000192,5,0.312939,0.314170,0.220992,0.002470,-0.159227,0.193789,-9.146111,-9.994212,1.110e-16
DeepSets,ch4t-test-000193,4,1.170966,-0.213505,-0.091722,0.243030,0.372971,0.239132,-4.334346,-5.200084,0.000e+00
DeepSets,ch4t-test-000194,6,3.071172,0.709392,-1.302524,1.561204,1.088773,1.999256,-6.735929,-9.213968,0.000e+00
DeepSets,ch4t-test-000195,4,-0.071974,0.434333,-0.052801,0.023891,0.042883,0.186576,-8.002543,-8.312103,0.000e+00
DeepSets,ch4t-test-000196,6,-0.247583,-0.034467,0.321560,0.254938,1.311103,0.581727,-10.193803,-10.233314,1.388e-17
DeepSets,ch4t-test-000197,4,-0.134926,1.812858,-0.265819,-0.017830,0.973586,0.189316,-7.154293,-8.566406,0.000e+00
DeepSets,ch4t-test-000198,4,-0.683547,-0.650116,-0.063239,0.565812,0.136705,1.511737,-7.543701,-6.146799,0.000e+00
DeepSets,ch4t-test-000199,7,-0.438143,0.236591,-0.224106,0.057411,0.502130,0.144078,-8.778705,-8.353047,5.551e-17
DeepSets,ch4t-test-000200,6,2.381294,0.083207,0.053448,1.429532,0.921804,0.453597,-3.644539,-6.162488,4.441e-16
DeepSets,ch4t-test-000201,5,-0.567963,-0.710611,0.788859,0.442939,0.629333,1.073459,-9.220233,-8.730517,1.110e-16
DeepSets,ch4t-test-000202,6,2.152458,0.628087,-0.189551,0.841517,1.260773,0.503370,-3.658185,-6.249180,0.000e+00
DeepSets,ch4t-test-000203,8,1.627872,0.563604,-0.171907,1.253145,0.438158,2.332875,-2.542405,-4.561974,0.000e+00
DeepSets,ch4t-test-000204,8,0.006610,0.290470,-0.027112,-0.015428,0.180302,0.163041,-6.998851,-7.268820,0.000e+00
DeepSets,ch4t-test-000205,8,-0.007824,0.880022,-0.053193,-0.020529,0.063024,0.192051,-6.542992,-7.361997,1.110e-16
DeepSets,ch4t-test-000206,6,0.258993,0.464094,0.411647,0.026100,0.963392,0.258602,-9.078166,-10.212901,0.000e+00
DeepSets,ch4t-test-000207,8,4.190484,-0.165012,-0.693427,1.179504,1.355149,0.872809,-3.269115,-6.601160,0.000e+00
DeepSets,ch4t-test-000208,4,-1.752586,-0.990616,-1.686488,0.388447,1.283095,1.396845,-11.961264,-7.531575,8.882e-16
DeepSets,ch4t-test-000209,4,0.087658,-0.342280,0.238701,0.010472,-2.061347,0.095451,-9.517959,-9.502038,0.000e+00
DeepSets,ch4t-test-000210,5,-0.328107,0.818635,0.385365,-0.038585,-1.256702,0.208398,-10.666370,-11.542263,2.220e-16
DeepSets,ch4t-test-000211,5,0.632806,-0.400916,0.282015,0.340540,-1.552667,0.794535,-5.324691,-5.838596,1.110e-16
DeepSets,ch4t-test-000212,4,1.372124,0.053386,-0.112587,0.416229,0.819953,0.201119,-3.602642,-4.915564,0.000e+00
DeepSets,ch4t-test-000213,7,-0.007606,0.644997,-0.016585,0.000770,0.595617,0.199134,-6.770187,-7.390992,1.110e-16
DeepSets,ch4t-test-000214,6,-0.109542,0.288570,-0.121436,0.026157,-0.047782,0.132452,-10.143545,-10.201136,2.776e-17
DeepSets,ch4t-test-000215,8,0.928168,0.385516,0.131839,0.117280,1.310412,0.496904,-4.133413,-5.578935,0.000e+00
DeepSets,ch4t-test-000216,6,-0.023620,0.868951,-0.003725,0.031557,0.881701,0.094380,-8.415683,-9.257289,0.000e+00
DeepSets,ch4t-test-000217,5,1.743558,0.486380,-0.722883,1.221753,0.367870,1.056955,-6.227926,-7.734982,0.000e+00
DeepSets,ch4t-test-000218,5,1.392315,0.010821,-0.348230,1.050275,1.076880,1.205741,-6.680021,-7.734926,0.000e+00
DeepSets,ch4t-test-000219,8,0.204769,0.762340,-0.051034,0.037680,1.104473,0.167625,-6.773352,-7.689427,2.220e-16
DeepSets,ch4t-test-000220,5,0.051344,0.362860,-0.071270,-0.039411,-0.026553,0.126077,-7.366034,-7.708969,0.000e+00
DeepSets,ch4t-test-000221,7,0.828484,0.202665,-0.240718,0.445972,0.607515,0.587948,-5.952169,-6.742601,1.110e-16
DeepSets,ch4t-test-000222,5,1.141225,0.028487,0.655234,1.512708,-0.137833,1.760930,-5.168356,-6.993303,0.000e+00
DeepSets,ch4t-test-000223,7,-0.017953,0.775767,-0.028370,-0.007100,0.180320,0.131292,-8.072292,-8.801736,0.000e+00
DeepSets,ch4t-test-000224,7,0.632345,0.272121,-0.271183,0.892773,0.809088,1.220981,-5.500084,-6.133367,2.220e-16
DeepSets,ch4t-test-000225,8,1.339612,0.335084,-0.123272,0.717504,0.934590,1.260953,-3.906515,-5.457939,2.220e-16
DeepSets,ch4t-test-000226,7,0.193734,0.307307,0.233234,0.225278,0.174819,0.215486,-3.601588,-4.335862,0.000e+00
DeepSets,ch4t-test-000227,4,1.217512,0.687110,-0.275111,0.903175,1.255470,0.580091,-6.135002,-7.764513,0.000e+00
DeepSets,ch4t-test-000228,7,1.013434,-0.155831,-0.255167,0.540531,0.354704,0.391408,-3.874058,-4.476494,1.110e-16
DeepSets,ch4t-test-000229,4,3.309482,-0.469409,-0.443148,0.849230,1.137275,0.537369,-2.431927,-4.828851,4.441e-16
DeepSets,ch4t-test-000230,7,1.920855,0.553511,-1.505867,1.064863,1.227511,1.051592,-5.394179,-6.362678,1.110e-16
DeepSets,ch4t-test-000231,8,1.210537,-0.179499,1.494965,0.152713,0.906483,0.786938,-3.910201,-6.436205,4.441e-16
DeepSets,ch4t-test-000232,5,1.435399,-0.099910,-0.132214,2.117122,0.857649,0.566800,-2.490308,-3.693583,0.000e+00
DeepSets,ch4t-test-000233,5,0.089288,0.011502,0.527904,0.428995,1.072506,1.150089,-4.814729,-5.443423,0.000e+00
DeepSets,ch4t-test-000234,5,-0.023905,0.459655,0.035310,-0.030885,-0.405952,0.153619,-5.973986,-6.445045,5.551e-17
DeepSets,ch4t-test-000235,7,1.767373,0.347946,-0.783163,1.288301,1.010975,0.793823,-4.434066,-5.766221,0.000e+00
DeepSets,ch4t-test-000236,4,1.694179,0.484422,-1.064584,0.721159,0.546898,1.059963,-4.431596,-5.545613,4.441e-16
DeepSets,ch4t-test-000237,5,-0.215965,-0.530271,-0.066202,0.065721,0.216205,0.411760,-11.031791,-10.219352,0.000e+00
DeepSets,ch4t-test-000238,8,3.779527,1.101211,-2.299360,1.745683,1.367628,2.699533,-4.312233,-6.893610,0.000e+00
DeepSets,ch4t-test-000239,8,1.416017,-0.931363,-0.928674,1.791673,0.989122,1.079419,-6.436215,-5.992195,0.000e+00
DeepSets,ch4t-test-000240,8,0.001763,0.358425,-0.056986,0.013707,-0.628017,0.143412,-8.610544,-8.913746,5.551e-17
DeepSets,ch4t-test-000241,4,0.417213,0.112904,-0.174291,0.224848,-0.327555,0.345650,-5.765374,-6.121200,5.551e-17
DeepSets,ch4t-test-000242,8,0.002352,0.167665,-0.020876,-0.003677,-1.194143,0.109234,-7.979343,-8.128484,2.776e-17
DeepSets,ch4t-test-000243,8,1.089819,0.060691,-0.249253,0.456668,1.013571,0.332201,-4.654419,-5.555676,2.220e-16
DeepSets,ch4t-test-000244,6,-0.059645,-0.184949,-0.138325,1.957571,0.748296,1.062581,-7.671629,-7.288710,0.000e+00
DeepSets,ch4t-test-000245,5,0.518843,-0.115325,0.366033,0.134174,0.238987,0.248878,-8.071940,-8.841491,2.220e-16
DeepSets,ch4t-test-000246,4,2.751813,-0.542236,-0.486347,0.482820,0.886999,0.277606,-2.951081,-4.674311,4.441e-16
DeepSets,ch4t-test-000247,8,2.107470,0.208815,-1.486184,2.364192,1.260262,2.353836,-5.676572,-6.506673,1.110e-16
DeepSets,ch4t-test-000248,5,-0.123044,-0.235665,0.407596,0.012999,0.081018,0.177606,-9.342785,-9.391671,2.776e-17
DeepSets,ch4t-test-000249,8,1.297824,0.629903,-0.147006,0.663454,1.260910,1.524446,-4.718136,-6.498857,0.000e+00
DeepSets,ch4t-test-000250,4,1.123848,0.070635,0.747288,0.557699,-0.231279,0.890774,-4.775393,-6.717163,4.441e-16
DeepSets,ch4t-test-000251,4,-0.073485,0.200778,-0.146540,0.017843,-0.015082,0.206210,-9.427019,-9.407773,2.776e-17
DeepSets,ch4t-test-000252,6,0.347824,-0.584193,0.044605,0.053615,0.639503,0.137406,-5.774743,-5.582979,0.000e+00
DeepSets,ch4t-test-000253,6,-0.241211,-0.985261,0.617894,0.164120,-0.523624,0.341799,-11.099305,-10.490727,0.000e+00
DeepSets,ch4t-test-000254,8,0.520616,0.078603,-0.046187,0.872817,1.076678,0.262332,-5.575675,-6.128706,0.000e+00
DeepSets,ch4t-test-000255,6,2.023889,-0.260094,0.159516,0.722120,0.667993,0.386478,-4.566747,-6.490058,4.441e-16
DeepSets,ch4t-test-000256,8,1.257559,-0.395503,-0.436431,1.552940,0.985723,0.858813,-6.716474,-7.142099,0.000e+00
DeepSets,ch4t-test-000257,4,0.439765,0.375101,-0.217348,0.232254,1.002281,0.562271,-7.160257,-7.757774,0.000e+00
DeepSets,ch4t-test-000258,4,1.054949,-0.382846,0.139895,-0.009252,-0.381685,0.106160,-8.107802,-8.919800,0.000e+00
DeepSets,ch4t-test-000259,4,0.594492,0.284162,-0.135605,0.512843,0.545998,0.973296,-4.174060,-4.917110,0.000e+00
DeepSets,ch4t-test-000260,5,0.030933,-0.117557,-0.084479,-0.012411,-0.661293,0.124365,-7.775645,-7.604542,0.000e+00
DeepSets,ch4t-test-000261,7,2.473748,0.194785,-0.693413,2.719074,1.081751,1.782601,-3.837516,-5.812636,2.220e-16
DeepSets,ch4t-test-000262,7,3.441014,-0.034238,-1.984864,2.080387,0.058006,2.002985,-3.317641,-4.739552,2.220e-16
DeepSets,ch4t-test-000263,6,3.280854,-0.101228,-1.498952,1.838392,1.120444,1.849925,-3.609035,-5.289708,4.441e-16
DeepSets,ch4t-test-000264,8,-0.015564,0.511041,-0.019468,0.015867,-0.300603,0.152276,-8.139844,-8.615853,5.551e-17
DeepSets,ch4t-test-000265,4,-0.290947,0.348427,0.412623,0.189030,0.768382,0.472678,-6.438676,-6.908779,5.551e-17
DeepSets,ch4t-test-000266,8,2.541139,-0.975322,-0.348459,0.961693,-0.374785,0.476995,-4.868902,-6.086260,4.441e-16
DeepSets,ch4t-test-000267,7,0.134155,0.087687,0.010683,1.037678,0.463451,0.406543,-4.988055,-5.220581,0.000e+00
DeepSets,ch4t-test-000268,8,2.189417,0.047003,-0.348510,0.401576,-0.351687,0.418262,-3.214330,-5.102240,2.220e-16
DeepSets,ch4t-test-000269,7,-0.013165,0.479701,-0.014217,-0.031101,-0.063496,0.152387,-7.290775,-7.743094,5.551e-17
DeepSets,ch4t-test-000270,6,0.021353,1.305895,-0.116327,-0.017899,0.534533,0.228470,-5.595854,-6.806775,2.220e-16
DeepSets,ch4t-test-000271,6,2.100345,0.023153,-0.591476,1.210592,1.255083,1.069918,-4.585493,-6.117514,4.441e-16
DeepSets,ch4t-test-000272,4,2.266031,-0.510666,-0.123577,0.867029,-0.127030,0.976711,-4.256041,-5.887829,2.220e-16
DeepSets,ch4t-test-000273,7,1.030874,0.173524,-0.443873,0.760837,0.396217,1.325473,-5.708098,-6.468622,0.000e+00
DeepSets,ch4t-test-000274,5,-0.003519,0.912014,-0.072951,-0.008799,0.389356,0.093466,-8.779624,-9.615168,0.000e+00
DeepSets,ch4t-test-000275,4,0.774847,0.112781,-0.103466,0.508083,0.635634,0.239636,-4.857432,-5.641594,0.000e+00
DeepSets,ch4t-test-000276,5,1.668770,-0.054674,-0.543485,1.089662,0.950447,1.016830,-4.166110,-5.236720,0.000e+00
DeepSets,ch4t-test-000277,8,0.229285,-0.104151,0.007259,0.454715,0.769218,0.252195,-4.808213,-4.940606,0.000e+00
DeepSets,ch4t-test-000278,4,-0.050381,0.016838,0.006768,0.909660,1.005595,0.675658,-5.590601,-5.563826,1.388e-17
DeepSets,ch4t-test-000279,8,1.713914,-0.055390,-0.435096,1.074124,1.087262,1.127433,-3.998810,-5.222237,0.000e+00
DeepSets,ch4t-test-000280,7,1.271962,-0.236402,0.143761,0.866938,0.641821,2.227036,-6.105279,-7.284600,2.220e-16
DeepSets,ch4t-test-000281,4,1.725453,0.504531,-0.466578,0.321872,0.653543,0.864997,-4.659168,-6.422574,0.000e+00
DeepSets,ch4t-test-000282,7,0.582705,0.144438,0.009151,0.599310,0.349722,0.588367,-5.279680,-6.015974,0.000e+00
DeepSets,ch4t-test-000283,8,-0.168842,-0.179186,0.059368,0.580019,1.130984,1.062864,-7.899815,-7.611156,5.551e-17
DeepSets,ch4t-test-000284,8,1.691741,-0.085069,0.413346,0.289455,1.004008,0.833611,-3.942502,-5.962519,0.000e+00
DeepSets,ch4t-test-000285,6,-0.060704,1.121873,-0.240432,0.007224,-0.076858,0.171443,-6.796407,-7.617143,1.110e-16
DeepSets,ch4t-test-000286,6,1.748449,-0.267818,-0.611146,1.030065,-1.219417,1.085612,-6.967234,-7.836719,0.000e+00
DeepSets,ch4t-test-000287,4,-0.055225,-2.428912,0.185320,0.025024,0.210881,0.185899,-8.433508,-6.134691,0.000e+00
DeepSets,ch4t-test-000288,7,2.105690,0.670845,-0.863959,0.414712,0.937238,0.857438,-4.417083,-6.329659,2.220e-16
DeepSets,ch4t-test-000289,5,1.114825,0.058435,-0.280218,0.851041,0.348164,0.863119,-6.551725,-7.444767,0.000e+00
DeepSets,ch4t-test-000290,5,1.905723,-0.493091,-0.332751,0.370086,0.500423,0.220381,-4.181127,-5.261008,0.000e+00
DeepSets,ch4t-test-000291,7,0.253195,-0.002931,-0.082520,0.887407,1.127025,0.366125,-4.633431,-4.801176,0.000e+00
DeepSets,ch4t-test-000292,5,2.086624,0.558788,-0.270889,0.454111,0.910851,0.907415,-3.944033,-6.318556,4.441e-16
DeepSets,ch4t-test-000293,5,0.066317,1.065315,0.046821,0.023823,0.150206,0.143728,-7.301401,-8.479854,2.220e-16
DeepSets,ch4t-test-000294,8,2.708935,0.702945,-2.358807,1.173443,1.283116,1.559203,-7.084778,-8.137851,0.000e+00
DeepSets,ch4t-test-000295,7,-0.427530,-0.710227,0.519792,0.838649,0.222166,1.527354,-7.238700,-6.620735,0.000e+00
DeepSets,ch4t-test-000296,4,0.890085,0.660799,-0.183355,0.123723,0.943548,0.211325,-9.498023,-10.865552,0.000e+00
DeepSets,ch4t-test-000297,5,0.415120,0.128293,-0.019918,0.682505,0.867355,1.348137,-5.467418,-5.990913,0.000e+00
DeepSets,ch4t-test-000298,8,-0.354757,-0.769993,0.892268,0.465139,-0.101107,1.001889,-6.259442,-6.026960,0.000e+00
DeepSets,ch4t-test-000299,8,0.341688,0.242157,-0.158996,0.595846,1.047584,0.300024,-5.220893,-5.645741,0.000e+00
DeepSets,ch4t-test-000300,6,0.088796,1.000880,-0.157062,-0.048705,0.355103,0.145296,-7.236557,-8.169171,1.110e-16
DeepSets,ch4t-test-000301,5,0.895952,0.292822,-0.110451,0.445774,0.866694,0.421008,-5.084065,-6.162389,0.000e+00
DeepSets,ch4t-test-000302,7,0.026340,0.255050,-0.009976,0.000147,-0.705471,0.120607,-7.174621,-7.446034,0.000e+00
DeepSets,ch4t-test-000303,4,0.648772,-0.085214,-0.226273,0.492797,0.473085,1.648904,-6.812584,-7.149869,1.110e-16
DeepSets,ch4t-test-000304,5,-0.357477,-0.062133,-0.060108,0.753717,0.257790,0.606042,-6.945260,-6.465542,5.551e-17
DeepSets,ch4t-test-000305,8,1.118964,-0.399995,-0.443735,1.057559,1.027763,0.823727,-6.969110,-7.244344,0.000e+00
DeepSets,ch4t-test-000306,6,2.562522,-0.298278,-0.937264,1.151762,0.023259,1.220342,-5.272956,-6.599936,4.441e-16
DeepSets,ch4t-test-000307,7,1.317821,0.416579,-0.155666,0.156757,0.691793,0.162595,-4.175628,-5.754362,0.000e+00
DeepSets,ch4t-test-000308,6,0.741240,-0.421945,0.055567,0.106640,0.643019,0.121401,-9.341796,-9.716659,0.000e+00
DeepSets,ch4t-test-000309,4,2.313880,-0.681359,0.958958,0.115199,-0.321570,0.467078,-2.396443,-4.987922,0.000e+00
DeepSets,ch4t-test-000310,6,2.463577,-0.143694,-0.282264,1.640189,1.056060,0.562038,-2.567284,-4.604903,4.441e-16
DeepSets,ch4t-test-000311,6,0.567773,0.215632,0.173643,0.174080,0.687221,0.417621,-4.696060,-5.653110,2.220e-16
DeepSets,ch4t-test-000312,6,1.686423,0.751453,-1.554339,1.427792,0.769176,2.481580,-6.123166,-7.006703,2.220e-16
DeepSets,ch4t-test-000313,8,0.614425,0.076107,-0.538093,1.468420,0.525889,2.076423,-7.588774,-7.741213,1.110e-16
DeepSets,ch4t-test-000314,8,0.876245,0.185393,-0.054387,0.325467,1.054124,0.197558,-6.003941,-7.011192,0.000e+00
DeepSets,ch4t-test-000315,7,0.810852,-0.234739,1.159327,0.423875,0.872806,1.466154,-5.685264,-7.420703,0.000e+00
DeepSets,ch4t-test-000316,8,1.953704,-0.473197,-0.445574,0.510069,0.701302,0.300895,-3.763616,-4.798549,0.000e+00
DeepSets,ch4t-test-000317,6,1.273179,0.275429,-0.235713,0.651817,0.327202,0.298346,-4.408279,-5.721174,0.000e+00
DeepSets,ch4t-test-000318,5,-0.583835,-0.168238,0.079980,0.414348,0.066949,0.566844,-7.385219,-6.713126,1.110e-16
DeepSets,ch4t-test-000319,4,-0.454670,-0.785908,-0.025220,0.954025,0.194700,2.047900,-10.081582,-8.815784,0.000e+00
DeepSets,ch4t-test-000320,7,1.599028,1.337306,-0.217251,0.156450,0.870967,0.193428,-6.335316,-9.054400,0.000e+00
DeepSets,ch4t-test-000321,6,0.149087,1.078861,-0.034646,0.009116,0.139490,0.190485,-7.631184,-8.824486,2.220e-16
DeepSets,ch4t-test-000322,8,1.170889,0.180471,-0.751146,1.463208,-0.290809,2.122577,-5.799656,-6.399870,1.110e-16
DeepSets,ch4t-test-000323,5,0.727453,0.353886,-0.267772,0.364465,0.737859,0.645367,-5.054310,-5.867877,0.000e+00
DeepSets,ch4t-test-000324,7,-0.013240,-0.324806,0.500700,0.528401,0.453444,1.679187,-6.101970,-6.264624,0.000e+00
DeepSets,ch4t-test-000325,5,2.989113,0.110085,-0.946594,0.891462,0.811533,1.485562,-5.832885,-7.985488,4.441e-16
DeepSets,ch4t-test-000326,5,0.646829,-0.786411,0.855634,1.545396,0.158807,2.337379,-5.505478,-6.221530,0.000e+00
DeepSets,ch4t-test-000327,4,1.754081,0.500186,-0.683340,0.340152,-0.220952,0.487404,-5.074976,-6.645903,4.441e-16
DeepSets,ch4t-test-000328,8,0.541274,0.154969,0.344947,0.351101,1.092306,0.956299,-5.375961,-6.417152,0.000e+00
DeepSets,ch4t-test-000329,4,0.864287,-0.751235,1.214070,0.643474,-1.000381,2.166022,-6.484455,-7.811577,0.000e+00
DeepSets,ch4t-test-000330,4,0.905780,0.028454,-0.317140,0.901240,1.158797,2.236959,-5.583199,-6.200293,2.220e-16
DeepSets,ch4t-test-000331,5,0.814369,-0.501097,0.010691,0.432495,0.958019,0.281616,-7.272457,-7.596420,0.000e+00
DeepSets,ch4t-test-000332,4,0.927102,0.470538,-0.135190,0.202921,0.240552,0.249247,-4.128024,-5.390474,0.000e+00
DeepSets,ch4t-test-000333,8,2.679431,0.312382,-0.983542,0.475744,-0.113623,0.766395,-3.888531,-5.896802,4.441e-16
DeepSets,ch4t-test-000334,4,0.007657,0.342906,0.008082,-0.016486,-0.436363,0.123134,-8.477728,-8.836374,5.551e-17
DeepSets,ch4t-test-000335,4,-0.892167,-0.609011,1.084748,1.240850,1.250232,2.451840,-6.307771,-5.891341,0.000e+00
DeepSets,ch4t-test-000336,8,0.941379,0.683555,-0.164177,0.124295,0.966737,0.183239,-5.497941,-6.958698,0.000e+00
DeepSets,ch4t-test-000337,6,1.834328,-0.108742,-0.467407,1.146781,0.982618,0.963202,-5.240739,-6.498918,0.000e+00
DeepSets,ch4t-test-000338,5,2.239960,0.246982,-0.103144,1.350987,-0.197031,1.621062,-3.426032,-5.809830,4.441e-16
DeepSets,ch4t-test-000339,7,0.872061,0.451265,-0.155063,0.168466,1.135156,0.347583,-3.680699,-4.848962,0.000e+00
DeepSets,ch4t-test-000340,7,-0.071600,-0.019331,0.080651,0.519566,0.904192,0.596076,-7.631708,-7.621428,6.939e-18
DeepSets,ch4t-test-000341,8,1.714800,0.529595,-1.111615,0.570550,0.069356,1.893512,-6.390492,-7.523272,0.000e+00
DeepSets,ch4t-test-000342,4,-0.018984,0.771108,-0.019744,-0.007891,-0.068013,0.127203,-7.649110,-8.381489,0.000e+00
DeepSets,ch4t-test-000343,8,-0.200899,-1.691948,0.114845,0.406255,1.016845,0.590187,-11.205272,-9.427270,2.220e-16
DeepSets,ch4t-test-000344,6,3.416207,-0.752499,-1.083790,2.515449,1.278995,1.675183,-5.694861,-7.274778,4.441e-16
DeepSets,ch4t-test-000345,4,-0.031093,0.334560,-0.000131,-0.022332,-0.512340,0.101393,-5.883627,-6.186963,0.000e+00
DeepSets,ch4t-test-000346,8,0.569692,-0.197439,-0.284581,0.930314,0.897310,0.620651,-5.534540,-5.622212,0.000e+00
DeepSets,ch4t-test-000347,6,-0.477798,-0.019560,0.213345,0.251425,0.926817,0.233339,-6.429266,-6.145253,0.000e+00
DeepSets,ch4t-test-000348,5,0.413129,-0.031947,-0.126289,0.478147,0.955990,0.586221,-5.880340,-6.135232,0.000e+00
DeepSets,ch4t-test-000349,8,1.242565,0.612866,-0.667163,0.596602,0.833060,1.219454,-6.788075,-7.976342,0.000e+00
DeepSets,ch4t-test-000350,8,0.385534,0.954413,-0.104799,0.076809,1.109764,0.343538,-5.204949,-6.440097,2.220e-16
DeepSets,ch4t-test-000351,5,1.017911,0.262417,-0.177039,0.278205,0.760120,0.348374,-3.937839,-5.041128,0.000e+00
DeepSets,ch4t-test-000352,5,0.217022,0.046997,0.310511,0.280508,0.847731,0.701777,-4.471355,-5.045884,0.000e+00
DeepSets,ch4t-test-000353,4,-0.068249,1.295233,-0.149708,0.021497,0.407262,0.196649,-8.297824,-9.375099,0.000e+00
DeepSets,ch4t-test-000354,6,0.799394,-0.166964,0.176518,0.363061,0.327787,0.463732,-9.659441,-10.468389,1.110e-16
DeepSets,ch4t-test-000355,6,0.548057,0.384239,0.057330,0.280698,0.364613,0.601480,-5.303570,-6.293196,0.000e+00
DeepSets,ch4t-test-000356,6,-0.015159,0.953395,-0.061414,0.022031,0.667932,0.110362,-5.693238,-6.570060,2.220e-16
DeepSets,ch4t-test-000357,7,-0.455383,-0.626870,0.540655,0.183179,0.787836,0.329075,-5.811581,-5.269983,0.000e+00
DeepSets,ch4t-test-000358,4,0.000534,0.531348,-0.044251,0.043017,-1.008678,0.176390,-5.323289,-5.810919,0.000e+00
DeepSets,ch4t-test-000359,4,0.711825,0.051500,-0.129170,0.475442,-0.511379,1.018003,-4.594351,-5.228505,1.110e-16
DeepSets,ch4t-test-000360,8,0.428856,0.296621,-0.116740,0.434858,0.959833,0.338486,-5.184190,-5.792927,0.000e+00
DeepSets,ch4t-test-000361,5,-0.719210,-1.039278,0.591000,0.439016,0.739771,0.700105,-5.937748,-4.770261,0.000e+00
DeepSets,ch4t-test-000362,7,0.637954,-0.025770,0.019457,0.226314,0.082064,0.279528,-3.690936,-4.322577,1.110e-16
DeepSets,ch4t-test-000363,8,1.359804,0.388570,-0.543999,1.310879,1.148602,1.344559,-5.497783,-6.702158,0.000e+00
DeepSets,ch4t-test-000364,8,-0.373087,-0.521386,0.233871,0.311786,0.129897,0.465612,-7.493260,-6.832658,0.000e+00
DeepSets,ch4t-test-000365,8,0.455398,0.653581,0.136611,0.107789,0.574960,0.183183,-6.460060,-7.705650,0.000e+00
DeepSets,ch4t-test-000366,7,0.002010,-0.923806,2.100986,0.630657,0.647455,2.146738,-7.181165,-8.360354,2.220e-16
DeepSets,ch4t-test-000367,5,0.400089,0.194741,0.057334,0.429452,0.990228,0.800987,-4.689022,-5.341186,0.000e+00
DeepSets,ch4t-test-000368,5,3.223201,-0.618043,-1.193828,1.918446,0.960292,1.533312,-5.811532,-7.222863,4.441e-16
DeepSets,ch4t-test-000369,8,0.915867,0.226459,-0.036102,1.113360,-0.031412,1.597752,-4.855349,-5.961573,0.000e+00
DeepSets,ch4t-test-000370,4,2.266696,0.332724,-0.154046,0.592327,0.818179,0.328982,-5.304347,-7.749721,4.441e-16
DeepSets,ch4t-test-000371,5,0.083390,0.990114,-0.109320,0.080396,0.637560,0.280052,-6.350924,-7.315108,1.110e-16
DeepSets,ch4t-test-000372,6,0.734822,1.132841,0.491962,0.053976,1.198161,0.294144,-5.225888,-7.585512,0.000e+00
DeepSets,ch4t-test-000373,5,2.891276,0.055593,-0.412206,0.398574,0.335923,0.828672,-2.508050,-5.042714,0.000e+00
DeepSets,ch4t-test-000374,7,1.638745,-0.165108,-0.759081,1.083361,0.904069,1.203122,-4.695924,-5.410479,2.220e-16
DeepSets,ch4t-test-000375,5,-0.306434,-0.774013,-0.158396,0.031293,1.025043,0.165008,-9.137832,-7.898988,0.000e+00
DeepSets,ch4t-test-000376,4,0.003927,0.293720,0.019038,-0.005357,-1.467229,0.150978,-7.480768,-7.797452,0.000e+00
DeepSets,ch4t-test-000377,6,1.500895,-0.063061,0.246694,0.183624,-0.909335,0.502462,-6.106384,-7.790913,0.000e+00
DeepSets,ch4t-test-000378,4,0.044899,0.738697,0.105082,-0.013484,-0.688257,0.120322,-7.110747,-7.999426,0.000e+00
DeepSets,ch4t-test-000379,4,1.233513,-0.339305,-0.443564,1.602475,0.326996,1.459800,-4.767148,-5.217792,0.000e+00
DeepSets,ch4t-test-000380,7,-0.177100,0.104594,-0.060123,0.088978,1.010716,0.169526,-11.099041,-10.966412,0.000e+00
DeepSets,ch4t-test-000381,5,1.883051,-0.269917,-0.685258,0.978632,1.123932,0.643876,-4.293897,-5.221773,1.110e-16
DeepSets,ch4t-test-000382,8,-0.004821,1.708352,-0.053462,0.045871,0.670292,0.168374,-6.476953,-8.127023,4.441e-16
DeepSets,ch4t-test-000383,7,1.488194,-0.205858,-0.056619,0.262149,0.928485,0.171197,-5.383926,-6.609642,0.000e+00
DeepSets,ch4t-test-000384,7,0.864955,0.362508,-0.129761,1.336046,1.375935,2.139358,-4.936102,-6.033804,0.000e+00
DeepSets,ch4t-test-000385,5,1.137405,-0.186775,-0.095416,0.356264,1.028071,0.318563,-5.834428,-6.689642,1.110e-16
DeepSets,ch4t-test-000386,6,1.008335,-0.158264,0.827888,0.400204,0.822765,1.087250,-5.959921,-7.637880,2.220e-16
DeepSets,ch4t-test-000387,6,-0.006319,0.101628,-0.038233,0.006716,-1.106351,0.128284,-8.401029,-8.458106,6.939e-18
DeepSets,ch4t-test-000388,4,0.861447,1.019660,-0.030885,0.076158,1.006701,0.131425,-6.483072,-8.333294,0.000e+00
DeepSets,ch4t-test-000389,5,2.925469,0.293474,-0.054667,1.145884,1.128125,2.302597,-4.036929,-7.201205,4.441e-16
DeepSets,ch4t-test-000390,5,-0.826107,-0.715962,0.112787,0.314653,0.990476,0.832735,-10.531359,-9.102077,0.000e+00
DeepSets,ch4t-test-000391,7,-0.099032,-0.017456,0.829066,0.071491,0.783135,0.466229,-7.486303,-8.198881,0.000e+00
DeepSets,ch4t-test-000392,4,0.462143,0.072359,-0.020556,0.504066,0.441242,0.455434,-4.902760,-5.416706,1.110e-16
DeepSets,ch4t-test-000393,6,0.322158,-0.002079,-0.143578,0.543731,1.082890,0.608168,-5.470090,-5.646591,2.776e-17
DeepSets,ch4t-test-000394,7,0.408847,-0.833428,0.320066,0.029496,0.716467,0.154905,-9.610501,-9.505987,0.000e+00
DeepSets,ch4t-test-000395,6,0.003621,0.277063,-0.044775,-0.004451,-0.666466,0.128119,-7.813829,-8.049738,0.000e+00
DeepSets,ch4t-test-000396,6,2.435955,-0.141994,-0.532448,0.741255,-0.091241,1.083691,-4.365076,-6.126589,0.000e+00
DeepSets,ch4t-test-000397,6,0.581253,0.325564,-0.033188,0.850583,0.974474,0.912620,-4.363875,-5.237504,1.110e-16
DeepSets,ch4t-test-000398,5,-0.146737,0.616985,-0.148245,0.034811,0.448709,0.157964,-6.691719,-7.013722,5.551e-17
DeepSets,ch4t-test-000399,5,2.907261,0.126346,-1.265017,3.331074,0.468655,1.809147,-4.288373,-6.056963,2.220e-16
DeepSets,ch4t-test-000400,6,0.551060,0.242907,0.178731,0.195663,0.819669,0.258696,-5.464292,-6.436990,0.000e+00
DeepSets,ch4t-test-000401,5,1.460825,0.274125,-0.778241,0.356453,1.292979,0.503713,-6.766053,-7.722762,0.000e+00
DeepSets,ch4t-test-000402,8,0.888010,0.536899,0.300477,0.422051,0.202944,0.840085,-5.505197,-7.230584,4.441e-16
DeepSets,ch4t-test-000403,7,-0.085803,-0.219968,-0.100490,0.128083,1.155280,0.292967,-7.814628,-7.408368,0.000e+00
DeepSets,ch4t-test-000404,7,2.980568,-0.197540,-0.347904,0.917239,0.991731,0.378477,-3.186699,-5.621824,4.441e-16
DeepSets,ch4t-test-000405,8,0.136034,-0.040166,0.076137,0.038715,-0.376588,0.133485,-7.298832,-7.470836,5.551e-17
DeepSets,ch4t-test-000406,5,2.211942,-0.521973,-0.017697,0.655855,0.775213,0.445041,-6.709485,-8.381758,2.220e-16
DeepSets,ch4t-test-000407,5,0.215146,-0.254655,0.149664,1.241034,0.780849,1.009986,-6.613335,-6.723490,0.000e+00
DeepSets,ch4t-test-000408,4,0.785096,0.031690,-0.076695,0.565665,0.954383,0.273865,-5.345780,-6.085871,0.000e+00
DeepSets,ch4t-test-000409,5,-0.957186,-1.115393,1.326837,0.725511,0.967553,0.848210,-8.056374,-7.310631,2.220e-16
DeepSets,ch4t-test-000410,6,0.642203,0.450930,-0.167546,0.920119,0.513367,1.460117,-5.221352,-6.146940,0.000e+00
DeepSets,ch4t-test-000411,7,0.722962,-0.060957,0.018965,0.465601,1.023426,0.339566,-4.607105,-5.288075,0.000e+00
DeepSets,ch4t-test-000412,8,0.517591,0.299172,-0.318632,0.652509,0.856757,0.740770,-5.195907,-5.694038,0.000e+00
DeepSets,ch4t-test-000413,7,0.457418,0.120918,0.398027,0.029030,0.440050,0.282611,-5.255231,-6.231594,0.000e+00
DeepSets,ch4t-test-000414,4,0.647933,0.191959,-0.366111,0.523021,0.390952,0.606322,-5.447798,-5.921579,0.000e+00
DeepSets,ch4t-test-000415,4,0.004647,0.080637,-0.017271,-0.012627,-1.894866,0.078989,-6.987079,-7.055091,1.388e-17
DeepSets,ch4t-test-000416,4,-2.042761,-1.973131,-1.348924,6.319116,0.515975,1.267588,-9.930760,-4.565943,0.000e+00
DeepSets,ch4t-test-000417,8,0.612507,-0.052638,-0.238676,0.768985,1.243130,1.078380,-5.730805,-6.051997,0.000e+00
DeepSets,ch4t-test-000418,7,0.003315,0.265939,-0.082588,-0.000659,-0.245088,0.173335,-8.501402,-8.688068,0.000e+00
DeepSets,ch4t-test-000419,7,2.057654,0.404406,-0.698599,0.451887,-0.636263,0.831348,-3.557211,-5.320671,2.220e-16
DeepSets,ch4t-test-000420,4,-0.101386,-0.092834,-0.141165,0.078025,-2.065335,0.312605,-9.567256,-9.231871,0.000e+00
DeepSets,ch4t-test-000421,4,-0.334848,-0.409631,0.849304,0.672559,0.416540,1.121974,-6.855105,-6.959930,0.000e+00
DeepSets,ch4t-test-000422,8,1.391047,0.152173,-0.295887,0.176473,0.990116,0.325590,-4.878148,-6.125481,0.000e+00
DeepSets,ch4t-test-000423,6,2.284490,0.033857,-1.015119,1.488689,1.073868,1.133446,-3.615021,-4.918249,4.441e-16
DeepSets,ch4t-test-000424,6,0.212382,0.654366,0.163612,0.015994,0.540960,0.139216,-5.995521,-7.025881,0.000e+00
DeepSets,ch4t-test-000425,5,2.197942,-0.379622,-0.287506,0.970873,0.755714,0.444786,-4.025530,-5.556343,0.000e+00
DeepSets,ch4t-test-000426,8,0.100956,0.064622,-0.140902,0.417988,0.585596,0.394446,-5.709101,-5.733778,4.163e-17
DeepSets,ch4t-test-000427,4,0.050319,-1.376154,0.225370,-0.054898,0.382789,0.129913,-9.088029,-7.987564,0.000e+00
DeepSets,ch4t-test-000428,7,1.065455,0.056538,-0.629597,1.062183,0.964527,1.036345,-3.987019,-4.479415,1.110e-16
DeepSets,ch4t-test-000429,8,0.474392,1.307785,0.295990,0.011229,0.950069,0.189391,-6.660452,-8.738619,0.000e+00
DeepSets,ch4t-test-000430,7,1.147041,-0.031435,0.825646,0.976992,0.826442,1.627275,-3.984298,-5.925551,2.220e-16
DeepSets,ch4t-test-000431,6,-0.535144,-1.508033,1.831385,0.486565,0.162333,1.500222,-6.302424,-6.090633,2.220e-16
DeepSets,ch4t-test-000432,4,-0.749557,-0.440588,0.656040,0.208729,0.467969,0.295500,-5.874794,-5.340689,0.000e+00
DeepSets,ch4t-test-000433,8,-0.011735,0.420861,0.440670,0.005711,0.568768,0.221420,-7.310976,-8.160772,0.000e+00
DeepSets,ch4t-test-000434,7,2.888832,0.480262,-0.612205,0.847926,0.683834,1.496270,-5.524101,-8.280990,4.441e-16
DeepSets,ch4t-test-000435,7,-0.039785,0.329649,0.016941,0.167856,0.832496,0.214301,-6.570961,-6.877765,0.000e+00
DeepSets,ch4t-test-000436,7,1.080863,-0.181976,-0.225142,1.082193,1.073558,0.310439,-4.524411,-5.198155,1.110e-16
DeepSets,ch4t-test-000437,5,1.327050,0.083790,-0.315040,1.244528,0.545012,0.717197,-7.747393,-8.843193,0.000e+00
DeepSets,ch4t-test-000438,6,0.440855,0.107106,-0.041349,0.370931,0.346242,0.485405,-6.545274,-7.051887,0.000e+00
DeepSets,ch4t-test-000439,4,-0.074050,-0.468496,0.062460,-0.033585,0.197018,0.131097,-7.631855,-7.151769,0.000e+00
DeepSets,ch4t-test-000440,6,2.203649,0.558847,-1.044466,0.976963,0.656418,1.784261,-5.233535,-6.951566,0.000e+00
DeepSets,ch4t-test-000441,5,0.550773,0.597885,-0.120101,0.215089,0.339488,0.262626,-6.433928,-7.462485,0.000e+00
DeepSets,ch4t-test-000442,5,1.378858,0.095475,-0.806620,1.015843,1.236439,1.328324,-4.883613,-5.551326,2.220e-16
DeepSets,ch4t-test-000443,7,-0.029918,0.814878,-0.022705,0.009012,0.402256,0.144645,-5.964497,-6.726752,0.000e+00
DeepSets,ch4t-test-000444,8,3.019049,0.695680,-1.994364,1.714577,0.862868,3.058224,-4.155450,-5.875815,4.441e-16
DeepSets,ch4t-test-000445,8,0.000283,0.446773,-0.028718,-0.019039,0.313030,0.104166,-7.469326,-7.887664,0.000e+00
DeepSets,ch4t-test-000446,8,1.061462,0.094573,-0.135156,0.834539,0.934050,0.419851,-5.270087,-6.290966,2.220e-16
DeepSets,ch4t-test-000447,7,3.444673,-0.483127,-0.564643,0.865701,-0.147507,1.155771,-2.928471,-5.325373,0.000e+00
DeepSets,ch4t-test-000448,8,0.740977,0.385478,-0.112888,0.079700,1.044980,0.218495,-5.272919,-6.286487,0.000e+00
DeepSets,ch4t-test-000449,8,0.509216,0.609511,-0.025637,0.109902,0.720803,0.274049,-4.580473,-5.673562,2.220e-16
DeepSets,ch4t-test-000450,7,0.789213,0.282222,0.265771,0.632975,0.862010,1.532133,-6.541389,-7.878595,4.441e-16
DeepSets,ch4t-test-000451,6,-0.084309,0.092594,0.141287,-0.021727,-0.536127,0.139915,-7.974450,-8.124021,0.000e+00
DeepSets,ch4t-test-000452,6,2.868047,0.775059,-1.346757,0.459824,-0.523889,1.106409,-3.407348,-5.703698,0.000e+00
DeepSets,ch4t-test-000453,5,-1.712842,-1.071712,0.415969,0.699100,0.651367,1.074012,-8.446941,-6.078356,0.000e+00
DeepSets,ch4t-test-000454,4,-0.003040,0.008729,-0.012729,0.005893,-2.728106,0.057474,-7.496259,-7.489220,1.735e-18
DeepSets,ch4t-test-000455,6,1.566038,0.669085,-0.511876,0.792851,0.899475,1.658056,-3.284477,-5.007724,2.220e-16
DeepSets,ch4t-test-000456,6,0.779544,-0.057437,-0.137305,0.821675,0.771008,0.298305,-4.355933,-4.940735,0.000e+00
DeepSets,ch4t-test-000457,7,2.609773,0.349036,-0.381143,0.874574,0.742474,0.854790,-5.289660,-7.867326,0.000e+00
DeepSets,ch4t-test-000458,5,1.220902,-0.132915,-0.125309,0.364601,0.920340,0.197632,-4.060610,-5.023287,0.000e+00
DeepSets,ch4t-test-000459,8,0.980369,-1.173032,-0.084602,0.758898,1.026113,0.344274,-6.119990,-5.842726,1.110e-16
DeepSets,ch4t-test-000460,6,0.653354,0.024728,-0.204366,0.605183,-0.181830,0.304588,-4.749723,-5.223438,0.000e+00
DeepSets,ch4t-test-000461,8,0.577945,0.229265,-0.247938,0.398310,1.120320,0.694034,-5.039333,-5.598604,0.000e+00
DeepSets,ch4t-test-000462,8,0.658248,0.133323,-0.122918,0.307398,0.191906,0.348042,-4.709468,-5.378121,0.000e+00
DeepSets,ch4t-test-000463,4,0.309252,0.291249,0.065861,0.201475,0.704635,0.274675,-8.605374,-9.271736,0.000e+00
DeepSets,ch4t-test-000464,4,-0.084004,0.902570,-0.065097,0.015482,0.674965,0.164182,-9.076033,-9.829502,1.110e-16
DeepSets,ch4t-test-000465,4,0.362966,0.321595,0.037792,0.281450,1.106397,0.521426,-5.895584,-6.617936,1.110e-16
DeepSets,ch4t-test-000466,4,2.185103,0.632032,-1.675490,1.912022,0.876154,2.384994,-9.211020,-10.352666,0.000e+00
DeepSets,ch4t-test-000467,4,2.280144,1.231165,-0.123839,0.352725,0.214493,0.339644,-5.774597,-9.162067,0.000e+00
DeepSets,ch4t-test-000468,8,0.527562,0.224547,-0.253466,0.547881,-0.340016,0.534141,-3.980275,-4.478918,5.551e-17
DeepSets,ch4t-test-000469,5,-0.153215,1.136227,-0.122355,0.020149,0.972903,0.116678,-7.119841,-7.980499,0.000e+00
DeepSets,ch4t-test-000470,4,1.985137,0.696873,-1.761308,1.197797,-0.857095,1.547228,-5.996031,-6.916733,0.000e+00
DeepSets,ch4t-test-000471,5,0.940966,0.219236,-0.355076,0.318502,1.088778,0.662516,-6.609959,-7.415085,1.110e-16
DeepSets,ch4t-test-000472,8,-0.001357,0.836128,-0.019214,0.001407,0.066863,0.163257,-7.868683,-8.684240,1.110e-16
DeepSets,ch4t-test-000473,8,2.296747,-0.122308,-1.099108,1.248192,0.677596,1.898131,-2.342110,-3.417441,2.220e-16
DeepSets,ch4t-test-000474,7,0.362965,0.260812,-0.063098,0.251584,1.116762,0.235359,-4.996531,-5.557210,0.000e+00
DeepSets,ch4t-test-000475,7,1.696502,0.294461,-0.269168,0.568103,0.288992,0.735447,-3.737386,-5.459180,2.220e-16
DeepSets,ch4t-test-000476,6,5.368710,0.206019,-1.916416,2.511333,0.834634,1.530434,-4.255135,-7.913448,0.000e+00
DeepSets,ch4t-test-000477,8,-0.019004,0.153410,0.029480,-0.014331,-0.585682,0.131914,-6.442892,-6.606778,0.000e+00
DeepSets,ch4t-test-000478,4,-0.046162,-0.069922,-0.061196,0.029590,-0.104871,0.178166,-6.930577,-6.753296,0.000e+00
DeepSets,ch4t-test-000479,8,0.127791,-0.553168,0.892207,1.047235,1.356454,2.198323,-5.940282,-6.407112,0.000e+00
DeepSets,ch4t-test-000480,4,0.004989,0.617172,-0.005927,0.024985,0.570498,0.114580,-5.578410,-6.194643,0.000e+00
DeepSets,ch4t-test-000481,7,1.237079,-0.272515,-0.145326,1.515788,1.045773,0.569304,-6.296442,-7.115680,0.000e+00
DeepSets,ch4t-test-000482,4,0.048610,-0.103070,-0.047086,-0.019856,-1.394741,0.115976,-9.958375,-9.856829,0.000e+00
DeepSets,ch4t-test-000483,8,2.411640,0.579550,-1.455531,0.535400,1.062255,0.932702,-3.423128,-4.958787,0.000e+00
DeepSets,ch4t-test-000484,6,-0.368937,-0.120535,0.081767,-0.032445,0.927939,0.164330,-8.096501,-7.688796,0.000e+00
DeepSets,ch4t-test-000485,6,1.109305,0.252442,0.496029,0.422190,1.145481,1.265275,-5.380665,-7.238440,0.000e+00
DeepSets,ch4t-test-000486,8,0.685478,0.861526,-0.060788,0.137229,0.898367,0.178362,-7.524728,-9.010944,2.220e-16
DeepSets,ch4t-test-000487,4,-0.510511,-0.520104,-0.877182,0.380533,-0.599623,1.424656,-8.457990,-6.550193,0.000e+00
DeepSets,ch4t-test-000488,4,0.109708,-0.032507,0.332784,0.386182,1.051552,1.281470,-5.370253,-5.780238,5.551e-17
DeepSets,ch4t-test-000489,8,1.083749,-0.039479,0.435531,0.685198,1.228537,0.775129,-5.406470,-6.886270,2.220e-16
DeepSets,ch4t-test-000490,5,0.908751,0.085400,-0.040201,0.966384,1.376805,0.904290,-6.478670,-7.432620,0.000e+00
DeepSets,ch4t-test-000491,7,0.717438,0.444905,-0.112975,0.287110,0.998855,0.209801,-6.736324,-7.785692,0.000e+00
DeepSets,ch4t-test-000492,7,-0.007985,-0.701854,0.506148,0.001268,0.388988,0.214035,-9.038768,-8.835077,5.551e-17
DeepSets,ch4t-test-000493,6,1.364286,0.221988,-0.298410,0.196775,0.978525,0.365300,-5.684981,-6.972845,2.220e-16
DeepSets,ch4t-test-000494,6,1.408554,-0.189860,0.431791,0.313566,0.257796,0.972224,-4.816361,-6.466846,2.220e-16
DeepSets,ch4t-test-000495,4,0.631563,0.472443,0.215354,-0.042607,0.318177,0.113023,-6.446648,-7.766008,0.000e+00
DeepSets,ch4t-test-000496,7,1.728134,-0.332997,0.258391,0.787689,0.645756,0.539736,-3.874369,-5.527896,4.441e-16
DeepSets,ch4t-test-000497,7,1.452709,-0.205792,-0.200165,1.061225,0.099513,0.826553,-6.302278,-7.349030,0.000e+00
DeepSets,ch4t-test-000498,7,3.808583,-0.245908,-1.162376,0.659094,-0.618251,0.791936,-2.658071,-5.058369,0.000e+00
DeepSets,ch4t-test-000499,8,0.326101,-0.414998,0.746327,0.142998,1.145583,0.688493,-6.567277,-7.224707,1.110e-16
DeepSets,ch4t-test-000500,8,1.547554,-0.535704,-0.904187,1.640422,1.055132,1.310287,-5.864377,-5.972040,0.000e+00
DeepSets,ch4t-test-000501,4,0.158685,0.130371,-0.019306,0.431525,0.819961,0.585037,-6.020734,-6.290485,0.000e+00
DeepSets,ch4t-test-000502,5,0.607174,0.425602,-0.096776,0.225231,0.660210,0.306132,-7.212738,-8.148737,0.000e+00
DeepSets,ch4t-test-000503,7,-0.614159,-0.642042,0.098402,0.016905,-0.408359,0.213533,-10.223273,-9.065474,0.000e+00
DeepSets,ch4t-test-000504,7,0.356690,-0.368240,-0.057083,0.208348,0.589921,0.205694,-12.093166,-12.024533,0.000e+00
DeepSets,ch4t-test-000505,8,-0.021716,0.685234,-0.079845,0.014694,0.682983,0.194130,-7.481686,-8.065358,1.110e-16
DeepSets,ch4t-test-000506,7,-1.089714,-0.737713,1.733054,0.430049,1.022380,1.651838,-7.990516,-7.896142,1.110e-16
DeepSets,ch4t-test-000507,6,1.961202,0.253960,-0.545623,0.938177,0.982118,0.820880,-5.646121,-7.315660,0.000e+00
DeepSets,ch4t-test-000508,4,2.010290,-0.260244,-0.294003,0.751573,0.079712,0.424539,-6.300137,-7.756180,0.000e+00
DeepSets,ch4t-test-000509,6,0.839015,0.409545,0.141840,0.103553,0.290940,0.251844,-7.630070,-9.020470,0.000e+00
DeepSets,ch4t-test-000510,8,0.081326,0.726019,0.138429,-0.007665,0.139010,0.166561,-6.600717,-7.546492,0.000e+00
DeepSets,ch4t-test-000511,8,1.724446,0.100056,-0.560338,0.519435,0.814923,0.742526,-3.420784,-4.684948,2.220e-16
DeepSets,ch4t-test-000512,8,0.967151,0.243598,-0.129513,0.316310,0.613845,0.207714,-5.236624,-6.317859,0.000e+00
DeepSets,ch4t-test-000513,8,-0.020388,0.790581,-0.045900,0.003115,0.262892,0.183107,-6.671478,-7.395771,0.000e+00
DeepSets,ch4t-test-000514,8,0.663269,0.583467,-0.113923,0.185890,0.824342,0.158356,-5.409966,-6.542780,0.000e+00
DeepSets,ch4t-test-000515,7,0.588851,0.154333,-0.227374,0.524649,0.565640,0.657965,-4.679807,-5.195618,0.000e+00
DeepSets,ch4t-test-000516,6,2.097009,-0.008956,-0.517979,0.990287,1.192722,0.789892,-2.947199,-4.517273,2.220e-16
DeepSets,ch4t-test-000517,5,-0.939591,-0.148340,0.323606,0.270498,0.384179,1.478500,-9.375557,-8.611232,2.220e-16
DeepSets,ch4t-test-000518,4,0.722688,-0.099179,-0.093862,0.142901,-1.443042,0.251309,-5.520774,-6.050422,0.000e+00
DeepSets,ch4t-test-000519,4,0.463962,0.536584,-0.281626,0.184067,1.144434,0.310323,-7.129290,-7.848209,0.000e+00
DeepSets,ch4t-test-000520,4,-0.010942,0.298445,-0.059512,0.010715,-1.006639,0.124915,-8.928400,-9.156391,0.000e+00
DeepSets,ch4t-test-000521,7,0.894364,0.393566,0.057709,0.025328,0.767624,0.166290,-6.272933,-7.618573,0.000e+00
DeepSets,ch4t-test-000522,7,-0.791575,-0.419766,0.255977,0.489571,0.492998,1.398004,-6.753052,-5.797688,2.220e-16
DeepSets,ch4t-test-000523,8,1.279488,0.064082,0.264665,0.341803,0.922863,0.458428,-4.687938,-6.296173,0.000e+00
DeepSets,ch4t-test-000524,4,0.020012,0.549184,-0.092113,-0.006607,-0.134817,0.153110,-5.833146,-6.310230,0.000e+00
DeepSets,ch4t-test-000525,6,1.468985,0.168434,-1.108786,0.961796,0.677810,1.363195,-6.057029,-6.585662,0.000e+00
DeepSets,ch4t-test-000526,4,0.043339,0.045061,-0.005414,-0.033540,-1.230425,0.109917,-6.534087,-6.617072,1.388e-17
DeepSets,ch4t-test-000527,5,0.785350,0.119142,-0.517513,0.775861,0.923590,1.463282,-7.380703,-7.767682,0.000e+00
DeepSets,ch4t-test-000528,6,-0.074379,0.131133,-0.039452,0.052217,0.558677,0.111818,-7.979488,-7.996789,0.000e+00
DeepSets,ch4t-test-000529,8,1.180431,0.575692,-0.039094,0.198224,0.955078,0.139431,-8.076704,-9.793734,2.220e-16
DeepSets,ch4t-test-000530,6,0.331169,-0.086443,0.137443,0.338115,-0.061383,0.887115,-5.420628,-5.802796,0.000e+00
DeepSets,ch4t-test-000531,4,-0.109775,2.174292,-0.198988,0.043747,0.812391,0.163241,-8.700271,-10.565800,2.220e-16
DeepSets,ch4t-test-000532,8,2.053373,-0.386513,-0.393346,1.569800,1.179192,0.750250,-2.409783,-3.683297,0.000e+00
DeepSets,ch4t-test-000533,5,-0.069327,0.401687,0.026282,-0.017178,-0.789850,0.154733,-8.806755,-9.165397,5.551e-17
DeepSets,ch4t-test-000534,7,2.995480,0.131211,-0.668829,0.576239,0.808247,0.643311,-2.956820,-5.414682,0.000e+00
DeepSets,ch4t-test-000535,6,-0.041018,0.336500,-0.032063,0.034386,0.354025,0.130323,-6.609827,-6.873247,0.000e+00
DeepSets,ch4t-test-000536,5,2.382295,-0.199242,-1.050820,1.386849,-0.124120,1.406941,-4.292183,-5.424417,0.000e+00
DeepSets,ch4t-test-000537,7,0.795746,0.058402,-0.190958,1.001955,0.733116,0.860549,-5.343719,-6.006910,0.000e+00
DeepSets,ch4t-test-000538,5,2.609598,0.353633,-0.442513,0.802227,1.142822,0.877717,-4.725808,-7.246526,4.441e-16
DeepSets,ch4t-test-000539,8,1.861365,-0.386161,-0.386701,1.034229,1.003264,0.624393,-3.920902,-5.009405,2.220e-16
DeepSets,ch4t-test-000540,5,1.976142,-0.127461,-0.465166,1.009157,0.663875,0.550370,-2.611877,-3.995392,0.000e+00
DeepSets,ch4t-test-000541,8,-0.076649,0.664643,-0.001245,-0.017171,0.042262,0.093503,-7.311073,-7.897822,1.110e-16
DeepSets,ch4t-test-000542,6,0.360274,0.119703,-0.172549,1.416228,0.870625,1.205632,-5.476235,-5.783664,0.000e+00
DeepSets,ch4t-test-000543,6,-0.910791,-0.869530,1.663421,0.194652,-0.583320,0.620452,-6.222708,-6.105808,1.110e-16
DeepSets,ch4t-test-000544,8,-0.215058,0.060983,0.082444,0.185129,-0.278250,0.251483,-6.304734,-6.233104,1.388e-17
DeepSets,ch4t-test-000545,4,1.254618,0.686699,0.127127,0.472732,0.451329,1.175204,-4.802606,-6.871050,0.000e+00
DeepSets,ch4t-test-000546,7,2.042440,0.688882,-0.619324,0.461352,0.448259,1.187467,-6.738851,-8.850850,4.441e-16
DeepSets,ch4t-test-000547,8,0.986925,-0.039296,-0.107266,0.890537,0.733817,0.290354,-6.620030,-7.460393,1.110e-16
DeepSets,ch4t-test-000548,4,1.915799,0.845722,-1.515619,0.735050,0.527425,1.533097,-6.022872,-7.268775,0.000e+00
DeepSets,ch4t-test-000549,4,0.277807,0.459549,-0.040565,0.055055,0.488290,0.082871,-10.508397,-11.205188,0.000e+00
DeepSets,ch4t-test-000550,5,0.076943,0.232775,0.001216,-0.015595,0.796633,0.130445,-7.442901,-7.753835,0.000e+00
DeepSets,ch4t-test-000551,8,0.556670,0.161470,0.058191,0.499727,0.737955,0.616415,-4.918989,-5.695321,0.000e+00
DeepSets,ch4t-test-000552,8,0.860024,-0.069344,-0.387965,0.980929,0.789618,1.133295,-4.733827,-5.136543,5.551e-17
DeepSets,ch4t-test-000553,5,1.071411,0.130514,-0.167048,0.827881,0.877004,0.579703,-5.075673,-6.110550,0.000e+00
DeepSets,ch4t-test-000554,6,0.696014,0.170209,-0.096214,1.130358,1.304991,2.256625,-4.965244,-5.735253,0.000e+00
DeepSets,ch4t-test-000555,6,-0.182688,0.625420,0.068676,0.029659,0.326914,0.195445,-8.452238,-8.963645,0.000e+00
DeepSets,ch4t-test-000556,4,0.150915,-1.410661,0.207788,-0.004742,-0.836282,0.128399,-10.478414,-9.426456,0.000e+00
DeepSets,ch4t-test-000557,7,-0.501328,-0.524517,0.446779,0.407952,0.834440,0.537961,-6.530827,-5.951760,0.000e+00
DeepSets,ch4t-test-000558,4,1.240749,0.670673,-0.094136,0.685242,1.082119,0.342495,-6.068063,-7.885348,0.000e+00
DeepSets,ch4t-test-000559,8,2.613917,0.080428,-1.015717,1.808738,0.724605,2.154056,-5.931056,-7.609685,4.441e-16
DeepSets,ch4t-test-000560,6,-0.020744,0.117962,-0.066914,0.003186,-0.011942,0.157862,-6.666229,-6.696532,0.000e+00
DeepSets,ch4t-test-000561,6,0.895029,0.695124,-0.934206,0.602136,1.441793,2.101545,-8.074757,-8.730705,1.110e-16
DeepSets,ch4t-test-000562,4,2.312110,-0.347363,-0.681438,0.975947,0.145544,0.600611,-4.550837,-5.834146,0.000e+00
DeepSets,ch4t-test-000563,6,0.669622,0.297454,-0.643845,1.502080,0.815786,2.544977,-6.043627,-6.366858,0.000e+00
DeepSets,ch4t-test-000564,5,-1.240701,-1.356733,-0.453606,0.219399,-0.541313,0.739353,-7.901404,-4.850364,0.000e+00
DeepSets,ch4t-test-000565,4,1.892900,0.315180,-0.281103,1.212580,0.631772,1.919317,-7.377829,-9.304807,0.000e+00
DeepSets,ch4t-test-000566,8,-0.066803,0.119805,-0.041950,0.051078,-0.605207,0.102386,-6.506713,-6.517764,0.000e+00
DeepSets,ch4t-test-000567,5,1.731215,-0.207069,-0.250984,1.087033,0.752219,0.597534,-3.735095,-5.008258,0.000e+00
DeepSets,ch4t-test-000568,6,-0.055102,0.003809,0.327271,0.038497,-0.157463,0.193796,-7.851143,-8.127121,0.000e+00
DeepSets,ch4t-test-000569,8,1.452874,-0.109695,-0.185846,0.410523,1.147825,0.323176,-3.962003,-5.119337,0.000e+00
DeepSets,ch4t-test-000570,7,-0.001176,0.749239,0.173254,-0.008145,-0.177343,0.214721,-6.396709,-7.318027,0.000e+00
DeepSets,ch4t-test-000571,7,-0.016890,-0.568873,0.427799,0.076754,0.846262,0.371134,-7.447790,-7.289825,5.551e-17
DeepSets,ch4t-test-000572,8,0.014093,0.198228,0.024272,0.022191,-1.122989,0.144068,-9.108813,-9.345406,0.000e+00
DeepSets,ch4t-test-000573,5,-0.342836,-1.080076,0.178398,-0.033479,0.199982,0.133767,-7.865840,-6.621326,0.000e+00
DeepSets,ch4t-test-000574,8,-0.194516,-0.807693,0.650195,0.278217,0.440422,0.389554,-6.702838,-6.350824,0.000e+00
DeepSets,ch4t-test-000575,4,0.488662,-0.086738,0.516037,0.481027,0.900123,1.495952,-7.411438,-8.329399,2.220e-16
DeepSets,ch4t-test-000576,4,0.329988,0.212486,-0.017935,0.113390,0.871869,0.142415,-6.828858,-7.353397,0.000e+00
DeepSets,ch4t-test-000577,6,-0.462934,-0.237231,0.875914,0.482156,0.769910,0.750809,-7.271247,-7.446996,2.776e-17
DeepSets,ch4t-test-000578,4,-0.012448,0.114362,0.037287,-0.018566,-1.791048,0.106882,-5.147842,-5.287044,2.776e-17
DeepSets,ch4t-test-000579,4,-0.021722,0.148819,0.001012,-0.023047,-2.330244,0.056553,-7.418468,-7.546577,0.000e+00
DeepSets,ch4t-test-000580,6,2.081686,-0.354365,-0.295873,1.924361,0.012383,0.617529,-5.525805,-6.957253,2.220e-16
DeepSets,ch4t-test-000581,5,-0.446488,-0.220823,0.571737,0.170028,0.852548,0.338782,-8.922012,-8.826438,2.776e-17
DeepSets,ch4t-test-000582,8,0.234760,1.303215,0.062224,0.026107,1.205500,0.195215,-8.136111,-9.736310,0.000e+00
DeepSets,ch4t-test-000583,4,0.212331,-0.848540,1.760214,0.376369,0.814446,0.588273,-6.041321,-7.165326,0.000e+00
DeepSets,ch4t-test-000584,5,0.008543,0.062440,-0.038160,-0.025069,-1.208099,0.103226,-8.629162,-8.661984,0.000e+00
DeepSets,ch4t-test-000585,6,-0.262465,-0.032600,0.132379,0.377216,0.390660,0.421115,-5.336045,-5.173359,0.000e+00
DeepSets,ch4t-test-000586,8,0.960202,0.314795,-0.714442,0.721464,0.878573,1.013223,-5.988984,-6.549539,0.000e+00
DeepSets,ch4t-test-000587,8,1.316222,0.980408,-0.724600,0.145564,1.122397,0.230433,-7.008468,-8.580498,0.000e+00
DeepSets,ch4t-test-000588,5,-0.035340,0.693562,-0.090351,0.002592,-0.779634,0.185773,-8.585248,-9.153119,1.110e-16
DeepSets,ch4t-test-000589,7,1.846110,0.558064,-0.637053,0.606347,0.354051,1.089545,-4.900001,-6.667121,0.000e+00
DeepSets,ch4t-test-000590,8,1.668861,0.202879,-0.172518,0.237812,-1.023548,0.521892,-3.368482,-5.067704,0.000e+00
DeepSets,ch4t-test-000591,5,0.857961,-0.086499,-0.182751,0.585856,1.094862,1.901374,-5.259812,-5.848524,0.000e+00
DeepSets,ch4t-test-000592,5,0.819814,0.086003,0.577318,0.766442,0.961075,1.430315,-3.988924,-5.472059,2.220e-16
DeepSets,ch4t-test-000593,6,-0.118762,0.746651,0.275654,0.009895,0.094419,0.192159,-7.750742,-8.654284,1.110e-16
DeepSets,ch4t-test-000594,8,0.715145,-0.371605,0.297045,1.005375,0.167471,2.438041,-5.631203,-6.271787,2.220e-16
DeepSets,ch4t-test-000595,6,1.280222,0.002053,-0.366667,0.500611,0.311963,0.562504,-3.862118,-4.777726,1.110e-16
DeepSets,ch4t-test-000596,6,1.658542,0.773939,0.056458,0.562308,0.998899,0.781303,-6.076879,-8.565818,0.000e+00
DeepSets,ch4t-test-000597,4,1.087166,0.952000,0.313986,0.029766,0.963700,0.206154,-7.115043,-9.468195,0.000e+00
DeepSets,ch4t-test-000598,5,0.190511,-0.713738,0.763103,0.322485,0.746682,0.787978,-5.934408,-6.174284,2.220e-16
DeepSets,ch4t-test-000599,4,0.614618,0.066705,0.162133,0.171503,0.475542,0.429418,-4.971545,-5.815000,1.110e-16
DeepSets,ch4t-test-000600,7,1.743555,0.127687,-0.583822,1.596668,0.961654,3.221064,-2.268351,-3.555770,2.220e-16
DeepSets,ch4t-test-000601,5,1.351000,0.399424,0.139651,1.231772,0.665828,1.140654,-3.258931,-5.149006,0.000e+00
DeepSets,ch4t-test-000602,5,0.619493,0.760891,0.422893,-0.029111,1.158533,0.359409,-7.604494,-9.407771,2.220e-16
DeepSets,ch4t-test-000603,5,1.152548,0.054928,-0.107114,0.379819,0.396124,0.246252,-3.639154,-4.739515,0.000e+00
DeepSets,ch4t-test-000604,6,0.033118,0.948178,-0.029878,-0.035707,-0.069677,0.120053,-6.234034,-7.185451,1.110e-16
DeepSets,ch4t-test-000605,8,0.036473,1.055636,0.016190,0.025026,-0.357229,0.164323,-6.491526,-7.599825,0.000e+00
DeepSets,ch4t-test-000606,5,1.150649,0.292443,-1.714926,1.467589,0.734834,1.677747,-6.000382,-5.728548,1.110e-16
DeepSets,ch4t-test-000607,5,0.475894,0.147516,-0.226031,0.822090,0.404731,0.669843,-5.233670,-5.631049,0.000e+00
DeepSets,ch4t-test-000608,7,1.712734,-0.166586,-0.009337,0.608907,0.348894,0.535790,-8.575510,-10.112320,0.000e+00
DeepSets,ch4t-test-000609,8,1.838662,0.467141,-0.754146,0.474621,-0.304218,0.487400,-4.132202,-5.683859,2.220e-16
DeepSets,ch4t-test-000610,6,1.323380,-0.048285,-0.140755,1.686755,0.698133,0.614087,-6.513938,-7.648278,0.000e+00
DeepSets,ch4t-test-000611,5,1.686580,0.076151,-0.385667,0.199391,0.821805,0.302323,-3.681981,-5.059045,0.000e+00
DeepSets,ch4t-test-000612,8,2.290896,-0.359959,-0.264617,1.658789,1.020176,0.613166,-2.956564,-4.622883,0.000e+00
DeepSets,ch4t-test-000613,7,-0.044072,0.606684,-0.091346,0.015929,0.410865,0.179042,-6.796546,-7.267811,0.000e+00
DeepSets,ch4t-test-000614,5,0.518715,0.470836,0.193982,0.051753,1.101540,0.329398,-3.525930,-4.709463,0.000e+00
DeepSets,ch4t-test-000615,7,0.237673,0.533323,0.307125,0.083736,0.155890,0.408464,-7.977354,-9.055476,0.000e+00
DeepSets,ch4t-test-000616,6,1.599332,0.352499,-0.429981,0.434877,0.120900,0.390536,-4.192984,-5.714834,0.000e+00
DeepSets,ch4t-test-000617,4,-0.032653,-0.159190,-0.218599,0.659240,-0.748981,0.813721,-5.319587,-4.909146,0.000e+00
DeepSets,ch4t-test-000618,5,1.069056,0.463300,-0.348133,0.792523,-0.453728,1.708526,-5.972135,-7.156358,0.000e+00
DeepSets,ch4t-test-000619,4,0.111477,0.213437,-0.006193,-0.060180,-0.479371,0.134694,-8.587209,-8.905930,0.000e+00
DeepSets,ch4t-test-000620,7,0.312753,-0.012976,0.261272,0.525661,1.398820,0.959086,-7.431869,-7.992918,0.000e+00
DeepSets,ch4t-test-000621,5,0.245196,0.014043,-0.060384,0.246658,-0.873746,0.687602,-5.311604,-5.510458,0.000e+00
DeepSets,ch4t-test-000622,7,1.992521,-0.060042,-0.556773,1.857608,0.966053,1.973350,-3.675688,-5.051394,4.441e-16
DeepSets,ch4t-test-000623,5,1.395563,-0.092181,-0.236938,1.268037,1.112903,0.833093,-5.551398,-6.617841,0.000e+00
DeepSets,ch4t-test-000624,5,-0.074150,0.178836,0.017572,0.006964,-0.523630,0.115977,-8.320750,-8.443008,0.000e+00
DeepSets,ch4t-test-000625,7,1.117864,0.064501,0.118233,0.105561,0.785045,0.333090,-5.430583,-6.731182,0.000e+00
DeepSets,ch4t-test-000626,6,0.956555,0.573158,0.031383,0.046266,0.788822,0.206184,-7.328036,-8.889133,0.000e+00
DeepSets,ch4t-test-000627,7,1.080535,0.426041,-0.580894,0.542225,1.213044,1.144156,-4.531710,-5.457392,1.110e-16
DeepSets,ch4t-test-000628,6,0.843779,0.177823,-0.067801,0.091785,0.689246,0.120726,-8.112004,-9.065805,0.000e+00
DeepSets,ch4t-test-000629,7,0.481141,-0.211732,-0.023152,0.065801,0.751129,0.186775,-6.554428,-6.800685,8.327e-17
DeepSets,ch4t-test-000630,7,3.161120,0.757765,-3.749846,3.494854,0.653876,4.425694,-7.075860,-7.244899,5.551e-16
DeepSets,ch4t-test-000631,5,0.464073,0.334084,-0.081832,0.460425,0.116094,0.343870,-4.768840,-5.485164,0.000e+00
DeepSets,ch4t-test-000632,4,-0.126505,-0.275654,0.505846,0.329203,0.143454,0.790378,-6.441286,-6.544972,0.000e+00
DeepSets,ch4t-test-000633,7,0.070358,0.077562,0.211384,-0.031835,0.182758,0.140751,-7.117002,-7.476306,0.000e+00
DeepSets,ch4t-test-000634,7,3.265178,0.638136,-1.507709,0.980592,0.452193,1.158592,-3.668928,-6.064533,4.441e-16
DeepSets,ch4t-test-000635,8,-0.336934,-0.741832,0.305271,0.185546,0.640586,0.219898,-7.695164,-6.921669,1.110e-16
DeepSets,ch4t-test-000636,7,1.040691,0.020678,-0.197277,0.952587,0.497626,1.128247,-5.978937,-6.843028,0.000e+00
DeepSets,ch4t-test-000637,4,-0.616836,-0.701151,0.543381,0.348175,-0.001532,0.593502,-6.587036,-5.812430,0.000e+00
DeepSets,ch4t-test-000638,5,0.058493,0.144769,-0.114290,-0.005673,-0.420018,0.141354,-7.049368,-7.138340,1.388e-17
DeepSets,ch4t-test-000639,6,1.326981,0.628726,-0.725895,0.699374,0.527712,1.458707,-4.020005,-5.249817,2.220e-16
DeepSets,ch4t-test-000640,8,2.452323,-0.285261,-0.471993,1.455809,1.232124,0.664759,-4.920102,-6.615171,0.000e+00
DeepSets,ch4t-test-000641,5,0.690226,0.288425,0.708753,0.818177,-0.268576,1.863705,-5.095401,-6.782804,0.000e+00
DeepSets,ch4t-test-000642,5,2.180786,-0.256531,-0.342553,0.620306,-0.065018,0.503202,-3.490853,-5.072554,2.220e-16
DeepSets,ch4t-test-000643,8,0.915633,-0.146044,-0.775235,1.280129,1.142406,0.929857,-8.255193,-8.249548,5.551e-17
DeepSets,ch4t-test-000644,6,0.930315,-0.378898,-0.352378,1.363736,1.098475,0.580077,-6.677149,-6.876188,1.110e-16
DeepSets,ch4t-test-000645,7,-0.049897,-0.632848,1.176321,0.356782,0.846542,0.890637,-6.556621,-7.050197,0.000e+00
DeepSets,ch4t-test-000646,5,0.847031,-1.241796,-0.044791,-0.046621,0.553738,0.110769,-11.828841,-11.389285,1.110e-16
DeepSets,ch4t-test-000647,4,0.523072,0.002720,-0.061361,0.576214,0.627637,0.296850,-4.146924,-4.611355,0.000e+00
DeepSets,ch4t-test-000648,8,0.839039,-0.067074,-0.267998,1.764705,0.392432,1.586200,-5.703988,-6.207955,0.000e+00
DeepSets,ch4t-test-000649,7,1.756619,-0.470070,2.010521,0.350359,-0.032815,1.023918,-5.411872,-8.708942,4.441e-16
DeepSets,ch4t-test-000650,6,0.591310,0.397945,-0.083564,0.296549,0.594121,0.231018,-6.383373,-7.289064,1.110e-16
DeepSets,ch4t-test-000651,7,1.472723,0.274502,-0.063746,0.709515,-0.498975,0.963312,-3.402997,-5.086476,2.220e-16
DeepSets,ch4t-test-000652,8,1.902326,-0.258080,-0.500447,0.618730,1.097392,0.686529,-4.289262,-5.433061,2.220e-16
DeepSets,ch4t-test-000653,5,3.133679,-0.575556,-0.563039,1.077742,0.095310,0.835313,-3.970074,-5.965159,0.000e+00
DeepSets,ch4t-test-000654,4,0.086107,-0.206384,-0.928228,0.571724,0.081508,1.650883,-7.189406,-6.140901,0.000e+00
DeepSets,ch4t-test-000655,6,0.579062,0.121270,-0.011207,0.433288,0.897685,0.189802,-5.167821,-5.856945,0.000e+00
DeepSets,ch4t-test-000656,5,0.059734,0.577234,0.100523,-0.000845,0.654669,0.152260,-7.547465,-8.284955,0.000e+00
DeepSets,ch4t-test-000657,4,0.417489,0.139004,-0.514148,0.293846,0.976689,0.684506,-6.223633,-6.265978,2.776e-17
DeepSets,ch4t-test-000658,6,0.403317,-0.020852,-0.152470,0.976094,1.068166,0.560902,-5.302232,-5.532227,2.776e-17
DeepSets,ch4t-test-000659,4,0.011204,0.163722,-0.052413,-0.007972,-1.808304,0.110686,-7.517675,-7.640188,0.000e+00
DeepSets,ch4t-test-000660,4,0.667076,0.531390,0.762704,0.121708,1.158532,0.447207,-5.149225,-7.110395,0.000e+00
DeepSets,ch4t-test-000661,8,0.188634,-2.340917,0.431748,0.024274,-0.731426,0.131252,-10.480649,-8.760114,2.220e-16
DeepSets,ch4t-test-000662,5,0.280763,-0.025027,0.398755,0.392251,1.183492,0.793696,-4.540449,-5.194940,0.000e+00
DeepSets,ch4t-test-000663,7,2.122487,0.700856,-1.349803,0.212461,-0.216870,0.603085,-5.102647,-6.576187,0.000e+00
DeepSets,ch4t-test-000664,4,1.801732,0.935798,-1.926392,1.254438,0.503843,1.660972,-5.655222,-6.466359,1.110e-16
DeepSets,ch4t-test-000665,5,0.012691,0.077300,-0.062690,-0.014288,-1.581157,0.136804,-6.593714,-6.621015,6.939e-18
DeepSets,ch4t-test-000666,7,0.865259,-0.098582,-0.194696,1.253112,0.905732,0.560898,-4.601564,-5.173545,0.000e+00
DeepSets,ch4t-test-000667,6,0.005197,0.695465,-0.091872,-0.006126,0.554850,0.171798,-7.595674,-8.204464,1.110e-16
DeepSets,ch4t-test-000668,4,-0.078805,0.674782,-0.221393,0.129148,0.822024,0.197708,-8.933411,-9.307995,0.000e+00
DeepSets,ch4t-test-000669,7,0.220221,1.026307,-0.024163,0.053519,0.371754,0.143033,-8.997323,-10.219688,0.000e+00
DeepSets,ch4t-test-000670,8,-0.266541,-1.322638,0.389893,0.766694,0.335532,1.033032,-9.888366,-8.689079,0.000e+00
DeepSets,ch4t-test-000671,7,0.007780,-0.617107,0.951885,0.392252,1.045237,0.544076,-5.252928,-5.595485,0.000e+00
DeepSets,ch4t-test-000672,7,2.679030,-0.234152,-0.449807,0.804983,1.086736,0.720287,-3.305600,-5.300671,2.220e-16
DeepSets,ch4t-test-000673,7,1.001412,-0.026822,-0.275488,1.577606,0.925215,1.160659,-4.287058,-4.986160,0.000e+00
DeepSets,ch4t-test-000674,5,3.038461,0.543594,-0.530863,0.699592,0.083765,1.158796,-3.994692,-7.045884,4.441e-16
DeepSets,ch4t-test-000675,8,-0.066615,0.716177,-0.110815,0.019409,-0.106438,0.186338,-7.388912,-7.927658,0.000e+00
DeepSets,ch4t-test-000676,4,-0.273126,0.627107,0.161602,-0.067511,-0.234298,0.185300,-7.595849,-8.111433,0.000e+00
DeepSets,ch4t-test-000677,6,-0.005811,0.210387,-0.086092,-0.015473,-0.236728,0.132710,-6.201153,-6.319637,0.000e+00
DeepSets,ch4t-test-000678,8,0.937065,0.292533,-0.295682,0.625551,0.922359,0.622544,-4.642066,-5.575983,0.000e+00
DeepSets,ch4t-test-000679,4,0.029899,0.150186,-0.039263,0.567402,0.955915,0.471945,-6.264274,-6.405096,5.551e-17
DeepSets,ch4t-test-000680,8,0.197213,0.112622,0.089574,0.966243,1.235919,1.666725,-5.527312,-5.926721,0.000e+00
DeepSets,ch4t-test-000681,8,-1.493782,-1.269162,1.381003,0.469839,0.968941,0.591042,-6.559357,-5.177416,2.220e-16
DeepSets,ch4t-test-000682,6,0.313210,0.546887,0.011548,0.022444,0.968839,0.150135,-7.970215,-8.841860,0.000e+00
DeepSets,ch4t-test-000683,5,1.127678,-0.053346,-0.287830,1.041333,1.071066,0.660607,-6.494284,-7.280787,0.000e+00
DeepSets,ch4t-test-000684,6,0.802441,-0.036911,0.776742,0.322837,0.536735,0.794749,-4.503090,-6.045362,2.220e-16
DeepSets,ch4t-test-000685,4,1.790125,-0.513770,-0.356594,1.516791,0.889683,0.639378,-7.717630,-8.637391,2.220e-16
DeepSets,ch4t-test-000686,4,1.050571,0.000860,-0.004854,0.098331,0.890700,0.113131,-9.066428,-10.113004,0.000e+00
DeepSets,ch4t-test-000687,6,1.632255,0.254034,-0.229971,0.506286,0.853993,0.569338,-5.987433,-7.643752,0.000e+00
DeepSets,ch4t-test-000688,8,-0.025325,0.301452,0.010560,-0.002095,0.022419,0.177127,-8.669432,-8.956119,0.000e+00
DeepSets,ch4t-test-000689,7,1.256253,0.312399,-0.143715,0.319606,0.561495,0.286167,-4.499687,-5.924624,2.220e-16
DeepSets,ch4t-test-000690,8,0.539598,0.351166,0.002826,0.387675,0.915839,0.650906,-4.213046,-5.106636,1.110e-16
DeepSets,ch4t-test-000691,5,-0.132457,0.026762,-0.008303,0.027094,0.048294,0.095878,-11.751283,-11.637285,1.388e-17
DeepSets,ch4t-test-000692,8,2.221475,0.263473,-0.339547,0.645279,0.827196,1.888742,-4.415981,-6.561382,0.000e+00
DeepSets,ch4t-test-000693,6,0.438044,-0.101596,0.126540,0.580008,0.775220,1.115238,-6.288765,-6.751753,0.000e+00
DeepSets,ch4t-test-000694,4,0.930561,-0.019636,0.164598,0.087564,-0.226634,0.162902,-5.543033,-6.618556,0.000e+00
DeepSets,ch4t-test-000695,5,0.686715,-1.303092,0.433788,0.182643,-0.971641,0.351066,-11.598551,-11.415961,2.220e-16
DeepSets,ch4t-test-000696,4,0.814939,0.441021,0.016126,0.050560,0.843681,0.139843,-5.011293,-6.283379,0.000e+00
DeepSets,ch4t-test-000697,5,-0.066661,0.056860,-0.038590,0.074423,-0.067801,0.110130,-7.255584,-7.207193,2.082e-17
DeepSets,ch4t-test-000698,5,0.469305,0.288092,-0.093454,1.072149,-0.092331,1.202021,-4.332199,-4.996142,0.000e+00
DeepSets,ch4t-test-000699,8,-0.169095,-0.294732,1.499116,0.464708,0.547371,1.330853,-4.664935,-5.700224,2.220e-16
DeepSets,ch4t-test-000700,5,0.240846,0.294499,-0.008927,0.015506,0.892227,0.193327,-6.287736,-6.814154,1.110e-16
DeepSets,ch4t-test-000701,4,-0.054607,-0.420793,0.368976,0.086758,0.778927,0.220213,-5.735626,-5.629203,0.000e+00
DeepSets,ch4t-test-000702,5,0.648227,-0.037213,-0.063307,0.962915,0.874578,0.535164,-5.607761,-6.155467,0.000e+00
DeepSets,ch4t-test-000703,7,0.327708,0.583290,0.027593,-0.004464,0.998217,0.153703,-6.170754,-7.109345,0.000e+00
DeepSets,ch4t-test-000704,4,2.293940,0.868869,-0.240626,0.341678,0.639973,0.495000,-4.204714,-7.126898,0.000e+00
DeepSets,ch4t-test-000705,5,0.955958,0.109734,-0.193688,1.284875,1.163252,1.517329,-5.493879,-6.365884,1.110e-16
DeepSets,ch4t-test-000706,4,1.534467,-0.128312,-0.502255,0.380302,0.104490,0.425232,-3.451569,-4.355470,2.220e-16
DeepSets,ch4t-test-000707,7,1.963206,-0.290836,-0.259565,1.566879,0.928247,0.473745,-3.463082,-4.875886,2.220e-16
DeepSets,ch4t-test-000708,5,0.009311,0.106939,-0.047546,-0.012215,-1.902382,0.121300,-8.559988,-8.628693,0.000e+00
DeepSets,ch4t-test-000709,7,1.084160,0.042254,-0.173558,0.605241,1.048620,0.274791,-3.642533,-4.595389,0.000e+00
DeepSets,ch4t-test-000710,7,1.100832,-0.042088,0.031954,1.933835,0.506891,2.012356,-4.022833,-5.113531,2.220e-16
DeepSets,ch4t-test-000711,4,-0.546551,-0.875758,-0.477279,0.182003,-0.110125,0.848885,-11.353772,-9.454183,2.220e-16
DeepSets,ch4t-test-000712,5,0.966763,-0.013450,-0.406844,1.430685,0.595885,1.292312,-6.047958,-6.594427,0.000e+00
DeepSets,ch4t-test-000713,5,0.147889,0.570885,0.132372,0.053851,0.104857,0.168641,-7.669671,-8.520817,1.110e-16
DeepSets,ch4t-test-000714,7,0.892597,0.378493,0.642709,0.114809,1.017149,0.378653,-3.179121,-5.092920,2.220e-16
DeepSets,ch4t-test-000715,5,1.486277,-0.505661,-0.686141,0.996688,-0.448527,1.645181,-4.712573,-5.007048,2.220e-16
DeepSets,ch4t-test-000716,7,-0.173804,-0.129024,0.290352,0.162459,0.755811,0.410100,-7.715270,-7.702794,0.000e+00
DeepSets,ch4t-test-000717,7,0.786192,0.374461,-0.035346,0.375191,1.076269,0.346219,-3.484676,-4.609984,0.000e+00
DeepSets,ch4t-test-000718,5,0.382168,0.241965,0.024720,0.092468,0.670866,0.126317,-7.120237,-7.769091,0.000e+00
DeepSets,ch4t-test-000719,5,0.683921,0.019069,0.001404,0.134665,0.785530,0.295087,-5.588854,-6.293247,0.000e+00
DeepSets,ch4t-test-000720,7,0.125232,-0.014661,-0.028519,1.371294,1.027906,0.359324,-4.464820,-4.546871,1.388e-17
DeepSets,ch4t-test-000721,8,0.118461,0.347435,0.193191,0.189413,0.337276,0.270505,-6.203826,-6.862914,0.000e+00
DeepSets,ch4t-test-000722,8,4.072588,-0.657572,-0.937449,0.875976,-0.796324,0.414705,-2.738372,-5.215939,0.000e+00
DeepSets,ch4t-test-000723,6,0.274362,-0.063542,0.508207,1.019895,0.953193,2.418504,-9.273140,-9.992167,0.000e+00
DeepSets,ch4t-test-000724,5,1.597086,-0.042174,-0.513747,0.630776,0.269544,0.685243,-4.243903,-5.285068,2.220e-16
DeepSets,ch4t-test-000725,6,-0.002961,1.277064,-0.036773,-0.022210,0.165892,0.182521,-7.735545,-8.972875,0.000e+00
DeepSets,ch4t-test-000726,7,0.538135,-0.032192,-0.096498,0.980606,0.205629,0.456251,-5.200854,-5.610300,0.000e+00
DeepSets,ch4t-test-000727,8,0.473644,0.122974,-0.045221,0.968283,0.115164,0.731057,-4.071947,-4.623345,0.000e+00
DeepSets,ch4t-test-000728,7,1.378927,1.022367,0.562035,0.037221,-0.279320,0.265506,-5.220629,-8.183958,0.000e+00
DeepSets,ch4t-test-000729,5,1.533668,-0.165122,-0.042557,0.785589,0.642879,0.416714,-3.316441,-4.642430,0.000e+00
DeepSets,ch4t-test-000730,4,0.466246,0.138464,0.049687,0.327084,0.916967,1.038889,-5.799123,-6.453521,0.000e+00
DeepSets,ch4t-test-000731,5,1.783556,0.214601,-0.245843,1.503752,1.408232,3.399294,-5.632195,-7.384509,2.220e-16
DeepSets,ch4t-test-000732,7,-0.714692,-0.845450,1.598677,0.034289,0.637100,0.289706,-5.971812,-6.010346,1.110e-16
DeepSets,ch4t-test-000733,7,1.417183,0.773273,-0.041922,0.078380,0.276854,0.165460,-5.393104,-7.541637,0.000e+00
DeepSets,ch4t-test-000734,4,2.748934,-0.607231,-0.299226,1.339750,-0.080419,0.622185,-3.400574,-5.243052,2.220e-16
DeepSets,ch4t-test-000735,8,2.118171,-0.128900,-0.998732,1.913599,0.488529,1.863208,-4.457999,-5.448538,4.441e-16
DeepSets,ch4t-test-000736,8,0.366134,0.258891,-0.233200,0.422799,0.756479,0.650631,-3.979740,-4.371564,0.000e+00
DeepSets,ch4t-test-000737,5,-0.002050,1.698650,-0.106336,0.004328,0.659462,0.169198,-8.058576,-9.648840,2.220e-16
DeepSets,ch4t-test-000738,6,2.671007,0.104828,0.022536,0.526847,-0.396287,0.356774,-3.199792,-5.998162,0.000e+00
DeepSets,ch4t-test-000739,7,0.391276,0.082477,0.174135,0.489896,1.087928,0.608767,-6.824374,-7.472262,0.000e+00
DeepSets,ch4t-test-000740,7,-0.085483,-0.389796,1.102647,0.218643,0.604125,0.716632,-4.455116,-5.082484,1.110e-16
DeepSets,ch4t-test-000741,8,2.104741,-0.221286,-0.512010,1.255899,1.108562,1.442226,-5.058627,-6.430072,4.441e-16
DeepSets,ch4t-test-000742,5,2.406171,-0.115688,-0.370664,0.804577,0.770621,1.628546,-3.867206,-5.787025,2.220e-16
DeepSets,ch4t-test-000743,7,1.601900,0.321673,-0.880043,1.065008,0.539182,1.605837,-5.079432,-6.122961,0.000e+00
DeepSets,ch4t-test-000744,6,0.215201,0.079718,-0.075333,0.563568,0.674759,0.675736,-4.456563,-4.676149,0.000e+00
DeepSets,ch4t-test-000745,6,2.866504,-0.606293,-0.384530,0.650221,1.162732,0.331831,-4.008440,-5.884121,2.220e-16
DeepSets,ch4t-test-000746,6,0.514013,0.319497,-0.791865,0.545784,-0.777380,0.919649,-4.684447,-4.726091,0.000e+00
DeepSets,ch4t-test-000747,7,1.450736,-0.128417,-0.232118,1.556259,1.246716,0.853387,-5.035303,-6.125505,0.000e+00
DeepSets,ch4t-test-000748,5,-0.037289,-0.020690,-0.020820,0.035606,-0.225644,0.125531,-7.864093,-7.785294,0.000e+00
DeepSets,ch4t-test-000749,6,0.066981,0.422600,0.080646,0.072633,0.385867,0.140512,-7.212211,-7.782439,0.000e+00
DeepSets,ch4t-test-000750,8,1.115527,-0.162144,0.038419,1.204973,0.464036,2.755178,-6.422686,-7.414489,0.000e+00
DeepSets,ch4t-test-000751,5,0.511585,0.238444,-0.079465,0.330220,0.497188,0.518204,-6.013226,-6.683790,1.110e-16
DeepSets,ch4t-test-000752,6,0.758818,0.354510,-0.203015,0.432269,1.013296,1.157039,-4.486980,-5.397294,0.000e+00
DeepSets,ch4t-test-000753,7,0.584563,-0.065336,-0.224766,0.535732,0.363747,0.634446,-5.795962,-6.090423,5.551e-17
DeepSets,ch4t-test-000754,8,-0.001038,0.929655,-0.044575,-0.015247,0.668097,0.125497,-7.638932,-8.522973,0.000e+00
DeepSets,ch4t-test-000755,4,0.001876,-0.022775,-0.011796,-0.003981,-2.983893,0.046562,-6.370176,-6.337481,0.000e+00
DeepSets,ch4t-test-000756,7,2.385654,-0.403169,-0.383325,0.695684,0.160434,0.716416,-4.330034,-5.929194,4.441e-16
DeepSets,ch4t-test-000757,5,1.472322,0.073896,0.609331,0.464628,0.323613,1.409206,-5.639392,-7.794940,0.000e+00
DeepSets,ch4t-test-000758,5,-0.130677,-0.186349,0.086178,0.088396,-0.474210,0.439599,-8.600371,-8.369523,0.000e+00
DeepSets,ch4t-test-000759,5,-0.013821,0.653669,0.016242,-0.031200,0.151280,0.152473,-7.006252,-7.662342,0.000e+00
DeepSets,ch4t-test-000760,4,1.214849,0.615247,-0.612810,0.417947,1.163127,0.924392,-4.127147,-5.344433,0.000e+00
DeepSets,ch4t-test-000761,8,0.169133,1.204577,0.010973,0.003098,0.723761,0.191649,-5.382941,-6.767624,2.220e-16
DeepSets,ch4t-test-000762,6,2.967997,0.381989,-1.147312,0.510287,1.051607,0.557112,-3.838902,-6.041576,4.441e-16
DeepSets,ch4t-test-000763,8,1.609530,-0.288567,-0.040324,0.275052,1.022444,0.266501,-5.030783,-6.311421,0.000e+00
DeepSets,ch4t-test-000764,5,-0.342331,-0.147005,0.486500,0.119862,0.311550,0.460921,-6.016051,-6.013215,2.776e-17
DeepSets,ch4t-test-000765,8,2.009185,0.779902,-0.296499,0.348206,1.306279,0.480281,-6.041045,-8.533633,0.000e+00
DeepSets,ch4t-test-000766,4,-0.715585,-0.348000,-0.424065,0.097184,0.755683,0.270330,-8.716252,-7.228601,0.000e+00
DeepSets,ch4t-test-000767,5,2.106957,0.071969,-1.783104,1.602548,0.564105,2.183196,-6.748827,-7.144649,1.110e-16
DeepSets,ch4t-test-000768,5,0.004627,-0.460786,0.202576,0.011608,0.504924,0.205754,-8.644462,-8.390879,0.000e+00
DeepSets,ch4t-test-000769,6,1.404613,-0.392625,-0.080973,1.361723,0.773760,2.542106,-3.937353,-4.868368,3.331e-16
DeepSets,ch4t-test-000770,6,0.574361,0.191803,-0.395735,0.675914,0.485810,1.169667,-5.662788,-6.033216,5.551e-17
DeepSets,ch4t-test-000771,7,1.966881,-0.088340,-0.198889,0.499593,0.731564,0.290218,-4.067762,-5.747414,0.000e+00
DeepSets,ch4t-test-000772,4,0.485203,-0.041449,0.040712,0.146981,0.654141,0.150709,-10.066133,-10.550599,0.000e+00
DeepSets,ch4t-test-000773,4,-0.000064,0.232323,0.030272,-0.002474,-2.189060,0.108918,-8.698835,-8.961366,0.000e+00
DeepSets,ch4t-test-000774,7,-0.368728,-0.655806,1.345386,0.303396,0.522333,0.895414,-5.980186,-6.301038,1.110e-16
DeepSets,ch4t-test-000775,8,2.557298,0.021501,-1.383686,0.598635,0.925226,1.212881,-3.375080,-4.570193,0.000e+00
DeepSets,ch4t-test-000776,8,0.085828,1.115393,-0.068220,0.006192,0.840229,0.097502,-5.438147,-6.571148,2.220e-16
DeepSets,ch4t-test-000777,8,1.181733,-0.678479,0.391382,0.478597,1.064000,0.252013,-4.067229,-4.961865,3.331e-16
DeepSets,ch4t-test-000778,8,1.337942,0.221069,-0.244440,0.413685,0.268002,0.471932,-3.584882,-4.899453,0.000e+00
DeepSets,ch4t-test-000779,8,-0.033975,0.237028,-0.041180,-0.028183,-0.385198,0.185968,-5.843923,-6.005797,0.000e+00
DeepSets,ch4t-test-000780,5,-1.007324,-0.728203,0.974501,0.882872,0.358443,1.728144,-8.050498,-7.289473,1.110e-16
DeepSets,ch4t-test-000781,5,0.295461,1.181353,0.020998,0.045340,1.028098,0.344539,-7.027373,-8.525184,0.000e+00
DeepSets,ch4t-test-000782,7,0.963420,0.250843,-0.249574,0.687044,1.090398,0.644022,-6.478891,-7.443579,0.000e+00
DeepSets,ch4t-test-000783,8,1.212887,0.302125,-0.574170,0.525445,0.662624,0.959321,-4.582335,-5.523177,0.000e+00
DeepSets,ch4t-test-000784,7,0.063513,-0.192889,0.729012,0.447553,0.550814,1.315668,-8.262360,-8.861996,0.000e+00
DeepSets,ch4t-test-000785,4,0.143838,0.481874,0.220911,0.069154,0.037713,0.164260,-8.412475,-9.259099,0.000e+00
DeepSets,ch4t-test-000786,4,0.337925,-0.402626,-0.026358,0.059197,0.688890,0.141406,-7.151677,-7.060618,0.000e+00
DeepSets,ch4t-test-000787,8,0.908385,0.248577,-0.077553,0.146926,-0.024594,0.307535,-5.737237,-6.816646,0.000e+00
DeepSets,ch4t-test-000788,7,-0.182153,0.124459,0.215067,0.148029,0.891080,0.251977,-7.415078,-7.572451,0.000e+00
DeepSets,ch4t-test-000789,5,0.828491,0.781123,0.259931,0.057198,0.955270,0.244711,-4.410011,-6.279556,0.000e+00
DeepSets,ch4t-test-000790,7,0.752812,0.439080,0.254581,0.143641,-1.104936,0.481557,-6.946756,-8.393229,0.000e+00
DeepSets,ch4t-test-000791,8,0.969034,0.033334,-1.060595,1.107589,1.364208,1.448202,-5.902835,-5.844609,5.551e-17
DeepSets,ch4t-test-000792,5,-0.060954,0.669862,-0.033224,-0.066313,-0.536311,0.278168,-8.918603,-9.494287,1.110e-16
DeepSets,ch4t-test-000793,7,2.790951,-0.828321,-0.859576,2.281156,1.164017,0.964844,-5.681001,-6.784055,0.000e+00
DeepSets,ch4t-test-000794,6,1.209745,0.556036,-0.205199,0.524976,-0.394268,0.871438,-4.724126,-6.284707,2.220e-16
DeepSets,ch4t-test-000795,4,0.056698,0.015448,-0.095224,-0.036360,-0.751050,0.151931,-7.970664,-7.947586,3.469e-18
DeepSets,ch4t-test-000796,8,2.466367,0.038809,-0.360109,2.574915,1.100969,0.929019,-4.522773,-6.667840,4.441e-16
DeepSets,ch4t-test-000797,7,0.848901,0.344477,-0.096936,0.499979,1.008144,0.366641,-4.517394,-5.613837,0.000e+00
DeepSets,ch4t-test-000798,8,0.094886,0.524708,0.004591,0.022263,-0.008951,0.157561,-6.436498,-7.060682,1.110e-16
DeepSets,ch4t-test-000799,7,-0.047252,-0.333090,0.185940,0.354309,0.792768,0.457593,-7.370922,-7.176520,0.000e+00
DeepSets,ch4t-test-000800,4,0.145881,0.724338,0.288554,0.064064,0.728560,0.180947,-9.546626,-10.705399,0.000e+00
DeepSets,ch4t-test-000801,4,1.648199,-0.303717,-0.444112,0.491664,0.928176,0.337725,-4.374070,-5.274441,2.220e-16
DeepSets,ch4t-test-000802,7,-0.522288,-0.010797,1.000462,0.047545,1.005248,0.240267,-6.708336,-7.175713,1.665e-16
DeepSets,ch4t-test-000803,5,1.459602,0.029974,-0.327556,0.408747,0.730614,0.376424,-5.105113,-6.267133,0.000e+00
DeepSets,ch4t-test-000804,4,1.175328,-0.028853,-0.015077,0.952634,-0.429866,0.553280,-4.893306,-6.024703,0.000e+00
DeepSets,ch4t-test-000805,4,0.081613,-0.202877,-0.054435,-0.031668,0.201346,0.172131,-10.550721,-10.375022,0.000e+00
DeepSets,ch4t-test-000806,6,1.107022,0.041712,-0.204854,0.728186,1.027942,0.235987,-5.777789,-6.721669,0.000e+00
DeepSets,ch4t-test-000807,4,-0.095972,0.623589,-0.149902,0.010640,0.633304,0.155120,-7.643675,-8.021390,0.000e+00
DeepSets,ch4t-test-000808,7,1.370539,-0.204169,-0.140537,0.396105,0.965387,0.287444,-5.211415,-6.237249,0.000e+00
DeepSets,ch4t-test-000809,8,0.000675,0.372989,-0.020385,-0.018553,0.461111,0.129325,-5.379317,-5.732597,5.551e-17
DeepSets,ch4t-test-000810,7,1.225468,0.061209,-0.130424,0.201622,0.796928,0.200866,-5.782436,-6.938689,2.220e-16
DeepSets,ch4t-test-000811,5,-0.002873,0.610842,-0.023416,0.027465,0.179334,0.128763,-9.329002,-9.913555,1.110e-16
DeepSets,ch4t-test-000812,4,1.338750,0.358780,0.722940,0.415042,0.913979,1.269788,-6.397122,-8.817593,4.441e-16
DeepSets,ch4t-test-000813,4,0.498516,0.090503,-0.089889,0.363698,0.108097,0.560982,-6.616502,-7.115632,5.551e-17
DeepSets,ch4t-test-000814,7,1.033378,0.088278,-0.076238,0.285127,0.741563,0.329511,-4.855553,-5.900971,0.000e+00
DeepSets,ch4t-test-000815,8,0.799244,0.509655,-0.313525,0.280265,1.024275,0.380324,-6.815193,-7.810567,1.110e-16
DeepSets,ch4t-test-000816,5,-0.730459,-0.575373,2.518918,0.538142,0.704688,2.252359,-7.888317,-9.101403,2.220e-16
DeepSets,ch4t-test-000817,4,-0.143389,1.165551,0.037720,-0.042495,0.450910,0.192374,-5.255910,-6.315792,0.000e+00
DeepSets,ch4t-test-000818,7,0.270803,0.186514,-0.106269,0.367004,0.489691,0.316849,-4.524183,-4.875232,5.551e-17
DeepSets,ch4t-test-000819,6,0.755716,-0.229932,0.026465,1.163369,0.813907,0.755376,-4.034869,-4.587119,0.000e+00
DeepSets,ch4t-test-000820,5,0.473239,0.170408,-0.082601,0.442745,0.209932,0.277729,-5.521263,-6.082309,0.000e+00
DeepSets,ch4t-test-000821,5,-0.019122,0.359359,-0.043870,-0.035649,-0.246766,0.180556,-11.161074,-11.457441,0.000e+00
DeepSets,ch4t-test-000822,5,0.202018,0.324785,-0.098079,0.750520,0.830531,0.254707,-9.725223,-10.153946,0.000e+00
DeepSets,ch4t-test-000823,6,1.123832,-0.151139,-0.322202,0.840320,0.768791,0.479959,-5.246591,-5.897082,1.110e-16
DeepSets,ch4t-test-000824,7,-0.109422,0.906140,-0.001720,-0.013689,0.808210,0.127239,-5.826007,-6.621006,0.000e+00
DeepSets,ch4t-test-000825,4,1.732599,0.412322,-0.541569,0.460239,-0.028584,0.649110,-4.517012,-6.120363,2.220e-16
DeepSets,ch4t-test-000826,8,2.572976,0.273431,-1.260873,0.854466,0.302437,2.064461,-3.130158,-4.715691,4.441e-16
DeepSets,ch4t-test-000827,8,2.760167,-0.074210,-0.883652,1.692638,0.946813,1.750541,-5.166376,-6.968682,4.441e-16
DeepSets,ch4t-test-000828,6,-0.007088,0.287113,0.025154,-0.012934,-1.371113,0.150051,-8.729196,-9.034375,0.000e+00
DeepSets,ch4t-test-000829,8,3.017499,-0.028209,-0.458063,1.051060,0.116999,0.921183,-3.592427,-6.123654,0.000e+00
DeepSets,ch4t-test-000830,8,1.270226,0.212064,-0.584340,0.888777,0.795814,1.060191,-5.982155,-6.880105,0.000e+00
DeepSets,ch4t-test-000831,8,0.506422,0.275738,-0.220401,0.712536,0.888650,0.892704,-4.461891,-5.023650,0.000e+00
DeepSets,ch4t-test-000832,5,2.281843,-0.199040,0.029881,0.386790,0.862704,0.456354,-5.859924,-7.972609,4.441e-16
DeepSets,ch4t-test-000833,5,0.725344,0.372154,-0.162909,0.445740,0.957273,0.389487,-5.429667,-6.364256,0.000e+00
DeepSets,ch4t-test-000834,7,-0.041212,0.681900,0.133360,0.021466,0.406148,0.211036,-6.174623,-6.948670,0.000e+00
DeepSets,ch4t-test-000835,8,-0.065559,0.490815,0.015575,0.038285,0.164636,0.111973,-6.826689,-7.267520,5.551e-17
DeepSets,ch4t-test-000836,5,-0.027093,0.212955,0.576263,0.026871,-0.291492,0.324870,-6.617845,-7.379970,1.110e-16
DeepSets,ch4t-test-000837,8,2.369422,0.685329,-1.140197,0.766895,0.959534,1.100576,-3.982259,-5.896814,2.220e-16
DeepSets,ch4t-test-000838,4,1.229856,0.171833,-0.599480,1.195086,0.721661,1.477688,-6.495775,-7.297984,2.220e-16
DeepSets,ch4t-test-000839,8,1.968961,0.258777,-0.817879,1.000049,1.203758,1.651069,-4.656537,-6.066396,0.000e+00
DeepSets,ch4t-test-000840,7,1.153774,0.649146,-0.445017,0.822887,-0.685813,1.336725,-4.010623,-5.368526,0.000e+00
DeepSets,ch4t-test-000841,5,0.474338,0.002713,-0.060251,0.431296,0.920869,0.652900,-6.092293,-6.509093,0.000e+00
DeepSets,ch4t-test-000842,4,0.927747,-0.428073,0.551958,0.528924,0.385179,1.050680,-6.922742,-7.974374,2.220e-16
DeepSets,ch4t-test-000843,4,1.369873,0.100147,-0.304544,0.400182,-0.165236,0.513013,-4.797071,-5.962548,0.000e+00
DeepSets,ch4t-test-000844,6,0.272778,-0.093781,1.100745,0.227015,1.126324,0.768080,-5.454884,-6.734627,2.220e-16
DeepSets,ch4t-test-000845,7,2.818320,-0.495106,-0.531508,2.744108,1.166988,0.932860,-2.229176,-4.020883,2.220e-16
DeepSets,ch4t-test-000846,5,0.188691,-0.627408,-0.038244,0.094251,0.893830,0.176663,-8.738017,-8.261056,0.000e+00
DeepSets,ch4t-test-000847,7,2.342922,0.604441,-1.401499,1.367340,-0.919809,3.117484,-3.638659,-5.184523,2.220e-16
DeepSets,ch4t-test-000848,4,3.081045,-0.094123,-1.301453,1.080319,0.032917,1.162694,-5.664312,-7.349780,0.000e+00
DeepSets,ch4t-test-000849,6,0.220721,0.016783,0.350795,0.439225,0.508878,0.952911,-4.090072,-4.678371,1.110e-16
DeepSets,ch4t-test-000850,7,2.008650,-0.299872,-0.461329,1.040188,0.383410,0.696476,-5.025642,-6.273091,0.000e+00
DeepSets,ch4t-test-000851,6,-0.000749,0.573746,-0.068341,-0.000540,-0.409685,0.196057,-7.333715,-7.838371,1.110e-16
DeepSets,ch4t-test-000852,6,-0.045012,0.352056,-0.104449,0.028014,-0.550267,0.170751,-6.161010,-6.363604,0.000e+00
DeepSets,ch4t-test-000853,6,0.404113,0.537837,-0.032409,0.181745,0.123502,0.450622,-5.357721,-6.267263,0.000e+00
DeepSets,ch4t-test-000854,5,1.239225,0.423914,-0.173691,0.439886,0.787773,0.301979,-6.175873,-7.665321,2.220e-16
DeepSets,ch4t-test-000855,8,1.972859,-0.129673,-0.234474,2.178069,1.004541,1.116424,-3.221654,-4.830367,2.220e-16
DeepSets,ch4t-test-000856,5,-0.471484,-0.762054,0.299984,0.186217,0.866275,0.625574,-10.569426,-9.635873,0.000e+00
DeepSets,ch4t-test-000857,5,1.885136,-0.313773,-0.159269,0.499678,1.001461,0.549113,-4.813407,-6.225501,0.000e+00
DeepSets,ch4t-test-000858,7,0.426141,0.032349,-0.178802,0.592264,0.863349,0.666454,-6.205635,-6.485324,0.000e+00
DeepSets,ch4t-test-000859,4,0.022853,0.035045,-0.008777,-0.036347,-2.235753,0.086697,-6.910337,-6.959458,6.939e-18
DeepSets,ch4t-test-000860,8,-0.405288,-1.094243,0.354018,0.017156,0.822327,0.209477,-7.830966,-6.685453,0.000e+00
DeepSets,ch4t-test-000861,5,0.191498,0.052134,0.108008,1.599301,0.586679,0.879704,-6.244101,-6.595741,0.000e+00
DeepSets,ch4t-test-000862,5,0.448920,0.087816,-0.222698,0.569243,0.617293,0.416407,-5.272090,-5.586129,0.000e+00
DeepSets,ch4t-test-000863,8,0.365415,0.090122,-0.020472,0.592623,-0.114752,1.432667,-5.304049,-5.739114,0.000e+00
DeepSets,ch4t-test-000864,4,-0.004690,-0.134068,-0.059383,-0.008768,-0.223196,0.136989,-7.810680,-7.612539,2.776e-17
DeepSets,ch4t-test-000865,6,0.335213,-0.035071,-0.084952,0.494354,0.674170,0.384468,-4.440037,-4.655227,2.776e-17
DeepSets,ch4t-test-000866,8,1.018106,-0.060458,-0.078193,1.029247,0.890611,0.347449,-5.087699,-5.967154,0.000e+00
DeepSets,ch4t-test-000867,6,1.535940,-0.068143,-0.722976,0.779665,-0.591538,1.548112,-4.641879,-5.386699,0.000e+00
DeepSets,ch4t-test-000868,8,0.798001,0.103603,-0.235000,1.404584,1.365063,1.752304,-5.234489,-5.901093,0.000e+00
DeepSets,ch4t-test-000869,5,1.477339,0.441041,-0.183567,0.431005,0.562484,1.068773,-4.364782,-6.099595,0.000e+00
DeepSets,ch4t-test-000870,7,0.021166,1.158612,-0.046346,-0.010862,0.686170,0.156844,-6.004374,-7.137806,0.000e+00
DeepSets,ch4t-test-000871,5,-0.043526,1.252505,-0.072186,-0.022219,0.647135,0.148204,-8.603479,-9.740272,0.000e+00
DeepSets,ch4t-test-000872,7,1.957938,0.080006,-0.401677,0.891627,-0.144759,0.934878,-5.574296,-7.210563,2.220e-16
DeepSets,ch4t-test-000873,4,0.871388,0.360010,-0.026149,0.347019,0.723534,0.370685,-5.884129,-7.089378,0.000e+00
DeepSets,ch4t-test-000874,4,-0.421814,0.076216,-0.169523,0.191449,0.796964,0.826414,-9.709265,-9.194144,0.000e+00
DeepSets,ch4t-test-000875,5,1.281287,-0.571032,1.634018,0.533846,-0.601034,1.138831,-5.447160,-7.791433,0.000e+00
DeepSets,ch4t-test-000876,7,0.884460,0.335374,1.228168,0.052560,0.606428,0.222870,-3.416124,-5.864125,0.000e+00
DeepSets,ch4t-test-000877,7,-2.081410,-2.153773,0.130137,4.615422,0.692171,1.626472,-10.630266,-6.525219,0.000e+00
DeepSets,ch4t-test-000878,6,0.886535,-0.031295,-0.091214,1.350245,1.069353,0.481431,-6.561309,-7.325334,0.000e+00
DeepSets,ch4t-test-000879,6,3.411006,-0.550402,-0.471723,0.453737,0.475767,0.428622,-3.227408,-5.616288,0.000e+00
DeepSets,ch4t-test-000880,4,0.366618,0.053274,0.635982,0.144575,0.700187,0.614572,-5.730923,-6.786798,0.000e+00
DeepSets,ch4t-test-000881,4,0.125734,0.144022,-0.079792,0.568866,1.084965,0.429378,-5.926240,-6.116203,0.000e+00
DeepSets,ch4t-test-000882,6,0.374520,0.548594,-0.030050,0.119899,0.776433,0.201785,-3.988810,-4.881874,0.000e+00
DeepSets,ch4t-test-000883,7,-0.104408,-1.341315,-0.029912,0.046697,1.023978,0.126903,-7.860858,-6.385223,0.000e+00
DeepSets,ch4t-test-000884,7,2.927940,-0.223936,-0.722244,0.716655,0.550875,0.319218,-3.627256,-5.609017,4.441e-16
DeepSets,ch4t-test-000885,5,2.425123,-0.165360,-0.371436,0.298983,-0.054556,0.213564,-3.900949,-5.789276,4.441e-16
DeepSets,ch4t-test-000886,4,-0.007884,0.027958,-0.037965,0.004444,-1.518696,0.133206,-7.754561,-7.736671,1.041e-17
DeepSets,ch4t-test-000887,7,0.879471,0.880847,0.028803,0.086878,0.938794,0.141591,-5.313909,-7.103030,0.000e+00
DeepSets,ch4t-test-000888,7,-0.039482,-0.021131,-0.059619,1.117404,0.564922,1.094832,-6.054984,-5.934751,1.388e-17
DeepSets,ch4t-test-000889,7,0.423844,0.284152,-0.038018,0.101249,0.704926,0.133889,-7.742052,-8.412030,0.000e+00
DeepSets,ch4t-test-000890,4,0.284279,0.760122,-0.026182,0.032443,0.940991,0.098822,-7.265236,-8.283455,0.000e+00
DeepSets,ch4t-test-000891,8,1.663302,-0.219831,-0.387932,0.763828,-0.103030,1.004175,-4.339753,-5.395292,0.000e+00
DeepSets,ch4t-test-000892,5,0.966102,0.499223,-0.208131,0.465528,1.349401,0.821603,-4.960231,-6.217424,0.000e+00
DeepSets,ch4t-test-000893,5,-0.496051,0.201843,0.425272,0.180250,1.072583,0.273811,-6.230958,-6.362022,5.551e-17
DeepSets,ch4t-test-000894,5,0.833963,-0.151362,-0.002891,2.030163,0.801080,0.444499,-4.862690,-5.542401,0.000e+00
DeepSets,ch4t-test-000895,8,-0.261426,-0.156638,1.252971,0.332536,1.256114,0.507803,-6.975717,-7.810624,0.000e+00
DeepSets,ch4t-test-000896,5,1.096958,0.381622,-0.088308,0.342889,-0.529346,0.437108,-4.829357,-6.219630,0.000e+00
DeepSets,ch4t-test-000897,4,-0.061550,0.927682,-0.164166,0.023808,0.374457,0.190858,-7.299839,-8.001804,0.000e+00
DeepSets,ch4t-test-000898,8,0.383015,-0.591251,0.779082,0.285073,0.980833,1.339035,-6.727018,-7.297863,2.220e-16
DeepSets,ch4t-test-000899,7,0.333633,0.350510,0.165574,0.108933,0.475036,0.157577,-4.261663,-5.111379,1.110e-16
DeepSets,ch4t-test-000900,8,-0.278378,-1.442779,1.506974,0.682276,0.998386,2.146507,-4.952941,-4.738758,0.000e+00
DeepSets,ch4t-test-000901,8,-0.031756,0.389799,-0.049683,0.032949,-0.140692,0.161058,-5.312054,-5.620413,5.551e-17
DeepSets,ch4t-test-000902,6,-0.066749,-0.819993,0.244453,-0.008255,0.806013,0.142756,-8.034269,-7.391981,1.110e-16
DeepSets,ch4t-test-000903,7,-0.037412,-0.053796,-0.421247,0.229629,1.154205,0.381333,-5.656493,-5.144038,0.000e+00
DeepSets,ch4t-test-000904,8,0.093197,0.047253,-0.054886,1.258412,-0.020845,1.422474,-4.297109,-4.382673,0.000e+00
DeepSets,ch4t-test-000905,4,0.010821,0.676163,-0.124037,-0.014880,0.093348,0.179407,-6.702929,-7.265875,0.000e+00
DeepSets,ch4t-test-000906,4,-0.015683,0.122740,-0.015795,0.008032,-0.499482,0.128712,-8.603285,-8.694548,1.388e-17
DeepSets,ch4t-test-000907,7,0.108315,0.756358,0.049266,-0.010004,0.717038,0.145547,-5.354842,-6.268781,0.000e+00
DeepSets,ch4t-test-000908,6,1.261249,0.375953,-0.549767,0.525964,0.453920,0.649149,-4.129054,-5.216489,0.000e+00
DeepSets,ch4t-test-000909,4,0.025159,0.123904,-0.016232,-0.017724,-1.299519,0.118585,-8.282815,-8.415646,0.000e+00
DeepSets,ch4t-test-000910,4,0.122419,-1.506617,0.172304,0.016402,-0.354657,0.118963,-10.551517,-9.339624,2.220e-16
DeepSets,ch4t-test-000911,8,2.419861,0.044309,-0.973582,1.558218,0.389406,1.697921,-4.545813,-6.036401,2.220e-16
DeepSets,ch4t-test-000912,7,2.437465,-0.457543,-1.290082,1.214916,-0.407805,1.514121,-3.565612,-4.255453,0.000e+00
DeepSets,ch4t-test-000913,4,1.484983,-0.387146,0.740308,1.294426,1.055595,3.168164,-3.425351,-5.263496,4.441e-16
DeepSets,ch4t-test-000914,7,3.082640,-0.213062,-0.594502,1.045358,1.274088,0.743548,-4.862701,-7.137776,0.000e+00
DeepSets,ch4t-test-000915,8,1.670570,-0.095113,-0.307111,0.597812,0.989122,0.391256,-4.881694,-6.150040,0.000e+00
DeepSets,ch4t-test-000916,6,2.445496,-0.092297,-0.473707,0.858775,0.542897,0.595720,-5.079417,-6.958908,0.000e+00
DeepSets,ch4t-test-000917,4,1.721515,0.869424,-0.233394,0.199022,1.025370,0.439018,-3.069602,-5.427147,0.000e+00
DeepSets,ch4t-test-000918,8,1.250038,-0.120845,-0.500936,0.801865,0.550165,0.789596,-5.688189,-6.316445,0.000e+00
DeepSets,ch4t-test-000919,7,2.281646,-0.256960,-0.329148,0.845449,0.622633,0.679435,-4.221281,-5.916820,0.000e+00
DeepSets,ch4t-test-000920,4,-0.075811,-0.102207,0.096205,-0.028861,-1.026652,0.101639,-8.485280,-8.403468,0.000e+00
DeepSets,ch4t-test-000921,7,0.749113,0.333778,-0.089973,0.409153,0.880679,0.232217,-5.811617,-6.804536,1.110e-16
DeepSets,ch4t-test-000922,4,1.137041,-0.446832,0.613698,0.475112,0.972149,1.261898,-8.175028,-9.478935,0.000e+00
DeepSets,ch4t-test-000923,4,-0.004263,0.046951,-0.015785,0.005235,-2.338975,0.078939,-7.408474,-7.435376,0.000e+00
DeepSets,ch4t-test-000924,5,1.892128,0.013315,-0.272830,0.652023,0.588730,0.379162,-2.911236,-4.543851,0.000e+00
DeepSets,ch4t-test-000925,8,0.603374,0.337810,-0.049213,0.206089,1.016186,0.152693,-6.101972,-6.993943,0.000e+00
DeepSets,ch4t-test-000926,4,1.229876,-0.005743,-0.036390,0.369968,0.577261,0.235637,-4.592382,-5.780125,0.000e+00
DeepSets,ch4t-test-000927,6,2.135096,1.033245,-0.625725,0.852367,0.779628,0.863017,-7.006001,-9.548617,0.000e+00
DeepSets,ch4t-test-000928,6,-0.376799,-0.642117,0.376025,1.169233,1.137412,2.347534,-5.638252,-4.995361,0.000e+00
DeepSets,ch4t-test-000929,4,-0.487912,-0.461728,0.470480,0.792910,0.308866,1.623343,-6.472218,-5.993058,5.551e-17
DeepSets,ch4t-test-000930,8,0.131935,-0.167959,0.358653,0.048121,-0.809064,0.306627,-4.581609,-4.904238,5.551e-17
DeepSets,ch4t-test-000931,4,1.386427,-0.257674,-1.095549,1.171712,-0.618116,1.084544,-4.248560,-4.281764,1.665e-16
DeepSets,ch4t-test-000932,5,0.747037,0.007849,-0.050912,0.813519,0.735584,0.456993,-7.000632,-7.704606,0.000e+00
DeepSets,ch4t-test-000933,4,0.123433,-0.728681,0.188887,-0.009796,-0.058616,0.125140,-9.322738,-8.906377,0.000e+00
DeepSets,ch4t-test-000934,5,1.660377,-0.273813,-0.764044,1.201180,0.702358,1.425470,-6.349259,-6.971779,2.220e-16
DeepSets,ch4t-test-000935,8,-0.092103,0.018760,0.011187,0.604629,0.751756,0.344942,-5.720763,-5.658607,1.388e-17
DeepSets,ch4t-test-000936,7,0.925028,0.640412,-0.360746,0.243352,1.213848,0.396052,-4.685483,-5.890176,0.000e+00
DeepSets,ch4t-test-000937,5,0.578214,0.241582,-0.033511,0.468766,0.490357,0.295332,-5.090554,-5.876838,1.110e-16
DeepSets,ch4t-test-000938,4,0.235923,-0.015845,0.000903,0.641695,0.459589,0.620939,-7.945877,-8.166858,0.000e+00
DeepSets,ch4t-test-000939,8,2.418512,0.530492,-0.483214,0.728939,0.984851,1.144836,-4.503089,-6.968879,0.000e+00
DeepSets,ch4t-test-000940,5,0.042946,0.807079,-0.184830,-0.000658,0.385171,0.221097,-8.313365,-8.978560,0.000e+00
DeepSets,ch4t-test-000941,8,1.583871,-0.179970,-0.357546,0.573445,1.136447,0.422017,-2.613480,-3.659835,0.000e+00
DeepSets,ch4t-test-000942,7,-0.427962,-0.713444,0.972661,0.446279,-0.094690,1.580760,-7.950951,-7.782206,0.000e+00
DeepSets,ch4t-test-000943,4,2.102343,0.033793,-0.498225,2.199057,0.134225,1.335787,-7.444207,-9.082118,0.000e+00
DeepSets,ch4t-test-000944,4,0.713243,0.210601,-0.056836,0.362881,0.504338,0.306656,-7.799523,-8.666531,0.000e+00
DeepSets,ch4t-test-000945,4,1.292902,0.085966,0.231029,0.296159,0.539517,0.651324,-5.590818,-7.200715,0.000e+00
DeepSets,ch4t-test-000946,6,1.361318,0.184687,0.055541,0.153875,-0.066029,0.099192,-3.765483,-5.367030,0.000e+00
DeepSets,ch4t-test-000947,4,0.664285,0.189387,-0.010506,0.550838,0.740009,0.506020,-5.222607,-6.065773,0.000e+00
DeepSets,ch4t-test-000948,8,1.877048,0.456358,-0.557828,0.862051,0.433086,1.541361,-4.932251,-6.707829,0.000e+00
DeepSets,ch4t-test-000949,6,1.188046,0.144924,-0.259499,0.549963,0.841382,0.281912,-3.726654,-4.800125,0.000e+00
DeepSets,ch4t-test-000950,6,-0.302417,-0.300743,0.195565,0.070918,0.876977,0.196607,-7.464667,-7.057071,0.000e+00
DeepSets,ch4t-test-000951,4,1.641720,0.367483,-0.171821,0.182278,1.106425,0.371469,-2.512206,-4.349587,0.000e+00
DeepSets,ch4t-test-000952,8,1.688082,0.967605,-0.449068,0.558932,1.057222,0.555401,-7.879926,-10.086545,0.000e+00
DeepSets,ch4t-test-000953,7,0.889778,0.425722,-0.202568,0.191350,0.877811,0.216623,-3.354423,-4.467355,0.000e+00
DeepSets,ch4t-test-000954,5,0.752887,-0.498350,0.042615,0.214997,0.715097,0.288117,-7.895720,-8.192873,0.000e+00
DeepSets,ch4t-test-000955,7,0.895706,0.488555,-0.043583,0.056751,0.886623,0.108383,-6.104904,-7.445583,0.000e+00
DeepSets,ch4t-test-000956,5,2.891807,-0.348856,-0.900458,1.039906,0.357629,1.323908,-6.345625,-7.988118,2.220e-16
DeepSets,ch4t-test-000957,6,-0.067949,0.673260,0.011790,0.013563,0.716783,0.099887,-8.655563,-9.272665,1.110e-16
DeepSets,ch4t-test-000958,4,0.769095,0.236318,-0.157194,0.661508,0.856111,0.523420,-6.297552,-7.145770,0.000e+00
DeepSets,ch4t-test-000959,4,0.059879,0.189416,0.058154,0.139831,0.622727,0.248569,-5.273467,-5.580916,0.000e+00
DeepSets,ch4t-test-000960,7,0.069703,0.053239,-0.114639,0.002582,-0.215435,0.248275,-6.565269,-6.573573,6.939e-18
DeepSets,ch4t-test-000961,4,1.233896,-0.083011,-0.215734,0.487136,0.980883,0.324349,-5.301670,-6.236820,0.000e+00
DeepSets,ch4t-test-000962,4,0.012413,0.069027,-0.028405,-0.019761,-1.661381,0.105838,-7.790642,-7.843677,1.388e-17
DeepSets,ch4t-test-000963,5,1.580802,0.075182,-0.515156,1.185169,1.174455,1.090230,-5.953762,-7.094590,4.441e-16
DeepSets,ch4t-test-000964,8,0.701423,-0.151762,0.343357,0.612174,0.436567,1.211987,-6.460847,-7.353864,0.000e+00
DeepSets,ch4t-test-000965,7,0.312451,-0.160993,-0.099783,1.595494,1.054862,0.463417,-5.990137,-6.041812,2.776e-17
DeepSets,ch4t-test-000966,6,0.878165,-0.026104,-0.140472,0.416039,0.711293,0.256127,-5.740790,-6.452379,0.000e+00
DeepSets,ch4t-test-000967,4,1.069870,0.581750,-0.355834,1.335379,1.069143,3.355135,-6.711018,-8.006804,0.000e+00
DeepSets,ch4t-test-000968,4,-0.269676,0.176415,-0.741538,0.543289,1.004109,1.352722,-8.788943,-7.954145,0.000e+00
DeepSets,ch4t-test-000969,8,0.506752,-0.776520,0.289313,0.035216,0.507047,0.168913,-8.995735,-9.015280,1.110e-16
DeepSets,ch4t-test-000970,7,-0.008173,0.369387,-0.054040,0.006243,-1.684717,0.083813,-8.403171,-8.710346,0.000e+00
DeepSets,ch4t-test-000971,4,-0.050374,0.628351,-0.120485,0.029164,0.295637,0.197573,-7.817210,-8.274702,5.551e-17
DeepSets,ch4t-test-000972,8,0.205312,0.061527,-0.099238,0.541371,0.959132,0.413975,-5.836270,-6.003871,0.000e+00
DeepSets,ch4t-test-000973,6,0.908684,-0.036391,-0.167008,0.931044,0.599714,0.766466,-4.713425,-5.418709,2.220e-16
DeepSets,ch4t-test-000974,6,1.116949,-0.246763,0.503359,1.533722,0.703367,1.734288,-4.144606,-5.518151,2.220e-16
DeepSets,ch4t-test-000975,8,3.115792,0.855960,-2.576413,1.167259,0.647304,2.267262,-4.428098,-5.823438,4.441e-16
DeepSets,ch4t-test-000976,8,1.229688,-0.155444,0.657532,0.568102,1.417322,1.190638,-4.318249,-6.050025,0.000e+00
DeepSets,ch4t-test-000977,8,-0.025971,0.052856,0.168147,0.538603,1.149295,0.261100,-5.944951,-6.139983,0.000e+00
DeepSets,ch4t-test-000978,6,-0.110650,0.636148,-0.059893,-0.031760,-0.813560,0.109572,-9.108850,-9.574455,0.000e+00
DeepSets,ch4t-test-000979,8,0.236811,-0.164779,0.658005,0.226702,0.697689,0.696819,-4.277238,-5.007275,0.000e+00
DeepSets,ch4t-test-000980,5,0.371178,0.194559,0.123376,0.363823,0.511384,0.606979,-4.418532,-5.107645,0.000e+00
DeepSets,ch4t-test-000981,4,2.099299,0.608238,0.441173,0.110429,-0.470336,0.283947,-3.444132,-6.592841,0.000e+00
DeepSets,ch4t-test-000982,6,-0.208889,-0.396221,0.451078,1.270000,1.267087,2.242035,-7.182024,-7.027992,8.327e-17
DeepSets,ch4t-test-000983,8,0.462090,0.129104,-0.008448,0.225656,1.095050,0.273637,-5.302391,-5.885137,0.000e+00
DeepSets,ch4t-test-000984,6,0.178348,0.293825,0.198309,0.441769,0.660185,0.637489,-5.080433,-5.750914,0.000e+00
DeepSets,ch4t-test-000985,8,1.812890,0.379894,-0.873238,0.860338,0.871216,1.473360,-6.054839,-7.374386,0.000e+00
DeepSets,ch4t-test-000986,5,0.629417,0.364594,-0.148724,0.248951,-0.107532,0.492715,-4.364091,-5.209378,0.000e+00
DeepSets,ch4t-test-000987,7,-1.282689,-1.928945,-1.102864,0.038258,0.911076,0.391980,-10.718763,-6.404264,0.000e+00
DeepSets,ch4t-test-000988,7,0.097019,0.057673,0.112408,0.014790,0.261641,0.204901,-8.153586,-8.420686,0.000e+00
DeepSets,ch4t-test-000989,4,0.001941,0.346350,-0.008921,0.015662,-0.835518,0.120724,-7.727938,-8.067308,0.000e+00
DeepSets,ch4t-test-000990,8,-0.035946,0.714502,0.058978,-0.028895,-0.593903,0.138471,-10.813387,-11.550921,0.000e+00
DeepSets,ch4t-test-000991,7,0.711498,0.086144,-0.097628,1.009346,0.623061,0.409409,-4.002978,-4.702992,0.000e+00
DeepSets,ch4t-test-000992,8,0.741656,0.047226,-0.099619,1.912762,0.887114,0.930137,-7.335646,-8.024909,0.000e+00
DeepSets,ch4t-test-000993,5,-2.166213,-1.989201,1.637204,1.019716,0.752431,1.334977,-11.427539,-8.909328,0.000e+00
DeepSets,ch4t-test-000994,8,1.879927,0.591253,-0.487267,0.492251,0.862038,0.543961,-3.885129,-5.869042,0.000e+00
DeepSets,ch4t-test-000995,4,0.152882,-0.145835,-0.174545,1.425160,0.968205,0.474409,-9.330345,-9.162847,2.776e-17
DeepSets,ch4t-test-000996,5,1.779904,-0.369696,-0.430784,0.374509,-1.368663,0.286328,-3.915374,-4.894797,2.220e-16
DeepSets,ch4t-test-000997,7,0.518768,0.040954,0.527368,0.898371,0.828295,1.052754,-4.269583,-5.356674,2.220e-16
DeepSets,ch4t-test-000998,7,1.605405,0.092153,-0.207498,0.327186,0.747785,0.236302,-4.207076,-5.697136,0.000e+00
DeepSets,ch4t-test-000999,8,1.545684,-0.161036,-0.188126,2.032808,1.189924,0.793090,-4.778021,-5.974542,0.000e+00
DeepSets,ch4t-test-001000,4,0.030180,0.698314,-0.039853,0.055467,-0.851335,0.181124,-6.849819,-7.538460,1.110e-16
DeepSets,ch4t-test-001001,7,-0.013154,0.771034,-0.196375,0.008609,0.750162,0.222059,-7.856634,-8.418138,0.000e+00
DeepSets,ch4t-test-001002,5,-0.029293,0.615209,-0.164141,-0.006829,0.287713,0.210995,-5.262073,-5.683848,5.551e-17
DeepSets,ch4t-test-001003,5,0.049097,1.293374,-0.140674,-0.022404,0.771646,0.182286,-5.252243,-6.454040,0.000e+00
DeepSets,ch4t-test-001004,5,1.465416,0.854298,-0.156297,0.505035,0.448026,0.348802,-3.781735,-5.945151,0.000e+00
DeepSets,ch4t-test-001005,6,1.617447,0.838223,-0.940252,1.229241,1.409217,2.360594,-6.610333,-8.125752,0.000e+00
DeepSets,ch4t-test-001006,4,0.506876,0.310177,-0.209235,0.308095,-0.558179,0.383043,-5.091913,-5.699731,0.000e+00
DeepSets,ch4t-test-001007,6,0.950246,0.278460,-0.088081,0.996079,1.290083,1.074368,-7.045681,-8.186307,0.000e+00
DeepSets,ch4t-test-001008,8,0.391254,0.108486,0.173169,0.060280,0.448250,0.130703,-7.408493,-8.081402,0.000e+00
DeepSets,ch4t-test-001009,4,0.730065,0.089499,-0.028918,0.182866,0.687836,0.155227,-6.494141,-7.284787,0.000e+00
DeepSets,ch4t-test-001010,5,-0.030811,1.051840,-0.051930,0.015836,-0.440705,0.153311,-10.557946,-11.527045,1.110e-16
DeepSets,ch4t-test-001011,8,2.888963,-0.397284,-0.542021,0.648015,1.021682,0.297580,-2.815221,-4.764880,4.441e-16
DeepSets,ch4t-test-001012,8,-0.034589,0.474353,-0.122215,0.010871,0.017377,0.177545,-8.074963,-8.392511,0.000e+00
DeepSets,ch4t-test-001013,4,0.232124,-0.409608,0.051680,0.179747,-0.153150,0.314776,-7.531054,-7.405250,0.000e+00
DeepSets,ch4t-test-001014,8,-0.000931,0.349467,-0.012971,0.008991,-0.768326,0.130581,-7.544751,-7.880316,0.000e+00
DeepSets,ch4t-test-001015,6,1.615239,0.767450,-1.448957,0.573876,-0.563402,0.908759,-4.267074,-5.200806,2.220e-16
DeepSets,ch4t-test-001016,8,0.606994,0.352044,0.260136,0.192692,0.991964,0.520262,-4.613239,-5.832413,0.000e+00
DeepSets,ch4t-test-001017,7,0.026022,0.647969,-0.094831,-0.038938,0.706624,0.155296,-8.557034,-9.136193,0.000e+00
DeepSets,ch4t-test-001018,7,1.957639,0.223734,0.033005,0.618056,1.152020,0.848591,-4.291312,-6.505690,0.000e+00
DeepSets,ch4t-test-001019,8,0.524537,1.072390,1.529873,0.039696,0.637635,0.264576,-9.990163,-13.116962,0.000e+00
DeepSets,ch4t-test-001020,5,0.435179,-0.042947,-0.077387,1.611242,0.965704,0.857053,-4.541963,-4.856807,5.551e-17
DeepSets,ch4t-test-001021,6,0.447852,0.059411,-0.122841,0.800230,0.944855,0.423014,-7.013219,-7.397641,0.000e+00
DeepSets,ch4t-test-001022,5,0.304607,0.164224,-0.042439,0.433580,1.083736,0.458881,-5.696371,-6.122764,5.551e-17
DeepSets,ch4t-test-001023,5,0.264049,-0.136227,-0.128158,0.551282,0.899115,0.819607,-7.321416,-7.321080,0.000e+00
DeepSets,ch4t-test-001024,5,-0.195904,1.298428,0.034331,0.040989,0.615847,0.182741,-5.542763,-6.679619,2.220e-16
DeepSets,ch4t-test-001025,8,2.262198,0.586533,-1.176923,1.793359,1.099001,2.886536,-4.765474,-6.437282,2.220e-16
DeepSets,ch4t-test-001026,5,0.817950,-0.219788,-0.299490,0.976267,0.746851,0.838294,-4.726928,-5.025599,5.551e-17
DeepSets,ch4t-test-001027,4,2.567661,0.266214,-0.980275,0.571393,0.873751,0.872985,-4.659385,-6.512985,2.220e-16
DeepSets,ch4t-test-001028,7,0.517493,0.387395,-0.205370,0.178780,0.484943,0.363589,-7.110167,-7.809685,0.000e+00
DeepSets,ch4t-test-001029,8,0.149041,0.105046,0.124291,0.447033,1.064996,0.866478,-5.930873,-6.309251,0.000e+00
DeepSets,ch4t-test-001030,5,-0.014482,0.149533,0.032930,0.413053,0.889893,0.222205,-5.219783,-5.387764,2.776e-17
DeepSets,ch4t-test-001031,5,2.882974,-0.598102,-0.677688,0.878758,-0.663028,0.716293,-3.208779,-4.815963,4.441e-16
DeepSets,ch4t-test-001032,4,2.430251,0.570440,-1.132740,0.875081,-0.090696,1.475017,-2.709854,-4.577805,0.000e+00
DeepSets,ch4t-test-001033,7,1.678310,0.352337,-0.447834,1.213587,0.913658,1.154831,-5.524189,-7.107002,2.220e-16
DeepSets,ch4t-test-001034,5,0.694295,0.106474,0.009830,0.525780,0.652081,0.280439,-4.978914,-5.789514,1.110e-16
DeepSets,ch4t-test-001035,7,1.723874,0.386134,-0.554553,0.793808,0.115071,1.128020,-4.147513,-5.702968,0.000e+00
DeepSets,ch4t-test-001036,5,1.325273,0.053187,-0.239910,0.882254,0.686206,1.046292,-4.990727,-6.129277,0.000e+00
DeepSets,ch4t-test-001037,6,3.117145,-0.222344,-0.805132,1.281041,0.173888,1.123755,-3.412006,-5.501676,0.000e+00
DeepSets,ch4t-test-001038,6,0.377174,0.260582,-0.019011,0.563799,0.164433,0.825231,-6.267681,-6.886425,0.000e+00
DeepSets,ch4t-test-001039,6,1.544407,0.331085,-0.585571,0.784989,0.414633,1.368652,-4.276271,-5.566193,0.000e+00
DeepSets,ch4t-test-001040,5,0.222004,0.956650,-0.349152,0.015826,0.918459,0.205638,-7.709126,-8.538628,0.000e+00
DeepSets,ch4t-test-001041,8,1.234735,0.234082,-0.130627,0.222181,0.805236,0.168148,-3.809338,-5.147528,2.220e-16
DeepSets,ch4t-test-001042,5,0.346929,-0.312435,0.156126,0.059661,-0.269904,0.177205,-7.246747,-7.437367,5.551e-17
DeepSets,ch4t-test-001043,8,1.242964,-0.187974,0.036337,0.516816,-0.583419,1.066394,-4.008717,-5.100043,2.220e-16
DeepSets,ch4t-test-001044,4,1.418529,-0.122169,-0.297093,0.332098,0.344961,0.221848,-3.324663,-4.323930,0.000e+00
DeepSets,ch4t-test-001045,4,1.032925,-0.301393,0.579407,0.381109,0.025197,0.458609,-4.932173,-6.243112,0.000e+00
DeepSets,ch4t-test-001046,5,-0.002772,0.068111,-0.130315,0.041360,-0.398826,0.282791,-6.935045,-6.870069,2.776e-17
DeepSets,ch4t-test-001047,4,1.693098,-0.085079,-0.336169,0.583429,-0.553630,0.595138,-2.606097,-3.877947,0.000e+00
DeepSets,ch4t-test-001048,7,-0.007251,0.106482,-0.018987,0.019086,0.196227,0.191221,-7.396004,-7.476248,0.000e+00
DeepSets,ch4t-test-001049,6,-0.000850,0.223063,-0.049524,0.015941,-1.233736,0.130968,-6.859089,-7.031778,0.000e+00
DeepSets,ch4t-test-001050,7,0.027005,0.517319,0.005675,-0.015550,0.139694,0.178128,-9.576880,-10.126879,0.000e+00
DeepSets,ch4t-test-001051,6,0.481047,0.149048,0.002550,0.377709,0.526142,0.403158,-5.072891,-5.705535,0.000e+00
DeepSets,ch4t-test-001052,4,0.234283,0.304554,0.096961,-0.012079,0.477560,0.150214,-7.565330,-8.201129,0.000e+00
DeepSets,ch4t-test-001053,6,2.490318,-0.150904,-1.287313,1.210657,0.719853,1.430537,-3.111148,-4.163250,0.000e+00
DeepSets,ch4t-test-001054,7,1.200683,0.347584,-0.307387,0.717650,0.750069,0.792574,-5.205109,-6.445990,0.000e+00
DeepSets,ch4t-test-001055,7,0.269083,0.244019,0.089402,0.350930,1.037953,0.440151,-3.918049,-4.520554,0.000e+00
DeepSets,ch4t-test-001056,7,2.040274,0.827059,-0.087313,0.289231,0.878383,0.183015,-6.290591,-9.070610,0.000e+00
DeepSets,ch4t-test-001057,7,-0.127907,0.719156,0.144899,-0.022803,-1.101466,0.151829,-9.834576,-10.570724,0.000e+00
DeepSets,ch4t-test-001058,8,-0.033630,0.070613,0.529364,0.359208,0.336692,0.654486,-5.609155,-6.175502,0.000e+00
DeepSets,ch4t-test-001059,6,0.200457,0.052254,-0.019043,0.174052,0.636331,0.160075,-7.812245,-8.045914,2.776e-17
DeepSets,ch4t-test-001060,7,0.375756,0.512252,0.122195,0.304655,0.209679,0.932079,-5.777448,-6.787651,2.220e-16
DeepSets,ch4t-test-001061,5,0.541226,-0.237392,0.785260,0.997508,0.705831,2.209213,-5.727637,-6.816731,2.220e-16
DeepSets,ch4t-test-001062,6,2.125234,-0.312768,-0.266963,1.090779,0.173527,0.816556,-3.713221,-5.258724,4.441e-16
DeepSets,ch4t-test-001063,7,0.130507,0.273674,-0.099124,0.036700,0.763334,0.133184,-8.804452,-9.109509,5.551e-17
DeepSets,ch4t-test-001064,5,1.429605,-0.126788,-0.393050,0.605557,1.026041,0.400767,-4.308546,-5.218314,0.000e+00
DeepSets,ch4t-test-001065,4,-0.021812,0.347925,-0.037397,0.018855,-1.546798,0.094471,-7.182478,-7.471194,0.000e+00
DeepSets,ch4t-test-001066,6,0.025884,0.529897,-0.054782,-0.035049,-0.360558,0.185751,-5.877791,-6.378790,0.000e+00
DeepSets,ch4t-test-001067,8,0.776782,0.018467,-0.074537,0.629448,1.062337,1.070783,-5.363903,-6.084614,0.000e+00
DeepSets,ch4t-test-001068,5,1.367431,0.309992,-0.972367,2.072674,0.956328,1.627749,-5.043857,-5.748912,2.220e-16
DeepSets,ch4t-test-001069,6,1.097222,-1.405584,-1.886168,1.748994,-1.044291,1.585832,-8.280516,-6.085987,4.441e-16
DeepSets,ch4t-test-001070,5,0.702083,0.050069,0.602036,0.038383,-1.761723,0.211974,-4.534832,-5.889021,0.000e+00
DeepSets,ch4t-test-001071,5,0.042376,0.464023,-0.049747,0.003216,-0.507069,0.182446,-7.646549,-8.103200,5.551e-17
DeepSets,ch4t-test-001072,7,0.871104,0.305489,-0.354489,0.627372,0.565995,0.907022,-4.571150,-5.393253,1.110e-16
DeepSets,ch4t-test-001073,7,-0.339217,-0.146699,0.199991,0.024452,-0.152245,0.196190,-5.986439,-5.700514,0.000e+00
DeepSets,ch4t-test-001074,5,-0.010434,0.174437,-0.076304,-0.014519,0.059297,0.176655,-7.460050,-7.547749,0.000e+00
DeepSets,ch4t-test-001075,4,2.941441,1.059392,-2.052388,2.247365,1.222552,4.312822,-4.582442,-6.530887,0.000e+00
DeepSets,ch4t-test-001076,7,2.170668,0.215153,-0.399013,0.792332,0.949537,0.663004,-4.607589,-6.594398,0.000e+00
DeepSets,ch4t-test-001077,4,0.441516,-0.548557,0.590749,0.499632,-1.039837,0.885406,-6.966375,-7.450083,2.220e-16
DeepSets,ch4t-test-001078,5,0.003190,0.012824,0.025608,0.056157,-1.104788,0.189097,-7.344278,-7.385899,0.000e+00
DeepSets,ch4t-test-001079,4,0.683622,0.236124,-0.242098,0.237664,0.804811,0.450541,-7.406454,-8.084102,0.000e+00
DeepSets,ch4t-test-001080,5,0.952287,0.082620,-0.038091,0.378802,0.068364,0.769892,-3.934290,-4.931106,0.000e+00
DeepSets,ch4t-test-001081,4,0.450267,-0.295367,0.709608,0.362642,0.075358,1.121024,-6.355949,-7.220458,2.220e-16
DeepSets,ch4t-test-001082,4,1.237725,0.455930,-0.187868,0.154870,0.697485,0.124958,-5.958199,-7.463987,0.000e+00
DeepSets,ch4t-test-001083,7,-0.002454,0.509608,-0.018194,-0.005042,0.340650,0.119501,-5.759269,-6.248229,5.551e-17
DeepSets,ch4t-test-001084,5,-0.238696,-0.812762,0.454924,0.290964,0.872294,0.620674,-9.712782,-9.116248,0.000e+00
DeepSets,ch4t-test-001085,4,-0.153357,0.097711,0.211876,-0.031540,0.480399,0.188455,-8.245221,-8.401451,2.776e-17
DeepSets,ch4t-test-001086,4,1.025911,-0.238102,-0.159473,0.794304,0.809658,0.357528,-6.419120,-7.047455,1.110e-16
DeepSets,ch4t-test-001087,5,0.583543,0.257690,0.207390,0.511639,1.119760,0.721095,-6.439897,-7.488520,0.000e+00
DeepSets,ch4t-test-001088,7,1.316589,-0.050978,-0.848576,1.201309,1.023131,1.243290,-6.535910,-6.952945,1.110e-16
DeepSets,ch4t-test-001089,8,0.915568,0.136892,-0.422749,0.347085,-0.839612,0.612685,-5.198963,-5.828675,0.000e+00
DeepSets,ch4t-test-001090,8,1.841152,0.289822,-0.115911,1.010053,1.160168,1.485171,-3.774260,-5.789323,0.000e+00
DeepSets,ch4t-test-001091,7,1.770050,0.241223,-0.439190,1.777056,1.088136,1.103542,-4.986967,-6.559049,0.000e+00
DeepSets,ch4t-test-001092,6,0.145446,0.063455,0.136511,0.627722,0.935855,1.302811,-6.978421,-7.323833,0.000e+00
DeepSets,ch4t-test-001093,6,0.624719,0.335148,-0.004383,0.158241,-0.013813,0.359067,-4.648498,-5.603982,1.110e-16
DeepSets,ch4t-test-001094,8,1.012029,0.250350,-0.636536,1.001753,0.385374,1.281465,-4.470593,-5.096436,0.000e+00
DeepSets,ch4t-test-001095,7,0.275973,-1.302795,0.025523,0.047819,0.562081,0.251216,-9.670781,-8.669482,0.000e+00
DeepSets,ch4t-test-001096,4,0.044937,0.732663,-0.017233,0.090075,0.473229,0.097454,-6.898012,-7.658380,0.000e+00
DeepSets,ch4t-test-001097,4,0.000404,0.500141,-0.077809,-0.015303,-0.302010,0.124757,-7.780005,-8.202741,1.110e-16
DeepSets,ch4t-test-001098,4,0.357057,0.149566,0.237935,0.084292,-0.201833,0.229905,-7.948980,-8.693538,0.000e+00
DeepSets,ch4t-test-001099,6,0.026767,0.510313,0.030541,0.013353,0.739119,0.190257,-7.437791,-8.005412,0.000e+00
DeepSets,ch4t-test-001100,7,0.013528,0.289653,-0.051222,-0.011538,0.317988,0.191575,-6.047471,-6.299430,0.000e+00
DeepSets,ch4t-test-001101,4,0.299874,0.338810,-0.694363,0.919880,1.034089,1.636629,-6.615363,-6.559684,0.000e+00
DeepSets,ch4t-test-001102,5,0.320522,0.729305,0.098841,0.018686,0.351245,0.195457,-6.940000,-8.088668,0.000e+00
DeepSets,ch4t-test-001103,5,-0.023971,-0.696394,0.561986,0.305728,1.087056,0.537820,-6.318381,-6.160002,0.000e+00
DeepSets,ch4t-test-001104,8,0.352220,0.621749,0.582484,0.167604,0.852520,0.275113,-6.088836,-7.645289,0.000e+00
DeepSets,ch4t-test-001105,6,1.656663,0.233083,-0.425455,0.785654,0.063048,1.740085,-2.922448,-4.386739,0.000e+00
DeepSets,ch4t-test-001106,6,0.996634,0.905081,-0.035498,0.173691,1.038463,0.258740,-5.383006,-7.249223,0.000e+00
DeepSets,ch4t-test-001107,4,0.085255,0.502336,-0.125180,-0.040688,0.185771,0.174188,-7.007074,-7.469485,0.000e+00
DeepSets,ch4t-test-001108,8,1.531390,0.693956,-0.196277,0.379058,0.889577,0.194116,-3.104064,-5.133133,4.441e-16
DeepSets,ch4t-test-001109,8,-0.023811,0.566390,-0.031225,0.048819,0.025815,0.181846,-6.275576,-6.786931,1.110e-16
DeepSets,ch4t-test-001110,4,1.469494,0.397997,-0.766114,1.499091,0.219709,1.612981,-4.671693,-5.773070,2.220e-16
DeepSets,ch4t-test-001111,7,0.229508,-0.124717,0.297401,0.564162,0.301583,0.813666,-5.651950,-6.054141,5.551e-17
DeepSets,ch4t-test-001112,4,1.386858,-0.391560,1.120854,0.366321,-0.144794,1.361063,-3.070716,-5.186869,0.000e+00
DeepSets,ch4t-test-001113,7,1.013288,0.400886,-0.142176,0.213889,1.019431,0.343281,-7.192637,-8.464636,0.000e+00
DeepSets,ch4t-test-001114,5,0.730509,-0.004767,-0.193333,0.613244,0.993424,0.525103,-5.203640,-5.736049,1.110e-16
DeepSets,ch4t-test-001115,6,0.469327,0.100034,0.269241,0.149082,-0.148362,0.300412,-4.121301,-4.959903,0.000e+00
DeepSets,ch4t-test-001116,8,-0.044634,0.317294,-0.114375,0.018274,0.588265,0.218791,-8.088682,-8.246968,0.000e+00
DeepSets,ch4t-test-001117,7,-0.158676,-0.181127,0.227132,0.576029,0.697605,1.503511,-6.817804,-6.705132,0.000e+00
DeepSets,ch4t-test-001118,4,0.566977,0.453381,-0.086555,0.161371,0.802847,0.264240,-7.576517,-8.510321,0.000e+00
DeepSets,ch4t-test-001119,7,0.744803,-0.709996,1.077591,0.165069,0.924676,0.752489,-4.905634,-6.018032,2.220e-16
DeepSets,ch4t-test-001120,8,1.113492,-0.000173,0.134589,0.033330,0.598554,0.179986,-8.766826,-10.014734,2.220e-16
DeepSets,ch4t-test-001121,6,4.850278,-1.274840,-1.388293,2.716006,0.524528,1.272259,-4.165656,-6.352802,4.441e-16
DeepSets,ch4t-test-001122,7,1.565050,0.312441,0.746628,0.391089,1.199367,0.539662,-6.601471,-9.225591,0.000e+00
DeepSets,ch4t-test-001123,8,0.584330,0.323433,-0.130221,0.478716,0.914324,0.256784,-5.235032,-6.012574,0.000e+00
DeepSets,ch4t-test-001124,8,0.980363,0.952612,-0.089581,0.251500,0.976125,0.160227,-5.438029,-7.281423,0.000e+00
DeepSets,ch4t-test-001125,7,0.417930,-0.635936,0.928535,1.079949,0.439302,1.958780,-6.261429,-6.971958,1.110e-16
DeepSets,ch4t-test-001126,7,3.086584,-0.529971,-0.773965,1.744759,0.763783,0.860518,-4.049042,-5.831690,4.441e-16
DeepSets,ch4t-test-001127,5,0.508961,-0.611609,0.007387,0.008316,-0.881050,0.127411,-9.149939,-9.054677,0.000e+00
DeepSets,ch4t-test-001128,4,0.903846,0.295736,-0.184659,1.471529,-0.057299,2.545851,-4.847500,-5.862423,0.000e+00
DeepSets,ch4t-test-001129,5,0.352164,0.518412,0.165095,0.097790,-2.271669,0.340127,-4.077494,-5.113165,0.000e+00
DeepSets,ch4t-test-001130,8,2.047520,-0.031828,-0.445021,1.559732,1.290344,0.800966,-5.937811,-7.508482,2.220e-16
DeepSets,ch4t-test-001131,4,-0.032915,0.246941,-0.043936,0.024410,-0.930753,0.100668,-7.422259,-7.592349,0.000e+00
DeepSets,ch4t-test-001132,8,2.536313,0.293451,-0.333653,0.603928,0.704362,0.936060,-2.115134,-4.611245,4.441e-16
DeepSets,ch4t-test-001133,7,0.941615,0.261075,-0.220442,0.581432,0.929881,0.506838,-6.150792,-7.133040,0.000e+00
DeepSets,ch4t-test-001134,7,3.170318,-0.408116,-0.676293,0.813444,0.889152,0.706735,-2.918597,-5.004505,4.441e-16
DeepSets,ch4t-test-001135,5,0.576863,0.155017,-0.109372,0.454104,1.052539,0.270676,-5.179248,-5.801755,0.000e+00
DeepSets,ch4t-test-001136,6,0.671666,-0.029110,0.048806,2.074740,0.845476,1.649100,-4.310103,-5.001465,0.000e+00
DeepSets,ch4t-test-001137,8,1.128751,0.013893,-0.147898,1.040654,0.949748,0.580554,-4.895491,-5.890237,0.000e+00
DeepSets,ch4t-test-001138,8,1.898772,0.219609,0.149917,0.148906,-0.423399,0.381222,-4.787926,-7.056224,0.000e+00
DeepSets,ch4t-test-001139,6,-0.002363,0.328850,-0.004287,-0.031858,0.450677,0.146378,-7.747246,-8.069447,0.000e+00
DeepSets,ch4t-test-001140,6,1.073811,0.248768,-0.172187,0.542613,1.023363,0.406524,-5.112185,-6.262578,2.220e-16
DeepSets,ch4t-test-001141,4,0.053147,0.275512,-0.091380,-0.032017,-0.942169,0.175377,-7.550371,-7.787650,5.551e-17
DeepSets,ch4t-test-001142,5,1.753147,-0.280829,-0.374148,1.626370,0.341552,1.042224,-5.176434,-6.274604,2.220e-16
DeepSets,ch4t-test-001143,8,0.281880,0.339543,0.052081,0.422205,1.067662,0.344876,-3.801219,-4.474723,0.000e+00
DeepSets,ch4t-test-001144,6,2.525305,0.201026,-0.410166,0.728897,1.179502,1.262603,-2.561352,-4.877517,4.441e-16
DeepSets,ch4t-test-001145,4,2.809929,-0.612344,-0.812650,1.840196,0.829692,1.928544,-4.478031,-5.862966,2.220e-16
DeepSets,ch4t-test-001146,5,0.062739,0.419488,0.179531,0.162815,0.568437,0.409083,-7.845580,-8.507339,0.000e+00
DeepSets,ch4t-test-001147,6,-0.250120,-0.150324,-0.098975,1.509723,0.884963,0.885553,-5.540892,-5.041473,0.000e+00
DeepSets,ch4t-test-001148,6,0.696287,0.070691,0.031946,0.643470,0.605894,0.976908,-4.961154,-5.760079,0.000e+00
DeepSets,ch4t-test-001149,7,0.425492,0.249544,0.427923,0.260747,0.356260,0.542895,-6.183890,-7.286849,0.000e+00
DeepSets,ch4t-test-001150,4,0.997065,0.421877,-0.347246,0.506822,0.262398,0.893095,-5.336447,-6.408143,0.000e+00
DeepSets,ch4t-test-001151,7,-0.086245,0.516237,0.069687,0.007356,0.185487,0.156938,-8.148290,-8.647968,0.000e+00
DeepSets,ch4t-test-001152,8,-0.023189,0.513206,-0.058679,0.007866,-0.082852,0.163692,-7.022786,-7.454124,0.000e+00
DeepSets,ch4t-test-001153,4,-0.355890,-0.514563,0.197958,0.008073,-0.024034,0.181537,-10.214958,-9.542463,0.000e+00
DeepSets,ch4t-test-001154,8,-0.162611,-0.133234,1.106192,0.418904,1.150649,0.688345,-7.105750,-7.916098,0.000e+00
DeepSets,ch4t-test-001155,4,-0.021311,0.081980,-0.013638,0.040053,-1.291277,0.152744,-7.479578,-7.526609,6.939e-18
DeepSets,ch4t-test-001156,8,1.108233,0.374892,-0.091074,0.820522,-0.292627,1.079054,-3.352001,-4.744052,2.220e-16
DeepSets,ch4t-test-001157,6,-0.216388,-0.260808,0.930285,0.208850,1.164926,0.857008,-7.809436,-8.262525,5.551e-17
DeepSets,ch4t-test-001158,7,-0.068108,-0.467700,0.126189,0.079671,0.228776,0.414457,-6.831906,-6.422288,0.000e+00
DeepSets,ch4t-test-001159,6,0.591291,-1.090375,0.026619,0.446293,0.170066,0.454249,-6.218441,-5.745975,0.000e+00
DeepSets,ch4t-test-001160,6,0.011843,0.370476,-0.138705,0.003413,0.228593,0.205521,-7.898259,-8.141873,0.000e+00
DeepSets,ch4t-test-001161,4,0.493304,0.437219,-0.070084,0.134326,0.785126,0.191502,-6.948272,-7.808712,1.110e-16
DeepSets,ch4t-test-001162,5,0.944385,0.320024,-0.126466,0.533432,0.988033,0.527731,-5.597183,-6.735126,0.000e+00
DeepSets,ch4t-test-001163,8,0.520363,0.609869,-0.032459,0.236639,0.896926,0.183841,-5.977377,-7.075150,0.000e+00
DeepSets,ch4t-test-001164,7,-0.054254,0.362735,-0.064718,0.038295,-0.485990,0.157049,-8.453372,-8.697134,0.000e+00
DeepSets,ch4t-test-001165,7,1.279935,0.244944,-0.142537,0.247099,1.110759,0.240341,-5.185398,-6.567740,0.000e+00
DeepSets,ch4t-test-001166,8,0.680572,-0.787405,0.877485,0.234699,0.963966,0.416327,-4.902498,-5.673150,0.000e+00
DeepSets,ch4t-test-001167,8,1.085187,0.485253,-0.070261,0.732814,0.361541,0.289911,-4.427775,-5.927955,2.220e-16
DeepSets,ch4t-test-001168,5,2.339332,0.915603,-0.951975,1.481993,0.306115,3.120912,-2.821231,-5.124192,4.441e-16
DeepSets,ch4t-test-001169,6,2.814164,0.648279,-0.581659,1.000340,1.126242,0.894481,-4.999331,-7.880115,0.000e+00
DeepSets,ch4t-test-001170,6,0.090799,-0.719469,0.018593,0.021480,0.818591,0.185222,-6.765305,-6.155228,1.110e-16
DeepSets,ch4t-test-001171,6,1.417153,-0.189468,-0.309873,0.867871,1.107868,0.517343,-4.110883,-5.028695,0.000e+00
DeepSets,ch4t-test-001172,8,1.426718,-0.136349,-0.509326,0.839185,1.047680,0.749849,-5.024493,-5.805535,0.000e+00
DeepSets,ch4t-test-001173,8,0.321688,0.279348,-0.038500,0.509265,1.275603,0.636837,-5.727061,-6.289598,0.000e+00
DeepSets,ch4t-test-001174,5,1.589349,0.150681,-0.848489,0.556710,0.061999,0.592100,-5.162194,-6.053735,2.220e-16
DeepSets,ch4t-test-001175,8,0.600180,0.317058,-0.623146,0.430980,0.922190,1.066576,-5.144757,-5.438850,0.000e+00
DeepSets,ch4t-test-001176,6,-0.640251,-0.776233,0.680813,0.470188,1.137707,0.809429,-7.314856,-6.579184,1.110e-16
DeepSets,ch4t-test-001177,7,-0.011041,0.072084,-0.022920,0.004991,-0.956561,0.111503,-7.965833,-8.003956,0.000e+00
DeepSets,ch4t-test-001178,6,0.023958,0.667508,0.131461,0.010564,0.449876,0.199104,-10.021278,-10.844205,1.110e-16
DeepSets,ch4t-test-001179,7,0.588194,0.291403,-0.012765,1.011849,0.892212,0.650800,-6.321683,-7.188516,0.000e+00
DeepSets,ch4t-test-001180,7,0.454337,-0.170963,0.184198,0.465231,0.703629,0.494315,-4.436608,-4.904180,0.000e+00
DeepSets,ch4t-test-001181,7,1.312719,-0.340355,0.455885,0.596199,0.910053,1.498988,-6.756191,-8.184440,2.220e-16
DeepSets,ch4t-test-001182,5,2.360098,0.653146,-1.214073,1.382796,0.889483,1.406489,-4.761582,-6.560754,2.220e-16
DeepSets,ch4t-test-001183,7,0.978243,0.329729,-0.069359,0.185646,0.566075,0.145689,-5.352614,-6.591226,0.000e+00
DeepSets,ch4t-test-001184,5,2.745448,-0.521388,-0.393512,1.209693,0.412514,0.796119,-3.705476,-5.536024,2.220e-16
DeepSets,ch4t-test-001185,4,0.002366,0.093051,-0.023318,-0.007826,-1.969917,0.085657,-8.893764,-8.965862,0.000e+00
DeepSets,ch4t-test-001186,6,2.194255,0.190917,-0.612693,0.912416,0.005771,1.160454,-6.282781,-8.055259,0.000e+00
DeepSets,ch4t-test-001187,8,0.622651,0.434804,1.826636,0.152893,0.099189,0.578435,-3.684733,-6.568824,0.000e+00
DeepSets,ch4t-test-001188,4,1.689895,0.416708,-0.323260,1.751731,1.372658,2.546099,-4.970807,-6.754150,2.220e-16
DeepSets,ch4t-test-001189,4,-0.016807,0.024411,-0.030613,0.015980,-2.879287,0.069064,-6.830652,-6.807642,0.000e+00
DeepSets,ch4t-test-001190,5,0.274639,0.008079,-0.580493,1.051682,0.168855,1.119193,-5.365616,-5.067841,5.551e-17
DeepSets,ch4t-test-001191,6,0.566085,0.016833,-0.161843,0.736759,0.709267,0.380003,-5.173063,-5.594138,5.551e-17
DeepSets,ch4t-test-001192,4,2.137853,0.165240,-1.305726,0.346893,0.152509,0.378335,-4.242618,-5.239985,2.220e-16
DeepSets,ch4t-test-001193,8,0.788797,0.372406,-0.246410,0.524211,0.465541,0.912095,-5.969504,-6.884297,1.110e-16
DeepSets,ch4t-test-001194,8,1.472081,-0.098553,-0.175250,0.250188,0.472345,0.212525,-3.514574,-4.712853,0.000e+00
DeepSets,ch4t-test-001195,8,0.174806,-0.038815,0.514599,0.313694,-0.142199,0.458739,-5.858287,-6.508877,0.000e+00
DeepSets,ch4t-test-001196,4,-0.165472,0.322845,-0.142752,0.056694,0.396313,0.237485,-7.176462,-7.191082,0.000e+00
DeepSets,ch4t-test-001197,6,0.666765,0.136427,-0.140726,0.867525,-0.724755,0.502381,-6.061736,-6.724201,0.000e+00
DeepSets,ch4t-test-001198,6,0.279205,0.428708,0.103439,-0.003920,0.992458,0.138882,-6.343010,-7.154361,1.110e-16
DeepSets,ch4t-test-001199,4,0.464514,-0.596442,0.948195,0.186854,0.188717,0.745002,-7.494868,-8.311136,0.000e+00
DeepSets,ch4t-test-001200,8,0.062715,0.059203,-0.235709,0.949386,1.108365,0.831746,-8.115995,-8.002205,1.388e-17
DeepSets,ch4t-test-001201,7,3.353530,-0.035220,-1.764721,1.608403,0.161706,2.877496,-4.022382,-5.575972,0.000e+00
DeepSets,ch4t-test-001202,4,0.696964,0.749530,0.449819,0.542884,0.907713,0.387147,-5.213583,-7.109897,0.000e+00
DeepSets,ch4t-test-001203,7,0.033015,0.797997,0.002640,-0.002866,0.217817,0.150721,-8.895698,-9.729350,1.110e-16
DeepSets,ch4t-test-001204,6,0.846002,-0.526217,-0.303652,1.003030,0.481168,0.962734,-7.427068,-7.443201,1.110e-16
DeepSets,ch4t-test-001205,7,-1.811398,-0.811039,0.848611,0.268515,1.353778,0.484110,-10.264963,-8.491137,0.000e+00
DeepSets,ch4t-test-001206,5,0.164416,0.402754,0.309524,0.047371,0.620336,0.281235,-6.408114,-7.284807,0.000e+00
DeepSets,ch4t-test-001207,6,0.187961,0.835951,0.092469,0.037989,0.977127,0.177790,-8.685603,-9.801983,0.000e+00
DeepSets,ch4t-test-001208,7,0.157113,0.103401,-0.039229,0.288703,0.858944,0.431496,-5.663569,-5.884854,0.000e+00
DeepSets,ch4t-test-001209,5,0.634031,-0.125659,-0.104241,1.038878,0.844601,0.415902,-4.497235,-4.901367,1.110e-16
DeepSets,ch4t-test-001210,4,-0.025332,0.421499,-0.132093,0.029459,0.168398,0.213640,-6.227565,-6.491640,0.000e+00
DeepSets,ch4t-test-001211,6,1.087710,0.188741,-0.526780,0.716845,-0.239016,1.234444,-6.971984,-7.721654,0.000e+00
DeepSets,ch4t-test-001212,7,0.517121,0.357645,-0.121843,0.448502,1.011284,0.310454,-6.784296,-7.537219,0.000e+00
DeepSets,ch4t-test-001213,7,0.667088,0.735385,-0.150177,0.327187,1.027501,0.194452,-5.277085,-6.529380,0.000e+00
DeepSets,ch4t-test-001214,6,1.612710,0.153750,-0.492344,0.751814,0.902053,0.415304,-4.923050,-6.197167,0.000e+00
DeepSets,ch4t-test-001215,8,-0.249255,-1.526256,0.370687,-0.023105,0.154101,0.228801,-8.694132,-7.289309,2.220e-16
DeepSets,ch4t-test-001216,7,2.300283,-0.246655,-0.811016,0.791603,0.622320,0.491895,-7.425557,-8.668169,0.000e+00
DeepSets,ch4t-test-001217,5,3.001797,0.774989,-1.657363,1.281525,0.317868,1.821170,-3.687175,-5.806597,0.000e+00
DeepSets,ch4t-test-001218,7,1.307182,0.379130,-0.933582,1.116112,0.552825,1.120213,-5.361055,-6.113785,0.000e+00
DeepSets,ch4t-test-001219,6,1.317341,-0.720358,0.080030,0.944772,-0.940529,1.020032,-3.794617,-4.471629,2.220e-16
DeepSets,ch4t-test-001220,6,-0.057895,-0.568588,0.024353,0.013791,0.764307,0.159038,-8.327869,-7.725738,0.000e+00
DeepSets,ch4t-test-001221,8,0.444381,-0.059027,-0.432770,0.750232,1.250206,0.653516,-5.953562,-5.906146,2.082e-17
DeepSets,ch4t-test-001222,6,2.586045,0.602532,-1.332595,1.112847,-0.794565,2.328579,-4.727873,-6.583855,0.000e+00
DeepSets,ch4t-test-001223,8,-0.582287,-0.544236,0.173693,0.331437,1.431839,1.453800,-8.233333,-7.280503,1.110e-16
DeepSets,ch4t-test-001224,4,-0.000204,0.480297,0.005092,-0.022867,-1.013873,0.168636,-9.198589,-9.683774,5.551e-17
DeepSets,ch4t-test-001225,7,0.179961,-0.006064,0.598706,0.459914,1.104407,1.389118,-6.366228,-7.138830,1.110e-16
DeepSets,ch4t-test-001226,8,0.001436,0.120835,-0.067710,-0.008773,-0.682667,0.156911,-6.542489,-6.597050,0.000e+00
DeepSets,ch4t-test-001227,5,1.697607,0.068894,-0.449819,0.499675,0.690174,0.638431,-5.324088,-6.640770,0.000e+00
DeepSets,ch4t-test-001228,5,0.830998,0.516188,-0.049815,0.252465,0.094238,0.181827,-6.310382,-7.607754,0.000e+00
DeepSets,ch4t-test-001229,4,-0.045189,0.276110,0.008995,0.061436,0.320161,0.119647,-6.494581,-6.734498,0.000e+00
DeepSets,ch4t-test-001230,7,1.149245,-0.828414,1.061039,0.231530,-0.185957,0.628730,-4.706062,-6.087932,2.220e-16
DeepSets,ch4t-test-001231,5,1.397318,-0.343003,0.195478,0.457867,0.785308,0.646807,-5.104123,-6.353916,0.000e+00
DeepSets,ch4t-test-001232,6,0.972692,0.163013,-0.144895,0.257991,0.634490,0.222684,-3.616573,-4.607383,1.110e-16
DeepSets,ch4t-test-001233,5,3.474023,-0.026495,-1.488292,2.624685,0.169369,2.291349,-5.979438,-7.938674,4.441e-16
DeepSets,ch4t-test-001234,6,0.006593,0.124087,0.097993,0.226647,0.454236,0.535521,-6.719479,-6.948151,0.000e+00
DeepSets,ch4t-test-001235,6,0.802657,-0.172334,-0.328897,0.757478,0.423193,0.534538,-4.905773,-5.207198,0.000e+00
DeepSets,ch4t-test-001236,8,1.441946,0.515772,-0.541887,0.309775,-1.234960,0.625184,-6.624071,-8.039901,0.000e+00
DeepSets,ch4t-test-001237,6,1.378986,0.677345,0.107187,0.313605,0.892544,0.332849,-3.918119,-6.081637,0.000e+00
DeepSets,ch4t-test-001238,7,0.888370,0.558517,-0.046247,0.229422,0.586709,0.171668,-5.894176,-7.294816,0.000e+00
DeepSets,ch4t-test-001239,7,2.100810,-0.209352,-0.258036,1.952007,1.101498,0.491908,-4.544943,-6.178365,2.220e-16
DeepSets,ch4t-test-001240,8,1.736348,0.473275,-0.012310,0.049047,0.996916,0.172022,-4.748531,-6.945844,0.000e+00
DeepSets,ch4t-test-001241,4,1.474971,0.003251,-0.202873,0.203281,-0.227211,0.561463,-3.989144,-5.264493,2.220e-16
DeepSets,ch4t-test-001242,4,1.145444,-0.144724,-0.285112,0.938882,0.068767,0.519838,-3.510211,-4.225818,1.110e-16
DeepSets,ch4t-test-001243,4,0.358751,-0.032206,-0.105942,0.123957,0.374654,0.193048,-5.599268,-5.819871,0.000e+00
DeepSets,ch4t-test-001244,8,0.914171,-0.029348,-0.118658,0.546306,0.879728,0.280089,-5.271122,-6.037286,1.110e-16
DeepSets,ch4t-test-001245,8,0.001147,0.301919,-0.019666,-0.015689,0.040282,0.184933,-8.981849,-9.265249,5.551e-17
DeepSets,ch4t-test-001246,7,0.006665,0.104756,-0.007186,0.010943,-1.032142,0.159891,-7.214500,-7.318735,0.000e+00
DeepSets,ch4t-test-001247,4,0.130322,0.385403,0.215235,0.021293,0.755027,0.146593,-7.779349,-8.510310,0.000e+00
DeepSets,ch4t-test-001248,8,1.565574,0.634081,-0.562834,0.761767,1.209454,1.749964,-4.257726,-5.894546,0.000e+00
DeepSets,ch4t-test-001249,4,0.491808,0.440122,0.509561,0.156625,-0.705871,0.443295,-4.415648,-5.857139,0.000e+00
DeepSets,ch4t-test-001250,4,0.945936,0.028655,-0.177004,0.703239,0.420412,0.476179,-5.715442,-6.513029,0.000e+00
DeepSets,ch4t-test-001251,5,3.955409,-1.077947,-1.615799,1.643460,0.418769,1.091973,-4.729826,-5.991489,0.000e+00
DeepSets,ch4t-test-001252,4,-0.085025,0.347849,-0.094582,0.016900,-0.083697,0.192994,-7.263601,-7.431843,0.000e+00
DeepSets,ch4t-test-001253,7,2.344899,0.207373,-0.623905,0.336244,0.305722,0.867797,-2.873417,-4.801785,0.000e+00
DeepSets,ch4t-test-001254,6,2.146737,0.265734,-0.543942,1.164374,0.454773,1.572505,-3.577044,-5.445573,2.220e-16
DeepSets,ch4t-test-001255,4,-1.169011,-1.747647,2.437869,0.314253,-1.374874,1.034056,-6.109088,-5.630300,4.441e-16
DeepSets,ch4t-test-001256,5,0.781607,-0.530852,0.533567,0.186851,-1.072736,0.232193,-6.064688,-6.849010,2.220e-16
DeepSets,ch4t-test-001257,7,2.497806,1.142582,-1.769066,1.255301,1.097963,3.153205,-4.336120,-6.207442,0.000e+00
DeepSets,ch4t-test-001258,4,-0.021386,0.244127,0.044559,-0.022463,-0.903228,0.161231,-7.890823,-8.158123,0.000e+00
DeepSets,ch4t-test-001259,8,0.849019,0.311433,-0.713348,0.725857,1.184644,0.897582,-5.113419,-5.560524,1.110e-16
DeepSets,ch4t-test-001260,8,0.573870,0.111650,-0.312450,0.423873,0.659162,0.794956,-5.827758,-6.200827,5.551e-17
DeepSets,ch4t-test-001261,6,1.313129,0.109990,-0.203435,0.405211,-0.046242,0.556992,-5.503837,-6.723522,0.000e+00
DeepSets,ch4t-test-001262,6,0.354926,0.331359,0.016752,0.097178,0.423864,0.135570,-7.429774,-8.132810,0.000e+00
DeepSets,ch4t-test-001263,4,0.704311,-0.312479,0.280325,0.657696,-0.010242,1.070152,-5.188379,-5.860536,1.110e-16
DeepSets,ch4t-test-001264,6,-0.081028,1.258933,-0.176317,0.038395,0.846875,0.175437,-7.777251,-8.778840,0.000e+00
DeepSets,ch4t-test-001265,8,-0.453643,0.079942,0.238453,0.706137,1.061979,0.347272,-5.918335,-5.783087,5.551e-17
DeepSets,ch4t-test-001266,8,-0.354241,-1.115180,1.644662,1.059438,0.901794,1.532632,-8.061447,-8.236688,4.441e-16
DeepSets,ch4t-test-001267,6,0.268604,0.303466,0.437846,0.213986,0.883145,0.832176,-7.248886,-8.258803,0.000e+00
DeepSets,ch4t-test-001268,7,0.010791,0.436747,-0.041110,-0.041889,0.653099,0.157611,-6.856393,-7.262821,0.000e+00
DeepSets,ch4t-test-001269,6,0.533468,0.152359,0.029635,0.923800,0.975652,0.903673,-4.843150,-5.558612,0.000e+00
DeepSets,ch4t-test-001270,7,-0.028603,0.187242,-0.050473,0.029866,-0.393951,0.139290,-8.588559,-8.696724,0.000e+00
DeepSets,ch4t-test-001271,6,1.167737,-0.446036,0.142300,0.666286,0.664873,1.212514,-5.401514,-6.265515,2.220e-16
DeepSets,ch4t-test-001272,5,1.391798,0.316124,0.556237,0.612791,1.333682,1.695601,-5.114235,-7.378394,0.000e+00
DeepSets,ch4t-test-001273,8,0.289416,1.107276,-0.298509,0.940639,0.393236,2.490423,-7.225213,-8.323396,0.000e+00
DeepSets,ch4t-test-001274,4,0.251360,0.767112,0.011870,0.000458,0.854018,0.177054,-6.179235,-7.209577,0.000e+00
DeepSets,ch4t-test-001275,7,0.531052,0.308165,-0.178467,0.340235,0.887833,0.240427,-4.598388,-5.259138,0.000e+00
DeepSets,ch4t-test-001276,4,-0.001763,0.693769,-0.040042,-0.022517,0.318311,0.176680,-6.172923,-6.824886,0.000e+00
DeepSets,ch4t-test-001277,6,-0.411865,-0.381085,0.643402,0.189959,-1.284314,1.202318,-7.033529,-6.883980,0.000e+00
DeepSets,ch4t-test-001278,6,0.978046,0.349298,0.140382,0.196586,1.231617,0.594496,-4.457865,-5.925590,2.220e-16
DeepSets,ch4t-test-001279,7,-0.558586,-0.268876,0.050788,0.561387,-0.217329,0.524497,-7.243086,-6.466412,0.000e+00
DeepSets,ch4t-test-001280,7,-0.044724,2.005589,-0.041797,0.005472,0.782865,0.192912,-5.838679,-7.757747,4.441e-16
DeepSets,ch4t-test-001281,5,0.136380,-0.769026,-0.267820,0.208780,0.880000,0.453677,-8.296814,-7.396348,0.000e+00
DeepSets,ch4t-test-001282,5,1.745545,-0.124770,-0.412978,0.802401,-0.040126,0.723628,-3.812794,-5.020591,0.000e+00
DeepSets,ch4t-test-001283,5,1.302923,0.248874,-0.657856,1.205041,0.994076,1.278018,-7.874171,-8.768111,2.220e-16
DeepSets,ch4t-test-001284,5,0.914423,0.272723,-0.143905,0.480522,0.189328,0.570588,-3.777826,-4.821068,0.000e+00
DeepSets,ch4t-test-001285,7,2.000140,0.735797,-0.942976,0.745769,1.182220,1.707203,-2.747382,-4.540342,4.441e-16
DeepSets,ch4t-test-001286,7,-0.005226,0.192361,-0.014598,0.004872,-1.187465,0.136075,-8.661263,-8.833800,2.776e-17
DeepSets,ch4t-test-001287,5,1.323850,-0.422964,0.445625,0.380307,0.375620,0.902155,-3.972307,-5.318818,0.000e+00
DeepSets,ch4t-test-001288,8,0.078563,0.828209,-0.122186,-0.043840,0.886440,0.195032,-6.414702,-7.199288,1.110e-16
DeepSets,ch4t-test-001289,7,-0.017633,0.935084,-0.060051,0.017872,0.616935,0.204430,-6.622913,-7.480313,0.000e+00
DeepSets,ch4t-test-001290,6,-0.293513,0.253011,-0.020628,-0.018284,-0.045218,0.139052,-10.943517,-10.882388,0.000e+00
DeepSets,ch4t-test-001291,6,0.294754,-0.334669,-0.151147,0.566188,1.104921,0.591554,-4.725679,-4.534617,0.000e+00
DeepSets,ch4t-test-001292,7,0.030762,0.012549,-0.011412,0.011545,-0.324911,0.148736,-8.098615,-8.130514,0.000e+00
DeepSets,ch4t-test-001293,6,1.514866,-0.092729,-0.258824,0.579983,0.381333,1.292556,-5.502724,-6.666036,2.220e-16
DeepSets,ch4t-test-001294,6,3.463636,0.283760,-0.475849,0.365581,0.609255,0.497813,-4.702478,-7.974026,0.000e+00
DeepSets,ch4t-test-001295,6,1.859252,0.544073,-0.242034,0.523609,0.777615,0.413338,-3.279961,-5.441252,4.441e-16
DeepSets,ch4t-test-001296,8,2.190692,-0.078930,-0.508211,0.760025,-0.484785,0.754096,-3.479670,-5.083221,4.441e-16
DeepSets,ch4t-test-001297,5,1.747763,-0.436220,-0.306477,1.482736,0.119021,0.751375,-3.906863,-4.911929,0.000e+00
DeepSets,ch4t-test-001298,7,1.257667,0.070617,-0.267916,0.465396,0.931053,0.356909,-5.832109,-6.892478,0.000e+00
DeepSets,ch4t-test-001299,8,3.323293,-0.497707,-1.350977,2.308030,-0.054451,1.735551,-3.413543,-4.888152,2.220e-16
DeepSets,ch4t-test-001300,5,1.707188,0.240868,-0.369778,0.461159,-0.509994,0.584337,-4.832564,-6.410842,0.000e+00
DeepSets,ch4t-test-001301,5,0.866263,0.198731,-0.032085,0.297636,0.651616,0.191892,-6.763961,-7.796871,0.000e+00
DeepSets,ch4t-test-001302,5,1.859776,0.172260,-0.683857,0.713416,0.295861,0.909635,-4.677634,-6.025814,0.000e+00
DeepSets,ch4t-test-001303,6,0.778430,-0.025188,-0.062251,2.356766,1.012267,1.077814,-5.798251,-6.489241,0.000e+00
DeepSets,ch4t-test-001304,7,0.885240,0.308593,0.044167,0.912314,1.035647,2.205382,-3.809439,-5.047440,0.000e+00
DeepSets,ch4t-test-001305,4,0.134803,0.280862,0.009750,0.015927,0.961410,0.155594,-5.648170,-6.073584,0.000e+00
DeepSets,ch4t-test-001306,5,1.560580,0.329168,-0.121884,0.757106,0.881255,0.573242,-4.848005,-6.615869,0.000e+00
DeepSets,ch4t-test-001307,6,2.320720,-0.735877,-0.291869,1.507738,0.875649,1.645385,-3.552089,-4.845063,4.441e-16
DeepSets,ch4t-test-001308,8,-0.017081,1.089811,-0.095940,0.017094,0.633146,0.125654,-6.389099,-7.365889,1.110e-16
DeepSets,ch4t-test-001309,4,0.023000,0.082843,-0.002046,-0.005249,-1.653249,0.123632,-6.876940,-6.980737,1.388e-17
DeepSets,ch4t-test-001310,4,2.242946,0.766674,-1.553771,1.107490,0.071541,2.396064,-4.025946,-5.481795,0.000e+00
DeepSets,ch4t-test-001311,7,0.271690,-2.047889,-0.647316,0.898717,0.896963,1.012419,-10.829130,-8.405615,4.441e-16
DeepSets,ch4t-test-001312,6,0.052031,0.465843,0.001826,0.000383,-0.109109,0.159643,-6.399729,-6.919429,0.000e+00
DeepSets,ch4t-test-001313,7,-0.007119,0.193402,-0.029916,-0.031831,-0.085513,0.174721,-8.873173,-9.029540,2.776e-17
DeepSets,ch4t-test-001314,4,-0.001178,0.767782,-0.077710,0.012635,0.031177,0.196668,-7.524708,-8.213602,1.110e-16
DeepSets,ch4t-test-001315,6,0.978351,0.167758,-0.537231,0.492558,0.213220,0.997377,-4.596459,-5.205336,0.000e+00
DeepSets,ch4t-test-001316,5,0.079799,0.021092,-0.072319,0.122147,-0.063559,0.270680,-5.950369,-5.978941,6.939e-18
DeepSets,ch4t-test-001317,7,0.322797,0.168354,0.015438,-0.022001,0.363230,0.138791,-8.681812,-9.188401,0.000e+00
DeepSets,ch4t-test-001318,7,0.129348,0.404062,0.009841,-0.015764,0.578440,0.119919,-5.983588,-6.526839,0.000e+00
DeepSets,ch4t-test-001319,7,3.289726,-0.234377,-1.314906,1.711697,0.548795,1.796904,-5.123126,-6.863569,0.000e+00
DeepSets,ch4t-test-001320,7,1.842608,-0.021129,-0.244613,1.190258,0.807854,1.767512,-4.286949,-5.863816,0.000e+00
DeepSets,ch4t-test-001321,6,1.346514,-0.447719,0.095014,0.653637,0.300075,1.299206,-3.968978,-4.962787,0.000e+00
DeepSets,ch4t-test-001322,7,0.122625,0.682189,0.061819,0.031144,-0.429748,0.123240,-8.500348,-9.366981,0.000e+00
DeepSets,ch4t-test-001323,4,1.972412,0.406081,-0.793282,0.778864,1.172971,0.885332,-4.776245,-6.361457,2.220e-16
DeepSets,ch4t-test-001324,8,1.252781,-0.384683,-0.160190,2.452250,0.903318,0.915299,-4.261820,-4.969728,0.000e+00
DeepSets,ch4t-test-001325,6,2.376080,-0.202000,-0.449644,0.414861,-1.156315,0.458498,-4.832460,-6.556897,2.220e-16
DeepSets,ch4t-test-001326,8,1.845113,0.092814,-0.567801,0.568195,0.874109,1.526515,-5.338708,-6.708834,4.441e-16
DeepSets,ch4t-test-001327,7,2.021109,0.060198,-0.191830,0.916312,0.984805,0.450427,-4.897581,-6.787059,0.000e+00
DeepSets,ch4t-test-001328,4,0.560425,0.079087,-0.038876,0.350411,0.353873,0.425698,-4.140641,-4.741277,0.000e+00
DeepSets,ch4t-test-001329,5,0.106291,0.702308,0.066644,0.026903,0.078892,0.189074,-6.553004,-7.428248,1.110e-16
DeepSets,ch4t-test-001330,8,1.877977,0.075027,-0.388839,0.267815,0.994904,0.239369,-3.536285,-5.100450,0.000e+00
DeepSets,ch4t-test-001331,7,2.376856,-0.089915,-0.211571,1.829744,0.783953,1.272278,-3.481649,-5.557020,0.000e+00
DeepSets,ch4t-test-001332,8,0.734606,0.120715,-0.104830,0.490400,0.957586,0.374481,-4.247890,-4.998381,0.000e+00
DeepSets,ch4t-test-001333,4,-1.657925,-1.725236,-2.041942,0.150793,1.199969,0.563959,-14.456262,-9.031160,0.000e+00
DeepSets,ch4t-test-001334,5,1.069144,-0.189906,-0.144145,1.061864,-0.715028,0.605331,-3.627970,-4.363063,1.110e-16
DeepSets,ch4t-test-001335,5,1.004249,0.275909,-0.269675,0.367881,0.469358,0.485325,-4.355335,-5.365818,2.220e-16
DeepSets,ch4t-test-001336,8,0.610590,0.160495,-0.221669,0.684383,1.019458,1.557209,-6.384247,-6.933662,0.000e+00
DeepSets,ch4t-test-001337,4,-0.551386,0.294846,-0.249185,0.159733,0.605793,0.277021,-9.016207,-8.510482,0.000e+00
DeepSets,ch4t-test-001338,7,0.943029,-0.074101,-0.088941,0.254263,-0.191994,0.373153,-4.576795,-5.356782,0.000e+00
DeepSets,ch4t-test-001339,6,0.198593,-0.028338,-0.124357,0.254860,0.206233,0.475091,-6.550843,-6.596741,1.388e-17
DeepSets,ch4t-test-001340,6,0.878522,0.387920,-0.016900,0.587751,0.966615,1.360638,-4.021033,-5.270575,0.000e+00
DeepSets,ch4t-test-001341,7,-1.519254,-0.918616,1.354791,0.207859,1.141432,0.622232,-5.113031,-4.029952,2.220e-16
DeepSets,ch4t-test-001342,5,0.080835,0.393349,0.223673,-0.014012,0.049090,0.141699,-6.735497,-7.433355,0.000e+00
DeepSets,ch4t-test-001343,7,0.509875,0.235221,-0.113821,0.580041,0.947339,0.750311,-6.018858,-6.650133,0.000e+00
DeepSets,ch4t-test-001344,8,4.145704,-0.386426,-0.857216,0.868076,1.049322,0.664321,-3.034272,-5.936334,0.000e+00
DeepSets,ch4t-test-001345,4,0.938826,-0.396697,-0.266689,1.710948,0.845587,0.976803,-5.629879,-5.905319,0.000e+00
DeepSets,ch4t-test-001346,8,1.016425,0.512261,-0.274433,0.541285,0.819389,0.422296,-5.088398,-6.342651,0.000e+00
DeepSets,ch4t-test-001347,6,0.055277,0.795915,-0.067766,-0.004799,0.511179,0.156129,-5.430699,-6.214125,1.110e-16
DeepSets,ch4t-test-001348,7,1.638158,0.072740,-0.199383,0.367364,0.699348,0.359654,-3.480483,-4.991999,0.000e+00
DeepSets,ch4t-test-001349,5,-0.000832,0.168082,-0.011931,0.003126,-2.304917,0.030643,-8.627648,-8.782966,2.776e-17
DeepSets,ch4t-test-001350,7,1.341718,0.877964,0.308775,0.417626,0.822151,0.865184,-3.746956,-6.275413,0.000e+00
DeepSets,ch4t-test-001351,4,1.045837,0.075152,-0.144920,0.112874,0.910103,0.272222,-4.446679,-5.422748,0.000e+00
DeepSets,ch4t-test-001352,6,0.067648,1.011740,-0.083472,-0.016287,0.258205,0.190227,-5.017997,-6.013913,1.110e-16
DeepSets,ch4t-test-001353,5,0.616415,0.085511,-0.178503,0.868158,1.022840,0.994070,-4.937743,-5.461167,0.000e+00
DeepSets,ch4t-test-001354,4,0.098215,-0.071813,0.499686,0.220991,1.005879,0.817500,-7.304337,-7.830424,0.000e+00
DeepSets,ch4t-test-001355,4,-0.126752,0.203562,0.170330,-0.008539,-2.520669,0.069646,-8.668638,-8.915778,0.000e+00
DeepSets,ch4t-test-001356,6,-0.005567,0.297127,-0.115118,-0.018823,-0.307746,0.184478,-8.478890,-8.655333,0.000e+00
DeepSets,ch4t-test-001357,5,0.009199,0.633693,-0.105730,0.029080,0.229009,0.140595,-5.092937,-5.630099,0.000e+00
DeepSets,ch4t-test-001358,4,0.864114,-0.045719,-0.092498,0.392767,0.827406,0.220926,-6.362699,-7.088596,1.110e-16
DeepSets,ch4t-test-001359,6,-0.922424,-1.394227,1.243396,0.457224,0.718289,1.397752,-10.958728,-9.885473,2.220e-16
DeepSets,ch4t-test-001360,7,0.557836,0.151438,-0.207140,0.604414,0.611279,0.873658,-4.012859,-4.514993,0.000e+00
DeepSets,ch4t-test-001361,8,0.253272,-0.083312,1.023542,0.435599,1.271795,1.602140,-7.834148,-9.027651,0.000e+00
DeepSets,ch4t-test-001362,5,0.561439,0.274856,-0.192065,0.536868,0.884979,1.425387,-6.665060,-7.309291,0.000e+00
DeepSets,ch4t-test-001363,6,1.044510,0.504302,-0.062176,0.094466,0.178830,0.229768,-4.156375,-5.643011,0.000e+00
DeepSets,ch4t-test-001364,8,-0.014674,1.019287,-0.040053,-0.000636,0.645165,0.127016,-5.957701,-6.922262,1.110e-16
DeepSets,ch4t-test-001365,5,0.233713,0.305385,-0.042986,0.029571,1.052095,0.260692,-5.355497,-5.851609,0.000e+00
DeepSets,ch4t-test-001366,4,0.689927,0.368603,-0.140872,0.123044,0.622419,0.438026,-4.745690,-5.663348,0.000e+00
DeepSets,ch4t-test-001367,5,1.609642,-0.196894,-0.302719,0.640074,0.135772,0.475352,-3.300116,-4.410145,2.220e-16
DeepSets,ch4t-test-001368,4,2.409229,-0.489967,-0.577318,1.446774,0.642856,1.178120,-4.682060,-6.024004,0.000e+00
DeepSets,ch4t-test-001369,8,0.444949,-1.843647,0.185528,-0.009588,-0.666632,0.146796,-9.924598,-8.711428,2.220e-16
DeepSets,ch4t-test-001370,5,0.242556,-0.004613,0.953290,0.072600,0.992227,0.425261,-5.213832,-6.405065,2.220e-16
DeepSets,ch4t-test-001371,4,1.370277,0.454518,-0.745287,0.326869,0.750750,1.002940,-7.452933,-8.532441,0.000e+00
DeepSets,ch4t-test-001372,6,0.518181,0.009064,0.187048,0.213317,-0.751070,0.338132,-5.826181,-6.540473,1.110e-16
DeepSets,ch4t-test-001373,5,0.232082,-0.030767,0.898528,0.382706,0.536451,0.829475,-3.785899,-4.885742,2.220e-16
DeepSets,ch4t-test-001374,8,-0.012577,-0.060813,-0.324139,1.092596,1.032406,2.215144,-5.433465,-5.035936,5.551e-17
DeepSets,ch4t-test-001375,4,0.024931,0.157690,-0.025021,-0.018493,-0.981121,0.106626,-9.098416,-9.256017,0.000e+00
DeepSets,ch4t-test-001376,4,1.136116,0.323927,-0.528881,0.651061,0.702912,0.870954,-4.852174,-5.783336,0.000e+00
DeepSets,ch4t-test-001377,7,2.094039,0.596236,-0.841895,0.798167,0.993394,1.024639,-4.917059,-6.765440,0.000e+00
DeepSets,ch4t-test-001378,5,0.042244,0.429818,-0.051124,-0.027500,-0.269970,0.153238,-9.105573,-9.526511,0.000e+00
DeepSets,ch4t-test-001379,4,-0.016777,1.400191,-0.084076,-0.015289,0.622445,0.152939,-6.250511,-7.549849,2.220e-16
DeepSets,ch4t-test-001380,5,1.280489,-0.147172,-0.147697,0.714739,0.527425,0.456980,-2.878555,-3.864175,1.110e-16
DeepSets,ch4t-test-001381,4,-0.059305,0.622438,0.009418,-0.022857,-0.054933,0.135658,-8.830841,-9.403392,1.110e-16
DeepSets,ch4t-test-001382,7,1.348430,0.115416,-0.124763,0.884552,1.024468,0.639485,-3.949002,-5.288085,0.000e+00
DeepSets,ch4t-test-001383,5,-0.114458,-0.261762,-0.538931,0.369010,0.701037,1.012272,-6.937679,-6.022528,1.110e-16
DeepSets,ch4t-test-001384,6,1.594233,-0.191237,-0.287703,0.620654,0.900304,0.469576,-4.898999,-6.014292,2.220e-16
DeepSets,ch4t-test-001385,8,1.858000,-0.130542,-0.242905,1.349099,1.236331,1.096177,-3.378515,-4.863067,0.000e+00
DeepSets,ch4t-test-001386,5,0.068557,0.193738,-0.031456,-0.007208,-1.820959,0.094788,-8.532365,-8.763203,2.776e-17
DeepSets,ch4t-test-001387,8,1.852363,1.005402,-0.080374,0.303515,0.502064,0.358355,-4.298842,-7.076234,0.000e+00
DeepSets,ch4t-test-001388,4,0.334905,0.172873,-0.107286,0.061658,1.151433,0.255378,-6.336322,-6.736815,0.000e+00
DeepSets,ch4t-test-001389,7,1.883499,0.055136,-0.719913,0.316913,1.189254,0.503152,-3.515068,-4.733790,2.220e-16
DeepSets,ch4t-test-001390,5,-0.045587,-0.086256,0.032106,0.222818,0.624756,0.556280,-5.871326,-5.771589,2.776e-17
DeepSets,ch4t-test-001391,7,0.028028,0.068315,0.011676,-0.040794,-0.200703,0.128798,-6.506366,-6.614385,0.000e+00
DeepSets,ch4t-test-001392,5,1.231218,1.009449,0.259456,0.186351,0.648116,0.554903,-3.827039,-6.327163,4.441e-16
DeepSets,ch4t-test-001393,6,0.281759,-0.043144,-0.040202,0.873108,1.208472,2.182024,-8.088372,-8.286785,2.776e-17
DeepSets,ch4t-test-001394,4,1.941350,-0.693148,-0.266963,2.011045,0.038752,0.633413,-3.744576,-4.725814,2.220e-16
DeepSets,ch4t-test-001395,8,0.511278,-0.160577,-0.116851,0.442892,0.733442,0.238424,-3.637321,-3.871171,2.776e-17
DeepSets,ch4t-test-001396,7,1.021566,-0.146811,-0.119537,1.046585,0.810404,0.305213,-4.512194,-5.267412,0.000e+00
DeepSets,ch4t-test-001397,7,0.190603,0.013294,0.727300,0.673281,0.418397,1.378498,-5.129387,-6.060584,0.000e+00
DeepSets,ch4t-test-001398,7,-0.003721,-0.004405,0.043234,-0.015970,-1.719654,0.085954,-9.028502,-9.063610,0.000e+00
DeepSets,ch4t-test-001399,8,3.675246,0.448215,-1.118959,1.519212,0.713559,1.733515,-3.961560,-6.966062,4.441e-16
DeepSets,ch4t-test-001400,7,1.932389,-0.118680,-0.171439,0.685273,1.040963,0.317797,-4.235855,-5.878125,0.000e+00
DeepSets,ch4t-test-001401,8,2.730055,-0.171340,-0.218763,0.524713,0.489630,0.579671,-3.298178,-5.638130,0.000e+00
DeepSets,ch4t-test-001402,8,1.289127,0.346638,-0.043591,0.123827,0.791674,0.109648,-5.586000,-7.178174,0.000e+00
DeepSets,ch4t-test-001403,5,-0.033387,0.160886,0.168727,0.127254,0.788516,0.151678,-7.391127,-7.687354,0.000e+00
DeepSets,ch4t-test-001404,8,0.243115,-0.029487,0.477874,0.423786,0.844234,1.048381,-6.145375,-6.836876,0.000e+00
DeepSets,ch4t-test-001405,8,0.031195,0.708700,0.086121,0.015272,0.526569,0.170561,-6.177133,-7.003149,0.000e+00
DeepSets,ch4t-test-001406,6,-0.011808,-0.417335,1.365768,0.519578,-0.030582,1.365650,-3.990008,-4.926634,2.220e-16
DeepSets,ch4t-test-001407,5,0.720844,0.232617,-0.232376,0.218806,0.582609,0.571205,-8.901755,-9.622841,0.000e+00
DeepSets,ch4t-test-001408,5,0.076799,1.919226,-0.041338,-0.009373,0.944145,0.195691,-4.544511,-6.499198,2.220e-16
DeepSets,ch4t-test-001409,8,2.192561,0.092615,-0.488184,1.338954,0.975778,1.242512,-3.636182,-5.433174,0.000e+00
DeepSets,ch4t-test-001410,4,0.007131,0.762292,0.080646,-0.013162,-1.378014,0.136214,-8.162685,-9.012754,1.110e-16
DeepSets,ch4t-test-001411,5,1.717445,0.590911,-0.443538,0.615739,0.641546,1.053557,-4.080572,-5.945390,0.000e+00
DeepSets,ch4t-test-001412,7,2.317335,0.089005,-1.295850,1.514947,0.372975,2.471127,-5.493495,-6.603985,4.441e-16
DeepSets,ch4t-test-001413,8,0.060072,-0.324075,0.179177,0.301929,0.632764,0.482694,-5.949901,-5.865075,0.000e+00
DeepSets,ch4t-test-001414,8,-0.081434,-0.580763,-0.444184,0.756872,0.184494,1.120258,-8.134247,-7.027866,0.000e+00
DeepSets,ch4t-test-001415,4,0.700728,-0.004534,0.256075,0.240172,-0.008600,0.415624,-4.716401,-5.668670,1.110e-16
DeepSets,ch4t-test-001416,6,0.007938,0.397931,-0.039339,0.007068,0.523467,0.131707,-8.273287,-8.639817,0.000e+00
DeepSets,ch4t-test-001417,7,1.718444,1.010734,-0.977901,0.907539,0.789163,1.933159,-5.047513,-6.798789,2.220e-16
DeepSets,ch4t-test-001418,5,-0.022290,0.724924,-0.089725,0.013088,0.743628,0.223634,-5.468181,-6.081089,0.000e+00
DeepSets,ch4t-test-001419,6,3.207714,-0.821964,-0.931932,2.316073,0.710315,1.252323,-3.504054,-4.957872,2.220e-16
DeepSets,ch4t-test-001420,4,-0.132021,-0.062369,-0.054468,0.687467,-0.676221,1.459838,-5.422884,-5.174026,2.776e-17
DeepSets,ch4t-test-001421,6,-0.230672,-2.126651,0.400867,-0.020709,0.609549,0.190993,-9.208568,-7.252112,2.220e-16
DeepSets,ch4t-test-001422,8,0.580855,-0.124704,0.815568,0.086196,0.989527,0.460402,-6.001315,-7.273034,2.220e-16
DeepSets,ch4t-test-001423,7,0.407368,-0.841418,0.248684,0.504962,-0.315827,1.016989,-6.888127,-6.702761,1.110e-16
DeepSets,ch4t-test-001424,5,-0.944676,-0.700556,0.641789,0.754032,0.383189,1.034730,-7.666166,-6.662723,0.000e+00
DeepSets,ch4t-test-001425,5,0.878529,-0.674637,1.947863,0.376663,0.134823,1.434026,-5.543262,-7.695018,0.000e+00
DeepSets,ch4t-test-001426,7,1.319333,0.251122,-0.332337,0.652038,1.041122,0.932173,-5.720327,-6.958445,0.000e+00
DeepSets,ch4t-test-001427,4,0.019842,-0.123380,-0.048798,0.537493,1.033687,0.506024,-5.410039,-5.257702,0.000e+00
DeepSets,ch4t-test-001428,8,1.824588,-0.188296,-0.572649,1.209485,1.306412,1.183506,-5.459181,-6.522824,2.220e-16
DeepSets,ch4t-test-001429,5,-0.287592,-0.253289,0.391529,0.250716,1.028324,0.239584,-6.024619,-5.875268,0.000e+00
DeepSets,ch4t-test-001430,8,1.645323,0.041842,-0.170936,0.887872,0.727116,0.483613,-3.621706,-5.137935,2.220e-16
DeepSets,ch4t-test-001431,7,0.555758,0.128932,-0.199778,0.780995,1.126081,0.375724,-6.743555,-7.228468,5.551e-17
DeepSets,ch4t-test-001432,6,0.968250,0.305853,-0.222112,0.235847,-1.480700,0.482673,-4.085316,-5.137307,0.000e+00
DeepSets,ch4t-test-001433,4,0.325300,-0.095060,0.075167,0.227535,0.626333,0.945649,-5.916421,-6.221828,0.000e+00
DeepSets,ch4t-test-001434,5,-0.002966,0.033070,-0.011400,0.007724,-2.244724,0.077283,-7.388778,-7.407483,3.469e-18
DeepSets,ch4t-test-001435,4,0.745099,0.281265,-0.268070,0.668003,0.580140,0.667876,-6.346305,-7.104600,0.000e+00
DeepSets,ch4t-test-001436,6,0.396718,0.640309,0.011946,0.168294,0.961330,0.229283,-6.067963,-7.116937,0.000e+00
DeepSets,ch4t-test-001437,4,0.351695,0.011068,-0.120623,0.687935,0.921215,0.389303,-6.967530,-7.209670,0.000e+00
DeepSets,ch4t-test-001438,4,-0.020336,0.226664,-0.026238,0.539688,0.416193,0.220517,-6.595800,-6.775889,2.776e-17
DeepSets,ch4t-test-001439,6,0.974684,0.140182,-0.257464,0.467727,0.948311,0.284445,-3.846798,-4.704200,1.110e-16
DeepSets,ch4t-test-001440,7,0.899848,0.323142,-0.350647,0.791876,0.935035,1.015641,-4.870782,-5.743126,0.000e+00
DeepSets,ch4t-test-001441,7,0.825110,-0.255466,-0.302637,1.038193,0.992495,2.838497,-5.022349,-5.289356,0.000e+00
DeepSets,ch4t-test-001442,8,2.382140,-0.328380,-0.428870,1.159570,0.628173,1.221069,-3.874184,-5.499075,0.000e+00
DeepSets,ch4t-test-001443,5,2.860469,-0.745721,-0.361916,1.368720,0.543391,0.560809,-3.567415,-5.320247,4.441e-16
DeepSets,ch4t-test-001444,8,0.003338,0.054812,-0.030000,-0.009524,-1.440499,0.107672,-6.125126,-6.153275,0.000e+00
DeepSets,ch4t-test-001445,7,-0.011456,0.731152,-0.080640,-0.010175,0.116693,0.147062,-9.312396,-9.951452,0.000e+00
DeepSets,ch4t-test-001446,4,-0.003894,0.049980,-0.009728,0.009373,-2.507025,0.046871,-8.548890,-8.585248,6.939e-18
DeepSets,ch4t-test-001447,8,2.320191,0.001414,-0.245510,1.134321,0.545018,1.199256,-5.931291,-8.007385,4.441e-16
DeepSets,ch4t-test-001448,7,0.898650,0.304012,-0.071913,0.022170,1.073639,0.259604,-5.499559,-6.630308,0.000e+00
DeepSets,ch4t-test-001449,4,-0.104090,-0.064387,0.480381,0.314963,0.383922,0.522389,-9.118232,-9.430137,0.000e+00
DeepSets,ch4t-test-001450,4,1.024623,0.578759,-0.938048,0.288983,1.017837,0.436542,-4.767428,-5.432763,1.110e-16
DeepSets,ch4t-test-001451,4,0.434042,0.011885,-0.166148,1.058964,0.088274,0.478359,-5.682558,-5.962336,0.000e+00
DeepSets,ch4t-test-001452,4,0.356551,0.078182,-0.289650,1.079528,0.340815,2.248920,-7.472709,-7.617793,0.000e+00
DeepSets,ch4t-test-001453,4,0.430408,0.407777,0.147816,0.069322,0.613802,0.213397,-6.481104,-7.467106,1.110e-16
DeepSets,ch4t-test-001454,7,1.071888,0.583391,-0.418802,0.362818,1.150406,0.801141,-4.370650,-5.607126,0.000e+00
DeepSets,ch4t-test-001455,4,0.775394,-0.631387,0.307124,0.785487,0.513588,1.386119,-7.560501,-8.011631,0.000e+00
DeepSets,ch4t-test-001456,7,0.643761,-0.003628,-0.130562,0.518743,0.865616,0.360627,-5.950485,-6.460056,0.000e+00
DeepSets,ch4t-test-001457,7,0.790543,-0.065677,-0.312964,1.438594,0.959676,1.297108,-5.444501,-5.856402,0.000e+00
DeepSets,ch4t-test-001458,6,0.278574,-1.199703,0.389316,0.050510,0.830198,0.205831,-7.028656,-6.496844,0.000e+00
DeepSets,ch4t-test-001459,5,-0.046006,-0.046931,-0.390395,1.095630,1.235372,1.397589,-7.165534,-6.682201,5.551e-17
DeepSets,ch4t-test-001460,5,0.260755,-0.274873,0.181145,-0.019114,-0.514607,0.123582,-9.095077,-9.262104,5.551e-17
DeepSets,ch4t-test-001461,5,-0.293373,0.292732,0.287919,0.562481,0.961657,0.379350,-4.857607,-5.144884,5.551e-17
DeepSets,ch4t-test-001462,6,2.652762,-1.234281,-0.693286,1.223726,-0.044028,0.793419,-4.625115,-5.350310,0.000e+00
DeepSets,ch4t-test-001463,8,0.037605,0.348730,-0.020977,-0.075361,0.015688,0.158514,-8.681280,-9.046638,5.551e-17
DeepSets,ch4t-test-001464,7,2.813499,-0.959796,-0.362995,0.786056,-0.704013,0.687102,-3.123916,-4.614625,0.000e+00
DeepSets,ch4t-test-001465,4,0.855963,0.817075,-0.280218,0.067666,0.926423,0.138805,-6.777956,-8.170776,0.000e+00
DeepSets,ch4t-test-001466,6,1.558163,0.250375,-0.410036,0.402276,-0.317051,0.558889,-3.652920,-5.051421,0.000e+00
DeepSets,ch4t-test-001467,4,0.020412,0.233306,0.086613,-0.053716,0.312492,0.122685,-6.757844,-7.098175,0.000e+00
DeepSets,ch4t-test-001468,8,-0.002521,-0.484067,0.835884,0.194030,0.553841,0.765389,-8.909009,-9.258304,5.551e-17
DeepSets,ch4t-test-001469,5,0.968387,0.128961,-0.064899,0.282506,1.062682,0.191295,-5.290898,-6.323347,0.000e+00
DeepSets,ch4t-test-001470,5,1.378845,0.604433,-0.790191,1.126215,0.331264,2.143281,-5.932775,-7.125862,0.000e+00
DeepSets,ch4t-test-001471,8,1.388960,0.297805,-0.494500,0.958749,0.878482,1.134262,-4.200537,-5.392802,0.000e+00
DeepSets,ch4t-test-001472,7,1.540594,0.563811,-0.362075,0.252769,0.986419,0.535348,-4.506358,-6.248686,0.000e+00
DeepSets,ch4t-test-001473,4,0.582467,0.165284,0.338391,0.065364,0.326335,0.185162,-6.207161,-7.293303,0.000e+00
DeepSets,ch4t-test-001474,5,0.315985,0.024836,0.042313,0.517513,0.439463,0.981696,-4.554542,-4.937676,5.551e-17
DeepSets,ch4t-test-001475,4,0.448419,-0.416777,0.247371,0.104258,-0.335524,0.211011,-8.656347,-8.935359,5.551e-17
DeepSets,ch4t-test-001476,6,0.020794,0.859719,-0.132772,-0.027726,0.481941,0.262353,-6.559228,-7.306969,1.110e-16
DeepSets,ch4t-test-001477,7,1.741884,0.330725,-1.128909,0.723124,-0.851768,1.278660,-5.510397,-6.454097,0.000e+00
DeepSets,ch4t-test-001478,7,0.496832,0.064109,-0.059975,0.272700,0.945132,0.216504,-3.861184,-4.362150,0.000e+00
DeepSets,ch4t-test-001479,7,1.228660,0.327621,-0.191020,1.090863,0.994573,1.770373,-4.947207,-6.312468,0.000e+00
DeepSets,ch4t-test-001480,4,-0.068125,-0.399376,0.064166,0.016073,0.749694,0.196444,-8.287868,-7.884532,0.000e+00
DeepSets,ch4t-test-001481,8,0.029922,0.546915,-0.072882,-0.003361,-0.335521,0.154611,-8.434210,-8.938165,0.000e+00
DeepSets,ch4t-test-001482,4,1.077601,0.189233,-0.385456,0.748518,0.417724,0.789395,-6.404792,-7.286171,0.000e+00
DeepSets,ch4t-test-001483,5,0.996766,0.744594,0.023240,0.169015,-1.802469,0.604902,-8.741756,-10.506356,0.000e+00
DeepSets,ch4t-test-001484,6,0.672401,0.018201,0.049753,0.144882,0.359270,0.360529,-3.991997,-4.732352,1.110e-16
DeepSets,ch4t-test-001485,5,1.761882,0.311490,-0.308124,0.484498,1.044407,0.460238,-4.440313,-6.205562,2.220e-16
DeepSets,ch4t-test-001486,6,0.807916,0.107591,-0.161010,0.820654,1.041254,0.353386,-4.548783,-5.303280,0.000e+00
DeepSets,ch4t-test-001487,7,0.495338,0.113131,0.092291,0.511283,1.243121,0.396873,-4.477374,-5.178134,1.110e-16
DeepSets,ch4t-test-001488,5,0.001974,-0.025543,-0.027485,-0.000000,-0.448857,0.180226,-7.525204,-7.474151,0.000e+00
DeepSets,ch4t-test-001489,7,3.282817,0.027424,-1.563495,0.860483,-0.104175,1.330048,-4.733033,-6.479779,4.441e-16
DeepSets,ch4t-test-001490,8,1.219147,0.168868,-1.302980,1.475004,1.212969,2.033288,-5.622042,-5.707077,1.943e-16
DeepSets,ch4t-test-001491,4,-0.114711,-0.121895,0.081876,1.106304,0.644506,1.212650,-6.595460,-6.440731,0.000e+00
DeepSets,ch4t-test-001492,5,1.340858,0.074397,-0.645277,1.231995,0.558997,1.124682,-8.208438,-8.978416,1.110e-16
DeepSets,ch4t-test-001493,5,0.007610,0.296646,-0.020936,-0.027910,-0.376303,0.148114,-6.594402,-6.877722,0.000e+00
DeepSets,ch4t-test-001494,5,-0.316580,-0.095553,0.483644,0.091691,0.593389,0.259554,-5.955271,-6.026781,2.776e-17
DeepSets,ch4t-test-001495,5,1.263465,0.308397,-0.859257,0.733972,0.866565,1.237856,-3.094402,-3.807008,1.110e-16
DeepSets,ch4t-test-001496,5,1.725846,-0.032402,-0.145276,0.712417,0.842703,1.381992,-5.960790,-7.508958,0.000e+00
DeepSets,ch4t-test-001497,6,2.890801,0.786439,-1.866570,1.652263,0.449427,3.329507,-3.719626,-5.530296,2.220e-16
DeepSets,ch4t-test-001498,5,0.041352,0.349696,-0.008173,0.029600,0.000541,0.152373,-8.225077,-8.607953,0.000e+00
DeepSets,ch4t-test-001499,8,0.671339,0.311393,-0.115229,0.139497,0.757271,0.251063,-5.880553,-6.748056,1.110e-16
DeepSets,ch4t-test-001500,8,2.450608,-0.053188,-0.142627,2.478168,1.293804,1.006567,-3.690647,-5.945441,4.441e-16
DeepSets,ch4t-test-001501,4,1.384051,0.618386,-0.819655,0.464382,0.772263,0.947876,-4.738475,-5.921257,0.000e+00
DeepSets,ch4t-test-001502,5,2.882947,-0.508981,-0.373567,1.156198,0.886260,0.368168,-2.844302,-4.844701,0.000e+00
DeepSets,ch4t-test-001503,7,0.234751,-0.473930,-0.158649,0.695119,-0.208549,1.364972,-4.472247,-4.074420,0.000e+00
DeepSets,ch4t-test-001504,8,0.800233,-0.065609,0.035253,0.646644,0.988729,0.848475,-5.214947,-5.984823,0.000e+00
DeepSets,ch4t-test-001505,7,1.220063,-0.106509,-0.211866,0.909044,0.376629,1.476251,-5.214531,-6.116219,2.220e-16
DeepSets,ch4t-test-001506,6,2.347646,-0.480283,-0.450512,1.359154,0.995501,0.555981,-3.189351,-4.606203,0.000e+00
DeepSets,ch4t-test-001507,8,1.904932,0.417259,-1.356862,2.495749,1.479974,2.894811,-7.368487,-8.333816,1.110e-16
DeepSets,ch4t-test-001508,5,0.007029,0.662893,-0.262976,-0.017496,0.725721,0.203010,-6.887597,-7.294543,5.551e-17
DeepSets,ch4t-test-001509,4,0.563363,0.451535,-0.060714,0.137188,0.895037,0.208932,-6.042022,-6.996207,0.000e+00
DeepSets,ch4t-test-001510,7,1.097760,0.282743,-0.177780,0.298061,1.113863,0.275944,-6.636383,-7.839107,0.000e+00
DeepSets,ch4t-test-001511,8,1.796069,0.369247,-1.143263,0.604792,-0.435996,0.924191,-4.859044,-5.881097,2.220e-16
DeepSets,ch4t-test-001512,8,1.398222,0.296502,-0.755996,0.978035,-0.058199,1.152913,-4.311171,-5.249898,1.110e-16
DeepSets,ch4t-test-001513,5,-0.007380,0.389384,0.264138,-0.023029,-0.578984,0.172016,-7.846724,-8.492866,0.000e+00
DeepSets,ch4t-test-001514,4,0.061255,0.046632,-0.105221,-0.050540,-1.013215,0.172378,-7.978945,-7.981612,0.000e+00
DeepSets,ch4t-test-001515,7,1.012071,0.466750,-0.191614,0.385425,0.772744,0.248381,-6.279282,-7.566488,0.000e+00
DeepSets,ch4t-test-001516,4,1.221843,0.326598,-1.110200,0.781867,0.777757,1.594755,-5.535010,-5.973251,5.551e-17
DeepSets,ch4t-test-001517,4,2.914064,0.007202,-0.254076,0.374127,0.828292,0.224148,-2.946326,-5.613515,0.000e+00
DeepSets,ch4t-test-001518,7,0.552182,0.277009,0.006689,0.167868,1.040791,0.152511,-6.221610,-7.057490,0.000e+00
DeepSets,ch4t-test-001519,5,-0.292480,-0.377508,0.106377,0.205630,0.878815,0.284563,-6.897427,-6.333816,0.000e+00
DeepSets,ch4t-test-001520,4,0.470594,0.727826,0.330340,0.085719,-0.347126,0.333773,-6.763151,-8.291911,0.000e+00
DeepSets,ch4t-test-001521,6,0.042777,-1.205567,0.082173,1.037396,1.291294,1.766607,-10.075159,-8.994542,0.000e+00
DeepSets,ch4t-test-001522,6,0.394659,-0.511854,1.132244,0.274488,-0.728863,0.960433,-7.642756,-8.657806,2.220e-16
DeepSets,ch4t-test-001523,8,0.325557,0.402597,-0.204112,0.224396,1.043267,0.584391,-6.976077,-7.500118,0.000e+00
DeepSets,ch4t-test-001524,8,1.419512,0.357163,-0.425654,0.435023,1.190869,0.427455,-3.823682,-5.174704,0.000e+00
DeepSets,ch4t-test-001525,6,0.128617,-1.227205,-0.624368,2.336526,0.466852,1.157987,-7.852191,-6.129235,0.000e+00
DeepSets,ch4t-test-001526,7,2.912906,-0.310548,-0.086407,1.267247,0.368536,0.861780,-1.827937,-4.343888,0.000e+00
DeepSets,ch4t-test-001527,6,0.562696,0.032245,-0.122976,0.508095,0.631341,0.253957,-4.638186,-5.110151,1.110e-16
DeepSets,ch4t-test-001528,4,-1.431340,-1.758059,2.188315,0.971149,0.108328,2.158999,-8.105408,-7.104324,4.441e-16
DeepSets,ch4t-test-001529,5,0.757382,-0.427963,0.152008,0.119631,0.245582,0.173792,-9.423793,-9.905220,5.551e-17
DeepSets,ch4t-test-001530,8,2.587128,-0.510133,-0.480382,1.939001,-0.175391,1.537974,-2.686901,-4.283514,2.220e-16
DeepSets,ch4t-test-001531,5,1.603498,0.064354,-0.229158,0.601992,0.567308,0.571473,-5.602368,-7.041062,2.220e-16
DeepSets,ch4t-test-001532,5,1.777561,-0.784210,-0.420746,1.208573,0.948639,0.542719,-3.362246,-3.934850,2.220e-16
DeepSets,ch4t-test-001533,4,0.467184,-0.214016,-0.325932,0.423114,-0.805321,1.273905,-7.038832,-6.966068,2.776e-17
DeepSets,ch4t-test-001534,8,1.915747,0.128335,-0.389058,1.136497,0.721177,2.025950,-5.653464,-7.308488,0.000e+00
DeepSets,ch4t-test-001535,8,2.700054,-0.542037,-0.708368,0.463214,0.916018,0.682882,-3.252155,-4.701805,0.000e+00
DeepSets,ch4t-test-001536,6,1.152421,-0.460031,-0.080179,0.779713,-0.692211,1.350659,-5.167629,-5.779839,2.220e-16
DeepSets,ch4t-test-001537,7,0.486361,-0.487522,0.182569,1.161552,0.049164,2.563223,-7.581490,-7.762898,5.551e-17
DeepSets,ch4t-test-001538,7,0.422914,0.355248,-0.308262,0.201463,1.167322,0.635224,-5.526055,-5.995956,5.551e-17
DeepSets,ch4t-test-001539,8,1.056561,-0.016052,-0.098235,0.235297,0.620038,0.213333,-3.377375,-4.319649,2.220e-16
DeepSets,ch4t-test-001540,8,-1.705889,-1.260861,1.442136,0.205961,0.895590,0.256579,-8.340822,-6.816209,2.220e-16
DeepSets,ch4t-test-001541,6,1.660671,0.130091,-0.492078,1.432346,1.017320,1.420061,-3.609142,-4.907826,0.000e+00
DeepSets,ch4t-test-001542,8,1.906268,-0.152285,0.112574,0.188337,1.033546,0.236643,-2.681086,-4.547643,4.441e-16
DeepSets,ch4t-test-001543,7,0.419677,0.169969,0.147111,0.730830,1.286627,2.389135,-7.756040,-8.492798,0.000e+00
DeepSets,ch4t-test-001544,6,3.022942,-0.088955,-0.744876,1.025242,0.605066,0.905096,-4.128076,-6.317188,4.441e-16
DeepSets,ch4t-test-001545,7,-0.005812,-0.232508,0.722343,0.746332,0.606581,1.011221,-7.311907,-7.795930,5.551e-17
DeepSets,ch4t-test-001546,4,0.017416,1.098318,-0.053915,0.037394,0.235583,0.300211,-6.144766,-7.206585,0.000e+00
DeepSets,ch4t-test-001547,4,2.202799,0.178854,-0.284077,1.909742,1.195046,1.796657,-5.890731,-7.988306,0.000e+00
DeepSets,ch4t-test-001548,6,0.802895,-0.006957,-0.182899,0.920503,0.173252,0.977133,-5.206400,-5.819439,0.000e+00
DeepSets,ch4t-test-001549,6,0.390025,-0.032168,-0.090242,0.135309,0.907020,0.190529,-4.592115,-4.859730,0.000e+00
DeepSets,ch4t-test-001550,8,-1.126625,-1.269953,-0.493806,0.820746,0.707268,1.763074,-8.821141,-5.930757,4.441e-16
DeepSets,ch4t-test-001551,4,-0.039548,0.101630,-0.035402,0.015095,-1.570014,0.102764,-9.311506,-9.338185,0.000e+00
DeepSets,ch4t-test-001552,6,0.473066,-0.014314,0.390129,1.393694,-0.073662,2.785344,-6.668479,-7.517360,0.000e+00
DeepSets,ch4t-test-001553,8,3.159512,-0.554327,-0.781399,1.085737,0.887274,0.452694,-4.764377,-6.588162,4.441e-16
DeepSets,ch4t-test-001554,6,1.241239,-0.034899,0.198959,0.210471,-1.058966,0.622676,-4.382081,-5.787378,2.220e-16
DeepSets,ch4t-test-001555,5,1.458350,-0.013024,-0.760101,0.596399,0.758300,0.536595,-4.750316,-5.435541,1.110e-16
DeepSets,ch4t-test-001556,5,1.178468,0.398497,-0.194431,0.939656,0.926861,1.220319,-5.626897,-7.009431,2.220e-16
DeepSets,ch4t-test-001557,8,1.454290,0.481397,-0.791437,0.739781,-0.453690,1.318308,-4.396122,-5.540373,0.000e+00
DeepSets,ch4t-test-001558,4,0.209068,0.078047,0.055508,0.292750,0.829836,0.322928,-5.832468,-6.175090,5.551e-17
DeepSets,ch4t-test-001559,6,0.382826,0.711124,0.088350,0.118312,0.338365,0.217508,-5.002690,-6.184990,0.000e+00
DeepSets,ch4t-test-001560,5,0.026682,0.537082,-0.031146,0.009012,0.616485,0.162296,-6.955381,-7.487998,1.110e-16
DeepSets,ch4t-test-001561,4,-0.016733,0.303947,-0.024733,-0.014345,-1.483596,0.086716,-7.537770,-7.800252,0.000e+00
DeepSets,ch4t-test-001562,8,0.618568,-0.245295,0.789526,0.050624,-0.742190,0.326190,-4.963549,-6.126348,0.000e+00
DeepSets,ch4t-test-001563,5,2.387167,-0.321630,-0.973817,1.084935,0.556251,0.858302,-4.883043,-5.974762,0.000e+00
DeepSets,ch4t-test-001564,5,-0.007041,0.002622,0.068710,-0.004804,0.556476,0.120213,-8.691595,-8.755886,0.000e+00
DeepSets,ch4t-test-001565,8,1.124109,-0.247646,-0.275062,1.128823,0.821790,0.392396,-4.828499,-5.429899,0.000e+00
DeepSets,ch4t-test-001566,5,-0.251431,-0.733760,0.399049,0.508681,-0.586717,1.285120,-5.924793,-5.338651,0.000e+00
DeepSets,ch4t-test-001567,4,0.385310,0.808543,-0.080831,0.045201,0.874790,0.190488,-4.712910,-5.825931,2.220e-16
DeepSets,ch4t-test-001568,7,0.714730,-0.159820,0.110806,0.156367,0.994383,0.143129,-6.090674,-6.756390,0.000e+00
DeepSets,ch4t-test-001569,4,2.797758,0.772534,-1.552789,0.508931,0.926197,0.936255,-5.807414,-7.824916,0.000e+00
DeepSets,ch4t-test-001570,5,-0.077148,-0.018124,0.175879,0.322508,0.306095,1.014568,-5.656875,-5.737482,0.000e+00
DeepSets,ch4t-test-001571,8,0.645155,0.088297,-0.020467,0.163224,0.142284,0.199149,-6.979933,-7.692918,0.000e+00
DeepSets,ch4t-test-001572,5,-0.018330,-0.344326,0.029904,0.311269,0.182193,0.996030,-6.260174,-5.927421,0.000e+00
DeepSets,ch4t-test-001573,6,0.006411,0.274379,-0.026768,-0.035083,-0.319964,0.132504,-8.543112,-8.797134,5.551e-17
DeepSets,ch4t-test-001574,8,1.438290,0.893871,-1.245205,1.017208,0.049695,2.265225,-4.803505,-5.890461,0.000e+00
DeepSets,ch4t-test-001575,4,0.120892,0.079034,-0.014535,-0.114867,-0.170223,0.101684,-7.197513,-7.382904,0.000e+00
DeepSets,ch4t-test-001576,5,1.069816,-1.543160,0.208695,0.005991,-1.274788,0.117439,-6.258673,-5.994024,2.220e-16
DeepSets,ch4t-test-001577,4,2.269716,0.224417,-0.869731,1.140878,0.698913,1.140238,-4.024083,-5.648485,4.441e-16
DeepSets,ch4t-test-001578,7,0.629537,0.122777,-0.130493,0.141892,1.231447,0.401807,-3.695384,-4.317205,0.000e+00
DeepSets,ch4t-test-001579,7,-0.081317,-0.621016,0.049738,0.050585,0.887343,0.160366,-10.497922,-9.845327,0.000e+00
DeepSets,ch4t-test-001580,4,0.020529,0.619066,0.080422,-0.037053,-0.964715,0.180403,-8.799281,-9.519298,1.110e-16
DeepSets,ch4t-test-001581,5,0.230186,-0.857242,0.323176,0.028751,-0.609773,0.136761,-11.488727,-11.184847,1.110e-16
DeepSets,ch4t-test-001582,8,1.622591,0.216730,-0.905627,0.271817,1.013219,0.374746,-3.129528,-4.063221,1.110e-16
DeepSets,ch4t-test-001583,7,2.288653,-0.264951,-0.462193,0.869762,1.130170,0.557996,-3.173983,-4.735492,0.000e+00
DeepSets,ch4t-test-001584,8,0.109955,0.814224,-0.077623,-0.041099,0.131721,0.175788,-7.502179,-8.348735,0.000e+00
DeepSets,ch4t-test-001585,6,0.778010,0.479415,0.268966,0.055110,0.717890,0.133988,-6.180696,-7.707087,0.000e+00
DeepSets,ch4t-test-001586,4,1.680584,0.082879,-1.234202,0.628662,-0.917766,0.815390,-5.156348,-5.685608,0.000e+00
DeepSets,ch4t-test-001587,6,-0.033397,0.921405,-0.026482,0.044671,-0.052538,0.202672,-7.803034,-8.664560,1.110e-16
DeepSets,ch4t-test-001588,5,0.035274,0.012133,0.149387,-0.014134,0.424844,0.196505,-10.618794,-10.815587,2.776e-17
DeepSets,ch4t-test-001589,6,0.011122,0.529046,0.004632,0.002896,-0.673543,0.140789,-7.166138,-7.710938,0.000e+00
DeepSets,ch4t-test-001590,7,-0.002368,1.628141,-0.220983,0.003553,0.629642,0.207572,-6.998389,-8.403178,2.220e-16
DeepSets,ch4t-test-001591,5,0.931178,-0.075917,-0.099163,0.562588,0.671006,0.206108,-5.659646,-6.415744,0.000e+00
DeepSets,ch4t-test-001592,5,2.169418,0.399478,-0.059483,0.090612,0.179673,0.178386,-4.687804,-7.197217,4.441e-16
DeepSets,ch4t-test-001593,7,1.542219,1.217728,-0.168994,0.217825,1.129974,0.250979,-5.733043,-8.323996,0.000e+00
DeepSets,ch4t-test-001594,7,-0.037508,0.615204,-0.049508,0.015016,0.609996,0.141735,-5.829079,-6.357267,0.000e+00
DeepSets,ch4t-test-001595,8,-0.076698,-0.516764,0.401076,0.351997,-0.048331,0.252339,-5.544216,-5.351830,5.551e-17
DeepSets,ch4t-test-001596,5,0.056247,-0.068604,0.002344,0.364180,1.180325,0.469492,-7.328189,-7.318177,1.388e-17
DeepSets,ch4t-test-001597,4,0.647060,0.231512,-0.030243,0.532835,0.962050,0.198533,-5.132575,-5.980904,1.110e-16
DeepSets,ch4t-test-001598,7,0.615037,0.319967,-0.458696,0.692231,-0.518032,1.016491,-5.344203,-5.820511,0.000e+00
DeepSets,ch4t-test-001599,6,-0.227063,-0.746106,1.348080,0.507365,0.168950,1.601252,-5.346040,-5.720951,0.000e+00
DeepSets,ch4t-test-001600,5,-0.011031,0.037124,0.031330,0.010234,-1.333562,0.136780,-8.738989,-8.796413,6.939e-18
DeepSets,ch4t-test-001601,4,1.018039,-0.244008,-0.117252,0.926056,-0.757050,1.470595,-6.252013,-6.908792,1.110e-16
DeepSets,ch4t-test-001602,4,1.291809,-0.002847,-0.156014,0.819106,1.025721,0.400852,-6.024722,-7.157669,0.000e+00
DeepSets,ch4t-test-001603,7,0.816140,0.178662,0.250189,0.259137,0.323742,0.863980,-6.051101,-7.296092,2.220e-16
DeepSets,ch4t-test-001604,5,1.346520,-0.161517,-0.242710,1.482706,0.577293,1.119088,-4.034561,-4.976854,1.110e-16
DeepSets,ch4t-test-001605,4,1.433612,0.494409,-0.590171,0.298670,-0.541537,0.583282,-4.535277,-5.873128,0.000e+00
DeepSets,ch4t-test-001606,5,0.379557,-0.141096,0.179676,1.121501,0.702796,1.834914,-4.426728,-4.844865,0.000e+00
DeepSets,ch4t-test-001607,4,0.832401,-0.103844,-0.038504,0.731296,0.737509,0.287902,-4.576440,-5.266493,1.110e-16
DeepSets,ch4t-test-001608,7,0.212104,0.090397,0.024644,0.333472,0.883366,0.348844,-5.124226,-5.451371,0.000e+00
DeepSets,ch4t-test-001609,4,0.001934,0.099608,0.000636,-0.009499,-0.503886,0.128708,-7.689607,-7.791785,0.000e+00
DeepSets,ch4t-test-001610,5,0.212820,0.340430,0.726909,0.743614,-0.009341,2.393731,-6.894148,-8.174307,0.000e+00
DeepSets,ch4t-test-001611,6,0.402915,-0.114893,-0.025615,0.399507,1.118686,0.530683,-6.472602,-6.735009,0.000e+00
DeepSets,ch4t-test-001612,5,0.048442,0.261704,-0.076352,-0.023946,-0.228135,0.162867,-7.572092,-7.805886,0.000e+00
DeepSets,ch4t-test-001613,8,-0.027229,0.435938,-0.037477,0.040603,-0.189813,0.154993,-8.320080,-8.691312,1.110e-16
DeepSets,ch4t-test-001614,4,1.278797,-0.096981,-0.169777,0.813354,0.840339,0.792318,-4.653886,-5.665925,0.000e+00
DeepSets,ch4t-test-001615,7,-0.163614,-0.511275,0.353129,0.756274,-0.637954,2.885750,-7.880844,-7.559084,5.551e-17
DeepSets,ch4t-test-001616,6,2.533411,0.047820,-0.819521,0.839580,1.091058,0.966663,-4.813267,-6.574978,0.000e+00
DeepSets,ch4t-test-001617,4,0.051031,0.319676,-0.126259,-0.002151,-0.200553,0.186290,-6.963670,-7.208119,2.776e-17
DeepSets,ch4t-test-001618,7,0.179118,0.124873,0.108201,0.508257,0.674621,0.986145,-6.859481,-7.271672,5.551e-17
DeepSets,ch4t-test-001619,5,0.671516,-0.644377,0.966266,0.572052,-0.090539,1.449845,-4.400518,-5.393923,0.000e+00
DeepSets,ch4t-test-001620,8,0.656478,0.447753,-0.561282,0.548560,1.103276,0.887411,-6.839186,-7.382135,0.000e+00
DeepSets,ch4t-test-001621,8,-0.085923,0.512309,-0.085632,0.075916,0.813357,0.148816,-5.708384,-6.049138,0.000e+00
DeepSets,ch4t-test-001622,7,0.236740,-0.207799,-0.068778,0.765183,-0.142131,0.762860,-5.381867,-5.342029,0.000e+00
DeepSets,ch4t-test-001623,4,1.033110,0.494396,-0.274787,0.762143,0.677585,1.408261,-5.156061,-6.408780,0.000e+00
DeepSets,ch4t-test-001624,5,0.034434,0.647683,-0.037676,-0.090488,0.109451,0.154492,-7.208744,-7.853184,0.000e+00
DeepSets,ch4t-test-001625,7,0.167984,0.008855,0.044446,0.942738,0.808509,0.824785,-7.923604,-8.144889,5.551e-17
DeepSets,ch4t-test-001626,8,3.383236,-0.476522,-0.736739,0.464733,0.960844,0.274397,-3.484126,-5.654101,0.000e+00
DeepSets,ch4t-test-001627,5,1.869225,0.158814,-0.375123,1.047331,0.888218,0.739395,-2.335421,-3.988337,0.000e+00
DeepSets,ch4t-test-001628,6,0.768016,0.357609,0.713591,0.224231,0.597516,0.843506,-6.826578,-8.665794,2.220e-16
DeepSets,ch4t-test-001629,8,0.044777,1.134092,-0.157846,-0.011027,0.166012,0.189936,-6.918742,-7.939766,0.000e+00
DeepSets,ch4t-test-001630,7,0.032143,0.200808,-0.011236,-0.057606,-0.076953,0.185875,-6.256834,-6.478549,5.551e-17
DeepSets,ch4t-test-001631,4,0.378655,0.748491,-0.036662,0.313666,0.718124,0.274223,-6.130600,-7.221084,2.220e-16
DeepSets,ch4t-test-001632,7,0.895520,0.097781,-1.168642,1.553172,0.246821,2.735846,-5.841577,-5.666237,1.388e-16
DeepSets,ch4t-test-001633,5,0.006593,0.388067,-0.044377,-0.006961,-0.897319,0.126762,-5.968030,-6.318313,5.551e-17
DeepSets,ch4t-test-001634,4,-0.010442,-0.761383,-0.040992,0.001095,0.562779,0.107325,-5.381830,-4.569013,1.110e-16
DeepSets,ch4t-test-001635,8,1.657337,-0.150698,-0.334731,0.648334,1.051282,0.343484,-3.129882,-4.301790,0.000e+00
DeepSets,ch4t-test-001636,4,-0.057292,-0.363644,0.236246,-0.035030,0.220900,0.172773,-8.009763,-7.825074,2.776e-17
DeepSets,ch4t-test-001637,8,0.012814,0.036743,-0.049894,-0.023072,-1.015635,0.136048,-7.502529,-7.502193,0.000e+00
DeepSets,ch4t-test-001638,8,-0.179067,0.194218,-0.020387,0.541531,0.310757,0.589512,-6.123343,-6.118106,0.000e+00
DeepSets,ch4t-test-001639,7,2.553190,0.820550,-0.644943,1.112695,0.930905,1.418760,-4.934008,-7.662805,4.441e-16
DeepSets,ch4t-test-001640,8,1.581898,-0.111915,-0.215167,1.453991,1.104248,0.738408,-4.798856,-6.053672,0.000e+00
DeepSets,ch4t-test-001641,5,-0.019587,0.282296,0.141517,0.260856,0.809361,0.192392,-7.640033,-8.044259,5.551e-17
DeepSets,ch4t-test-001642,5,0.215901,-0.315047,0.075160,0.347833,0.869201,0.453299,-5.823643,-5.799657,0.000e+00
DeepSets,ch4t-test-001643,4,0.739989,0.376108,-0.259104,0.341839,1.010659,0.724783,-5.725697,-6.582691,0.000e+00
DeepSets,ch4t-test-001644,6,-0.052901,-0.448486,1.500927,0.167434,-1.199022,0.510265,-4.770452,-5.769992,0.000e+00
DeepSets,ch4t-test-001645,8,2.248127,0.316866,-0.501370,1.066474,0.347890,1.183246,-3.637549,-5.701173,0.000e+00
DeepSets,ch4t-test-001646,6,0.759517,0.463512,-1.312114,1.319405,1.334317,2.160849,-5.664552,-5.575467,0.000e+00
DeepSets,ch4t-test-001647,5,1.044129,0.062589,0.056079,0.064795,0.730300,0.345191,-8.486789,-9.649586,2.220e-16
DeepSets,ch4t-test-001648,4,-0.681842,-0.381325,-0.432649,0.129663,-0.500984,0.332175,-10.242901,-8.747085,0.000e+00
DeepSets,ch4t-test-001649,4,0.852276,0.013412,-0.315551,1.198750,0.842720,1.414636,-6.755235,-7.305372,1.110e-16
DeepSets,ch4t-test-001650,8,1.344926,0.476513,-0.259499,0.724984,0.945678,0.629873,-4.365462,-5.927402,2.220e-16
DeepSets,ch4t-test-001651,5,1.336867,0.198899,-0.928373,0.793630,0.879186,0.935949,-4.704711,-5.312103,1.110e-16
DeepSets,ch4t-test-001652,6,1.097244,0.540741,-0.032024,0.116978,-0.426825,0.137273,-5.685133,-7.291094,2.220e-16
DeepSets,ch4t-test-001653,5,1.000799,0.030794,-0.343719,0.875831,0.460369,0.589180,-5.809932,-6.497806,0.000e+00
DeepSets,ch4t-test-001654,5,0.067632,0.778716,-0.085866,0.028400,0.293773,0.158205,-6.435691,-7.196173,1.110e-16
DeepSets,ch4t-test-001655,7,0.277117,0.021942,0.002953,0.367013,0.968712,0.536509,-6.635557,-6.937569,0.000e+00
DeepSets,ch4t-test-001656,4,-0.001484,-1.218590,0.221433,0.085324,-0.129770,0.131284,-9.792111,-8.793470,0.000e+00
DeepSets,ch4t-test-001657,6,1.198732,0.286695,-0.082880,0.182136,0.840305,0.211521,-5.899745,-7.302292,0.000e+00
DeepSets,ch4t-test-001658,7,1.097927,0.553659,-0.478182,0.310816,1.226723,0.960470,-5.107028,-6.280432,0.000e+00
DeepSets,ch4t-test-001659,8,-0.010878,0.485299,-0.037590,0.022428,0.542773,0.123908,-7.000831,-7.437661,5.551e-17
DeepSets,ch4t-test-001660,5,0.962199,-0.316751,0.582533,0.736077,-1.009097,2.392757,-7.291263,-8.519244,0.000e+00
DeepSets,ch4t-test-001661,4,0.021036,0.681380,-0.034473,-0.073459,0.334705,0.260734,-8.315006,-8.982949,0.000e+00
DeepSets,ch4t-test-001662,6,0.377560,-0.237402,1.127892,0.333126,0.857503,1.235578,-8.253236,-9.521287,0.000e+00
DeepSets,ch4t-test-001663,6,0.098192,-0.109772,0.359659,0.428206,1.088799,0.554189,-4.646720,-4.994799,5.551e-17
DeepSets,ch4t-test-001664,6,2.894634,-0.071594,-0.324716,1.078010,0.742336,0.460175,-2.306789,-4.805113,0.000e+00
DeepSets,ch4t-test-001665,5,0.774670,0.056427,-0.166181,0.520673,1.121921,0.496364,-4.726357,-5.391273,0.000e+00
DeepSets,ch4t-test-001666,6,0.749280,0.321178,0.021098,-0.001101,0.932045,0.137374,-6.205698,-7.297255,0.000e+00
DeepSets,ch4t-test-001667,8,0.539236,0.562984,0.064693,0.048387,0.547264,0.105917,-8.185812,-9.352725,0.000e+00
DeepSets,ch4t-test-001668,5,0.025858,-0.024448,-0.095150,-0.010402,-0.247394,0.123764,-7.927295,-7.833556,0.000e+00
DeepSets,ch4t-test-001669,6,1.564331,-0.077891,-0.312955,0.351300,0.413302,0.300697,-4.431013,-5.604498,2.220e-16
DeepSets,ch4t-test-001670,7,0.106087,1.437512,0.022766,-0.001503,0.934140,0.207672,-7.553072,-9.119437,2.220e-16
DeepSets,ch4t-test-001671,6,1.003114,0.675829,-0.132736,0.282674,0.373319,0.156648,-5.324103,-6.870310,0.000e+00
DeepSets,ch4t-test-001672,6,-0.013291,0.170556,-0.046403,0.010244,-1.132633,0.120832,-9.065460,-9.176322,0.000e+00
DeepSets,ch4t-test-001673,5,1.409540,-0.337319,0.209711,0.525388,0.676915,0.763267,-5.373960,-6.655893,0.000e+00
DeepSets,ch4t-test-001674,5,-0.024525,0.414290,-0.053366,0.018225,0.359131,0.155942,-6.373015,-6.709414,0.000e+00
DeepSets,ch4t-test-001675,6,1.962048,-0.349530,-0.456752,1.249458,0.720266,0.761377,-4.634237,-5.790003,2.220e-16
DeepSets,ch4t-test-001676,7,1.087115,0.813821,-0.124880,0.162136,0.863326,0.139162,-10.250877,-12.026932,0.000e+00
DeepSets,ch4t-test-001677,5,0.831630,0.176440,-0.087911,0.315880,0.987522,0.498797,-3.878573,-4.798731,0.000e+00
DeepSets,ch4t-test-001678,4,2.049569,0.066552,-0.509035,0.838868,-0.423903,1.195957,-5.178134,-6.785221,2.220e-16
DeepSets,ch4t-test-001679,7,0.952513,-0.766355,0.182426,0.293203,1.046494,0.477071,-7.529356,-7.897941,1.110e-16
DeepSets,ch4t-test-001680,7,0.450422,0.303767,-0.504056,0.462993,0.805738,1.143447,-6.134921,-6.385054,0.000e+00
DeepSets,ch4t-test-001681,4,0.799786,0.307749,-0.746463,1.014787,0.729790,1.575333,-6.153214,-6.514286,0.000e+00
DeepSets,ch4t-test-001682,7,2.242676,-0.432513,-0.125795,1.198254,0.573922,0.813236,-3.659356,-5.343724,0.000e+00
DeepSets,ch4t-test-001683,6,1.445680,1.382725,-0.056191,0.099174,-1.378310,0.245577,-4.560517,-7.332732,0.000e+00
DeepSets,ch4t-test-001684,4,0.521876,-0.602838,1.048379,0.177884,0.922163,0.485826,-7.711507,-8.678925,2.220e-16
DeepSets,ch4t-test-001685,8,2.024440,-0.041803,-0.430882,0.776973,1.277134,0.495819,-3.859079,-5.410834,0.000e+00
DeepSets,ch4t-test-001686,7,1.283414,0.510304,-1.071050,0.519508,-1.009944,1.440221,-5.211141,-5.933809,2.220e-16
DeepSets,ch4t-test-001687,4,0.759113,0.357149,-0.089193,0.601402,0.993569,0.182980,-8.253969,-9.281038,0.000e+00
DeepSets,ch4t-test-001688,4,0.064871,0.623297,0.224372,0.212369,1.166708,0.343036,-7.916750,-8.829291,0.000e+00
DeepSets,ch4t-test-001689,7,0.983607,-0.497362,0.471314,0.779252,1.353026,0.911781,-7.737369,-8.694928,0.000e+00
DeepSets,ch4t-test-001690,6,-0.155417,0.320751,0.160811,-0.035245,0.205852,0.181346,-8.138267,-8.464412,0.000e+00
DeepSets,ch4t-test-001691,5,1.118869,-0.111312,-0.313504,0.369109,0.966662,0.543854,-5.677310,-6.371364,0.000e+00
DeepSets,ch4t-test-001692,7,0.597119,-0.128552,-0.098544,0.703637,0.366934,0.472109,-5.688017,-6.058039,0.000e+00
DeepSets,ch4t-test-001693,5,-0.643627,-0.419284,1.370870,0.170141,0.994427,0.367230,-5.443615,-5.751574,5.551e-17
DeepSets,ch4t-test-001694,4,1.042860,-0.009111,-0.068842,1.470962,0.518676,0.925679,-4.613739,-5.578647,2.220e-16
DeepSets,ch4t-test-001695,4,0.360868,-0.721202,0.123386,0.023639,-0.406132,0.133679,-6.219836,-5.982888,0.000e+00
DeepSets,ch4t-test-001696,4,1.148008,-0.190093,-0.282963,1.100422,-0.266317,0.747298,-6.283275,-6.958227,0.000e+00
DeepSets,ch4t-test-001697,8,0.011430,0.867365,-0.053054,-0.041020,1.007167,0.143452,-7.424078,-8.249819,1.110e-16
DeepSets,ch4t-test-001698,5,1.765271,-0.419929,-0.318992,1.795634,0.734288,0.529344,-4.826525,-5.852875,0.000e+00
DeepSets,ch4t-test-001699,4,0.712160,0.071194,-0.136525,0.900013,0.615566,0.658905,-4.122808,-4.769637,1.110e-16
DeepSets,ch4t-test-001700,8,-0.574251,-1.234301,2.077943,1.003230,0.555784,1.587083,-8.521109,-8.790501,0.000e+00
DeepSets,ch4t-test-001701,5,0.272252,-0.078449,0.180045,0.059122,0.565971,0.220883,-7.079568,-7.453416,0.000e+00
DeepSets,ch4t-test-001702,5,0.045559,0.227192,0.000886,-0.055017,-1.497260,0.105049,-7.896936,-8.170573,0.000e+00
DeepSets,ch4t-test-001703,7,-0.020764,0.148346,0.452025,0.551045,1.247654,0.457954,-5.095891,-5.675497,0.000e+00
DeepSets,ch4t-test-001704,4,-0.002455,0.166537,0.018891,0.005564,-0.970865,0.155320,-8.338072,-8.521045,0.000e+00
DeepSets,ch4t-test-001705,8,-0.045628,0.274904,-0.140993,0.438734,0.670812,0.865249,-7.155124,-7.243408,0.000e+00
DeepSets,ch4t-test-001706,5,2.630223,0.206591,-0.040639,0.699411,-0.202899,0.543451,-6.972721,-9.768896,4.441e-16
DeepSets,ch4t-test-001707,5,0.626853,0.007903,-0.088399,0.716183,-0.053511,0.513535,-5.415438,-5.961794,0.000e+00
DeepSets,ch4t-test-001708,6,0.001739,0.083081,-0.030536,0.007755,-0.830602,0.133265,-7.882516,-7.936800,6.939e-18
DeepSets,ch4t-test-001709,6,1.346186,0.023152,-0.840035,0.535585,-0.748922,1.386307,-5.817032,-6.346335,0.000e+00
DeepSets,ch4t-test-001710,6,-0.029202,0.764126,-0.105777,0.038888,0.320867,0.225184,-9.151486,-9.780633,0.000e+00
DeepSets,ch4t-test-001711,7,0.310574,-0.123522,-0.196207,1.692918,1.248801,0.931418,-6.302093,-6.292938,0.000e+00
DeepSets,ch4t-test-001712,4,0.525302,0.177707,-0.077515,0.907652,0.561473,0.520204,-4.788485,-5.413979,0.000e+00
DeepSets,ch4t-test-001713,5,0.142371,-0.045094,-0.076983,1.061131,0.512215,0.747545,-6.317493,-6.337787,6.939e-18
DeepSets,ch4t-test-001714,6,1.433670,0.483645,-0.352060,0.325268,0.652352,0.873917,-6.972520,-8.537775,0.000e+00
DeepSets,ch4t-test-001715,7,-0.206409,-0.414496,0.130770,1.205947,1.429171,1.960263,-7.470889,-6.980754,5.551e-17
DeepSets,ch4t-test-001716,7,-0.052023,-0.764420,0.880248,0.688014,1.224136,0.871200,-7.506718,-7.570524,1.110e-16
DeepSets,ch4t-test-001717,5,2.346253,-0.482414,-0.148834,0.254007,0.764628,0.296155,-4.336539,-6.051544,2.220e-16
DeepSets,ch4t-test-001718,5,1.227778,0.005818,-0.565633,1.333435,1.133524,1.250340,-5.329806,-5.997769,1.110e-16
DeepSets,ch4t-test-001719,5,3.013303,-0.218848,-0.851695,1.550667,0.902214,1.957189,-3.334691,-5.277451,0.000e+00
DeepSets,ch4t-test-001720,7,-0.111998,0.114347,-0.116160,0.066405,-0.078782,0.189667,-7.475001,-7.361190,2.776e-17
DeepSets,ch4t-test-001721,4,0.028170,0.424499,-0.020978,-0.037786,-0.549616,0.134652,-6.283434,-6.715125,5.551e-17
DeepSets,ch4t-test-001722,8,0.629021,0.154267,0.244575,0.913784,1.169936,1.697941,-4.871693,-5.899555,0.000e+00
DeepSets,ch4t-test-001723,8,1.162509,0.019026,-0.162022,0.664726,0.781587,0.353669,-4.927666,-5.947179,0.000e+00
DeepSets,ch4t-test-001724,5,1.683975,1.278181,0.026828,0.222723,0.889648,0.416214,-6.813612,-9.802597,0.000e+00
DeepSets,ch4t-test-001725,5,1.350036,0.115590,-0.621469,0.437617,0.580796,0.450400,-5.597240,-6.441397,0.000e+00
DeepSets,ch4t-test-001726,5,0.483586,-0.545282,0.728289,0.117713,-1.164662,0.522091,-6.182411,-6.849004,1.110e-16
DeepSets,ch4t-test-001727,8,1.103129,-0.086412,0.529598,0.738870,0.933521,1.537267,-3.070599,-4.616914,2.220e-16
DeepSets,ch4t-test-001728,4,-0.025999,0.489649,-0.187412,0.009769,-0.897936,0.164420,-8.755491,-9.031729,0.000e+00
DeepSets,ch4t-test-001729,5,1.399232,-0.291353,0.837734,0.126326,0.946994,0.272590,-3.281920,-5.227533,4.441e-16
DeepSets,ch4t-test-001730,7,0.162841,0.084760,-0.026220,0.415574,1.065977,0.532645,-7.339751,-7.561132,2.776e-17
DeepSets,ch4t-test-001731,8,-3.012441,-1.684442,1.118555,0.649684,1.202133,0.421685,-10.971844,-7.393516,0.000e+00
DeepSets,ch4t-test-001732,7,1.649426,0.235644,-0.231346,0.448108,0.775480,0.451111,-3.350499,-5.004223,2.220e-16
DeepSets,ch4t-test-001733,5,0.712084,0.058240,-0.260919,0.579893,-0.219069,0.727239,-4.995903,-5.505307,0.000e+00
DeepSets,ch4t-test-001734,4,0.924616,0.039353,0.114334,0.097451,0.081164,0.205154,-4.899048,-5.977350,2.220e-16
DeepSets,ch4t-test-001735,5,0.477497,0.302909,-0.066588,0.089020,0.585422,0.174549,-5.259058,-5.972876,0.000e+00
DeepSets,ch4t-test-001736,7,0.219724,-0.004617,0.034780,0.351031,0.349497,0.712483,-3.992037,-4.241924,2.776e-17
DeepSets,ch4t-test-001737,5,0.933578,0.498580,0.038736,0.059917,0.656230,0.111737,-5.544833,-7.015726,0.000e+00
DeepSets,ch4t-test-001738,5,1.368753,0.250534,-0.468413,0.414238,1.222790,0.918384,-4.648007,-5.798881,0.000e+00
DeepSets,ch4t-test-001739,8,0.788221,1.207329,-0.045203,0.034177,1.151798,0.145482,-7.464550,-9.414897,0.000e+00
DeepSets,ch4t-test-001740,8,2.804897,-0.515134,-0.708650,0.887923,1.160057,0.457606,-3.166857,-4.747970,2.220e-16
DeepSets,ch4t-test-001741,8,1.586062,0.260048,-0.640547,0.820478,0.206338,0.971899,-3.650504,-4.856066,0.000e+00
DeepSets,ch4t-test-001742,7,0.311145,0.344659,-0.045816,0.501638,0.680950,0.651598,-7.781234,-8.391222,1.110e-16
DeepSets,ch4t-test-001743,8,-0.285496,0.462471,0.284831,-0.001399,0.588002,0.231771,-7.959848,-8.421655,5.551e-17
DeepSets,ch4t-test-001744,4,-0.214775,-0.067505,0.257635,0.533715,0.579728,0.895033,-4.473335,-4.448691,1.388e-17
DeepSets,ch4t-test-001745,7,-0.073235,0.644771,0.046145,-0.031179,0.422795,0.195487,-6.681324,-7.299005,1.110e-16
DeepSets,ch4t-test-001746,5,1.137791,0.440311,0.342585,0.467964,0.478711,1.831991,-6.400481,-8.321168,2.220e-16
DeepSets,ch4t-test-001747,8,1.984239,-0.259143,-0.308054,1.810910,1.228661,0.824172,-7.166920,-8.583962,2.220e-16
DeepSets,ch4t-test-001748,8,0.685306,0.201142,-0.243384,0.528833,-0.120841,0.651199,-5.689080,-6.332145,0.000e+00
DeepSets,ch4t-test-001749,8,0.698919,-0.077151,-0.339722,0.122824,-0.221240,0.352702,-5.881732,-6.163778,0.000e+00
DeepSets,ch4t-test-001750,6,1.490022,0.408101,-0.052771,0.050256,0.792510,0.124904,-7.585202,-9.430553,0.000e+00
DeepSets,ch4t-test-001751,6,0.014131,0.668039,-0.238309,0.018564,0.982824,0.235335,-5.275299,-5.719160,0.000e+00
DeepSets,ch4t-test-001752,6,2.183089,0.191264,-0.757419,1.304802,1.217679,1.521241,-4.583694,-6.200628,0.000e+00
DeepSets,ch4t-test-001753,8,1.835486,0.226907,-0.810847,0.994642,1.188624,1.175458,-5.520593,-6.772139,2.220e-16
DeepSets,ch4t-test-001754,4,0.157497,-0.054047,-0.368078,0.359889,-0.278209,0.848242,-7.768318,-7.503690,0.000e+00
DeepSets,ch4t-test-001755,5,1.210654,-0.302625,-0.329176,1.727957,1.161484,0.879919,-6.106064,-6.684916,0.000e+00
DeepSets,ch4t-test-001756,5,0.431240,-0.002771,0.233165,0.056879,0.625088,0.270451,-8.349603,-9.011238,0.000e+00
DeepSets,ch4t-test-001757,8,1.679247,0.529833,-0.388151,0.514365,1.148284,0.510678,-5.061898,-6.882827,0.000e+00
DeepSets,ch4t-test-001758,8,0.870633,0.183058,-0.081306,0.049687,0.362734,0.261293,-6.115854,-7.088239,2.220e-16
DeepSets,ch4t-test-001759,8,0.791257,-0.067904,-0.076161,1.107045,1.113242,0.376242,-3.391602,-4.038794,0.000e+00
DeepSets,ch4t-test-001760,4,0.329751,-0.043410,0.260267,0.119954,0.423985,0.346290,-5.163292,-5.709899,0.000e+00
DeepSets,ch4t-test-001761,7,0.793846,0.325219,0.032729,0.402028,-0.510177,0.702503,-4.729276,-5.881069,0.000e+00
DeepSets,ch4t-test-001762,7,0.454003,-0.064055,-0.041203,0.639654,-0.638973,1.006756,-5.457418,-5.806164,0.000e+00
DeepSets,ch4t-test-001763,7,2.997820,0.307111,-0.927125,1.401920,0.721124,1.745850,-3.666557,-6.044364,4.441e-16
DeepSets,ch4t-test-001764,8,0.713089,-0.179794,-0.217418,2.360222,0.680388,3.245205,-7.048083,-7.363960,1.665e-16
DeepSets,ch4t-test-001765,4,1.893736,0.152006,-0.629119,1.929364,0.286579,2.543730,-4.762364,-6.178987,0.000e+00
DeepSets,ch4t-test-001766,8,0.458958,0.189351,-0.244382,0.788330,1.001338,1.599891,-5.097408,-5.501335,0.000e+00
DeepSets,ch4t-test-001767,4,0.405243,0.123068,0.131538,1.054292,0.935961,0.980317,-5.390357,-6.050207,1.110e-16
DeepSets,ch4t-test-001768,7,-0.449658,-0.591632,0.292688,0.409223,0.582309,0.214241,-9.429663,-8.681061,0.000e+00
DeepSets,ch4t-test-001769,5,1.307953,0.051381,-0.323148,1.899742,1.132388,1.421378,-4.241759,-5.277945,0.000e+00
DeepSets,ch4t-test-001770,5,0.316413,-0.017688,0.177324,1.233536,0.530152,1.582719,-6.434150,-6.910199,5.551e-17
DeepSets,ch4t-test-001771,6,0.143698,0.227918,-0.055004,0.342662,0.283025,0.500269,-6.673387,-6.989999,0.000e+00
DeepSets,ch4t-test-001772,6,-0.007259,0.696781,-0.052514,-0.025359,0.233468,0.146226,-6.491116,-7.128125,0.000e+00
DeepSets,ch4t-test-001773,8,2.094628,-0.031326,-0.139334,1.463435,0.475526,0.850099,-4.048731,-5.972700,4.441e-16
DeepSets,ch4t-test-001774,4,1.814955,0.122784,-0.239050,1.378597,1.010373,0.928475,-5.421623,-7.120312,4.441e-16
DeepSets,ch4t-test-001775,5,1.069835,0.356236,-0.683231,0.644876,1.081826,0.774559,-4.260331,-5.003171,2.220e-16
DeepSets,ch4t-test-001776,5,0.973841,0.067806,-0.166512,1.432808,0.666461,1.133782,-5.306187,-6.181321,0.000e+00
DeepSets,ch4t-test-001777,6,0.475073,0.194392,-0.139371,0.381322,0.986936,0.394931,-5.196085,-5.726179,0.000e+00
DeepSets,ch4t-test-001778,7,-0.040309,0.485810,-0.090526,0.115823,1.271508,0.321120,-5.651655,-6.006631,5.551e-17
DeepSets,ch4t-test-001779,7,0.824210,0.720568,-0.048159,0.165649,0.793865,0.168323,-5.539892,-7.036511,0.000e+00
DeepSets,ch4t-test-001780,4,0.028799,0.203891,0.036983,-0.025495,-1.188723,0.164807,-8.157185,-8.426858,5.551e-17
DeepSets,ch4t-test-001781,4,0.009400,0.144648,-0.020025,-0.014824,-2.278726,0.061819,-9.063393,-9.197416,0.000e+00
DeepSets,ch4t-test-001782,7,0.077874,0.035811,0.393094,0.322518,1.163591,0.813608,-6.086127,-6.592906,1.110e-16
DeepSets,ch4t-test-001783,4,-0.810291,-1.299113,1.629824,1.122168,-0.400825,2.339158,-6.483913,-6.004333,2.220e-16
DeepSets,ch4t-test-001784,6,-0.029845,0.731096,-0.059398,0.025067,0.273484,0.219263,-8.801548,-9.443401,0.000e+00
DeepSets,ch4t-test-001785,6,0.618703,0.283684,-0.044406,0.582753,-0.454529,0.936737,-6.050288,-6.908269,0.000e+00
DeepSets,ch4t-test-001786,5,0.266162,0.313735,-0.062252,0.110819,0.842611,0.255322,-7.157024,-7.674670,0.000e+00
DeepSets,ch4t-test-001787,4,1.751237,0.660100,-0.975565,0.680643,0.566399,1.067874,-4.302468,-5.738240,0.000e+00
DeepSets,ch4t-test-001788,6,-0.096223,0.547547,0.009511,0.035609,0.414729,0.151836,-6.304363,-6.765198,0.000e+00
DeepSets,ch4t-test-001789,6,1.496573,0.656718,-0.623768,0.312261,0.936867,0.658717,-5.474124,-7.003648,0.000e+00
DeepSets,ch4t-test-001790,4,0.025047,-0.156594,0.465374,0.146095,-0.170378,0.288575,-7.924620,-8.258447,0.000e+00
DeepSets,ch4t-test-001791,7,0.004920,0.513529,-0.045346,-0.015283,0.040358,0.163501,-7.585234,-8.058338,5.551e-17
DeepSets,ch4t-test-001792,5,0.968053,0.117185,-0.046617,0.860963,0.616492,1.721665,-4.207196,-5.245818,0.000e+00
DeepSets,ch4t-test-001793,5,0.010323,0.421887,0.003792,-0.028128,-0.329867,0.132714,-9.584631,-10.020632,0.000e+00
DeepSets,ch4t-test-001794,5,0.874015,0.101009,-0.330849,0.432880,0.301495,0.491407,-3.738886,-4.383061,0.000e+00
DeepSets,ch4t-test-001795,7,0.448448,0.162300,0.033511,0.779249,1.201646,2.290472,-6.956773,-7.601031,0.000e+00
DeepSets,ch4t-test-001796,7,0.961704,0.033879,-0.299958,0.511488,-0.159070,0.651850,-3.532797,-4.228423,0.000e+00
DeepSets,ch4t-test-001797,4,0.423398,-0.185042,0.240679,0.175859,0.167031,0.281891,-9.178761,-9.657796,5.551e-17
DeepSets,ch4t-test-001798,7,0.041014,0.418967,-0.091535,-0.035862,-0.155059,0.171620,-7.688081,-8.056528,0.000e+00
DeepSets,ch4t-test-001799,4,0.005501,0.079846,-0.037091,-0.000527,-2.844593,0.050467,-7.147039,-7.195294,1.388e-17
DeepSets,ch4t-test-001800,8,2.820219,0.471850,-1.124783,0.410940,0.148986,0.698259,-3.139969,-5.307255,0.000e+00
DeepSets,ch4t-test-001801,4,0.058281,0.557068,0.075935,0.007492,-0.209950,0.150087,-5.413401,-6.104684,1.110e-16
DeepSets,ch4t-test-001802,4,1.765495,0.118536,-0.091141,0.716362,-0.134157,0.452747,-4.970177,-6.763068,0.000e+00
DeepSets,ch4t-test-001803,4,1.528386,-0.568640,0.476582,0.151652,-1.635325,0.256591,-6.867557,-8.303886,2.220e-16
DeepSets,ch4t-test-001804,6,1.448012,-0.027789,-0.328737,1.011281,0.937015,0.919613,-5.080275,-6.171762,0.000e+00
DeepSets,ch4t-test-001805,6,0.867282,-0.104081,-0.388151,0.738552,0.963539,0.666363,-5.784554,-6.159605,0.000e+00
DeepSets,ch4t-test-001806,4,1.235301,0.098059,-0.823790,0.837769,-0.648598,1.036105,-5.424471,-5.934041,0.000e+00
DeepSets,ch4t-test-001807,5,1.099722,0.254219,0.034481,0.799986,1.254718,1.166290,-4.618811,-6.007234,0.000e+00
DeepSets,ch4t-test-001808,4,0.785457,0.214786,-0.088097,0.553990,1.008067,0.268567,-5.713752,-6.625899,0.000e+00
DeepSets,ch4t-test-001809,5,0.216088,-0.209949,-0.078350,0.254676,-0.320926,0.458235,-6.112793,-6.040582,2.776e-17
DeepSets,ch4t-test-001810,5,1.639485,0.615241,-0.032298,0.460041,-0.036551,0.438447,-3.511155,-5.733584,0.000e+00
DeepSets,ch4t-test-001811,6,0.525889,0.101165,-0.034932,1.276613,0.847794,0.301822,-6.162481,-6.754603,1.110e-16
DeepSets,ch4t-test-001812,4,1.040114,-0.491836,-0.074444,0.399658,1.001636,1.189186,-6.929641,-7.403476,5.551e-17
DeepSets,ch4t-test-001813,7,2.454188,-0.452859,-0.600795,2.298489,1.251128,0.921842,-5.207964,-6.608498,0.000e+00
DeepSets,ch4t-test-001814,5,0.964722,-0.034707,-0.288110,0.460038,-0.395140,0.513575,-4.580818,-5.222724,0.000e+00
DeepSets,ch4t-test-001815,4,-0.003679,0.068204,-0.081284,-0.005466,-0.731074,0.125412,-9.046437,-9.029679,0.000e+00
DeepSets,ch4t-test-001816,4,0.051655,0.418592,0.048804,-0.021084,-0.838239,0.152160,-9.384200,-9.903251,0.000e+00
DeepSets,ch4t-test-001817,6,2.720219,0.304288,-0.821305,1.132345,0.448925,2.922626,-5.248618,-7.451820,8.882e-16
DeepSets,ch4t-test-001818,7,0.046060,1.570811,-0.129616,-0.025561,1.054028,0.176704,-6.419872,-7.907127,2.220e-16
DeepSets,ch4t-test-001819,6,0.354454,0.102565,0.639898,0.465731,0.774265,0.698707,-4.367494,-5.464412,0.000e+00
DeepSets,ch4t-test-001820,5,0.044117,-0.672296,-0.022353,0.017644,-1.750696,0.122987,-6.952790,-6.302258,1.110e-16
DeepSets,ch4t-test-001821,6,2.780196,-0.424374,-0.440126,1.405705,0.122554,1.983605,-6.126085,-8.041781,2.220e-16
DeepSets,ch4t-test-001822,8,1.283954,0.072841,-0.394143,0.546165,0.800922,0.560765,-4.508473,-5.471125,0.000e+00
DeepSets,ch4t-test-001823,5,0.028926,0.264388,0.031634,-0.031164,-0.349079,0.129857,-7.217655,-7.542604,5.551e-17
DeepSets,ch4t-test-001824,7,0.141228,0.030220,0.068487,-0.010397,0.584403,0.123606,-7.233698,-7.473633,2.776e-17
DeepSets,ch4t-test-001825,8,0.376286,0.254263,-0.114925,0.934596,1.038083,0.714492,-5.171553,-5.687176,0.000e+00
DeepSets,ch4t-test-001826,7,1.114540,0.610738,0.348113,0.363970,0.490980,1.655360,-4.012522,-6.085913,0.000e+00
DeepSets,ch4t-test-001827,4,-0.185384,0.506113,0.525377,-0.028227,-0.995137,0.253738,-5.555237,-6.401342,0.000e+00
DeepSets,ch4t-test-001828,5,0.103056,0.245303,0.035423,0.040578,0.317490,0.159593,-8.249023,-8.632806,0.000e+00
DeepSets,ch4t-test-001829,7,2.494991,0.789954,-1.707744,1.140435,1.009810,1.535231,-3.591790,-5.168992,4.441e-16
DeepSets,ch4t-test-001830,4,0.382223,-0.717412,0.971288,0.148040,-1.392032,0.384192,-5.963153,-6.599252,0.000e+00
DeepSets,ch4t-test-001831,6,2.672894,0.498553,-0.373704,1.252505,1.203770,1.946503,-3.287276,-6.085018,4.441e-16
DeepSets,ch4t-test-001832,5,0.045363,-0.126855,0.143266,0.452288,1.247608,0.549372,-6.789626,-6.851399,0.000e+00
DeepSets,ch4t-test-001833,8,-0.084271,0.548430,-0.075976,0.017472,-0.289004,0.184860,-7.863960,-8.252143,0.000e+00
DeepSets,ch4t-test-001834,8,0.172979,0.423398,0.048238,0.260473,0.814664,0.396232,-5.716355,-6.360969,0.000e+00
DeepSets,ch4t-test-001835,6,1.935626,-0.229164,-0.431576,1.236237,1.136267,0.806715,-3.189253,-4.464139,0.000e+00
DeepSets,ch4t-test-001836,6,1.701832,0.602961,-0.353875,1.939587,1.216302,2.361792,-4.659018,-6.609935,2.220e-16
DeepSets,ch4t-test-001837,5,0.324972,-0.279035,-0.066874,0.113331,0.773730,0.141636,-8.881415,-8.860477,0.000e+00
DeepSets,ch4t-test-001838,5,1.412717,0.544440,-0.774852,0.392226,-0.233994,0.717354,-4.139228,-5.321533,0.000e+00
DeepSets,ch4t-test-001839,4,0.060111,0.045657,0.007250,0.017505,-0.980443,0.202238,-8.861158,-8.974176,0.000e+00
DeepSets,ch4t-test-001840,4,-0.028049,0.471110,-0.089632,0.045256,-0.096149,0.128409,-7.946200,-8.299628,1.110e-16
DeepSets,ch4t-test-001841,7,-0.005839,0.795387,-0.069450,0.006655,0.445407,0.175523,-7.895610,-8.615708,2.220e-16
DeepSets,ch4t-test-001842,4,1.267319,0.072168,-0.155871,1.372519,0.640829,0.688947,-4.180660,-5.364277,2.220e-16
DeepSets,ch4t-test-001843,6,-0.079522,-0.165433,-0.008353,-0.048889,0.474714,0.156693,-7.718863,-7.465555,0.000e+00
DeepSets,ch4t-test-001844,7,3.016991,0.423429,-0.243187,0.650274,-1.188502,1.059798,-3.222621,-6.419854,4.441e-16
DeepSets,ch4t-test-001845,5,0.005324,0.071642,-0.016204,-0.004756,-1.917573,0.082618,-8.809044,-8.869806,1.388e-17
DeepSets,ch4t-test-001846,6,2.449214,-0.146971,-0.752968,1.153461,0.694327,1.334657,-3.962900,-5.512176,0.000e+00
DeepSets,ch4t-test-001847,8,1.517672,0.581492,-0.284240,0.366836,0.928904,0.244802,-5.683717,-7.498640,0.000e+00
DeepSets,ch4t-test-001848,4,1.576583,-0.484827,-0.105095,0.568128,-0.712078,0.793629,-4.318947,-5.305608,0.000e+00
DeepSets,ch4t-test-001849,7,-0.005614,0.410901,-0.073535,-0.002229,-0.492457,0.131274,-7.669738,-8.001491,5.551e-17
DeepSets,ch4t-test-001850,8,-0.008501,1.049626,-0.121880,-0.006492,0.562016,0.173390,-7.552513,-8.471757,1.110e-16
DeepSets,ch4t-test-001851,8,2.147944,0.460677,-0.446116,0.422781,0.741443,0.614933,-3.576735,-5.739240,4.441e-16
DeepSets,ch4t-test-001852,5,2.871828,-0.534009,-0.456834,2.328248,0.552345,1.169663,-3.488946,-5.369931,0.000e+00
DeepSets,ch4t-test-001853,8,1.257537,0.037160,-0.251064,0.727249,1.155017,0.496434,-4.538618,-5.582252,2.220e-16
DeepSets,ch4t-test-001854,7,0.441745,0.126031,-0.018877,0.994923,1.231994,0.953583,-5.383741,-5.932640,0.000e+00
DeepSets,ch4t-test-001855,4,0.926195,0.383442,0.020091,0.321877,0.851028,0.208065,-5.008692,-6.338420,2.220e-16
DeepSets,ch4t-test-001856,4,0.590187,-0.095522,-0.071276,0.637478,1.174200,1.725303,-6.994805,-7.418193,1.110e-16
DeepSets,ch4t-test-001857,7,1.080562,0.418642,-0.466279,0.188625,1.048138,0.332670,-7.526671,-8.559596,0.000e+00
DeepSets,ch4t-test-001858,7,0.439265,1.141959,0.144055,0.025737,1.015745,0.171182,-4.920852,-6.646131,0.000e+00
DeepSets,ch4t-test-001859,5,0.767004,-0.436692,0.236111,0.336867,-0.583874,0.972079,-3.932115,-4.498539,0.000e+00
DeepSets,ch4t-test-001860,7,1.411163,-0.733983,0.669793,0.451732,0.625221,1.348009,-6.533404,-7.880377,2.220e-16
DeepSets,ch4t-test-001861,5,-0.165341,-0.322008,0.649956,0.150864,0.225838,0.427158,-7.247664,-7.410272,0.000e+00
DeepSets,ch4t-test-001862,6,0.497693,0.177562,-0.054555,0.052686,0.863792,0.145035,-7.409750,-8.030450,0.000e+00
DeepSets,ch4t-test-001863,5,0.665473,0.045562,-0.186841,0.611979,0.828394,0.385348,-5.568221,-6.092416,0.000e+00
DeepSets,ch4t-test-001864,4,0.059361,0.250554,-0.069574,-0.033852,0.072365,0.107438,-7.692175,-7.932516,0.000e+00
DeepSets,ch4t-test-001865,7,2.164411,-0.295749,-1.216253,0.676619,-0.566585,0.790803,-6.401035,-7.053444,0.000e+00
DeepSets,ch4t-test-001866,8,1.415680,0.417833,-0.601429,0.685758,0.874574,1.007012,-3.387964,-4.620048,0.000e+00
DeepSets,ch4t-test-001867,7,1.323801,-0.500452,1.539360,0.184208,-0.165691,0.713082,-6.047112,-8.409820,0.000e+00
DeepSets,ch4t-test-001868,4,0.294469,0.125646,0.400796,1.761832,0.193812,2.599160,-7.109953,-7.930865,1.110e-16
DeepSets,ch4t-test-001869,8,-0.151910,0.045010,-0.429508,0.628817,1.179971,1.324772,-7.473718,-6.937309,1.110e-16
DeepSets,ch4t-test-001870,7,0.752857,0.272629,-0.515453,0.908388,1.037659,1.104031,-6.907082,-7.417115,1.110e-16
DeepSets,ch4t-test-001871,5,0.728809,0.107133,-0.166218,0.751944,0.841795,0.617778,-6.619513,-7.289236,0.000e+00
DeepSets,ch4t-test-001872,4,-0.021372,0.794230,0.004523,-0.007785,-0.214208,0.135620,-8.760165,-9.537546,0.000e+00
DeepSets,ch4t-test-001873,6,1.164511,0.750717,-0.186698,0.254123,0.841197,0.253239,-4.203497,-5.932028,0.000e+00
DeepSets,ch4t-test-001874,5,0.494614,0.031990,0.040250,0.128594,-1.448966,0.310869,-3.182924,-3.749777,1.110e-16
DeepSets,ch4t-test-001875,5,-0.209484,-0.272778,0.281821,1.047433,1.284158,1.676121,-5.513645,-5.313203,5.551e-17
DeepSets,ch4t-test-001876,4,0.897683,0.346560,-0.285175,0.651850,0.779318,0.783826,-7.205237,-8.164304,0.000e+00
DeepSets,ch4t-test-001877,5,1.601342,0.274070,-0.771934,0.770757,1.222071,1.268770,-7.651720,-8.755198,2.220e-16
DeepSets,ch4t-test-001878,7,-0.633780,-0.122888,0.302836,0.207763,0.845996,0.246445,-6.552647,-6.098816,0.000e+00
DeepSets,ch4t-test-001879,5,0.957364,0.161181,-0.029741,1.777340,1.082144,1.657511,-6.366359,-7.455163,0.000e+00
DeepSets,ch4t-test-001880,6,1.808721,0.259478,-0.319531,0.759714,0.889098,0.786130,-5.262662,-7.011330,0.000e+00
DeepSets,ch4t-test-001881,8,-0.027296,0.915313,-0.045907,0.007233,-0.075430,0.149571,-8.026766,-8.868876,1.110e-16
DeepSets,ch4t-test-001882,8,-0.600141,-0.024273,1.154798,0.562663,1.041394,0.878153,-6.041468,-6.571852,0.000e+00
DeepSets,ch4t-test-001883,4,1.590465,0.217051,-0.240082,0.307893,0.941686,0.269715,-2.700750,-4.268184,0.000e+00
DeepSets,ch4t-test-001884,5,0.526553,-0.080954,0.183401,0.253654,0.626946,0.579516,-8.071655,-8.700655,1.110e-16
DeepSets,ch4t-test-001885,5,1.742556,0.088144,-0.491695,0.260434,-1.327887,0.614861,-3.907990,-5.246995,0.000e+00
DeepSets,ch4t-test-001886,7,1.643690,0.104463,-0.676386,0.899759,-0.549086,0.821082,-4.808566,-5.880334,0.000e+00
DeepSets,ch4t-test-001887,8,0.013640,0.906569,-0.077821,0.025895,-0.095128,0.135848,-6.406974,-7.249363,1.110e-16
DeepSets,ch4t-test-001888,5,0.243758,0.115496,0.206204,0.062725,0.629567,0.481173,-6.593106,-7.158564,0.000e+00
DeepSets,ch4t-test-001889,7,2.247317,0.926669,-0.315076,1.106051,0.843435,1.513997,-6.353295,-9.212205,0.000e+00
DeepSets,ch4t-test-001890,4,-0.066927,0.209023,-0.003462,0.007245,-0.265513,0.197117,-6.536254,-6.674888,2.776e-17
DeepSets,ch4t-test-001891,8,1.091592,-0.075497,-0.015618,1.054520,0.402805,0.360520,-5.236277,-6.236753,0.000e+00
DeepSets,ch4t-test-001892,8,-1.185103,-0.592803,0.920870,0.274164,0.134869,1.037042,-7.373177,-6.516139,2.220e-16
DeepSets,ch4t-test-001893,6,0.576317,0.846310,-0.032499,0.155084,1.068611,0.214297,-8.057336,-9.447464,0.000e+00
DeepSets,ch4t-test-001894,7,-1.291782,-0.745427,2.150707,0.319175,1.075095,1.030247,-8.016737,-8.130235,1.110e-16
DeepSets,ch4t-test-001895,5,-0.051568,-0.003294,-0.181836,0.014238,-0.590850,0.238752,-9.834437,-9.597740,0.000e+00
DeepSets,ch4t-test-001896,5,0.004096,0.462570,-0.067494,-0.018213,-1.016435,0.133400,-6.378487,-6.777658,0.000e+00
DeepSets,ch4t-test-001897,4,2.278417,-0.367132,-0.426719,2.373327,0.993125,1.112660,-4.127117,-5.611683,0.000e+00
DeepSets,ch4t-test-001898,6,1.315625,0.075146,-0.453210,0.466046,0.513111,0.510932,-4.713835,-5.651397,0.000e+00
DeepSets,ch4t-test-001899,8,1.827324,0.153032,-0.629657,0.422410,0.206425,0.539966,-5.202251,-6.552950,0.000e+00
DeepSets,ch4t-test-001900,8,-0.081186,0.280809,0.135624,-0.004864,0.499193,0.158086,-7.914917,-8.250164,0.000e+00
DeepSets,ch4t-test-001901,5,1.338699,0.129667,-0.124439,1.617689,0.580771,0.681032,-4.792860,-6.136787,0.000e+00
DeepSets,ch4t-test-001902,4,0.009657,-0.007465,-0.054875,-0.004660,-0.532349,0.121992,-7.661438,-7.608755,0.000e+00
DeepSets,ch4t-test-001903,4,0.020431,-0.289071,0.015668,0.362709,1.122491,0.665750,-4.016937,-3.763965,5.551e-17
DeepSets,ch4t-test-001904,8,-0.017628,0.305848,0.011173,-0.035113,-0.320706,0.212186,-8.106345,-8.405738,0.000e+00
DeepSets,ch4t-test-001905,6,0.380800,0.107431,0.067270,0.123539,0.758709,0.227199,-5.851785,-6.407286,0.000e+00
DeepSets,ch4t-test-001906,7,2.649487,-0.062356,-1.229953,2.125626,1.095386,2.546401,-6.382627,-7.739805,0.000e+00
DeepSets,ch4t-test-001907,6,0.579333,0.045881,-0.113915,0.905261,0.657935,0.446322,-7.074987,-7.586285,0.000e+00
DeepSets,ch4t-test-001908,4,0.287031,-0.191495,1.035747,0.849979,-0.825887,1.487727,-3.705121,-4.836404,0.000e+00
DeepSets,ch4t-test-001909,6,0.413016,0.213906,-0.071068,0.395205,0.873351,0.271336,-6.140372,-6.696226,0.000e+00
DeepSets,ch4t-test-001910,4,0.370668,-0.097018,0.435904,0.324177,0.655910,0.559707,-4.734017,-5.443570,0.000e+00
DeepSets,ch4t-test-001911,5,2.228658,-0.092904,-0.992607,2.070949,1.207696,1.254288,-6.564226,-7.707374,4.441e-16
DeepSets,ch4t-test-001912,8,1.614821,0.594953,-0.352369,0.976809,1.245053,2.263329,-5.056968,-6.914373,2.220e-16
DeepSets,ch4t-test-001913,6,1.501026,0.083938,-0.211498,0.325624,0.567541,0.854154,-5.521923,-6.895389,0.000e+00
DeepSets,ch4t-test-001914,5,0.702296,0.449780,-0.173976,0.266838,0.149898,0.631596,-5.827288,-6.805389,0.000e+00
DeepSets,ch4t-test-001915,8,-0.105921,2.077833,-0.227663,0.070356,0.831741,0.211774,-8.457458,-10.201707,4.441e-16
DeepSets,ch4t-test-001916,5,0.838350,-0.096150,0.531373,0.558358,0.943569,0.614641,-4.270113,-5.543686,0.000e+00
DeepSets,ch4t-test-001917,6,1.639559,-0.211922,-0.643307,0.832945,0.176506,2.290269,-4.208464,-4.992793,1.110e-16
DeepSets,ch4t-test-001918,8,-1.978780,-3.790186,-1.762689,0.332764,0.062600,0.782209,-15.808495,-8.276840,8.882e-16
DeepSets,ch4t-test-001919,7,-0.036978,0.416778,-0.050766,0.020083,0.051025,0.178477,-6.794181,-7.123214,5.551e-17
DeepSets,ch4t-test-001920,6,0.153109,0.028464,0.544776,0.143464,1.142045,0.554391,-5.215610,-5.941959,0.000e+00
DeepSets,ch4t-test-001921,4,-0.078100,0.298785,-0.131779,0.013388,0.315520,0.197005,-10.567992,-10.656897,0.000e+00
DeepSets,ch4t-test-001922,4,0.321736,-0.159900,0.282668,0.073055,0.290249,0.195273,-7.309363,-7.753867,0.000e+00
DeepSets,ch4t-test-001923,7,0.751194,0.140270,-0.195189,0.702688,1.125775,0.765711,-4.550824,-5.247099,2.220e-16
DeepSets,ch4t-test-001924,4,3.184311,0.416169,-1.241994,0.382271,-1.134160,1.026984,-1.842073,-4.200559,0.000e+00
DeepSets,ch4t-test-001925,7,1.033270,-0.238576,-0.161713,0.508994,0.601629,0.881521,-4.830247,-5.463229,2.220e-16
DeepSets,ch4t-test-001926,7,0.219383,1.105618,-0.205611,0.086772,0.986001,0.188454,-8.098124,-9.217514,0.000e+00
DeepSets,ch4t-test-001927,8,0.082092,-0.024190,-0.069218,0.537188,0.977160,0.989621,-7.293264,-7.281948,1.041e-17
DeepSets,ch4t-test-001928,8,2.393371,-0.003139,-0.240784,0.127468,0.775781,0.230376,-2.819199,-4.968646,4.441e-16
DeepSets,ch4t-test-001929,5,0.467476,0.204558,-0.174074,0.330226,0.988375,0.203695,-5.082357,-5.580317,0.000e+00
DeepSets,ch4t-test-001930,5,-0.015421,0.240891,-0.006003,0.003715,-2.409983,0.055681,-7.802397,-8.021863,2.776e-17
DeepSets,ch4t-test-001931,8,1.710750,-0.502294,-0.427714,2.551372,1.260459,1.017241,-4.074208,-4.854950,0.000e+00
DeepSets,ch4t-test-001932,7,1.329168,0.523809,-0.584113,0.748219,0.930449,1.450752,-4.979140,-6.248004,0.000e+00
DeepSets,ch4t-test-001933,7,0.918012,-0.170500,0.622591,0.256786,0.509678,0.895181,-6.528894,-7.898997,0.000e+00
DeepSets,ch4t-test-001934,5,-0.237002,-0.264094,0.103549,0.258742,0.682061,0.219986,-5.655449,-5.257902,0.000e+00
DeepSets,ch4t-test-001935,8,0.354712,0.114050,-0.122347,0.571504,0.986503,0.247649,-4.908091,-5.254505,0.000e+00
DeepSets,ch4t-test-001936,7,0.855580,0.180236,-0.406353,0.735983,0.307139,0.841299,-4.748102,-5.377563,0.000e+00
DeepSets,ch4t-test-001937,6,-0.151514,-0.458588,0.077351,-0.024493,-0.152122,0.106068,-8.373744,-7.840994,0.000e+00
DeepSets,ch4t-test-001938,8,1.130950,0.322027,-0.401394,0.412748,0.080909,0.756050,-3.588851,-4.640434,2.220e-16
DeepSets,ch4t-test-001939,6,0.166555,-0.564639,1.862566,0.954391,0.918389,3.160819,-4.232306,-5.696789,0.000e+00
DeepSets,ch4t-test-001940,5,0.072829,0.772794,-0.096637,-0.043874,0.663905,0.150503,-6.269380,-7.018366,1.110e-16
DeepSets,ch4t-test-001941,7,-0.004580,0.104301,-0.002111,0.013295,-0.426317,0.150452,-8.735872,-8.833482,1.388e-17
DeepSets,ch4t-test-001942,6,-0.018852,-0.051716,0.326915,0.640920,0.995212,0.548052,-6.128771,-6.385118,0.000e+00
DeepSets,ch4t-test-001943,8,2.237484,0.457069,-0.285123,0.487049,1.169040,0.559818,-2.824841,-5.234271,0.000e+00
DeepSets,ch4t-test-001944,6,1.135068,0.480664,-0.962441,1.050376,0.677408,1.996862,-6.173147,-6.826438,1.110e-16
DeepSets,ch4t-test-001945,7,0.769355,0.124240,-0.640740,1.078291,1.211823,1.472999,-6.567666,-6.820521,0.000e+00
DeepSets,ch4t-test-001946,5,0.188906,0.096835,-0.028951,0.475213,0.429840,0.281557,-4.181831,-4.438621,0.000e+00
DeepSets,ch4t-test-001947,6,1.060526,0.524535,-1.495983,0.712963,-0.771590,1.120993,-7.746612,-7.835690,2.220e-16
DeepSets,ch4t-test-001948,6,0.942968,0.364222,0.036514,0.192299,0.785414,0.296592,-4.924958,-6.268662,0.000e+00
DeepSets,ch4t-test-001949,5,0.811795,-0.134492,0.284850,0.062544,-0.946207,0.155253,-4.584246,-5.546398,3.331e-16
DeepSets,ch4t-test-001950,6,-0.017698,0.338087,0.051065,-0.019213,-1.689025,0.151342,-9.366849,-9.738303,5.551e-17
DeepSets,ch4t-test-001951,7,0.006014,0.191079,-0.006029,-0.003491,-0.108056,0.136063,-6.774942,-6.966006,2.776e-17
DeepSets,ch4t-test-001952,7,0.000020,0.640690,-0.026132,0.013773,0.106943,0.197055,-5.736919,-6.351498,0.000e+00
DeepSets,ch4t-test-001953,5,0.117931,-0.095989,0.004151,0.041531,-0.118177,0.132140,-8.049733,-8.075826,0.000e+00
DeepSets,ch4t-test-001954,4,0.026570,0.186995,-0.027986,-0.034562,-1.571777,0.123640,-10.122795,-10.308373,0.000e+00
DeepSets,ch4t-test-001955,6,0.805310,-0.351952,0.101710,0.377617,-0.214358,1.012531,-7.748883,-8.303950,1.110e-16
DeepSets,ch4t-test-001956,7,0.184615,0.106767,-0.010625,0.820084,1.080511,0.417188,-5.028571,-5.309328,0.000e+00
DeepSets,ch4t-test-001957,8,0.038757,0.292976,-0.074828,-0.032653,0.278325,0.149332,-6.754278,-7.011184,5.551e-17
DeepSets,ch4t-test-001958,8,1.465750,0.109684,-0.411746,0.655252,0.776928,0.787037,-5.013410,-6.177099,0.000e+00
DeepSets,ch4t-test-001959,5,0.354134,-0.112221,0.025013,0.314197,0.537614,0.199347,-6.477822,-6.744748,5.551e-17
DeepSets,ch4t-test-001960,4,0.014531,-0.023491,-0.043927,-0.020876,-1.319081,0.157556,-8.092940,-8.040053,0.000e+00
DeepSets,ch4t-test-001961,7,-0.158666,-0.007388,0.044178,-0.024561,0.703645,0.197712,-8.727481,-8.605605,0.000e+00
DeepSets,ch4t-test-001962,8,0.827771,0.086287,-0.160426,0.361500,0.670380,0.491990,-4.524173,-5.277806,1.110e-16
DeepSets,ch4t-test-001963,8,0.052156,0.574372,-0.016689,-0.000056,0.185738,0.146241,-7.229075,-7.838913,0.000e+00
DeepSets,ch4t-test-001964,7,0.837369,0.905527,0.080453,0.031169,0.974136,0.262459,-4.152907,-5.976256,2.220e-16
DeepSets,ch4t-test-001965,8,1.112829,0.076401,-0.218412,0.801868,0.698017,0.589818,-5.049557,-6.020374,0.000e+00
DeepSets,ch4t-test-001966,7,1.101427,0.249170,-0.106977,0.207500,1.184750,0.320945,-4.846931,-6.090551,0.000e+00
DeepSets,ch4t-test-001967,8,0.329916,0.039265,-0.187809,1.040418,1.086057,0.653607,-5.433726,-5.615099,5.551e-17
DeepSets,ch4t-test-001968,6,-0.494109,-0.559920,-0.084908,0.102013,0.793646,0.386969,-8.051275,-6.912337,0.000e+00
DeepSets,ch4t-test-001969,4,0.710184,-0.028819,-0.060125,0.206378,-0.269501,0.567814,-5.386845,-6.008086,1.110e-16
DeepSets,ch4t-test-001970,5,-0.126855,0.341868,-0.067319,-0.036144,1.059333,0.199762,-8.803586,-8.951279,0.000e+00
DeepSets,ch4t-test-001971,4,-0.012398,0.519671,-0.027228,0.020596,-0.619523,0.125696,-6.806186,-7.286231,5.551e-17
DeepSets,ch4t-test-001972,7,0.944683,0.383122,-0.243939,0.510858,0.841989,0.532563,-4.828556,-5.912423,0.000e+00
DeepSets,ch4t-test-001973,4,0.017935,0.958080,-0.191152,-0.002576,0.303079,0.189129,-5.209869,-5.994731,0.000e+00
DeepSets,ch4t-test-001974,4,-0.041295,0.598144,-0.094457,0.043383,0.311546,0.193049,-7.773895,-8.236287,0.000e+00
DeepSets,ch4t-test-001975,4,0.034663,0.019607,-0.539588,0.897573,-0.193194,1.517018,-6.389432,-5.904114,5.551e-17
DeepSets,ch4t-test-001976,6,0.357754,0.241931,0.665164,0.754085,1.221247,1.301617,-7.037161,-8.302010,0.000e+00
DeepSets,ch4t-test-001977,5,1.073199,-0.052656,-0.196708,0.711816,-0.164298,0.407469,-6.574206,-7.398041,0.000e+00
DeepSets,ch4t-test-001978,4,1.552416,0.468294,0.620781,0.393359,0.871937,0.590957,-4.490329,-7.131820,0.000e+00
DeepSets,ch4t-test-001979,7,1.243905,-0.142258,-0.378415,1.718653,1.251766,1.372417,-5.241915,-5.965147,2.220e-16
DeepSets,ch4t-test-001980,6,1.168443,0.754767,-0.171436,0.283638,0.877181,0.671598,-3.879727,-5.631501,0.000e+00
DeepSets,ch4t-test-001981,4,-0.016548,0.166167,-0.007349,-0.025598,-0.716577,0.124176,-8.684507,-8.826777,0.000e+00
DeepSets,ch4t-test-001982,5,-0.015272,0.232884,0.014207,-0.030854,-0.754167,0.147168,-7.642860,-7.874679,2.776e-17
DeepSets,ch4t-test-001983,5,1.275527,0.672235,-1.232962,0.699938,0.785452,1.124504,-5.542326,-6.257126,2.220e-16
DeepSets,ch4t-test-001984,8,1.567384,0.126066,-0.922519,0.720857,0.671269,1.030085,-3.925733,-4.696664,1.110e-16
DeepSets,ch4t-test-001985,6,1.312946,0.300627,0.021489,1.252589,1.406229,1.982122,-4.825118,-6.460180,2.220e-16
DeepSets,ch4t-test-001986,7,1.855588,-0.050263,-0.146735,0.382486,-1.257106,0.270421,-3.497006,-5.155595,2.220e-16
DeepSets,ch4t-test-001987,8,-1.132282,-0.946403,0.611571,0.302510,1.152942,0.722413,-8.085786,-6.618672,0.000e+00
DeepSets,ch4t-test-001988,6,0.884017,-0.402634,-0.279372,0.386904,0.718381,0.380381,-5.980968,-6.182979,5.551e-17
DeepSets,ch4t-test-001989,4,0.429696,0.031603,-0.827360,0.685440,1.151956,0.859937,-6.580591,-6.214530,0.000e+00
DeepSets,ch4t-test-001990,7,0.541772,-0.382504,0.425742,0.445623,-0.024810,0.800815,-5.437692,-6.022701,0.000e+00
DeepSets,ch4t-test-001991,4,2.651138,-0.378808,-0.147962,2.439831,0.843271,1.708597,-2.987893,-5.112261,0.000e+00
DeepSets,ch4t-test-001992,8,0.235239,0.425098,0.078174,0.248249,0.941150,0.297372,-6.324678,-7.063189,0.000e+00
DeepSets,ch4t-test-001993,4,-0.018969,0.530322,-0.025635,0.007828,0.529709,0.080113,-5.875664,-6.361382,5.551e-17
DeepSets,ch4t-test-001994,8,0.375859,0.964362,0.069032,0.007187,1.114411,0.192610,-7.305007,-8.714261,0.000e+00
DeepSets,ch4t-test-001995,5,1.790739,0.027697,-0.324579,0.677996,0.987491,0.310868,-3.526653,-5.020510,0.000e+00
DeepSets,ch4t-test-001996,6,0.742521,0.083785,-0.367518,0.717300,-0.398711,2.073407,-5.292957,-5.751744,0.000e+00
DeepSets,ch4t-test-001997,6,0.583447,-0.304328,-0.099190,0.657882,0.795949,0.409556,-5.573416,-5.753345,0.000e+00
DeepSets,ch4t-test-001998,8,1.584197,0.803278,-0.099512,0.730095,0.975861,1.000812,-6.710175,-8.998137,0.000e+00
DeepSets,ch4t-test-001999,6,0.792109,0.408588,-0.018139,0.261393,0.482776,0.559176,-5.807540,-6.990098,0.000e+00
GNN,ch4t-test-000000,6,-0.185736,-0.053800,0.326560,0.637727,0.664518,1.363644,-5.426287,-5.513310,0.000e+00
GNN,ch4t-test-000001,4,0.008927,-0.124679,-0.017635,0.942629,0.220189,1.585843,-8.022847,-7.889460,0.000e+00
GNN,ch4t-test-000002,6,3.674872,-1.071755,-0.768924,2.151335,-0.560630,1.432217,-2.419218,-4.253410,4.441e-16
GNN,ch4t-test-000003,5,0.848878,-0.155973,-0.266025,0.809028,-0.470753,1.020843,-3.114849,-3.541730,1.110e-16
GNN,ch4t-test-000004,6,1.427901,0.077572,-0.147588,0.420327,0.880178,0.402675,-3.607658,-4.965543,2.220e-16
GNN,ch4t-test-000005,6,0.199732,0.012207,-0.067207,0.822973,0.133216,1.305014,-4.596817,-4.741549,0.000e+00
GNN,ch4t-test-000006,8,1.189646,0.009753,0.114121,0.222705,-0.008838,0.434744,-2.109522,-3.423042,0.000e+00
GNN,ch4t-test-000007,5,3.781816,-1.099583,-0.047775,0.228273,-1.132776,0.189003,-2.140265,-4.774722,0.000e+00
GNN,ch4t-test-000008,6,0.111800,0.195161,-0.037059,0.131892,0.855553,0.159724,-6.834997,-7.104900,0.000e+00
GNN,ch4t-test-000009,4,-0.030837,-0.037432,-0.021515,0.845038,-0.812864,1.616322,-5.810159,-5.720374,2.776e-17
GNN,ch4t-test-000010,6,0.110734,0.123055,0.192025,0.641779,0.819704,0.987655,-4.031784,-4.457598,5.551e-17
GNN,ch4t-test-000011,6,-0.013754,-0.557141,0.222602,0.057311,0.003176,0.119267,-9.728806,-9.380512,1.110e-16
GNN,ch4t-test-000012,5,-0.565981,-0.163846,0.243241,0.104189,0.600659,0.220905,-6.145053,-5.658468,0.000e+00
GNN,ch4t-test-000013,6,0.206485,-0.013015,-0.070817,0.848507,0.965370,0.295609,-3.891867,-4.014520,1.388e-17
GNN,ch4t-test-000014,4,0.233225,-0.311291,0.539661,0.608296,-0.519051,1.616750,-8.469384,-8.930979,1.110e-16
GNN,ch4t-test-000015,6,0.326217,0.290432,-0.089016,0.135779,0.968994,0.264520,-6.989829,-7.517463,0.000e+00
GNN,ch4t-test-000016,5,0.189830,-0.047539,-0.019498,-0.007097,0.094556,0.135593,-6.778992,-6.901785,0.000e+00
GNN,ch4t-test-000017,4,-0.099113,0.208045,-0.081247,0.002190,0.315155,0.162276,-7.780190,-7.807876,0.000e+00
GNN,ch4t-test-000018,7,0.176551,-0.303081,0.023288,-0.007181,1.136367,0.161802,-9.204960,-9.101718,5.551e-17
GNN,ch4t-test-000019,4,-0.080049,-0.020099,-0.046660,0.026335,-0.439010,0.124335,-5.557377,-5.410570,0.000e+00
GNN,ch4t-test-000020,4,0.407223,0.294688,-0.063647,0.151752,0.730750,0.236036,-7.171653,-7.809917,0.000e+00
GNN,ch4t-test-000021,6,0.712610,0.017900,-0.173303,0.503223,0.907480,0.936137,-5.263772,-5.820979,0.000e+00
GNN,ch4t-test-000022,8,0.332277,-0.129197,-0.253713,0.274381,0.027776,0.705825,-5.143856,-5.093224,0.000e+00
GNN,ch4t-test-000023,4,0.332878,-0.434130,-0.016440,0.146635,0.656145,0.652743,-7.622452,-7.504761,5.551e-17
GNN,ch4t-test-000024,6,0.157869,-0.160152,-0.128704,0.148495,1.096784,0.445498,-4.814712,-4.683725,2.776e-17
GNN,ch4t-test-000025,7,1.247297,0.341448,-0.075103,0.182088,1.061471,0.197966,-2.806815,-4.320457,0.000e+00
GNN,ch4t-test-000026,7,1.194930,0.151420,-0.492903,1.387166,1.025204,1.564768,-5.001816,-5.855265,2.220e-16
GNN,ch4t-test-000027,6,-0.031193,0.268510,0.108231,0.048287,0.974289,0.170442,-6.110731,-6.456279,0.000e+00
GNN,ch4t-test-000028,6,-0.720919,-0.215776,0.409229,0.665027,-0.454109,1.086724,-5.216850,-4.689384,0.000e+00
GNN,ch4t-test-000029,7,1.951387,-0.154038,-0.215433,1.445491,0.056826,0.503572,-3.608435,-5.190351,0.000e+00
GNN,ch4t-test-000030,8,0.567128,0.040956,-0.102663,0.774808,-0.045212,1.356714,-4.175015,-4.680435,0.000e+00
GNN,ch4t-test-000031,6,0.123782,-0.135595,0.162510,0.044923,-1.487200,0.211424,-4.572496,-4.723194,2.776e-17
GNN,ch4t-test-000032,4,0.041950,0.421677,0.171070,0.006030,-0.688190,0.160025,-7.115440,-7.750137,0.000e+00
GNN,ch4t-test-000033,6,0.604833,0.017498,-0.087370,0.783479,0.813890,0.357113,-3.588717,-4.123678,1.110e-16
GNN,ch4t-test-000034,4,-0.148250,0.420513,-0.073922,-0.071173,-0.949594,0.121747,-6.475094,-6.673436,5.551e-17
GNN,ch4t-test-000035,7,0.138890,-0.032038,0.211664,0.177598,-0.197380,1.109773,-4.938105,-5.256620,5.551e-17
GNN,ch4t-test-000036,5,0.220822,0.006048,0.067730,0.110581,0.900375,0.128937,-5.742748,-6.037348,0.000e+00
GNN,ch4t-test-000037,4,1.568754,-0.239750,-0.284359,1.248310,0.070080,0.515026,-3.089098,-4.133744,0.000e+00
GNN,ch4t-test-000038,6,0.582143,-0.116727,-0.206681,1.005406,1.273039,0.962400,-4.436854,-4.695590,5.551e-17
GNN,ch4t-test-000039,7,0.004056,0.119885,0.030939,-0.019889,-0.314319,0.146824,-6.536514,-6.691394,0.000e+00
GNN,ch4t-test-000040,8,0.206507,0.091317,-0.041097,1.190629,1.099744,1.020201,-3.866135,-4.122862,0.000e+00
GNN,ch4t-test-000041,5,0.195224,0.037030,-0.026162,0.441565,0.608848,0.285420,-3.883952,-4.090044,0.000e+00
GNN,ch4t-test-000042,8,1.027364,-0.022898,-0.138657,0.607313,1.242851,0.780375,-5.274429,-6.140239,0.000e+00
GNN,ch4t-test-000043,4,0.161224,0.023263,-0.050780,0.356117,0.786860,0.255857,-5.487860,-5.621567,0.000e+00
GNN,ch4t-test-000044,7,0.060169,0.023832,-0.089781,0.324798,1.201926,0.353734,-3.488079,-3.482299,6.939e-18
GNN,ch4t-test-000045,8,1.222073,-0.163290,-0.306232,0.829803,0.281951,0.759054,-4.212252,-4.964803,1.110e-16
GNN,ch4t-test-000046,5,0.363756,-0.022899,-0.078581,0.528584,0.883876,0.476107,-3.367845,-3.630121,0.000e+00
GNN,ch4t-test-000047,6,1.143960,0.086378,-0.145847,0.574687,0.685920,0.326932,-3.415485,-4.499976,0.000e+00
GNN,ch4t-test-000048,4,-0.342419,1.169366,-0.131812,0.071165,-0.270524,0.150743,-8.167403,-8.862539,0.000e+00
GNN,ch4t-test-000049,6,-0.205389,0.009748,0.002631,1.720491,0.794219,0.835400,-5.954919,-5.761909,0.000e+00
GNN,ch4t-test-000050,4,-0.025003,0.090343,-0.058781,-0.012735,0.653175,0.185250,-8.401424,-8.407984,0.000e+00
GNN,ch4t-test-000051,7,0.236173,0.062466,-0.137118,0.710205,0.614021,0.790576,-6.667968,-6.829488,5.551e-17
GNN,ch4t-test-000052,8,0.006682,0.446219,-0.067852,0.002435,0.469011,0.146897,-5.853624,-6.238673,0.000e+00
GNN,ch4t-test-000053,4,0.044624,0.506422,0.082038,-0.020594,0.055872,0.206872,-7.819257,-8.452341,0.000e+00
GNN,ch4t-test-000054,8,-0.027031,-0.142743,0.143536,0.708025,1.001874,1.445844,-7.456475,-7.430237,2.776e-17
GNN,ch4t-test-000055,4,1.683763,-0.239408,-0.552885,2.206846,-0.308185,2.058204,-5.085711,-5.977182,1.110e-16
GNN,ch4t-test-000056,5,-0.032063,-0.071200,0.000648,0.984436,0.482682,0.994610,-5.199752,-5.097138,1.388e-17
GNN,ch4t-test-000057,4,0.093324,-0.144715,0.287706,0.230107,0.312627,1.003222,-5.914154,-6.150469,5.551e-17
GNN,ch4t-test-000058,5,0.085563,-0.102620,-0.025462,1.196683,0.617740,1.215520,-7.614065,-7.571547,2.776e-17
GNN,ch4t-test-000059,4,-0.035811,0.213157,-0.003918,0.016043,-1.533170,0.158207,-8.189348,-8.362777,0.000e+00
GNN,ch4t-test-000060,6,0.140741,-0.173287,0.287275,0.047523,1.183127,0.244018,-8.270451,-8.525181,5.551e-17
GNN,ch4t-test-000061,5,0.176150,-0.108934,0.477889,0.065129,-0.249700,0.245986,-9.345762,-9.890866,1.110e-16
GNN,ch4t-test-000062,8,-0.047442,0.018553,-0.002558,0.749536,0.312699,0.293790,-4.615475,-4.584028,0.000e+00
GNN,ch4t-test-000063,5,-0.731014,-0.266129,0.670783,0.332781,1.499720,1.154269,-7.196193,-6.869832,5.551e-17
GNN,ch4t-test-000064,6,0.595789,-0.195749,-0.003702,0.490175,0.027947,0.218182,-4.526706,-4.923045,5.551e-17
GNN,ch4t-test-000065,5,-0.565434,0.345424,-0.291328,0.205555,-1.251043,0.359317,-14.101948,-13.590610,0.000e+00
GNN,ch4t-test-000066,5,-0.524260,-0.181815,0.122651,0.804769,0.298137,1.500450,-7.898994,-7.315570,1.110e-16
GNN,ch4t-test-000067,4,0.560047,0.104708,-0.134168,0.556890,0.594841,0.413796,-5.146842,-5.677428,0.000e+00
GNN,ch4t-test-000068,8,0.377645,0.092840,-0.069536,0.560072,0.469245,0.706494,-4.872962,-5.273910,5.551e-17
GNN,ch4t-test-000069,6,0.824261,-0.114994,-0.253059,0.604049,0.695678,0.560770,-3.435148,-3.891355,0.000e+00
GNN,ch4t-test-000070,5,-0.106808,0.026994,-0.117902,1.541777,1.016916,1.148200,-8.959168,-8.761452,2.776e-17
GNN,ch4t-test-000071,7,0.400079,0.121996,-0.098990,0.192022,0.863871,0.162562,-5.923043,-6.346128,0.000e+00
GNN,ch4t-test-000072,8,0.039207,-0.325253,0.157532,0.183500,0.549266,0.488613,-5.189152,-5.060638,5.551e-17
GNN,ch4t-test-000073,6,-0.070189,-0.266862,0.107650,0.275711,1.188980,0.677568,-9.710669,-9.481267,0.000e+00
GNN,ch4t-test-000074,7,0.000129,0.175476,0.001039,0.002488,-0.326851,0.157191,-6.917954,-7.094597,0.000e+00
GNN,ch4t-test-000075,7,-0.270778,-0.059861,-0.084430,0.383942,1.113221,0.481757,-6.982795,-6.567727,0.000e+00
GNN,ch4t-test-000076,6,0.208619,0.070339,-0.103144,0.156547,0.705494,0.195439,-5.403596,-5.579410,0.000e+00
GNN,ch4t-test-000077,5,0.218373,0.078490,-0.052512,0.630672,0.871787,0.370245,-6.021429,-6.265780,2.776e-17
GNN,ch4t-test-000078,8,0.594228,-0.090088,-0.257176,0.725403,0.733553,0.479713,-7.223242,-7.470206,8.327e-17
GNN,ch4t-test-000079,7,0.830237,0.012425,-0.425367,0.516051,0.981980,0.871642,-3.787242,-4.204537,5.551e-17
GNN,ch4t-test-000080,5,0.227400,-0.031634,-0.014200,0.483552,-0.443648,1.047347,-4.729552,-4.911118,2.776e-17
GNN,ch4t-test-000081,8,1.947726,-0.028564,-0.243141,2.021182,0.170791,2.419411,-2.999694,-4.675715,0.000e+00
GNN,ch4t-test-000082,5,-0.252595,-0.194273,0.300254,0.781022,1.132888,1.438813,-5.299433,-5.152819,2.776e-17
GNN,ch4t-test-000083,8,0.621078,-0.006285,-0.063711,1.289708,0.865309,0.802364,-4.401929,-4.953012,1.110e-16
GNN,ch4t-test-000084,5,-0.008264,0.026940,-0.010478,1.266439,1.240060,0.498064,-5.767595,-5.775793,0.000e+00
GNN,ch4t-test-000085,5,0.698816,0.008938,-0.225921,1.282775,0.285598,1.512181,-3.239036,-3.720868,5.551e-17
GNN,ch4t-test-000086,5,-0.136798,-0.259220,0.125062,0.629027,0.563564,1.774248,-6.897838,-6.626882,5.551e-17
GNN,ch4t-test-000087,4,-0.113600,0.043922,0.154467,0.293601,-1.465554,0.661417,-6.261436,-6.346225,1.388e-17
GNN,ch4t-test-000088,5,-0.049531,0.153062,0.049459,0.041218,0.904988,0.307530,-6.576557,-6.729547,2.776e-17
GNN,ch4t-test-000089,8,0.277160,0.061696,-0.186939,0.501296,1.212936,0.628711,-5.255789,-5.407705,2.776e-17
GNN,ch4t-test-000090,4,-0.525437,-0.190726,0.364464,0.661473,1.350764,2.048527,-7.142419,-6.790720,5.551e-17
GNN,ch4t-test-000091,6,0.004819,0.044024,-0.053213,-0.008475,-1.075688,0.140982,-7.029761,-7.025390,6.939e-18
GNN,ch4t-test-000092,4,0.062150,0.150397,-0.024028,0.405468,0.759218,0.243055,-5.456341,-5.644859,0.000e+00
GNN,ch4t-test-000093,6,0.237628,0.083519,-0.016861,0.519064,-0.468039,0.489895,-3.418320,-3.722605,0.000e+00
GNN,ch4t-test-000094,5,0.572709,0.191183,-0.058491,0.155166,0.605301,0.164914,-5.250757,-5.956159,0.000e+00
GNN,ch4t-test-000095,4,-0.151993,0.038361,-0.001668,0.009689,0.801786,0.150566,-6.755915,-6.640614,2.776e-17
GNN,ch4t-test-000096,7,0.851421,-0.028959,-0.132943,0.835135,0.366204,0.769006,-4.300599,-4.990118,0.000e+00
GNN,ch4t-test-000097,6,0.857390,0.090415,0.133122,0.870281,0.737424,1.960934,-5.181625,-6.262552,2.220e-16
GNN,ch4t-test-000098,8,-0.006716,0.110968,-0.008788,0.011887,-0.948919,0.095768,-6.234889,-6.330354,0.000e+00
GNN,ch4t-test-000099,6,0.025154,-0.151840,0.048148,0.012492,0.773364,0.147097,-8.223523,-8.144985,1.388e-17
GNN,ch4t-test-000100,4,0.470841,-0.265823,-0.342044,0.846967,-0.694340,0.761889,-6.014493,-5.877466,5.551e-17
GNN,ch4t-test-000101,5,-0.044177,0.486234,0.003570,0.011587,0.076051,0.126212,-8.295899,-8.741526,5.551e-17
GNN,ch4t-test-000102,4,0.707618,0.018083,-0.133989,0.834086,0.460528,1.121487,-4.002175,-4.593887,1.110e-16
GNN,ch4t-test-000103,5,0.292219,-0.021814,-0.118419,0.860097,-0.908296,0.863958,-3.897532,-4.049518,0.000e+00
GNN,ch4t-test-000104,8,0.350087,0.012071,-0.070911,0.862176,0.874973,0.836113,-2.698509,-2.989756,0.000e+00
GNN,ch4t-test-000105,5,0.024316,0.213474,-0.028594,-0.030739,0.488907,0.162511,-6.621202,-6.830399,2.776e-17
GNN,ch4t-test-000106,6,0.067582,0.643983,-0.036014,-0.052639,0.780734,0.138579,-8.663680,-9.339231,1.110e-16
GNN,ch4t-test-000107,7,0.869091,0.043571,-0.409648,1.200860,-0.125491,1.019110,-4.321722,-4.824736,1.110e-16
GNN,ch4t-test-000108,5,0.069323,0.030831,-0.135433,0.717975,0.545101,1.435953,-8.060590,-8.025311,1.388e-17
GNN,ch4t-test-000109,6,1.277793,-0.217299,-0.181827,0.691233,0.923521,0.579096,-6.447570,-7.326237,0.000e+00
GNN,ch4t-test-000110,5,-0.004096,0.099683,-0.049904,0.018473,-2.252404,0.120192,-8.775118,-8.820801,6.939e-18
GNN,ch4t-test-000111,4,-0.000814,0.094996,-0.073889,-0.025772,-0.896542,0.145953,-8.163463,-8.183757,0.000e+00
GNN,ch4t-test-000112,5,-0.001485,0.101465,-0.039179,0.001108,-1.895196,0.086061,-7.507047,-7.567849,0.000e+00
GNN,ch4t-test-000113,4,0.243734,0.107666,-0.078029,0.150001,-0.162470,0.214874,-4.478262,-4.751633,0.000e+00
GNN,ch4t-test-000114,7,-0.166057,0.201507,0.059654,0.303263,0.798310,0.371703,-4.347366,-4.442470,1.388e-17
GNN,ch4t-test-000115,7,0.452352,-0.016143,-0.086964,0.677141,0.998348,0.339206,-4.655013,-5.004258,0.000e+00
GNN,ch4t-test-000116,6,-0.119655,-0.008885,0.016082,0.976388,0.906013,0.606898,-3.967950,-3.855492,0.000e+00
GNN,ch4t-test-000117,5,1.287373,-0.210622,-0.302732,0.839938,0.903607,0.945353,-4.864623,-5.638642,0.000e+00
GNN,ch4t-test-000118,4,0.752930,0.315750,-0.252148,0.420425,-0.460935,0.494524,-4.815735,-5.632266,0.000e+00
GNN,ch4t-test-000119,8,-0.030895,0.096791,0.015647,0.089477,0.730241,0.196678,-5.916945,-5.998488,0.000e+00
GNN,ch4t-test-000120,4,-0.094915,0.250055,-0.008469,0.522779,0.588032,0.225695,-7.922034,-8.068705,5.551e-17
GNN,ch4t-test-000121,7,2.310056,-0.346792,-0.261183,1.619961,0.800971,0.705940,-2.353336,-4.055417,0.000e+00
GNN,ch4t-test-000122,7,0.026837,0.015932,-0.014436,0.362482,0.771682,0.342589,-3.950648,-3.978981,3.469e-18
GNN,ch4t-test-000123,5,0.007517,1.092950,0.032301,-0.006038,0.891297,0.206314,-6.440481,-7.573249,2.220e-16
GNN,ch4t-test-000124,7,-0.204290,0.566381,0.153536,-0.006890,0.715249,0.192234,-6.803263,-7.318890,0.000e+00
GNN,ch4t-test-000125,6,0.614130,-0.052301,0.030855,1.489372,0.883856,0.812218,-5.652626,-6.245310,1.110e-16
GNN,ch4t-test-000126,5,-0.429111,-0.010396,0.248591,0.300124,0.505599,0.791930,-6.454360,-6.263444,1.110e-16
GNN,ch4t-test-000127,5,-0.023649,0.393997,-0.061191,-0.022296,0.000968,0.151439,-6.716328,-7.025485,0.000e+00
GNN,ch4t-test-000128,5,1.044701,-0.024384,-0.149262,1.332145,-0.221526,1.420843,-5.741479,-6.612533,1.110e-16
GNN,ch4t-test-000129,4,0.082918,-0.011414,0.011764,1.865524,0.116365,1.292240,-6.765426,-6.848694,1.388e-17
GNN,ch4t-test-000130,5,0.771938,0.694838,0.105970,0.332390,1.127849,0.314508,-4.360625,-5.933372,0.000e+00
GNN,ch4t-test-000131,8,-0.033080,0.256314,0.213231,-0.019865,0.418054,0.125733,-7.663638,-8.100103,5.551e-17
GNN,ch4t-test-000132,6,0.362666,0.068362,0.072343,0.487462,1.088439,0.882725,-4.547484,-5.050856,1.110e-16
GNN,ch4t-test-000133,4,0.635715,0.120818,0.089677,1.136990,0.427413,2.531168,-5.731569,-6.577779,1.110e-16
GNN,ch4t-test-000134,5,1.014772,-0.056270,-0.599490,1.267704,-0.014575,1.501776,-4.682198,-5.041210,0.000e+00
GNN,ch4t-test-000135,5,-0.001181,0.051492,-0.017403,0.000708,-2.454479,0.068311,-7.386070,-7.418978,6.939e-18
GNN,ch4t-test-000136,6,0.077992,0.301533,0.025821,0.006802,0.996821,0.130481,-6.115474,-6.520820,0.000e+00
GNN,ch4t-test-000137,8,-0.009475,0.084955,-0.051972,0.024784,-0.685556,0.124916,-8.174992,-8.198501,6.939e-18
GNN,ch4t-test-000138,8,2.818626,-0.814223,-0.297193,1.712315,0.742700,0.647193,-2.795638,-4.502847,0.000e+00
GNN,ch4t-test-000139,8,0.604629,-0.028157,-0.062936,0.860183,0.272092,0.845399,-4.699952,-5.213488,0.000e+00
GNN,ch4t-test-000140,8,0.005509,0.213963,-0.094033,-0.010803,-0.462188,0.151448,-8.333735,-8.459174,2.776e-17
GNN,ch4t-test-000141,5,-0.107043,0.084461,0.561484,0.406076,0.386317,0.829625,-10.199489,-10.738391,0.000e+00
GNN,ch4t-test-000142,7,0.003165,0.408376,-0.023186,-0.027470,0.314697,0.170071,-5.200902,-5.589257,5.551e-17
GNN,ch4t-test-000143,4,-0.160626,-0.154399,0.281276,0.688323,1.225378,2.204549,-6.892412,-6.858663,2.776e-17
GNN,ch4t-test-000144,8,0.050349,0.062735,-0.012363,0.826366,0.970222,0.347799,-4.521611,-4.622331,0.000e+00
GNN,ch4t-test-000145,7,1.083084,0.106379,-0.179837,1.151877,0.840056,1.527928,-4.826014,-5.835640,0.000e+00
GNN,ch4t-test-000146,8,0.204510,-0.014274,-0.145484,0.613945,0.751424,0.950579,-4.274680,-4.319432,1.388e-17
GNN,ch4t-test-000147,7,1.370668,-0.069539,-0.147485,1.266702,0.969757,0.424647,-3.174933,-4.328577,2.220e-16
GNN,ch4t-test-000148,8,0.677948,-0.023055,-0.192832,0.604457,1.253756,0.358226,-2.888238,-3.350299,5.551e-17
GNN,ch4t-test-000149,5,-0.041714,0.510974,-0.128531,0.008786,-0.251495,0.187600,-8.673587,-9.014315,1.110e-16
GNN,ch4t-test-000150,7,0.820254,-0.266646,-0.396166,1.289929,0.257635,1.009907,-5.032384,-5.189826,5.551e-17
GNN,ch4t-test-000151,7,0.233538,-0.067667,0.097223,0.132304,0.490844,0.463372,-4.930576,-5.193670,0.000e+00
GNN,ch4t-test-000152,6,0.094623,0.044219,0.026679,0.422392,0.951053,0.648676,-3.588067,-3.753588,0.000e+00
GNN,ch4t-test-000153,8,0.106234,-0.373880,0.288478,0.033191,-0.168538,0.247991,-6.517111,-6.537943,0.000e+00
GNN,ch4t-test-000154,7,1.266838,0.213964,-0.427627,0.849335,1.358068,1.507704,-3.228555,-4.281730,0.000e+00
GNN,ch4t-test-000155,6,-0.252360,-0.030582,0.147291,0.352848,0.531641,0.488679,-5.884894,-5.749243,0.000e+00
GNN,ch4t-test-000156,5,0.080502,-0.667038,0.028576,-0.002633,0.007231,0.105400,-9.636442,-9.078482,0.000e+00
GNN,ch4t-test-000157,7,-0.042395,0.011935,0.129225,0.614728,0.627848,0.810141,-4.759447,-4.858212,0.000e+00
GNN,ch4t-test-000158,7,0.062303,0.585988,-0.146916,-0.029965,-0.306085,0.155351,-7.500577,-8.001951,1.110e-16
GNN,ch4t-test-000159,4,0.328877,-0.062869,-0.199513,0.896732,1.128101,1.169021,-4.847743,-4.914238,2.776e-17
GNN,ch4t-test-000160,7,0.250058,0.081029,-0.042860,0.943115,0.894718,0.452199,-4.704072,-4.992298,0.000e+00
GNN,ch4t-test-000161,5,0.188394,0.226033,0.092004,0.100983,-0.238550,0.289722,-4.309511,-4.815942,0.000e+00
GNN,ch4t-test-000162,6,0.088925,-0.046602,-0.270343,1.541945,0.555960,2.266140,-7.092901,-6.864881,5.551e-17
GNN,ch4t-test-000163,8,0.278708,0.131945,-0.061645,0.406298,0.935921,0.264401,-4.366750,-4.715758,0.000e+00
GNN,ch4t-test-000164,7,-1.659205,-0.827725,1.360667,0.264853,0.888645,0.836251,-10.286053,-9.159789,0.000e+00
GNN,ch4t-test-000165,5,0.696968,-0.034886,-0.514915,0.980242,-0.073433,1.066509,-5.700844,-5.848010,5.551e-17
GNN,ch4t-test-000166,6,0.241483,-1.083459,0.213423,0.047643,0.284502,0.135686,-8.646466,-8.017913,0.000e+00
GNN,ch4t-test-000167,8,0.945477,0.145302,-0.341582,0.439763,1.200719,0.357958,-8.607192,-9.356389,0.000e+00
GNN,ch4t-test-000168,8,0.272230,-0.094246,-0.010448,0.519978,-0.834400,0.675061,-2.965710,-3.133247,0.000e+00
GNN,ch4t-test-000169,4,-0.204272,0.155483,0.169087,0.717756,1.158638,0.792510,-4.491975,-4.612273,2.776e-17
GNN,ch4t-test-000170,7,0.492461,-0.124628,-0.079320,0.147843,-0.960886,0.242404,-5.963235,-6.251748,5.551e-17
GNN,ch4t-test-000171,5,0.030532,0.119999,0.033216,-0.062067,-0.719985,0.195609,-6.567991,-6.751738,0.000e+00
GNN,ch4t-test-000172,4,0.460620,0.233941,-0.125082,0.349850,0.848681,0.238790,-5.104005,-5.673484,0.000e+00
GNN,ch4t-test-000173,8,0.479004,-0.115383,-0.378483,0.311811,0.790863,0.608538,-5.143968,-5.129105,1.388e-17
GNN,ch4t-test-000174,7,0.322411,0.028572,-0.094823,0.553963,1.162433,0.399867,-3.887360,-4.143520,0.000e+00
GNN,ch4t-test-000175,7,0.018059,0.094268,-0.078835,-0.006765,-1.061258,0.158236,-9.492917,-9.526410,6.939e-18
GNN,ch4t-test-000176,6,0.980050,-0.113868,-0.156795,1.776281,0.565600,0.842504,-5.392049,-6.101435,1.110e-16
GNN,ch4t-test-000177,5,0.539130,-0.064142,-0.056731,0.749463,0.379426,0.619752,-4.062800,-4.481058,5.551e-17
GNN,ch4t-test-000178,4,-0.012970,0.014247,-0.012090,0.014340,-1.092262,0.108223,-7.209727,-7.198915,0.000e+00
GNN,ch4t-test-000179,8,-0.098652,0.418188,-0.043809,0.057476,0.390181,0.195714,-7.844526,-8.120253,0.000e+00
GNN,ch4t-test-000180,8,0.679397,-0.000929,-0.258185,1.193091,0.640527,1.040448,-6.177348,-6.597631,5.551e-17
GNN,ch4t-test-000181,7,-0.034096,0.703195,0.031555,-0.006844,0.568225,0.136399,-5.161078,-5.861732,0.000e+00
GNN,ch4t-test-000182,7,0.196421,0.057123,-0.420860,1.001284,1.060816,2.098558,-5.671634,-5.504319,0.000e+00
GNN,ch4t-test-000183,4,0.513697,0.164902,-0.286609,0.644103,0.661123,1.183275,-8.001837,-8.393827,0.000e+00
GNN,ch4t-test-000184,4,0.073174,-0.026985,0.119875,1.155972,0.462076,2.050726,-8.008598,-8.174662,0.000e+00
GNN,ch4t-test-000185,5,0.907923,-0.013334,-0.099584,0.437964,-0.078383,0.891692,-3.582835,-4.377840,1.110e-16
GNN,ch4t-test-000186,6,0.964439,0.261738,-0.513919,0.409584,0.915941,1.051373,-4.256630,-4.968887,0.000e+00
GNN,ch4t-test-000187,7,-0.001542,0.249293,-0.015466,-0.024115,0.442298,0.159203,-6.939206,-7.171491,2.776e-17
GNN,ch4t-test-000188,7,-0.151548,0.029860,0.259644,0.111243,0.586439,0.131723,-4.532283,-4.670240,0.000e+00
GNN,ch4t-test-000189,5,0.765160,-0.244201,-0.331480,0.473742,0.407833,1.332659,-10.487960,-10.677439,1.388e-16
GNN,ch4t-test-000190,6,0.775774,0.098598,-0.515714,1.123982,1.030450,2.309802,-3.368050,-3.726708,2.220e-16
GNN,ch4t-test-000191,6,1.351776,0.205527,-0.459411,0.416115,0.951214,1.003964,-3.784693,-4.882586,0.000e+00
GNN,ch4t-test-000192,5,0.210508,-0.001555,0.165052,0.002470,-0.159227,0.193789,-8.588616,-8.962621,0.000e+00
GNN,ch4t-test-000193,4,0.587260,0.093404,-0.064650,0.243030,0.372971,0.239132,-3.103802,-3.719817,0.000e+00
GNN,ch4t-test-000194,6,1.034221,-0.045481,-0.440111,1.561204,1.088773,1.999256,-4.796343,-5.344972,0.000e+00
GNN,ch4t-test-000195,4,-0.115266,0.295693,-0.052267,0.023891,0.042883,0.186576,-6.454530,-6.582691,0.000e+00
GNN,ch4t-test-000196,6,-0.343397,-0.282564,0.034559,0.254938,1.311103,0.581727,-10.577298,-9.985896,0.000e+00
GNN,ch4t-test-000197,4,-0.103361,0.961817,-0.193945,-0.017830,0.973586,0.189316,-7.636974,-8.301485,0.000e+00
GNN,ch4t-test-000198,4,-0.542323,-0.157121,-0.166549,0.565812,0.136705,1.511737,-8.135302,-7.269309,1.110e-16
GNN,ch4t-test-000199,7,-0.357679,0.228976,-0.233318,0.057411,0.502130,0.144078,-11.227028,-10.865008,1.110e-16
GNN,ch4t-test-000200,6,1.434573,-0.260774,-0.010153,1.429532,0.921804,0.453597,-3.334121,-4.497767,0.000e+00
GNN,ch4t-test-000201,5,-0.651890,-0.445069,0.679206,0.442939,0.629333,1.073459,-7.976908,-7.559155,0.000e+00
GNN,ch4t-test-000202,6,0.897129,0.076652,-0.144066,0.841517,1.260773,0.503370,-3.737755,-4.567470,1.110e-16
GNN,ch4t-test-000203,8,0.872932,0.085054,-0.134312,1.253145,0.438158,2.332875,-3.058908,-3.882582,0.000e+00
GNN,ch4t-test-000204,8,0.002015,0.165178,-0.023087,-0.015428,0.180302,0.163041,-5.321673,-5.465779,0.000e+00
GNN,ch4t-test-000205,8,0.010162,0.208386,-0.009716,-0.020529,0.063024,0.192051,-6.572330,-6.781162,2.776e-17
GNN,ch4t-test-000206,6,-0.137180,0.221614,-0.096793,0.026100,0.963392,0.258602,-7.395056,-7.382697,2.776e-17
GNN,ch4t-test-000207,8,1.891776,-0.239162,-0.495966,1.179504,1.355149,0.872809,-3.367559,-4.524207,0.000e+00
GNN,ch4t-test-000208,4,-1.098400,-0.737798,-1.122332,0.388447,1.283095,1.396845,-9.412665,-6.454135,4.441e-16
GNN,ch4t-test-000209,4,0.057124,-0.280955,0.195010,0.010472,-2.061347,0.095451,-9.997493,-9.968672,0.000e+00
GNN,ch4t-test-000210,5,-0.260381,0.611351,0.320652,-0.038585,-1.256702,0.208398,-10.176114,-10.847737,0.000e+00
GNN,ch4t-test-000211,5,0.135145,0.006822,0.049065,0.340540,-1.552667,0.794535,-4.692251,-4.883283,2.776e-17
GNN,ch4t-test-000212,4,0.965355,0.087015,-0.095141,0.416229,0.819953,0.201119,-5.357554,-6.314783,1.110e-16
GNN,ch4t-test-000213,7,-0.014584,0.409914,0.003733,0.000770,0.595617,0.199134,-8.233445,-8.632508,5.551e-17
GNN,ch4t-test-000214,6,-0.065860,0.189651,-0.097059,0.026157,-0.047782,0.132452,-10.818573,-10.845305,0.000e+00
GNN,ch4t-test-000215,8,0.426782,0.149431,-0.087125,0.117280,1.310412,0.496904,-3.545608,-4.034696,5.551e-17
GNN,ch4t-test-000216,6,-0.019416,0.275907,0.014000,0.031557,0.881701,0.094380,-6.759631,-7.030123,5.551e-17
GNN,ch4t-test-000217,5,2.097109,0.217060,-0.271092,1.221753,0.367870,1.056955,-4.180446,-6.223522,0.000e+00
GNN,ch4t-test-000218,5,0.572131,0.032405,-0.066206,1.050275,1.076880,1.205741,-5.563500,-6.101830,0.000e+00
GNN,ch4t-test-000219,8,0.059066,0.242978,-0.046612,0.037680,1.104473,0.167625,-7.465393,-7.720824,0.000e+00
GNN,ch4t-test-000220,5,0.033867,0.000605,-0.079351,-0.039411,-0.026553,0.126077,-7.583074,-7.538195,6.939e-18
GNN,ch4t-test-000221,7,0.530469,-0.001960,-0.198649,0.445972,0.607515,0.587948,-4.767817,-5.097677,0.000e+00
GNN,ch4t-test-000222,5,0.405022,-0.049888,0.220133,1.512708,-0.137833,1.760930,-4.342152,-4.917420,1.110e-16
GNN,ch4t-test-000223,7,-0.013838,0.191993,-0.003366,-0.007100,0.180320,0.131292,-7.462546,-7.637336,0.000e+00
GNN,ch4t-test-000224,7,0.263630,0.050526,-0.087017,0.892773,0.809088,1.220981,-4.356407,-4.583546,2.776e-17
GNN,ch4t-test-000225,8,0.540512,0.023624,0.009046,0.717504,0.934590,1.260953,-5.415723,-5.988904,0.000e+00
GNN,ch4t-test-000226,7,-0.063294,0.220257,0.141069,0.225278,0.174819,0.215486,-4.080137,-4.378170,0.000e+00
GNN,ch4t-test-000227,4,0.720625,0.263523,-0.182413,0.903175,1.255470,0.580091,-6.106484,-6.908219,0.000e+00
GNN,ch4t-test-000228,7,0.092459,-0.083530,-0.002152,0.540531,0.354704,0.391408,-4.330602,-4.337379,0.000e+00
GNN,ch4t-test-000229,4,1.154207,0.034705,-0.229984,0.849230,1.137275,0.537369,-3.047252,-4.006179,0.000e+00
GNN,ch4t-test-000230,7,1.285521,-0.040823,-0.691300,1.064863,1.227511,1.051592,-4.133702,-4.687100,0.000e+00
GNN,ch4t-test-000231,8,0.254180,-0.003030,0.556156,0.152713,0.906483,0.786938,-3.172359,-3.979665,1.110e-16
GNN,ch4t-test-000232,5,0.794585,-0.246912,-0.081513,2.117122,0.857649,0.566800,-2.651978,-3.118138,0.000e+00
GNN,ch4t-test-000233,5,-0.261958,-0.089244,0.464463,0.428995,1.072506,1.150089,-5.420279,-5.533539,4.163e-17
GNN,ch4t-test-000234,5,-0.026755,0.203818,0.121131,-0.030885,-0.405952,0.153619,-6.568951,-6.867144,0.000e+00
GNN,ch4t-test-000235,7,1.362356,-0.031977,-0.445380,1.288301,1.010975,0.793823,-4.344205,-5.229204,1.110e-16
GNN,ch4t-test-000236,4,0.645340,0.000991,-0.203151,0.721159,0.546898,1.059963,-6.093039,-6.536219,5.551e-17
GNN,ch4t-test-000237,5,-0.286616,-0.249941,-0.188124,0.065721,0.216205,0.411760,-11.888903,-11.164222,0.000e+00
GNN,ch4t-test-000238,8,1.737239,-0.123726,-0.551229,1.745683,1.367628,2.699533,-4.104472,-5.166756,2.220e-16
GNN,ch4t-test-000239,8,1.605274,-0.751224,-0.284105,1.791673,0.989122,1.079419,-3.885144,-4.455088,0.000e+00
GNN,ch4t-test-000240,8,0.004034,0.165431,-0.054778,0.013707,-0.628017,0.143412,-7.569366,-7.684051,0.000e+00
GNN,ch4t-test-000241,4,0.184247,-0.087421,-0.099404,0.224848,-0.327555,0.345650,-5.520413,-5.517835,2.776e-17
GNN,ch4t-test-000242,8,-0.002523,0.090886,-0.027784,-0.003677,-1.194143,0.109234,-8.456885,-8.517464,0.000e+00
GNN,ch4t-test-000243,8,0.800974,-0.046149,-0.154019,0.456668,1.013571,0.332201,-3.290446,-3.891252,0.000e+00
GNN,ch4t-test-000244,6,-0.186805,-0.016246,0.017157,1.957571,0.748296,1.062581,-7.877936,-7.692042,2.776e-17
GNN,ch4t-test-000245,5,0.315731,-0.287633,0.234741,0.134174,0.238987,0.248878,-9.096412,-9.359251,0.000e+00
GNN,ch4t-test-000246,4,2.168695,-0.167620,-0.177782,0.482820,0.886999,0.277606,-2.062877,-3.886170,0.000e+00
GNN,ch4t-test-000247,8,1.127667,-0.115677,-0.366470,2.364192,1.260262,2.353836,-3.899731,-4.545251,0.000e+00
GNN,ch4t-test-000248,5,-0.063868,-0.149923,0.267396,0.012999,0.081018,0.177606,-7.776351,-7.829956,2.776e-17
GNN,ch4t-test-000249,8,0.655925,0.191072,-0.351396,0.663454,1.260910,1.524446,-3.849868,-4.345470,0.000e+00
GNN,ch4t-test-000250,4,0.246610,0.236749,0.241109,0.557699,-0.231279,0.890774,-4.309794,-5.034263,1.110e-16
GNN,ch4t-test-000251,4,-0.035210,-0.030324,-0.081409,0.017843,-0.015082,0.206210,-7.821155,-7.674211,0.000e+00
GNN,ch4t-test-000252,6,0.144881,-0.077602,0.000432,0.053615,0.639503,0.137406,-6.243286,-6.310997,0.000e+00
GNN,ch4t-test-000253,6,-0.623278,-0.434222,0.661570,0.164120,-0.523624,0.341799,-10.139349,-9.743419,0.000e+00
GNN,ch4t-test-000254,8,0.190214,0.013177,-0.020599,0.872817,1.076678,0.262332,-4.108711,-4.291503,0.000e+00
GNN,ch4t-test-000255,6,1.300841,-0.109409,0.047688,0.722120,0.667993,0.386478,-3.973222,-5.212342,0.000e+00
GNN,ch4t-test-000256,8,0.951052,-0.102788,-0.261356,1.552940,0.985723,0.858813,-3.316972,-3.903880,1.110e-16
GNN,ch4t-test-000257,4,0.080052,0.125220,-0.139649,0.232254,1.002281,0.562271,-6.230117,-6.295741,2.776e-17
GNN,ch4t-test-000258,4,0.650234,-0.355015,0.096835,-0.009252,-0.381685,0.106160,-7.335653,-7.727707,0.000e+00
GNN,ch4t-test-000259,4,0.425820,0.091328,-0.249325,0.512843,0.545998,0.973296,-5.586619,-5.854442,0.000e+00
GNN,ch4t-test-000260,5,0.024855,-0.128326,-0.097034,-0.012411,-0.661293,0.124365,-8.850353,-8.649848,0.000e+00
GNN,ch4t-test-000261,7,1.399268,-0.185617,-0.323446,2.719074,1.081751,1.782601,-2.699293,-3.589499,0.000e+00
GNN,ch4t-test-000262,7,2.695085,-0.373321,-1.067981,2.080387,0.058006,2.002985,-2.982465,-4.236248,2.220e-16
GNN,ch4t-test-000263,6,2.202608,-0.272177,-0.782665,1.838392,1.120444,1.849925,-2.466417,-3.614182,0.000e+00
GNN,ch4t-test-000264,8,-0.029060,0.135115,-0.022907,0.015867,-0.300603,0.152276,-8.576922,-8.660071,0.000e+00
GNN,ch4t-test-000265,4,-0.449723,0.396887,0.409413,0.189030,0.768382,0.472678,-9.597812,-9.954389,5.551e-17
GNN,ch4t-test-000266,8,1.761131,-0.190731,-0.206797,0.961693,-0.374785,0.476995,-3.339692,-4.703295,0.000e+00
GNN,ch4t-test-000267,7,0.076995,0.009910,0.009532,1.037678,0.463451,0.406543,-4.839260,-4.935697,1.388e-17
GNN,ch4t-test-000268,8,1.377093,-0.042700,-0.169265,0.401576,-0.351687,0.418262,-3.767792,-4.932920,0.000e+00
GNN,ch4t-test-000269,7,-0.008164,0.258482,-0.024081,-0.031101,-0.063496,0.152387,-6.966118,-7.192354,2.776e-17
GNN,ch4t-test-000270,6,0.035273,0.275342,-0.126200,-0.017899,0.534533,0.228470,-5.998737,-6.183151,2.776e-17
GNN,ch4t-test-000271,6,0.766518,-0.107661,-0.166482,1.210592,1.255083,1.069918,-3.445301,-3.937676,0.000e+00
GNN,ch4t-test-000272,4,1.336293,-0.242541,-0.332766,0.867029,-0.127030,0.976711,-3.352642,-4.113628,0.000e+00
GNN,ch4t-test-000273,7,0.496889,0.013280,-0.209047,0.760837,0.396217,1.325473,-4.510835,-4.811957,0.000e+00
GNN,ch4t-test-000274,5,0.015078,0.367249,-0.061557,-0.008799,0.389356,0.093466,-6.331639,-6.652409,0.000e+00
GNN,ch4t-test-000275,4,0.339574,-0.006184,-0.026661,0.508083,0.635634,0.239636,-4.242121,-4.548850,0.000e+00
GNN,ch4t-test-000276,5,0.207427,-0.022129,-0.111007,1.089662,0.950447,1.016830,-5.391885,-5.466176,0.000e+00
GNN,ch4t-test-000277,8,0.131347,0.013197,0.000476,0.454715,0.769218,0.252195,-3.579965,-3.724985,0.000e+00
GNN,ch4t-test-000278,4,0.508343,0.290525,-0.060797,0.909660,1.005595,0.675658,-5.267021,-6.005091,0.000e+00
GNN,ch4t-test-000279,8,1.002974,-0.086222,-0.208211,1.074124,1.087262,1.127433,-3.688912,-4.397454,0.000e+00
GNN,ch4t-test-000280,7,0.560631,0.067693,-0.219924,0.866938,0.641821,2.227036,-4.625960,-5.034360,5.551e-17
GNN,ch4t-test-000281,4,1.142680,0.244408,-0.229216,0.321872,0.653543,0.864997,-6.104408,-7.262280,0.000e+00
GNN,ch4t-test-000282,7,0.252721,0.044993,0.018315,0.599310,0.349722,0.588367,-4.386716,-4.702745,0.000e+00
GNN,ch4t-test-000283,8,-0.458674,-0.132142,0.088602,0.580019,1.130984,1.062864,-5.531389,-5.029175,0.000e+00
GNN,ch4t-test-000284,8,0.800799,0.005421,-0.125612,0.289455,1.004008,0.833611,-4.331969,-5.012577,1.110e-16
GNN,ch4t-test-000285,6,-0.062621,0.266052,-0.110924,0.007224,-0.076858,0.171443,-5.327808,-5.420314,0.000e+00
GNN,ch4t-test-000286,6,0.653033,-0.067495,-0.142588,1.030065,-1.219417,1.085612,-4.740504,-5.183454,0.000e+00
GNN,ch4t-test-000287,4,-0.026477,-1.441080,0.115048,0.025024,0.210881,0.185899,-6.412060,-5.059551,0.000e+00
GNN,ch4t-test-000288,7,1.369790,0.186465,-0.465261,0.414712,0.937238,0.857438,-3.530379,-4.621373,0.000e+00
GNN,ch4t-test-000289,5,0.468081,0.042907,-0.132664,0.851041,0.348164,0.863119,-4.757666,-5.135990,5.551e-17
GNN,ch4t-test-000290,5,1.621387,-0.004624,-0.161339,0.370086,0.500423,0.220381,-4.007227,-5.462651,0.000e+00
GNN,ch4t-test-000291,7,0.217178,0.026197,-0.023736,0.887407,1.127025,0.366125,-3.384470,-3.604108,0.000e+00
GNN,ch4t-test-000292,5,1.954742,0.357276,-0.287979,0.454111,0.910851,0.907415,-6.549629,-8.573668,0.000e+00
GNN,ch4t-test-000293,5,0.036057,0.694919,0.039697,0.023823,0.150206,0.143728,-9.173989,-9.944662,1.110e-16
GNN,ch4t-test-000294,8,2.680988,-0.062708,-1.335497,1.173443,1.283116,1.559203,-7.492713,-8.775496,2.220e-16
GNN,ch4t-test-000295,7,-0.467302,-0.131885,0.045523,0.838649,0.222166,1.527354,-6.018564,-5.464901,0.000e+00
GNN,ch4t-test-000296,4,0.463080,0.357174,-0.110938,0.123723,0.943548,0.211325,-8.257662,-8.966979,0.000e+00
GNN,ch4t-test-000297,5,0.660892,0.104693,-0.274572,0.682505,0.867355,1.348137,-5.125719,-5.616731,0.000e+00
GNN,ch4t-test-000298,8,-0.756738,-0.460698,0.812165,0.465139,-0.101107,1.001889,-5.038025,-4.632754,0.000e+00
GNN,ch4t-test-000299,8,0.266028,0.054366,-0.162747,0.595846,1.047584,0.300024,-4.445675,-4.603321,2.776e-17
GNN,ch4t-test-000300,6,0.042844,0.366470,-0.116056,-0.048705,0.355103,0.145296,-8.949084,-9.242342,0.000e+00
GNN,ch4t-test-000301,5,0.214299,-0.010341,-0.053697,0.445774,0.866694,0.421008,-3.486988,-3.637249,2.776e-17
GNN,ch4t-test-000302,7,0.032689,0.101968,0.002637,0.000147,-0.705471,0.120607,-7.275580,-7.412874,0.000e+00
GNN,ch4t-test-000303,4,0.351055,0.004254,-0.156946,0.492797,0.473085,1.648904,-5.974353,-6.172716,0.000e+00
GNN,ch4t-test-000304,5,-0.324358,-0.032063,-0.036699,0.753717,0.257790,0.606042,-4.992884,-4.599764,0.000e+00
GNN,ch4t-test-000305,8,0.152839,-0.032324,-0.055558,1.057559,1.027763,0.823727,-3.334087,-3.399044,0.000e+00
GNN,ch4t-test-000306,6,0.763113,-0.107820,-0.204974,1.151762,0.023259,1.220342,-6.409628,-6.859947,5.551e-17
GNN,ch4t-test-000307,7,0.982221,0.208544,-0.123076,0.156757,0.691793,0.162595,-4.295562,-5.363251,0.000e+00
GNN,ch4t-test-000308,6,0.300379,0.174844,0.016722,0.106640,0.643019,0.121401,-7.511430,-8.003375,5.551e-17
GNN,ch4t-test-000309,4,1.029123,-0.140612,0.248463,0.115199,-0.321570,0.467078,-2.423061,-3.560035,0.000e+00
GNN,ch4t-test-000310,6,1.527815,0.041088,-0.201850,1.640189,1.056060,0.562038,-3.303973,-4.671025,2.220e-16
GNN,ch4t-test-000311,6,0.422917,0.191945,0.214174,0.174080,0.687221,0.417621,-5.910012,-6.739049,1.110e-16
GNN,ch4t-test-000312,6,0.324646,-0.054542,-0.504194,1.427792,0.769176,2.481580,-5.828391,-5.594300,0.000e+00
GNN,ch4t-test-000313,8,-0.687416,-0.176117,0.171910,1.468420,0.525889,2.076423,-6.874757,-6.183135,1.110e-16
GNN,ch4t-test-000314,8,0.266087,-0.044770,-0.009799,0.325467,1.054124,0.197558,-4.218377,-4.429896,2.776e-17
GNN,ch4t-test-000315,7,0.225869,-0.021227,0.388681,0.423875,0.872806,1.466154,-4.523920,-5.117243,0.000e+00
GNN,ch4t-test-000316,8,1.184066,-0.124295,-0.261882,0.510069,0.701302,0.300895,-3.634701,-4.432589,0.000e+00
GNN,ch4t-test-000317,6,1.018178,0.098513,-0.154885,0.651817,0.327202,0.298346,-6.202189,-7.163996,2.220e-16
GNN,ch4t-test-000318,5,-0.439495,-0.216201,0.052948,0.414348,0.066949,0.566844,-4.430696,-3.827948,0.000e+00
GNN,ch4t-test-000319,4,-0.891093,-0.518757,0.253745,0.954025,0.194700,2.047900,-9.953325,-8.797220,2.220e-16
GNN,ch4t-test-000320,7,0.312002,0.269929,-0.132046,0.156450,0.870967,0.193428,-6.842496,-7.292381,0.000e+00
GNN,ch4t-test-000321,6,0.097457,0.721709,0.079477,0.009116,0.139490,0.190485,-5.827632,-6.726275,1.110e-16
GNN,ch4t-test-000322,8,0.448339,0.021809,-0.184355,1.463208,-0.290809,2.122577,-5.815699,-6.101493,1.110e-16
GNN,ch4t-test-000323,5,0.354278,0.123842,-0.084812,0.364465,0.737859,0.645367,-5.021270,-5.414579,0.000e+00
GNN,ch4t-test-000324,7,-0.113540,-0.103238,0.457159,0.528401,0.453444,1.679187,-9.121355,-9.361735,5.551e-17
GNN,ch4t-test-000325,5,1.679883,0.027917,-0.769987,0.891462,0.811533,1.485562,-4.309793,-5.247606,2.220e-16
GNN,ch4t-test-000326,5,-0.599208,-0.365365,0.453165,1.545396,0.158807,2.337379,-7.963280,-7.451872,0.000e+00
GNN,ch4t-test-000327,4,0.929402,0.027871,-0.259941,0.340152,-0.220952,0.487404,-4.875057,-5.572389,0.000e+00
GNN,ch4t-test-000328,8,0.109427,-0.004715,0.114286,0.351101,1.092306,0.956299,-5.395307,-5.614305,0.000e+00
GNN,ch4t-test-000329,4,0.283042,-0.106246,0.335248,0.643474,-1.000381,2.166022,-5.238870,-5.750913,0.000e+00
GNN,ch4t-test-000330,4,0.417526,-0.044820,-0.025583,0.901240,1.158797,2.236959,-8.422690,-8.769814,0.000e+00
GNN,ch4t-test-000331,5,0.548239,-0.351658,-0.018018,0.432495,0.958019,0.281616,-7.997630,-8.176192,5.551e-17
GNN,ch4t-test-000332,4,0.378293,0.009936,-0.004715,0.202921,0.240552,0.249247,-4.713882,-5.097396,0.000e+00
GNN,ch4t-test-000333,8,1.925562,-0.065482,-0.552979,0.475744,-0.113623,0.766395,-4.516996,-5.824098,0.000e+00
GNN,ch4t-test-000334,4,0.003874,0.166912,0.009710,-0.016486,-0.436363,0.123134,-7.599397,-7.779893,0.000e+00
GNN,ch4t-test-000335,4,-0.656636,-0.160451,0.501611,1.240850,1.250232,2.451840,-5.954340,-5.638865,1.110e-16
GNN,ch4t-test-000336,8,0.112511,0.147419,-0.071352,0.124295,0.966737,0.183239,-7.265493,-7.454071,0.000e+00
GNN,ch4t-test-000337,6,0.753138,-0.137529,-0.115445,1.146781,0.982618,0.963202,-4.833804,-5.333968,0.000e+00
GNN,ch4t-test-000338,5,1.109007,-0.076415,-0.120018,1.350987,-0.197031,1.621062,-5.926134,-6.838707,1.110e-16
GNN,ch4t-test-000339,7,0.337989,0.224115,-0.135980,0.168466,1.135156,0.347583,-4.792944,-5.219067,1.110e-16
GNN,ch4t-test-000340,7,-0.158038,0.096225,0.145653,0.519566,0.904192,0.596076,-7.911750,-7.995590,1.388e-17
GNN,ch4t-test-000341,8,0.802290,0.133030,-0.448745,0.570550,0.069356,1.893512,-3.325306,-3.811881,0.000e+00
GNN,ch4t-test-000342,4,-0.009059,0.508094,0.009218,-0.007891,-0.068013,0.127203,-6.072985,-6.581238,1.110e-16
GNN,ch4t-test-000343,8,-1.657247,-1.090965,0.287174,0.406255,1.016845,0.590187,-12.319803,-9.858765,0.000e+00
GNN,ch4t-test-000344,6,2.340053,-0.262009,-0.388335,2.515449,1.278995,1.675183,-4.914906,-6.604616,0.000e+00
GNN,ch4t-test-000345,4,-0.023223,0.079506,0.003047,-0.022332,-0.512340,0.101393,-6.951863,-7.011193,6.939e-18
GNN,ch4t-test-000346,8,1.156297,-0.039174,-0.197431,0.930314,0.897310,0.620651,-3.945791,-4.865483,2.220e-16
GNN,ch4t-test-000347,6,-0.157121,0.225832,0.138276,0.251425,0.926817,0.233339,-5.261405,-5.468392,5.551e-17
GNN,ch4t-test-000348,5,0.276159,-0.082595,-0.057979,0.478147,0.955990,0.586221,-5.599929,-5.735513,2.776e-17
GNN,ch4t-test-000349,8,0.689888,0.164927,-0.909566,0.596602,0.833060,1.219454,-9.168846,-9.114094,2.776e-17
GNN,ch4t-test-000350,8,0.362765,0.309083,-0.116620,0.076809,1.109764,0.343538,-5.440702,-5.995930,0.000e+00
GNN,ch4t-test-000351,5,0.374591,0.253314,-0.217890,0.278205,0.760120,0.348374,-4.425253,-4.835268,0.000e+00
GNN,ch4t-test-000352,5,0.139046,0.190456,0.168665,0.280508,0.847731,0.701777,-5.731874,-6.230042,5.551e-17
GNN,ch4t-test-000353,4,-0.017353,0.293568,-0.038142,0.021497,0.407262,0.196649,-6.383366,-6.621439,0.000e+00
GNN,ch4t-test-000354,6,0.281400,0.240738,-0.019561,0.363061,0.327787,0.463732,-6.740108,-7.242685,0.000e+00
GNN,ch4t-test-000355,6,0.121718,0.114811,0.031230,0.280698,0.364613,0.601480,-4.927053,-5.194811,0.000e+00
GNN,ch4t-test-000356,6,-0.006381,0.438361,-0.025813,0.022031,0.667932,0.110362,-4.984643,-5.390811,5.551e-17
GNN,ch4t-test-000357,7,-0.706220,-0.501648,0.175308,0.183179,0.787836,0.329075,-5.942899,-4.910338,0.000e+00
GNN,ch4t-test-000358,4,0.018010,0.137675,-0.000454,0.043017,-1.008678,0.176390,-6.540272,-6.695503,2.776e-17
GNN,ch4t-test-000359,4,0.480708,-0.023310,-0.101459,0.475442,-0.511379,1.018003,-5.157484,-5.513423,0.000e+00
GNN,ch4t-test-000360,8,0.233981,-0.023799,-0.027969,0.434858,0.959833,0.338486,-7.363269,-7.545483,5.551e-17
GNN,ch4t-test-000361,5,-0.828022,-0.735032,0.368994,0.439016,0.739771,0.700105,-6.515970,-5.321910,2.220e-16
GNN,ch4t-test-000362,7,0.157241,-0.047163,-0.075100,0.226314,0.082064,0.279528,-5.238759,-5.273738,6.939e-18
GNN,ch4t-test-000363,8,0.064763,-0.015677,-0.028529,1.310879,1.148602,1.344559,-4.109519,-4.130076,0.000e+00
GNN,ch4t-test-000364,8,-0.276162,-0.203945,0.139506,0.311786,0.129897,0.465612,-5.807716,-5.467115,0.000e+00
GNN,ch4t-test-000365,8,0.083902,0.062808,0.019172,0.107789,0.574960,0.183183,-7.023222,-7.189104,0.000e+00
GNN,ch4t-test-000366,7,-0.891132,-0.306443,1.573660,0.630657,0.647455,2.146738,-7.841316,-8.217401,5.551e-17
GNN,ch4t-test-000367,5,0.002024,0.000620,0.115330,0.429452,0.990228,0.800987,-4.316655,-4.434628,0.000e+00
GNN,ch4t-test-000368,5,0.858601,-0.164874,-0.226218,1.918446,0.960292,1.533312,-4.492784,-4.960294,0.000e+00
GNN,ch4t-test-000369,8,0.341951,-0.081676,0.008863,1.113360,-0.031412,1.597752,-5.634645,-5.903784,1.110e-16
GNN,ch4t-test-000370,4,0.472008,0.103411,-0.090129,0.592327,0.818179,0.328982,-4.132084,-4.617374,0.000e+00
GNN,ch4t-test-000371,5,0.349562,0.819788,-0.113207,0.080396,0.637560,0.280052,-6.103943,-7.160087,2.220e-16
GNN,ch4t-test-000372,6,0.304855,0.215499,0.070715,0.053976,1.198161,0.294144,-4.591215,-5.182283,1.110e-16
GNN,ch4t-test-000373,5,1.759106,-0.083128,-0.312266,0.398574,0.335923,0.828672,-2.512301,-3.876013,2.220e-16
GNN,ch4t-test-000374,7,1.197518,-0.177956,-0.435708,1.083361,0.904069,1.203122,-4.662862,-5.246717,2.220e-16
GNN,ch4t-test-000375,5,-0.139459,-0.415357,-0.103143,0.031293,1.025043,0.165008,-8.929795,-8.271837,0.000e+00
GNN,ch4t-test-000376,4,0.014435,0.338086,0.092878,-0.005357,-1.467229,0.150978,-7.987873,-8.433272,5.551e-17
GNN,ch4t-test-000377,6,1.288898,0.060255,0.292266,0.183624,-0.909335,0.502462,-3.386094,-5.027513,0.000e+00
GNN,ch4t-test-000378,4,0.026432,0.435201,0.090395,-0.013484,-0.688257,0.120322,-7.350076,-7.902103,0.000e+00
GNN,ch4t-test-000379,4,0.311834,-0.099839,-0.135357,1.602475,0.326996,1.459800,-5.261913,-5.338551,0.000e+00
GNN,ch4t-test-000380,7,-0.118872,0.022624,-0.049515,0.088978,1.010716,0.169526,-9.186186,-9.040423,0.000e+00
GNN,ch4t-test-000381,5,1.062112,-0.156401,-0.269605,0.978632,1.123932,0.643876,-3.805019,-4.441124,0.000e+00
GNN,ch4t-test-000382,8,0.001952,1.368317,-0.039977,0.045871,0.670292,0.168374,-9.120545,-10.450838,2.220e-16
GNN,ch4t-test-000383,7,0.918366,0.163387,-0.049570,0.262149,0.928485,0.171197,-4.238621,-5.270805,0.000e+00
GNN,ch4t-test-000384,7,0.568983,0.105810,-0.036227,1.336046,1.375935,2.139358,-6.197148,-6.835713,0.000e+00
GNN,ch4t-test-000385,5,0.605048,-0.217274,-0.029423,0.356264,1.028071,0.318563,-4.424241,-4.782591,1.110e-16
GNN,ch4t-test-000386,6,0.427620,0.095869,0.210047,0.400204,0.822765,1.087250,-4.295534,-5.029070,0.000e+00
GNN,ch4t-test-000387,6,-0.012304,0.204504,-0.063496,0.006716,-1.106351,0.128284,-8.101367,-8.230069,0.000e+00
GNN,ch4t-test-000388,4,0.611773,0.591511,-0.011500,0.076158,1.006701,0.131425,-8.881147,-10.072931,0.000e+00
GNN,ch4t-test-000389,5,2.310209,-0.441524,0.016456,1.145884,1.128125,2.302597,-3.130666,-5.015807,0.000e+00
GNN,ch4t-test-000390,5,-0.593169,-0.474277,0.276534,0.314653,0.990476,0.832735,-8.082193,-7.291282,0.000e+00
GNN,ch4t-test-000391,7,0.021220,0.255818,0.630599,0.071491,0.783135,0.466229,-5.640814,-6.548452,1.110e-16
GNN,ch4t-test-000392,4,0.221566,-0.073454,-0.042647,0.504066,0.441242,0.455434,-4.819023,-4.924488,0.000e+00
GNN,ch4t-test-000393,6,-0.134478,0.003382,-0.001144,0.543731,1.082890,0.608168,-3.240299,-3.108058,0.000e+00
GNN,ch4t-test-000394,7,0.277347,-0.660843,0.138869,0.029496,0.716467,0.154905,-7.965759,-7.721131,0.000e+00
GNN,ch4t-test-000395,6,0.000106,0.170885,-0.048709,-0.004451,-0.666466,0.128119,-7.985161,-8.107443,0.000e+00
GNN,ch4t-test-000396,6,2.449606,-0.108468,-0.162302,0.741255,-0.091241,1.083691,-5.342961,-7.521796,0.000e+00
GNN,ch4t-test-000397,6,0.166841,0.054287,0.022767,0.850583,0.974474,0.912620,-4.103012,-4.346907,2.776e-17
GNN,ch4t-test-000398,5,-0.180677,0.448319,-0.160516,0.034811,0.448709,0.157964,-9.825958,-9.933084,0.000e+00
GNN,ch4t-test-000399,5,2.188743,-0.443426,-0.619969,3.331074,0.468655,1.809147,-3.698233,-4.823581,2.220e-16
GNN,ch4t-test-000400,6,0.219440,0.161863,0.076602,0.195663,0.819669,0.258696,-4.877035,-5.334940,0.000e+00
GNN,ch4t-test-000401,5,1.070806,0.041150,-0.542969,0.356453,1.292979,0.503713,-7.340745,-7.909732,0.000e+00
GNN,ch4t-test-000402,8,0.590611,0.219243,0.153693,0.422051,0.202944,0.840085,-6.764373,-7.727920,0.000e+00
GNN,ch4t-test-000403,7,-0.301304,-0.200610,-0.167141,0.128083,1.155280,0.292967,-5.565173,-4.896118,0.000e+00
GNN,ch4t-test-000404,7,2.373968,-0.203292,-0.118143,0.917239,0.991731,0.378477,-2.747676,-4.800210,0.000e+00
GNN,ch4t-test-000405,8,0.061424,0.071440,0.002600,0.038715,-0.376588,0.133485,-9.911094,-10.046558,0.000e+00
GNN,ch4t-test-000406,5,0.651171,-0.126087,-0.111067,0.655855,0.775213,0.445041,-4.796841,-5.210858,0.000e+00
GNN,ch4t-test-000407,5,-0.744395,-0.203368,0.133112,1.241034,0.780849,1.009986,-9.514382,-8.699731,0.000e+00
GNN,ch4t-test-000408,4,0.358737,0.177194,-0.062021,0.565665,0.954383,0.273865,-6.418803,-6.892714,0.000e+00
GNN,ch4t-test-000409,5,-1.031735,-0.477879,0.689719,0.725511,0.967553,0.848210,-8.346452,-7.526557,0.000e+00
GNN,ch4t-test-000410,6,-0.252870,-0.063887,0.051985,0.920119,0.513367,1.460117,-5.564072,-5.299299,0.000e+00
GNN,ch4t-test-000411,7,0.196142,0.026946,0.038929,0.465601,1.023426,0.339566,-4.443010,-4.705026,0.000e+00
GNN,ch4t-test-000412,8,0.245141,0.038067,-0.104908,0.652509,0.856757,0.740770,-3.393423,-3.571724,0.000e+00
GNN,ch4t-test-000413,7,0.215560,-0.085764,0.248737,0.029030,0.440050,0.282611,-4.676010,-5.054543,5.551e-17
GNN,ch4t-test-000414,4,-0.072253,0.017424,-0.115635,0.523021,0.390952,0.606322,-7.476129,-7.305665,0.000e+00
GNN,ch4t-test-000415,4,0.008458,0.075116,-0.023017,-0.012627,-1.894866,0.078989,-6.973474,-7.034031,0.000e+00
GNN,ch4t-test-000416,4,1.581871,-1.701420,-1.093108,6.319116,0.515975,1.267588,-7.208094,-5.995437,0.000e+00
GNN,ch4t-test-000417,8,0.078512,-0.011642,-0.033913,0.768985,1.243130,1.078380,-4.536604,-4.569561,0.000e+00
GNN,ch4t-test-000418,7,0.014357,0.067494,-0.011496,-0.000659,-0.245088,0.173335,-7.883593,-7.953947,0.000e+00
GNN,ch4t-test-000419,7,1.445542,0.041533,-0.425930,0.451887,-0.636263,0.831348,-4.181009,-5.242154,0.000e+00
GNN,ch4t-test-000420,4,-0.087216,0.019421,-0.210758,0.078025,-2.065335,0.312605,-8.908409,-8.629856,5.551e-17
GNN,ch4t-test-000421,4,-0.499955,-0.141845,0.486899,0.672559,0.416540,1.121974,-7.957346,-7.802444,0.000e+00
GNN,ch4t-test-000422,8,0.991338,0.219801,-0.087306,0.176473,0.990116,0.325590,-4.810218,-5.934051,0.000e+00
GNN,ch4t-test-000423,6,1.693811,-0.137825,-0.537028,1.488689,1.073868,1.133446,-3.105944,-4.124902,0.000e+00
GNN,ch4t-test-000424,6,0.119153,0.200006,0.127012,0.015994,0.540960,0.139216,-7.011034,-7.457205,0.000e+00
GNN,ch4t-test-000425,5,0.879061,-0.099579,-0.186930,0.970873,0.755714,0.444786,-3.927599,-4.520151,1.110e-16
GNN,ch4t-test-000426,8,-0.225148,0.053079,0.098152,0.417988,0.585596,0.394446,-5.938413,-5.864495,1.388e-17
GNN,ch4t-test-000427,4,0.193768,-0.810710,0.164575,-0.054898,0.382789,0.129913,-11.111771,-10.659404,0.000e+00
GNN,ch4t-test-000428,7,0.499507,-0.020101,-0.164363,1.062183,0.964527,1.036345,-3.840301,-4.155344,1.110e-16
GNN,ch4t-test-000429,8,0.159233,-0.321951,0.171422,0.011229,0.950069,0.189391,-6.108939,-6.117643,5.551e-17
GNN,ch4t-test-000430,7,0.428212,-0.068268,0.255169,0.976992,0.826442,1.627275,-4.481932,-5.097045,0.000e+00
GNN,ch4t-test-000431,6,-1.116814,-0.843560,0.660081,0.486565,0.162333,1.500222,-7.911984,-6.611691,0.000e+00
GNN,ch4t-test-000432,4,-0.638461,-0.199946,0.508022,0.208729,0.467969,0.295500,-8.084960,-7.754576,5.551e-17
GNN,ch4t-test-000433,8,-0.001688,0.012068,0.235559,0.005711,0.568768,0.221420,-5.682804,-5.928744,0.000e+00
GNN,ch4t-test-000434,7,0.616741,-0.015539,-0.368778,0.847926,0.683834,1.496270,-4.603204,-4.835627,0.000e+00
GNN,ch4t-test-000435,7,-0.046114,0.288505,0.044505,0.167856,0.832496,0.214301,-6.796714,-7.083610,5.551e-17
GNN,ch4t-test-000436,7,0.525061,-0.012813,-0.110157,1.082193,1.073558,0.310439,-4.395133,-4.797225,1.110e-16
GNN,ch4t-test-000437,5,0.279201,0.026266,-0.110394,1.244528,0.545012,0.717197,-6.997258,-7.192331,0.000e+00
GNN,ch4t-test-000438,6,0.084147,-0.014875,0.025722,0.370931,0.346242,0.485405,-4.973111,-5.068105,2.776e-17
GNN,ch4t-test-000439,4,-0.019116,-0.336686,0.022188,-0.033585,0.197018,0.131097,-6.159905,-5.826291,0.000e+00
GNN,ch4t-test-000440,6,1.485177,0.110226,-0.403520,0.976963,0.656418,1.784261,-4.699013,-5.890896,2.220e-16
GNN,ch4t-test-000441,5,0.085377,0.097214,0.035146,0.215089,0.339488,0.262626,-4.636683,-4.854421,0.000e+00
GNN,ch4t-test-000442,5,1.172419,-0.074072,-0.490057,1.015843,1.236439,1.328324,-6.096235,-6.704525,0.000e+00
GNN,ch4t-test-000443,7,-0.022383,0.141875,0.036836,0.009012,0.402256,0.144645,-7.240408,-7.396736,0.000e+00
GNN,ch4t-test-000444,8,2.217145,-0.253375,-0.560326,1.714577,0.862868,3.058224,-2.523948,-3.927393,0.000e+00
GNN,ch4t-test-000445,8,-0.012086,0.297027,-0.034775,-0.019039,0.313030,0.104166,-7.081318,-7.331484,0.000e+00
GNN,ch4t-test-000446,8,0.214950,-0.018820,-0.019679,0.834539,0.934050,0.419851,-4.515040,-4.691491,0.000e+00
GNN,ch4t-test-000447,7,2.528552,-0.737100,-0.242945,0.865701,-0.147507,1.155771,-3.604421,-5.152928,4.441e-16
GNN,ch4t-test-000448,8,0.338812,0.094583,-0.044721,0.079700,1.044980,0.218495,-5.802694,-6.191367,0.000e+00
GNN,ch4t-test-000449,8,0.059928,0.145531,0.029536,0.109902,0.720803,0.274049,-4.680835,-4.915831,2.776e-17
GNN,ch4t-test-000450,7,0.610747,0.107637,-0.172827,0.632975,0.862010,1.532133,-6.489951,-7.035509,0.000e+00
GNN,ch4t-test-000451,6,-0.055204,0.063307,0.081571,-0.021727,-0.536127,0.139915,-8.257936,-8.347610,0.000e+00
GNN,ch4t-test-000452,6,1.936339,0.123643,-0.658696,0.459824,-0.523889,1.106409,-2.945317,-4.346603,0.000e+00
GNN,ch4t-test-000453,5,-1.357228,-0.425942,0.097675,0.699100,0.651367,1.074012,-7.757563,-6.072068,2.220e-16
GNN,ch4t-test-000454,4,-0.000636,0.006653,-0.012732,0.005893,-2.728106,0.057474,-6.607252,-6.600537,1.735e-18
GNN,ch4t-test-000455,6,0.918674,0.122865,-0.259095,0.792851,0.899475,1.658056,-4.539112,-5.321556,0.000e+00
GNN,ch4t-test-000456,6,0.222770,-0.123960,-0.037473,0.821675,0.771008,0.298305,-5.885150,-5.946486,2.776e-17
GNN,ch4t-test-000457,7,0.882196,0.124532,-0.115021,0.874574,0.742474,0.854790,-4.767309,-5.659016,0.000e+00
GNN,ch4t-test-000458,5,0.485080,-0.098893,-0.033580,0.364601,0.920340,0.197632,-4.838163,-5.190771,5.551e-17
GNN,ch4t-test-000459,8,-0.069415,-0.509670,0.037789,0.758898,1.026113,0.344274,-5.280953,-4.739657,1.110e-16
GNN,ch4t-test-000460,6,0.118147,0.032077,-0.017776,0.605183,-0.181830,0.304588,-3.922101,-4.054548,0.000e+00
GNN,ch4t-test-000461,8,0.402630,0.090728,-0.131426,0.398310,1.120320,0.694034,-4.537740,-4.899673,0.000e+00
GNN,ch4t-test-000462,8,0.240168,0.033553,-0.046942,0.307398,0.191906,0.348042,-5.605082,-5.831861,0.000e+00
GNN,ch4t-test-000463,4,0.131817,0.031599,0.023483,0.201475,0.704635,0.274675,-5.910195,-6.097094,0.000e+00
GNN,ch4t-test-000464,4,-0.026834,0.725139,-0.040302,0.015482,0.674965,0.164182,-7.658449,-8.316453,0.000e+00
GNN,ch4t-test-000465,4,0.325643,0.389996,-0.022190,0.281450,1.106397,0.521426,-7.285165,-7.978614,0.000e+00
GNN,ch4t-test-000466,4,0.756275,-0.157309,-0.626569,1.912022,0.876154,2.384994,-7.769296,-7.741694,2.776e-17
GNN,ch4t-test-000467,4,1.107525,0.335331,-0.108349,0.352725,0.214493,0.339644,-3.361184,-4.695690,0.000e+00
GNN,ch4t-test-000468,8,0.315910,0.161043,-0.120246,0.547881,-0.340016,0.534141,-3.418363,-3.775070,0.000e+00
GNN,ch4t-test-000469,5,-0.029423,0.630112,-0.034468,0.020149,0.972903,0.116678,-6.733923,-7.300144,1.110e-16
GNN,ch4t-test-000470,4,1.979451,0.269949,-1.134098,1.197797,-0.857095,1.547228,-6.270512,-7.385813,0.000e+00
GNN,ch4t-test-000471,5,0.693471,-0.022788,-0.145996,0.318502,1.088778,0.662516,-4.871474,-5.396161,1.110e-16
GNN,ch4t-test-000472,8,0.002713,0.401676,-0.003883,0.001407,0.066863,0.163257,-7.059303,-7.459808,5.551e-17
GNN,ch4t-test-000473,8,1.613734,-0.191216,-0.367766,1.248192,0.677596,1.898131,-2.709405,-3.764158,0.000e+00
GNN,ch4t-test-000474,7,0.055026,0.054938,0.006878,0.251584,1.116762,0.235359,-4.099468,-4.216310,1.388e-17
GNN,ch4t-test-000475,7,0.871529,0.070863,-0.173252,0.568103,0.288992,0.735447,-4.526734,-5.295875,0.000e+00
GNN,ch4t-test-000476,6,3.693374,-0.810481,-0.086106,2.511333,0.834634,1.530434,-3.016479,-5.813266,0.000e+00
GNN,ch4t-test-000477,8,-0.009855,0.059947,0.013470,-0.014331,-0.585682,0.131914,-8.162631,-8.226193,1.388e-17
GNN,ch4t-test-000478,4,-0.018607,-0.040654,-0.021428,0.029590,-0.104871,0.178166,-6.600852,-6.520163,0.000e+00
GNN,ch4t-test-000479,8,-0.396084,-0.152300,0.711609,1.047235,1.356454,2.198323,-5.882744,-6.045970,1.110e-16
GNN,ch4t-test-000480,4,-0.003051,0.129721,-0.017092,0.024985,0.570498,0.114580,-6.540222,-6.649800,1.388e-17
GNN,ch4t-test-000481,7,0.039356,-0.014808,-0.023158,1.515788,1.045773,0.569304,-5.619354,-5.620744,3.469e-18
GNN,ch4t-test-000482,4,0.029299,-0.075090,-0.004086,-0.019856,-1.394741,0.115976,-8.731108,-8.681231,0.000e+00
GNN,ch4t-test-000483,8,1.357484,-0.076886,-0.877794,0.535400,1.062255,0.932702,-4.965859,-5.368662,2.220e-16
GNN,ch4t-test-000484,6,-0.131518,-0.110668,0.061930,-0.032445,0.927939,0.164330,-6.888933,-6.708677,0.000e+00
GNN,ch4t-test-000485,6,0.561511,0.003363,0.066149,0.422190,1.145481,1.265275,-4.451606,-5.082629,1.110e-16
GNN,ch4t-test-000486,8,0.275866,0.332267,-0.082753,0.137229,0.898367,0.178362,-3.952413,-4.477794,0.000e+00
GNN,ch4t-test-000487,4,-0.298525,-0.308838,-0.246286,0.380533,-0.599623,1.424656,-6.066508,-5.212859,1.110e-16
GNN,ch4t-test-000488,4,0.194544,0.009092,0.239144,0.386182,1.051552,1.281470,-6.012524,-6.455304,0.000e+00
GNN,ch4t-test-000489,8,0.427426,0.003591,0.126338,0.685198,1.228537,0.775129,-3.423183,-3.980537,1.110e-16
GNN,ch4t-test-000490,5,0.136336,-0.093397,0.000357,0.966384,1.376805,0.904290,-5.625622,-5.668918,0.000e+00
GNN,ch4t-test-000491,7,0.210856,0.124558,-0.019707,0.287110,0.998855,0.209801,-6.656665,-6.972372,0.000e+00
GNN,ch4t-test-000492,7,-0.008404,-0.368197,0.318611,0.001268,0.388988,0.214035,-9.148755,-9.090765,0.000e+00
GNN,ch4t-test-000493,6,0.426939,0.105678,-0.045399,0.196775,0.978525,0.365300,-4.321431,-4.808650,0.000e+00
GNN,ch4t-test-000494,6,0.845473,-0.109418,0.214624,0.313566,0.257796,0.972224,-4.474741,-5.425420,2.220e-16
GNN,ch4t-test-000495,4,0.502614,-0.198700,0.202151,-0.042607,0.318177,0.113023,-9.112882,-9.618947,1.110e-16
GNN,ch4t-test-000496,7,0.157091,-0.426660,0.201786,0.787689,0.645756,0.539736,-4.698563,-4.630780,0.000e+00
GNN,ch4t-test-000497,7,0.608235,-0.071238,-0.037157,1.061225,0.099513,0.826553,-5.102534,-5.602374,1.110e-16
GNN,ch4t-test-000498,7,1.529273,-0.301387,-0.497638,0.659094,-0.618251,0.791936,-3.207812,-3.938060,0.000e+00
GNN,ch4t-test-000499,8,0.185608,-0.093163,0.761481,0.142998,1.145583,0.688493,-3.817197,-4.671123,1.110e-16
GNN,ch4t-test-000500,8,0.875082,-0.329289,-0.533265,1.640422,1.055132,1.310287,-5.459509,-5.472038,5.551e-17
GNN,ch4t-test-000501,4,0.045195,0.044277,0.089176,0.431525,0.819961,0.585037,-6.077813,-6.256461,0.000e+00
GNN,ch4t-test-000502,5,0.126946,0.055787,0.012508,0.225231,0.660210,0.306132,-4.893866,-5.089107,0.000e+00
GNN,ch4t-test-000503,7,-0.318539,-0.657768,0.031114,0.016905,-0.408359,0.213533,-5.489777,-4.544585,0.000e+00
GNN,ch4t-test-000504,7,0.047107,-0.170659,-0.083466,0.208348,0.589921,0.205694,-10.494664,-10.287646,2.776e-17
GNN,ch4t-test-000505,8,0.018457,0.413473,-0.038743,0.014694,0.682983,0.194130,-7.192280,-7.585467,0.000e+00
GNN,ch4t-test-000506,7,-1.096800,-0.328581,1.187902,0.430049,1.022380,1.651838,-5.057222,-4.819743,1.110e-16
GNN,ch4t-test-000507,6,1.177025,-0.026715,-0.291038,0.938177,0.982118,0.820880,-4.755339,-5.614612,0.000e+00
GNN,ch4t-test-000508,4,1.278297,-0.287118,-0.027784,0.751573,0.079712,0.424539,-4.855783,-5.819177,0.000e+00
GNN,ch4t-test-000509,6,0.209126,0.236122,0.086321,0.103553,0.290940,0.251844,-7.246170,-7.777739,0.000e+00
GNN,ch4t-test-000510,8,0.039438,0.411931,0.099479,-0.007665,0.139010,0.166561,-7.508875,-8.059723,0.000e+00
GNN,ch4t-test-000511,8,0.768901,-0.085838,-0.233841,0.519435,0.814923,0.742526,-3.090998,-3.540219,5.551e-17
GNN,ch4t-test-000512,8,0.372724,0.172736,-0.047400,0.316310,0.613845,0.207714,-4.342807,-4.840867,0.000e+00
GNN,ch4t-test-000513,8,-0.015581,0.198323,-0.046811,0.003115,0.262892,0.183107,-7.261252,-7.397183,0.000e+00
GNN,ch4t-test-000514,8,0.025644,0.394648,0.015394,0.185890,0.824342,0.158356,-7.435800,-7.871486,0.000e+00
GNN,ch4t-test-000515,7,0.218212,0.021146,-0.077891,0.524649,0.565640,0.657965,-4.191880,-4.353348,2.776e-17
GNN,ch4t-test-000516,6,1.021416,-0.087550,-0.302902,0.990287,1.192722,0.789892,-3.491701,-4.122664,1.110e-16
GNN,ch4t-test-000517,5,-0.903647,-0.038542,-0.057784,0.270498,0.384179,1.478500,-8.750702,-7.750729,0.000e+00
GNN,ch4t-test-000518,4,0.763640,-0.029922,-0.188950,0.142901,-1.443042,0.251309,-5.155925,-5.700692,1.110e-16
GNN,ch4t-test-000519,4,0.191148,0.204706,-0.085292,0.184067,1.144434,0.310323,-5.637838,-5.948401,0.000e+00
GNN,ch4t-test-000520,4,-0.007001,0.114173,-0.040635,0.010715,-1.006639,0.124915,-8.120674,-8.187211,0.000e+00
GNN,ch4t-test-000521,7,0.586324,-0.016322,0.061211,0.025328,0.767624,0.166290,-8.581208,-9.212421,1.110e-16
GNN,ch4t-test-000522,7,0.178216,-0.013862,0.183098,0.489571,0.492998,1.398004,-5.040808,-5.388261,0.000e+00
GNN,ch4t-test-000523,8,0.652946,-0.011077,0.072545,0.341803,0.922863,0.458428,-3.937914,-4.652329,0.000e+00
GNN,ch4t-test-000524,4,-0.010395,0.051621,-0.083489,-0.006607,-0.134817,0.153110,-8.145066,-8.102803,0.000e+00
GNN,ch4t-test-000525,6,0.417188,-0.049690,-0.306786,0.961796,0.677810,1.363195,-8.077540,-8.138252,2.082e-17
GNN,ch4t-test-000526,4,0.040441,-0.007285,0.032153,-0.033540,-1.230425,0.109917,-8.798347,-8.863656,0.000e+00
GNN,ch4t-test-000527,5,0.229878,0.034736,-0.277424,0.775861,0.923590,1.463282,-5.339514,-5.326704,2.082e-17
GNN,ch4t-test-000528,6,-0.050696,-0.075225,-0.014066,0.052217,0.558677,0.111818,-6.500014,-6.360027,0.000e+00
GNN,ch4t-test-000529,8,0.639605,0.102310,-0.010415,0.198224,0.955078,0.139431,-6.102503,-6.834003,0.000e+00
GNN,ch4t-test-000530,6,0.113594,-0.063669,0.016035,0.338115,-0.061383,0.887115,-4.173905,-4.239865,0.000e+00
GNN,ch4t-test-000531,4,-0.029235,0.926899,-0.084452,0.043747,0.812391,0.163241,-5.281838,-6.095050,0.000e+00
GNN,ch4t-test-000532,8,1.382429,-0.115749,-0.212484,1.569800,1.179192,0.750250,-5.575833,-6.630029,2.220e-16
GNN,ch4t-test-000533,5,-0.058515,0.271645,0.046539,-0.017178,-0.789850,0.154733,-7.594709,-7.854379,0.000e+00
GNN,ch4t-test-000534,7,1.627460,-0.075783,-0.276636,0.576239,0.808247,0.643311,-3.906877,-5.181918,0.000e+00
GNN,ch4t-test-000535,6,-0.025741,0.060061,-0.045614,0.034386,0.354025,0.130323,-6.872425,-6.861131,0.000e+00
GNN,ch4t-test-000536,5,1.661262,-0.202075,-0.439058,1.386849,-0.124120,1.406941,-5.601331,-6.621459,2.220e-16
GNN,ch4t-test-000537,7,0.536919,-0.076361,-0.012800,1.001955,0.733116,0.860549,-5.482518,-5.930276,0.000e+00
GNN,ch4t-test-000538,5,1.213071,-0.071457,-0.251913,0.802227,1.142822,0.877717,-4.358701,-5.248401,0.000e+00
GNN,ch4t-test-000539,8,0.889257,-0.026097,-0.215459,1.034229,1.003264,0.624393,-4.430174,-5.077875,0.000e+00
GNN,ch4t-test-000540,5,1.322116,-0.038279,-0.245105,1.009157,0.663875,0.550370,-3.582233,-4.620967,2.220e-16
GNN,ch4t-test-000541,8,-0.051352,0.631252,-0.013090,-0.017171,0.042262,0.093503,-6.725280,-7.292091,0.000e+00
GNN,ch4t-test-000542,6,0.089339,-0.003271,-0.051349,1.416228,0.870625,1.205632,-6.151300,-6.186019,1.388e-17
GNN,ch4t-test-000543,6,-1.073844,-0.476211,0.673418,0.194652,-0.583320,0.620452,-6.549947,-5.673310,0.000e+00
GNN,ch4t-test-000544,8,-0.129243,0.014425,0.030658,0.185129,-0.278250,0.251483,-5.771803,-5.687643,0.000e+00
GNN,ch4t-test-000545,4,0.704476,0.429872,0.229172,0.472732,0.451329,1.175204,-6.184379,-7.547898,2.220e-16
GNN,ch4t-test-000546,7,1.485780,0.253320,-0.839090,0.461352,0.448259,1.187467,-5.235273,-6.135284,1.110e-16
GNN,ch4t-test-000547,8,0.028681,-0.002102,-0.004265,0.890537,0.733817,0.290354,-3.378935,-3.401249,0.000e+00
GNN,ch4t-test-000548,4,0.824550,0.200015,-0.574003,0.735050,0.527425,1.533097,-3.929897,-4.380460,0.000e+00
GNN,ch4t-test-000549,4,0.132156,0.081329,-0.027782,0.055055,0.488290,0.082871,-10.448753,-10.634457,0.000e+00
GNN,ch4t-test-000550,5,0.038941,0.014574,0.012613,-0.015595,0.796633,0.130445,-6.602405,-6.668533,0.000e+00
GNN,ch4t-test-000551,8,0.183521,0.016807,0.003638,0.499727,0.737955,0.616415,-4.688420,-4.892386,0.000e+00
GNN,ch4t-test-000552,8,-0.462174,-0.227802,-0.021714,0.980929,0.789618,1.133295,-6.674920,-5.963229,0.000e+00
GNN,ch4t-test-000553,5,0.369348,0.005321,-0.077015,0.827881,0.877004,0.579703,-4.476052,-4.773706,0.000e+00
GNN,ch4t-test-000554,6,0.482163,0.039964,-0.122822,1.130358,1.304991,2.256625,-3.310902,-3.710207,1.110e-16
GNN,ch4t-test-000555,6,-0.131737,-0.041108,0.055438,0.029659,0.326914,0.195445,-6.393878,-6.276470,2.776e-17
GNN,ch4t-test-000556,4,0.085672,-0.997041,0.141209,-0.004742,-0.836282,0.128399,-8.992975,-8.222814,0.000e+00
GNN,ch4t-test-000557,7,-0.043709,-0.063762,0.248622,0.407952,0.834440,0.537961,-5.011375,-5.152526,0.000e+00
GNN,ch4t-test-000558,4,-0.007738,0.039472,-0.002243,0.685242,1.082119,0.342495,-5.245533,-5.275024,0.000e+00
GNN,ch4t-test-000559,8,0.692305,-0.226505,-0.348440,1.808738,0.724605,2.154056,-5.453135,-5.570495,1.110e-16
GNN,ch4t-test-000560,6,-0.017515,0.043543,-0.055436,0.003186,-0.011942,0.157862,-6.157990,-6.128582,1.388e-17
GNN,ch4t-test-000561,6,0.432930,0.265654,-0.875261,0.602136,1.441793,2.101545,-8.340795,-8.164118,5.551e-17
GNN,ch4t-test-000562,4,0.952783,-0.210377,-0.283920,0.975947,0.145544,0.600611,-3.945129,-4.403615,5.551e-17
GNN,ch4t-test-000563,6,0.554534,0.074023,-0.295665,1.502080,0.815786,2.544977,-4.381228,-4.714120,5.551e-17
GNN,ch4t-test-000564,5,-0.882904,-1.012422,-0.691771,0.219399,-0.541313,0.739353,-7.547932,-4.960835,0.000e+00
GNN,ch4t-test-000565,4,0.805908,-0.054405,0.342458,1.212580,0.631772,1.919317,-3.883662,-4.977622,0.000e+00
GNN,ch4t-test-000566,8,-0.075364,0.094027,-0.056719,0.051078,-0.605207,0.102386,-8.350636,-8.312580,2.776e-17
GNN,ch4t-test-000567,5,1.177272,-0.031710,-0.137631,1.087033,0.752219,0.597534,-3.164466,-4.172396,2.220e-16
GNN,ch4t-test-000568,6,-0.051488,-0.094732,0.179202,0.038497,-0.157463,0.193796,-9.810822,-9.843803,0.000e+00
GNN,ch4t-test-000569,8,1.232331,-0.266710,-0.105658,0.410523,1.147825,0.323176,-4.842673,-5.702637,0.000e+00
GNN,ch4t-test-000570,7,-0.003548,0.660724,0.276896,-0.008145,-0.177343,0.214721,-7.156151,-8.090224,0.000e+00
GNN,ch4t-test-000571,7,-0.021751,-0.432321,0.036943,0.076754,0.846262,0.371134,-7.083823,-6.666694,5.551e-17
GNN,ch4t-test-000572,8,0.014658,0.103904,0.038087,0.022191,-1.122989,0.144068,-9.172190,-9.328839,0.000e+00
GNN,ch4t-test-000573,5,-0.176322,-0.724545,0.128366,-0.033479,0.199982,0.133767,-8.808271,-8.035770,0.000e+00
GNN,ch4t-test-000574,8,-0.454439,-0.113317,0.189051,0.278217,0.440422,0.389554,-5.276711,-4.898007,5.551e-17
GNN,ch4t-test-000575,4,-0.006907,0.073078,0.003159,0.481027,0.900123,1.495952,-9.234529,-9.303858,0.000e+00
GNN,ch4t-test-000576,4,0.095088,0.094957,-0.003856,0.113390,0.871869,0.142415,-6.295464,-6.481654,0.000e+00
GNN,ch4t-test-000577,6,-1.414525,-0.218904,0.750608,0.482156,0.769910,0.750809,-7.269399,-6.386579,0.000e+00
GNN,ch4t-test-000578,4,-0.009875,0.095945,0.034969,-0.018566,-1.791048,0.106882,-6.864696,-6.985734,1.388e-17
GNN,ch4t-test-000579,4,-0.012885,0.099065,-0.006681,-0.023047,-2.330244,0.056553,-6.729250,-6.808749,0.000e+00
GNN,ch4t-test-000580,6,1.333686,-0.692660,-0.021354,1.924361,0.012383,0.617529,-3.852672,-4.472344,2.220e-16
GNN,ch4t-test-000581,5,-0.525119,0.065097,0.386979,0.170028,0.852548,0.338782,-7.984255,-7.911213,0.000e+00
GNN,ch4t-test-000582,8,0.127562,0.401477,0.027214,0.026107,1.205500,0.195215,-6.206156,-6.762409,0.000e+00
GNN,ch4t-test-000583,4,-0.015004,-0.257294,0.850330,0.376369,0.814446,0.588273,-7.357493,-7.935526,0.000e+00
GNN,ch4t-test-000584,5,0.005920,0.006462,-0.068188,-0.025069,-1.208099,0.103226,-7.188154,-7.132347,0.000e+00
GNN,ch4t-test-000585,6,-0.213423,-0.031454,0.046336,0.377216,0.390660,0.421115,-3.901877,-3.703337,0.000e+00
GNN,ch4t-test-000586,8,0.719403,0.005296,-0.255366,0.721464,0.878573,1.013223,-6.966232,-7.435564,0.000e+00
GNN,ch4t-test-000587,8,0.468401,0.093639,-0.355719,0.145564,1.122397,0.230433,-5.771639,-5.977960,5.551e-17
GNN,ch4t-test-000588,5,-0.019475,0.133896,0.007504,0.002592,-0.779634,0.185773,-8.093651,-8.215576,1.388e-17
GNN,ch4t-test-000589,7,1.128971,0.207951,-0.287814,0.606347,0.354051,1.089545,-3.909881,-4.958988,2.220e-16
GNN,ch4t-test-000590,8,1.316452,0.101970,-0.275223,0.237812,-1.023548,0.521892,-4.865732,-6.008932,2.220e-16
GNN,ch4t-test-000591,5,0.670406,0.091704,-0.652653,0.585856,1.094862,1.901374,-6.633713,-6.743170,0.000e+00
GNN,ch4t-test-000592,5,0.694941,-0.013249,0.204384,0.766442,0.961075,1.430315,-5.767581,-6.653657,1.110e-16
GNN,ch4t-test-000593,6,-0.070751,0.363917,0.187894,0.009895,0.094419,0.192159,-7.917368,-8.398429,0.000e+00
GNN,ch4t-test-000594,8,0.329449,-0.272998,0.022701,1.005375,0.167471,2.438041,-8.461783,-8.540936,0.000e+00
GNN,ch4t-test-000595,6,0.630875,0.096489,-0.223085,0.500611,0.311963,0.562504,-6.869208,-7.373487,0.000e+00
GNN,ch4t-test-000596,6,0.289810,0.123722,0.015219,0.562308,0.998899,0.781303,-3.821689,-4.250439,0.000e+00
GNN,ch4t-test-000597,4,0.241621,0.322887,0.108736,0.029766,0.963700,0.206154,-4.080098,-4.753342,0.000e+00
GNN,ch4t-test-000598,5,-0.136024,-0.222872,0.284678,0.322485,0.746682,0.787978,-4.843073,-4.768855,5.551e-17
GNN,ch4t-test-000599,4,0.279976,-0.099713,0.069427,0.171503,0.475542,0.429418,-5.994759,-6.244450,5.551e-17
GNN,ch4t-test-000600,7,1.298243,0.033594,-0.500268,1.596668,0.961654,3.221064,-3.193929,-4.025497,2.220e-16
GNN,ch4t-test-000601,5,0.802839,0.178310,-0.060632,1.231772,0.665828,1.140654,-3.765765,-4.686282,0.000e+00
GNN,ch4t-test-000602,5,0.459061,-0.185766,0.159040,-0.029111,1.158533,0.359409,-10.061181,-10.493516,0.000e+00
GNN,ch4t-test-000603,5,0.311179,0.132838,-0.048389,0.379819,0.396124,0.246252,-5.340737,-5.736365,0.000e+00
GNN,ch4t-test-000604,6,0.021853,0.159647,-0.035015,-0.035707,-0.069677,0.120053,-6.736251,-6.882736,2.776e-17
GNN,ch4t-test-000605,8,0.039824,0.625387,0.059553,0.025026,-0.357229,0.164323,-8.486546,-9.211310,0.000e+00
GNN,ch4t-test-000606,5,0.077730,-0.220359,-0.537775,1.467589,0.734834,1.677747,-7.768645,-7.088241,0.000e+00
GNN,ch4t-test-000607,5,-0.157503,0.040409,-0.107001,0.822090,0.404731,0.669843,-7.459886,-7.235792,8.327e-17
GNN,ch4t-test-000608,7,-0.194666,0.081465,-0.049192,0.608907,0.348894,0.535790,-6.340777,-6.178384,0.000e+00
GNN,ch4t-test-000609,8,1.083562,0.051344,-0.312826,0.474621,-0.304218,0.487400,-3.616012,-4.438091,1.110e-16
GNN,ch4t-test-000610,6,0.827360,0.058524,-0.049539,1.686755,0.698133,0.614087,-6.763323,-7.599668,1.110e-16
GNN,ch4t-test-000611,5,2.035318,0.289074,-0.257575,0.199391,0.821805,0.302323,-4.541759,-6.608577,0.000e+00
GNN,ch4t-test-000612,8,1.313493,-0.055365,-0.136935,1.658789,1.020176,0.613166,-3.427851,-4.549044,0.000e+00
GNN,ch4t-test-000613,7,-0.060676,0.325938,-0.058225,0.015929,0.410865,0.179042,-6.438199,-6.645235,2.776e-17
GNN,ch4t-test-000614,5,0.378119,0.275454,-0.113116,0.051753,1.101540,0.329398,-3.602438,-4.142896,0.000e+00
GNN,ch4t-test-000615,7,0.008225,0.527922,0.228401,0.083736,0.155890,0.408464,-7.748676,-8.513224,0.000e+00
GNN,ch4t-test-000616,6,0.725124,0.098690,-0.240523,0.434877,0.120900,0.390536,-4.518526,-5.101817,1.110e-16
GNN,ch4t-test-000617,4,-0.438191,-0.029773,-0.063317,0.659240,-0.748981,0.813721,-6.050134,-5.518854,0.000e+00
GNN,ch4t-test-000618,5,0.327865,0.011266,-0.075582,0.792523,-0.453728,1.708526,-4.247069,-4.510618,0.000e+00
GNN,ch4t-test-000619,4,0.039309,0.061908,-0.001541,-0.060180,-0.479371,0.134694,-9.070630,-9.170306,0.000e+00
GNN,ch4t-test-000620,7,-0.517283,-0.094371,0.416821,0.525661,1.398820,0.959086,-6.982341,-6.787508,1.388e-16
GNN,ch4t-test-000621,5,0.178403,0.046492,-0.149834,0.246658,-0.873746,0.687602,-5.926667,-6.001728,0.000e+00
GNN,ch4t-test-000622,7,1.535513,-0.007722,-0.438456,1.857608,0.966053,1.973350,-4.678231,-5.767566,0.000e+00
GNN,ch4t-test-000623,5,0.666368,-0.024928,-0.027060,1.268037,1.112903,0.833093,-7.386535,-8.000916,0.000e+00
GNN,ch4t-test-000624,5,-0.054769,0.074692,0.010115,0.006964,-0.523630,0.115977,-6.664522,-6.694561,6.939e-18
GNN,ch4t-test-000625,7,0.495347,-0.023070,0.082363,0.105561,0.785045,0.333090,-3.545702,-4.100341,1.110e-16
GNN,ch4t-test-000626,6,0.311829,-0.142194,-0.055033,0.046266,0.788822,0.206184,-6.763284,-6.877886,2.776e-17
GNN,ch4t-test-000627,7,0.457991,-0.037958,-0.216953,0.542225,1.213044,1.144156,-4.489307,-4.692387,0.000e+00
GNN,ch4t-test-000628,6,0.711882,-0.025907,-0.041856,0.091785,0.689246,0.120726,-8.154849,-8.798969,0.000e+00
GNN,ch4t-test-000629,7,0.134963,-0.055171,-0.034791,0.065801,0.751129,0.186775,-5.314789,-5.359789,0.000e+00
GNN,ch4t-test-000630,7,1.045756,-0.202971,-1.223542,3.494854,0.653876,4.425694,-4.911875,-4.531118,0.000e+00
GNN,ch4t-test-000631,5,-0.010082,0.023454,-0.000611,0.460425,0.116094,0.343870,-4.134654,-4.147415,1.735e-18
GNN,ch4t-test-000632,4,-0.176724,-0.138476,0.413007,0.329203,0.143454,0.790378,-4.759618,-4.857426,0.000e+00
GNN,ch4t-test-000633,7,0.080528,0.099280,0.207839,-0.031835,0.182758,0.140751,-7.426046,-7.813693,0.000e+00
GNN,ch4t-test-000634,7,1.110525,-0.027221,-0.454897,0.980592,0.452193,1.158592,-7.881409,-8.509816,1.110e-16
GNN,ch4t-test-000635,8,-0.301214,-0.483327,0.115112,0.185546,0.640586,0.219898,-6.491994,-5.822565,1.110e-16
GNN,ch4t-test-000636,7,0.663848,-0.009834,-0.128514,0.952587,0.497626,1.128247,-4.470678,-4.996178,1.110e-16
GNN,ch4t-test-000637,4,-1.059024,-0.340291,0.403464,0.348175,-0.001532,0.593502,-8.805203,-7.809353,1.110e-16
GNN,ch4t-test-000638,5,0.055384,-0.018800,-0.115666,-0.005673,-0.420018,0.141354,-8.804705,-8.725622,0.000e+00
GNN,ch4t-test-000639,6,0.609608,0.063132,-0.220900,0.699374,0.527712,1.458707,-4.461854,-4.913694,5.551e-17
GNN,ch4t-test-000640,8,0.901451,-0.096669,-0.140700,1.455809,1.232124,0.664759,-3.423563,-4.087645,0.000e+00
GNN,ch4t-test-000641,5,0.021456,-0.055910,0.221515,0.818177,-0.268576,1.863705,-4.244601,-4.431662,0.000e+00
GNN,ch4t-test-000642,5,1.204435,-0.137173,-0.160424,0.620306,-0.065018,0.503202,-3.473593,-4.380431,0.000e+00
GNN,ch4t-test-000643,8,0.116971,-0.097135,-0.037544,1.280129,1.142406,0.929857,-7.003235,-6.985526,1.388e-17
GNN,ch4t-test-000644,6,0.158039,-0.088812,-0.084950,1.363736,1.098475,0.580077,-5.092374,-5.076651,0.000e+00
GNN,ch4t-test-000645,7,-0.230567,-0.266381,0.745843,0.356782,0.846542,0.890637,-6.926954,-7.175849,5.551e-17
GNN,ch4t-test-000646,5,0.375395,-0.822957,-0.042186,-0.046621,0.553738,0.110769,-6.567051,-6.077302,1.110e-16
GNN,ch4t-test-000647,4,0.255299,-0.096618,0.010775,0.576214,0.627637,0.296850,-5.000888,-5.170344,0.000e+00
GNN,ch4t-test-000648,8,0.019577,-0.055153,-0.035173,1.764705,0.392432,1.586200,-6.244902,-6.174153,0.000e+00
GNN,ch4t-test-000649,7,0.654619,0.133601,0.544992,0.350359,-0.032815,1.023918,-5.751498,-7.084710,0.000e+00
GNN,ch4t-test-000650,6,0.568095,0.162796,-0.062723,0.296549,0.594121,0.231018,-5.280816,-5.948984,1.110e-16
GNN,ch4t-test-000651,7,1.202104,0.119085,-0.115460,0.709515,-0.498975,0.963312,-2.542938,-3.748668,2.220e-16
GNN,ch4t-test-000652,8,1.234707,-0.069721,-0.214040,0.618730,1.097392,0.686529,-2.226002,-3.176947,1.110e-16
GNN,ch4t-test-000653,5,2.247313,-0.351683,-0.199630,1.077742,0.095310,0.835313,-2.681219,-4.377219,2.220e-16
GNN,ch4t-test-000654,4,-0.038299,-0.067835,-0.660903,0.571724,0.081508,1.650883,-6.455777,-5.688740,1.110e-16
GNN,ch4t-test-000655,6,0.056037,0.152750,-0.019781,0.433288,0.897685,0.189802,-5.877592,-6.066597,0.000e+00
GNN,ch4t-test-000656,5,0.062612,0.064275,0.060183,-0.000845,0.654669,0.152260,-9.692844,-9.879914,2.776e-17
GNN,ch4t-test-000657,4,0.327858,0.000604,-0.298469,0.293846,0.976689,0.684506,-5.780613,-5.810607,1.388e-17
GNN,ch4t-test-000658,6,0.010931,0.075591,-0.039883,0.976094,1.068166,0.560902,-6.506703,-6.553344,1.388e-17
GNN,ch4t-test-000659,4,0.006019,0.078524,-0.029414,-0.007972,-1.808304,0.110686,-8.461604,-8.516733,0.000e+00
GNN,ch4t-test-000660,4,0.710036,1.051803,0.892054,0.121708,1.158532,0.447207,-5.564735,-8.218628,0.000e+00
GNN,ch4t-test-000661,8,0.107463,-1.318271,0.269003,0.024274,-0.731426,0.131252,-8.374567,-7.432762,0.000e+00
GNN,ch4t-test-000662,5,0.229648,-0.001012,0.104491,0.392251,1.183492,0.793696,-4.559687,-4.892813,5.551e-17
GNN,ch4t-test-000663,7,1.468349,0.102937,-0.746485,0.212461,-0.216870,0.603085,-6.606751,-7.431552,1.110e-16
GNN,ch4t-test-000664,4,1.161643,0.066566,-0.654962,1.254438,0.503843,1.660972,-6.043981,-6.617227,0.000e+00
GNN,ch4t-test-000665,5,0.010112,0.008169,-0.071789,-0.014288,-1.581157,0.136804,-6.628638,-6.575130,0.000e+00
GNN,ch4t-test-000666,7,0.056269,0.010240,-0.033606,1.253112,0.905732,0.560898,-5.013507,-5.046411,0.000e+00
GNN,ch4t-test-000667,6,0.013453,0.504536,-0.113110,-0.006126,0.554850,0.171798,-5.431398,-5.836276,5.551e-17
GNN,ch4t-test-000668,4,0.195287,0.887878,-0.127505,0.129148,0.822024,0.197708,-12.491270,-13.446930,0.000e+00
GNN,ch4t-test-000669,7,0.123631,0.616150,-0.014647,0.053519,0.371754,0.143033,-6.587114,-7.312249,1.110e-16
GNN,ch4t-test-000670,8,-0.942883,-0.390107,0.210165,0.766694,0.335532,1.033032,-8.596546,-7.473720,0.000e+00
GNN,ch4t-test-000671,7,-1.114485,-0.418357,0.817425,0.392252,1.045237,0.544076,-7.509849,-6.794432,0.000e+00
GNN,ch4t-test-000672,7,0.980663,-0.054387,-0.085439,0.804983,1.086736,0.720287,-3.636678,-4.477514,0.000e+00
GNN,ch4t-test-000673,7,0.688884,-0.065013,-0.205232,1.577606,0.925215,1.160659,-4.262409,-4.681048,5.551e-17
GNN,ch4t-test-000674,5,1.969392,-0.031582,-0.461505,0.699592,0.083765,1.158796,-4.633481,-6.109787,2.220e-16
GNN,ch4t-test-000675,8,-0.036096,0.163685,-0.004441,0.019409,-0.106438,0.186338,-9.318595,-9.441743,0.000e+00
GNN,ch4t-test-000676,4,-0.116167,0.485561,0.071040,-0.067511,-0.234298,0.185300,-7.530319,-7.970753,0.000e+00
GNN,ch4t-test-000677,6,0.000667,-0.003873,-0.079491,-0.015473,-0.236728,0.132710,-6.188234,-6.105536,1.388e-17
GNN,ch4t-test-000678,8,0.137346,0.092222,-0.030235,0.625551,0.922359,0.622544,-4.511986,-4.711319,0.000e+00
GNN,ch4t-test-000679,4,-0.016789,0.056952,0.008022,0.567402,0.955915,0.471945,-4.423979,-4.472165,0.000e+00
GNN,ch4t-test-000680,8,-0.032989,-0.013399,0.050253,0.966243,1.235919,1.666725,-5.941821,-5.945686,3.469e-18
GNN,ch4t-test-000681,8,-0.934019,-0.471853,0.723951,0.469839,0.968941,0.591042,-5.685958,-5.004038,0.000e+00
GNN,ch4t-test-000682,6,0.112686,0.218244,-0.030190,0.022444,0.968839,0.150135,-5.922273,-6.223012,0.000e+00
GNN,ch4t-test-000683,5,0.106411,0.082018,-0.089993,1.041333,1.071066,0.660607,-8.691330,-8.789765,1.388e-17
GNN,ch4t-test-000684,6,0.120066,-0.029469,0.201935,0.322837,0.536735,0.794749,-3.404068,-3.696600,0.000e+00
GNN,ch4t-test-000685,4,0.462428,-0.006171,-0.007771,1.516791,0.889683,0.639378,-7.511565,-7.960051,5.551e-17
GNN,ch4t-test-000686,4,0.565609,-0.393368,-0.004241,0.098331,0.890700,0.113131,-10.227828,-10.395829,0.000e+00
GNN,ch4t-test-000687,6,0.230234,-0.026394,-0.043891,0.506286,0.853993,0.569338,-4.396577,-4.556526,0.000e+00
GNN,ch4t-test-000688,8,-0.026990,0.117123,0.023219,-0.002095,0.022419,0.177127,-6.021475,-6.134826,0.000e+00
GNN,ch4t-test-000689,7,0.948487,0.240564,-0.144400,0.319606,0.561495,0.286167,-3.941143,-4.985794,0.000e+00
GNN,ch4t-test-000690,8,0.189257,0.089572,0.062615,0.387675,0.915839,0.650906,-4.766305,-5.107750,5.551e-17
GNN,ch4t-test-000691,5,-0.090833,-0.050870,-0.004040,0.027094,0.048294,0.095878,-9.934084,-9.788342,0.000e+00
GNN,ch4t-test-000692,8,1.087614,0.190154,-0.435175,0.645279,0.827196,1.888742,-3.944733,-4.787326,1.110e-16
GNN,ch4t-test-000693,6,-0.064091,-0.192946,0.220000,0.580008,0.775220,1.115238,-4.684935,-4.647899,2.776e-17
GNN,ch4t-test-000694,4,0.498874,0.085147,0.067854,0.087564,-0.226634,0.162902,-6.046372,-6.698247,1.110e-16
GNN,ch4t-test-000695,5,0.309660,-1.111262,0.125171,0.182643,-0.971641,0.351066,-10.032279,-9.355848,1.110e-16
GNN,ch4t-test-000696,4,0.526969,0.295484,0.002265,0.050560,0.843681,0.139843,-6.231946,-7.056664,0.000e+00
GNN,ch4t-test-000697,5,-0.031136,0.136804,-0.045215,0.074423,-0.067801,0.110130,-8.052467,-8.112920,0.000e+00
GNN,ch4t-test-000698,5,0.154572,0.075701,-0.029902,1.072149,-0.092331,1.202021,-4.545852,-4.746224,2.776e-17
GNN,ch4t-test-000699,8,-0.866961,-0.095025,1.515629,0.464708,0.547371,1.330853,-7.772184,-8.325828,1.110e-16
GNN,ch4t-test-000700,5,0.178907,0.223396,-0.074662,0.015506,0.892227,0.193327,-6.926486,-7.254127,0.000e+00
GNN,ch4t-test-000701,4,-0.029953,0.155321,0.141559,0.086758,0.778927,0.220213,-4.600830,-4.867757,0.000e+00
GNN,ch4t-test-000702,5,0.262144,-0.045793,-0.007052,0.962915,0.874578,0.535164,-8.120655,-8.329954,2.776e-17
GNN,ch4t-test-000703,7,0.233272,0.394737,0.008275,-0.004464,0.998217,0.153703,-7.705101,-8.341386,0.000e+00
GNN,ch4t-test-000704,4,1.392066,0.388646,-0.319657,0.341678,0.639973,0.495000,-4.469576,-5.930630,2.220e-16
GNN,ch4t-test-000705,5,0.004412,-0.073902,-0.040232,1.284875,1.163252,1.517329,-5.106647,-4.996924,0.000e+00
GNN,ch4t-test-000706,4,1.559971,-0.327673,-0.211604,0.380302,0.104490,0.425232,-3.883461,-4.904155,0.000e+00
GNN,ch4t-test-000707,7,0.602865,-0.031699,-0.073953,1.566879,0.928247,0.473745,-3.920907,-4.418121,0.000e+00
GNN,ch4t-test-000708,5,0.011197,0.081816,-0.049315,-0.012215,-1.902382,0.121300,-9.683657,-9.727354,0.000e+00
GNN,ch4t-test-000709,7,0.323734,-0.008325,-0.016331,0.605241,1.048620,0.274791,-4.445894,-4.744971,5.551e-17
GNN,ch4t-test-000710,7,0.427281,0.038086,0.092513,1.933835,0.506891,2.012356,-5.107398,-5.665278,1.110e-16
GNN,ch4t-test-000711,4,-0.507290,-0.346545,-0.804193,0.182003,-0.110125,0.848885,-9.374279,-7.716251,0.000e+00
GNN,ch4t-test-000712,5,0.266462,-0.015361,-0.085611,1.430685,0.595885,1.292312,-6.000290,-6.165780,0.000e+00
GNN,ch4t-test-000713,5,0.090030,0.196812,0.103534,0.053851,0.104857,0.168641,-9.191141,-9.581517,5.551e-17
GNN,ch4t-test-000714,7,0.569286,0.603079,0.351460,0.114809,1.017149,0.378653,-4.378291,-5.902115,0.000e+00
GNN,ch4t-test-000715,5,0.402983,-0.421632,-0.123231,0.996688,-0.448527,1.645181,-5.269999,-5.128119,0.000e+00
GNN,ch4t-test-000716,7,-0.153741,0.084627,0.095137,0.162459,0.755811,0.410100,-6.941529,-6.967552,1.388e-17
GNN,ch4t-test-000717,7,0.215399,0.099368,-0.072717,0.375191,1.076269,0.346219,-3.976088,-4.218137,2.776e-17
GNN,ch4t-test-000718,5,0.382713,-0.052958,-0.087829,0.092468,0.670866,0.126317,-13.374231,-13.616157,0.000e+00
GNN,ch4t-test-000719,5,0.399720,0.192131,-0.069802,0.134665,0.785530,0.295087,-5.819731,-6.341781,0.000e+00
GNN,ch4t-test-000720,7,0.087743,0.007869,-0.001609,1.371294,1.027906,0.359324,-3.874479,-3.968481,1.388e-17
GNN,ch4t-test-000721,8,0.001448,0.159924,0.162617,0.189413,0.337276,0.270505,-4.961705,-5.285694,0.000e+00
GNN,ch4t-test-000722,8,2.024440,-0.408447,-0.437059,0.875976,-0.796324,0.414705,-2.407778,-3.586711,4.441e-16
GNN,ch4t-test-000723,6,-0.224500,-0.154883,0.399276,1.019895,0.953193,2.418504,-7.559375,-7.579268,5.551e-17
GNN,ch4t-test-000724,5,1.331307,0.006736,-0.550706,0.630776,0.269544,0.685243,-8.710570,-9.497906,0.000e+00
GNN,ch4t-test-000725,6,-0.005130,0.486173,0.008049,-0.022210,0.165892,0.182521,-7.302650,-7.791741,5.551e-17
GNN,ch4t-test-000726,7,0.075827,0.015283,-0.033241,0.980606,0.205629,0.456251,-5.173407,-5.231276,0.000e+00
GNN,ch4t-test-000727,8,0.117728,0.051309,-0.025024,0.968283,0.115164,0.731057,-3.945941,-4.089953,0.000e+00
GNN,ch4t-test-000728,7,0.717747,0.238058,0.265843,0.037221,-0.279320,0.265506,-3.859053,-5.080701,2.220e-16
GNN,ch4t-test-000729,5,1.111609,-0.062374,-0.068033,0.785589,0.642879,0.416714,-2.502004,-3.483206,1.110e-16
GNN,ch4t-test-000730,4,0.225570,0.080700,-0.131202,0.327084,0.916967,1.038889,-4.512207,-4.687275,0.000e+00
GNN,ch4t-test-000731,5,0.650467,0.066482,-0.063570,1.503752,1.408232,3.399294,-4.120665,-4.774044,1.110e-16
GNN,ch4t-test-000732,7,-0.425826,-0.319842,0.717198,0.034289,0.637100,0.289706,-5.519493,-5.491023,0.000e+00
GNN,ch4t-test-000733,7,0.816453,0.372420,0.037244,0.078380,0.276854,0.165460,-5.013059,-6.239175,2.220e-16
GNN,ch4t-test-000734,4,1.564510,-0.266899,-0.145634,1.339750,-0.080419,0.622185,-3.910349,-5.062327,4.441e-16
GNN,ch4t-test-000735,8,1.496000,-0.276358,-0.489666,1.913599,0.488529,1.863208,-7.157853,-7.887829,2.220e-16
GNN,ch4t-test-000736,8,0.589998,0.201652,-0.197708,0.422799,0.756479,0.650631,-7.213592,-7.807534,0.000e+00
GNN,ch4t-test-000737,5,-0.010243,0.710754,-0.076607,0.004328,0.659462,0.169198,-7.175028,-7.798932,1.110e-16
GNN,ch4t-test-000738,6,1.729984,0.008948,0.042103,0.526847,-0.396287,0.356774,-4.156427,-5.937463,0.000e+00
GNN,ch4t-test-000739,7,0.232476,-0.139854,0.161025,0.489896,1.087928,0.608767,-5.099999,-5.353646,5.551e-17
GNN,ch4t-test-000740,7,-0.293269,-0.094826,0.574823,0.218643,0.604125,0.716632,-5.178664,-5.365392,0.000e+00
GNN,ch4t-test-000741,8,1.026235,-0.046409,-0.232455,1.255899,1.108562,1.442226,-5.539304,-6.286675,0.000e+00
GNN,ch4t-test-000742,5,1.923956,-0.193623,-0.180515,0.804577,0.770621,1.628546,-3.016254,-4.566072,0.000e+00
GNN,ch4t-test-000743,7,0.492420,-0.076259,-0.167814,1.065008,0.539182,1.605837,-4.412564,-4.660911,5.551e-17
GNN,ch4t-test-000744,6,0.405575,0.023042,-0.160404,0.563568,0.674759,0.675736,-4.287298,-4.555511,0.000e+00
GNN,ch4t-test-000745,6,1.223536,-0.136663,-0.220455,0.650221,1.162732,0.331831,-3.197069,-4.063487,1.110e-16
GNN,ch4t-test-000746,6,0.370304,0.153796,-0.295631,0.545784,-0.777380,0.919649,-5.935263,-6.163733,2.776e-17
GNN,ch4t-test-000747,7,0.443391,-0.046500,-0.041741,1.556259,1.246716,0.853387,-5.016680,-5.371831,0.000e+00
GNN,ch4t-test-000748,5,-0.007633,-0.078409,0.007392,0.035606,-0.225644,0.125531,-6.642442,-6.563792,0.000e+00
GNN,ch4t-test-000749,6,0.194997,-0.075467,0.081241,0.072633,0.385867,0.140512,-9.453812,-9.654584,2.776e-17
GNN,ch4t-test-000750,8,0.354106,-0.103507,0.234023,1.204973,0.464036,2.755178,-5.312862,-5.797484,1.110e-16
GNN,ch4t-test-000751,5,0.148190,0.080600,-0.044822,0.330220,0.497188,0.518204,-6.014512,-6.198481,0.000e+00
GNN,ch4t-test-000752,6,0.328673,0.100932,-0.258763,0.432269,1.013296,1.157039,-3.343053,-3.513896,0.000e+00
GNN,ch4t-test-000753,7,0.111910,-0.062761,-0.103980,0.535732,0.363747,0.634446,-4.884185,-4.829354,0.000e+00
GNN,ch4t-test-000754,8,-0.006525,0.217619,-0.019489,-0.015247,0.668097,0.125497,-6.659428,-6.851033,2.776e-17
GNN,ch4t-test-000755,4,0.000890,-0.003524,-0.008514,-0.003981,-2.983893,0.046562,-8.739179,-8.728031,0.000e+00
GNN,ch4t-test-000756,7,1.571642,-0.189470,-0.321684,0.695684,0.160434,0.716416,-5.817686,-6.878174,0.000e+00
GNN,ch4t-test-000757,5,1.013662,0.143543,0.104405,0.464628,0.323613,1.409206,-5.064224,-6.325834,2.220e-16
GNN,ch4t-test-000758,5,-0.136212,-0.152036,0.143689,0.088396,-0.474210,0.439599,-5.559176,-5.414618,0.000e+00
GNN,ch4t-test-000759,5,0.002094,0.666459,0.034983,-0.031200,0.151280,0.152473,-7.566974,-8.270510,1.110e-16
GNN,ch4t-test-000760,4,0.922317,0.221301,-0.320134,0.417947,1.163127,0.924392,-3.886043,-4.709527,0.000e+00
GNN,ch4t-test-000761,8,0.061343,0.270038,0.015007,0.003098,0.723761,0.191649,-4.082192,-4.428580,0.000e+00
GNN,ch4t-test-000762,6,3.720999,0.232415,-1.241127,0.510287,1.051607,0.557112,-4.146706,-6.858993,4.441e-16
GNN,ch4t-test-000763,8,0.897420,-0.235862,-0.046735,0.275052,1.022444,0.266501,-3.850424,-4.465247,0.000e+00
GNN,ch4t-test-000764,5,-0.288441,-0.048897,0.326160,0.119862,0.311550,0.460921,-5.655553,-5.644375,1.388e-17
GNN,ch4t-test-000765,8,0.697224,0.078630,-0.179214,0.348206,1.306279,0.480281,-3.735412,-4.332052,0.000e+00
GNN,ch4t-test-000766,4,-0.487206,-0.042572,-0.337766,0.097184,0.755683,0.270330,-10.427347,-9.559804,1.110e-16
GNN,ch4t-test-000767,5,0.939691,-0.267927,-0.764897,1.602548,0.564105,2.183196,-5.060222,-4.967089,1.110e-16
GNN,ch4t-test-000768,5,0.000661,-0.228857,0.118170,0.011608,0.504924,0.205754,-7.629716,-7.519689,1.388e-17
GNN,ch4t-test-000769,6,0.331976,-0.018781,-0.172409,1.361723,0.773760,2.542106,-3.513976,-3.654761,2.776e-17
GNN,ch4t-test-000770,6,-0.338725,-0.040159,-0.026957,0.675914,0.485810,1.169667,-5.709304,-5.303462,5.551e-17
GNN,ch4t-test-000771,7,1.754369,0.169594,-0.109698,0.499593,0.731564,0.290218,-4.215054,-6.029318,0.000e+00
GNN,ch4t-test-000772,4,0.227626,-0.142432,0.024937,0.146981,0.654141,0.150709,-9.703898,-9.814029,2.776e-17
GNN,ch4t-test-000773,4,0.004374,0.104399,0.071803,-0.002474,-2.189060,0.108918,-8.360487,-8.541063,2.776e-17
GNN,ch4t-test-000774,7,-0.187246,-0.178198,0.763800,0.303396,0.522333,0.895414,-5.486538,-5.884895,5.551e-17
GNN,ch4t-test-000775,8,2.118180,0.097313,-1.453036,0.598635,0.925226,1.212881,-3.842095,-4.604551,3.331e-16
GNN,ch4t-test-000776,8,0.000066,0.566158,-0.033399,0.006192,0.840229,0.097502,-6.520410,-7.053235,1.110e-16
GNN,ch4t-test-000777,8,-0.399652,-0.610202,0.264466,0.478597,1.064000,0.252013,-7.860175,-7.114787,0.000e+00
GNN,ch4t-test-000778,8,0.361315,0.044112,-0.049627,0.413685,0.268002,0.471932,-3.366179,-3.721979,5.551e-17
GNN,ch4t-test-000779,8,-0.026856,0.397830,-0.052213,-0.028183,-0.385198,0.185968,-5.961763,-6.280524,0.000e+00
GNN,ch4t-test-000780,5,-0.939271,-0.343112,0.669767,0.882872,0.358443,1.728144,-6.938268,-6.325652,1.110e-16
GNN,ch4t-test-000781,5,0.213073,0.613173,-0.007085,0.045340,1.028098,0.344539,-7.276769,-8.095930,2.220e-16
GNN,ch4t-test-000782,7,0.713968,0.044931,-0.078627,0.687044,1.090398,0.644022,-6.891093,-7.571366,0.000e+00
GNN,ch4t-test-000783,8,0.842870,-0.021903,-0.385136,0.525445,0.662624,0.959321,-5.310662,-5.746493,5.551e-17
GNN,ch4t-test-000784,7,-0.124320,-0.085096,0.029924,0.447553,0.550814,1.315668,-9.741534,-9.562042,0.000e+00
GNN,ch4t-test-000785,4,0.078418,0.199413,0.159860,0.069154,0.037713,0.164260,-5.744776,-6.182468,0.000e+00
GNN,ch4t-test-000786,4,0.175171,-0.557731,-0.032560,0.059197,0.688890,0.141406,-7.579120,-7.164000,5.551e-17
GNN,ch4t-test-000787,8,0.276182,-0.068423,-0.028905,0.146926,-0.024594,0.307535,-5.792518,-5.971372,0.000e+00
GNN,ch4t-test-000788,7,-0.360819,0.081476,0.194973,0.148029,0.891080,0.251977,-4.934203,-4.849833,0.000e+00
GNN,ch4t-test-000789,5,0.346007,-0.303443,-0.028741,0.057198,0.955270,0.244711,-5.550524,-5.564347,5.551e-17
GNN,ch4t-test-000790,7,0.507792,0.571841,0.126959,0.143641,-1.104936,0.481557,-8.522485,-9.729077,0.000e+00
GNN,ch4t-test-000791,8,1.520759,-0.067684,-0.344907,1.107589,1.364208,1.448202,-4.320733,-5.428900,0.000e+00
GNN,ch4t-test-000792,5,-0.105349,0.456042,0.080443,-0.066313,-0.536311,0.278168,-9.548641,-9.979778,0.000e+00
GNN,ch4t-test-000793,7,0.523336,-0.073788,-0.042829,2.281156,1.164017,0.964844,-5.535757,-5.942476,0.000e+00
GNN,ch4t-test-000794,6,1.012867,0.530910,0.034345,0.524976,-0.394268,0.871438,-3.888316,-5.466438,2.220e-16
GNN,ch4t-test-000795,4,0.014908,-0.017977,-0.054466,-0.036360,-0.751050,0.151931,-6.539375,-6.481840,0.000e+00
GNN,ch4t-test-000796,8,0.727806,-0.269219,-0.362212,2.574915,1.100969,0.929019,-3.936633,-4.033008,0.000e+00
GNN,ch4t-test-000797,7,0.338575,0.007392,-0.044508,0.499979,1.008144,0.366641,-5.184892,-5.486352,5.551e-17
GNN,ch4t-test-000798,8,0.080284,0.385330,-0.015598,0.022263,-0.008951,0.157561,-6.834497,-7.284512,0.000e+00
GNN,ch4t-test-000799,7,-0.996187,-0.574872,0.222724,0.354309,0.792768,0.457593,-8.063310,-6.714974,2.220e-16
GNN,ch4t-test-000800,4,0.001149,0.628106,0.139444,0.064064,0.728560,0.180947,-10.730881,-11.499579,1.110e-16
GNN,ch4t-test-000801,4,1.613783,-0.148936,-0.423489,0.491664,0.928176,0.337725,-4.172130,-5.213488,0.000e+00
GNN,ch4t-test-000802,7,-0.392454,-0.026814,0.690131,0.047545,1.005248,0.240267,-5.249311,-5.520174,0.000e+00
GNN,ch4t-test-000803,5,0.556229,-0.051513,-0.190447,0.408747,0.730614,0.376424,-4.508280,-4.822550,0.000e+00
GNN,ch4t-test-000804,4,0.985694,-0.226410,-0.105962,0.952634,-0.429866,0.553280,-3.803231,-4.456554,0.000e+00
GNN,ch4t-test-000805,4,0.064475,-0.204522,-0.085458,-0.031668,0.201346,0.172131,-10.260292,-10.034787,2.776e-17
GNN,ch4t-test-000806,6,0.282894,0.013203,-0.021057,0.728186,1.027942,0.235987,-3.509417,-3.784457,5.551e-17
GNN,ch4t-test-000807,4,-0.041525,0.630819,-0.077449,0.010640,0.633304,0.155120,-6.514930,-7.026776,1.110e-16
GNN,ch4t-test-000808,7,0.687748,-0.006825,-0.046155,0.396105,0.965387,0.287444,-3.924279,-4.559046,1.110e-16
GNN,ch4t-test-000809,8,-0.005890,0.183034,-0.027235,-0.018553,0.461111,0.129325,-5.383733,-5.533642,0.000e+00
GNN,ch4t-test-000810,7,0.379569,-0.080272,-0.039059,0.201622,0.796928,0.200866,-5.247059,-5.507297,5.551e-17
GNN,ch4t-test-000811,5,0.006672,0.282593,-0.014697,0.027465,0.179334,0.128763,-9.106406,-9.380974,5.551e-17
GNN,ch4t-test-000812,4,0.302932,0.129859,0.050735,0.415042,0.913979,1.269788,-8.295275,-8.778802,1.110e-16
GNN,ch4t-test-000813,4,0.281353,0.074802,-0.045647,0.363698,0.108097,0.560982,-4.471779,-4.782288,0.000e+00
GNN,ch4t-test-000814,7,0.353615,-0.103969,-0.015067,0.285127,0.741563,0.329511,-4.767337,-5.001915,0.000e+00
GNN,ch4t-test-000815,8,0.965088,0.457747,-0.357528,0.280265,1.024275,0.380324,-8.718150,-9.783457,0.000e+00
GNN,ch4t-test-000816,5,-0.124562,-0.248569,0.940838,0.538142,0.704688,2.252359,-5.995330,-6.563037,0.000e+00
GNN,ch4t-test-000817,4,-0.108025,0.333097,0.052649,-0.042495,0.450910,0.192374,-6.917259,-7.194980,5.551e-17
GNN,ch4t-test-000818,7,-0.048572,0.083049,-0.032464,0.367004,0.489691,0.316849,-5.589375,-5.591388,1.388e-17
GNN,ch4t-test-000819,6,0.878893,0.009618,-0.068400,1.163369,0.813907,0.755376,-7.070392,-7.890503,0.000e+00
GNN,ch4t-test-000820,5,0.750929,0.089195,-0.108095,0.442745,0.209932,0.277729,-6.553278,-7.285306,0.000e+00
GNN,ch4t-test-000821,5,-0.016234,0.315841,-0.053073,-0.035649,-0.246766,0.180556,-9.060653,-9.307187,5.551e-17
GNN,ch4t-test-000822,5,-0.000343,0.152188,-0.024369,0.750520,0.830531,0.254707,-8.105850,-8.233325,0.000e+00
GNN,ch4t-test-000823,6,0.634633,-0.060586,-0.059249,0.840320,0.768791,0.479959,-4.865356,-5.380153,0.000e+00
GNN,ch4t-test-000824,7,-0.094447,0.429938,0.021615,-0.013689,0.808210,0.127239,-8.154901,-8.512007,0.000e+00
GNN,ch4t-test-000825,4,0.973044,0.091721,-0.204880,0.460239,-0.028584,0.649110,-4.642458,-5.502342,0.000e+00
GNN,ch4t-test-000826,8,1.125471,0.109933,-0.693876,0.854466,0.302437,2.064461,-3.685577,-4.227106,1.110e-16
GNN,ch4t-test-000827,8,2.034330,-0.286393,-0.668294,1.692638,0.946813,1.750541,-3.111193,-4.190836,0.000e+00
GNN,ch4t-test-000828,6,-0.010456,0.253002,0.050938,-0.012934,-1.371113,0.150051,-7.271525,-7.565008,0.000e+00
GNN,ch4t-test-000829,8,0.995786,-0.180676,-0.251112,1.051060,0.116999,0.921183,-2.854189,-3.418186,1.110e-16
GNN,ch4t-test-000830,8,0.446971,-0.009084,-0.114616,0.888777,0.795814,1.060191,-4.058923,-4.382194,0.000e+00
GNN,ch4t-test-000831,8,0.010501,0.021856,-0.022239,0.712536,0.888650,0.892704,-5.665610,-5.675728,3.469e-18
GNN,ch4t-test-000832,5,1.394571,-0.032215,-0.059893,0.386790,0.862704,0.456354,-4.843739,-6.146202,0.000e+00
GNN,ch4t-test-000833,5,0.102275,0.062065,-0.043866,0.445740,0.957273,0.389487,-4.167603,-4.288077,0.000e+00
GNN,ch4t-test-000834,7,-0.000636,0.543744,0.041671,0.021466,0.406148,0.211036,-5.618730,-6.203509,1.110e-16
GNN,ch4t-test-000835,8,-0.056887,0.468529,-0.081709,0.038285,0.164636,0.111973,-8.875032,-9.204965,5.551e-17
GNN,ch4t-test-000836,5,0.000768,0.046285,0.512962,0.026871,-0.291492,0.324870,-6.074790,-6.634805,1.110e-16
GNN,ch4t-test-000837,8,1.832572,-0.047895,-0.955945,0.766895,0.959534,1.100576,-4.971007,-5.799739,0.000e+00
GNN,ch4t-test-000838,4,0.752699,-0.104527,-0.289768,1.195086,0.721661,1.477688,-5.934317,-6.292721,0.000e+00
GNN,ch4t-test-000839,8,0.805764,-0.033421,-0.185883,1.000049,1.203758,1.651069,-4.345396,-4.931855,0.000e+00
GNN,ch4t-test-000840,7,0.972657,0.267216,-0.427672,0.822887,-0.685813,1.336725,-5.941223,-6.753424,0.000e+00
GNN,ch4t-test-000841,5,0.506248,0.254476,-0.096445,0.431296,0.920869,0.652900,-5.171451,-5.835730,0.000e+00
GNN,ch4t-test-000842,4,0.645998,-0.366576,0.226989,0.528924,0.385179,1.050680,-6.887993,-7.394404,0.000e+00
GNN,ch4t-test-000843,4,0.882455,0.023282,-0.180976,0.400182,-0.165236,0.513013,-4.139732,-4.864493,1.110e-16
GNN,ch4t-test-000844,6,-0.234649,-0.395726,0.388965,0.227015,1.126324,0.768080,-6.380790,-6.139381,5.551e-17
GNN,ch4t-test-000845,7,1.317857,-0.088692,-0.161851,2.744108,1.166988,0.932860,-3.180191,-4.247504,0.000e+00
GNN,ch4t-test-000846,5,0.065276,-0.642438,-0.007273,0.094251,0.893830,0.176663,-10.611152,-10.026717,1.110e-16
GNN,ch4t-test-000847,7,1.014887,-0.123304,-0.438219,1.367340,-0.919809,3.117484,-4.251860,-4.705224,0.000e+00
GNN,ch4t-test-000848,4,1.861983,-0.394110,-0.590443,1.080319,0.032917,1.162694,-4.690142,-5.567572,0.000e+00
GNN,ch4t-test-000849,6,0.015283,0.041593,0.096124,0.439225,0.508878,0.952911,-3.606533,-3.759533,0.000e+00
GNN,ch4t-test-000850,7,1.308437,-0.146943,-0.201733,1.040188,0.383410,0.696476,-3.650979,-4.610741,1.110e-16
GNN,ch4t-test-000851,6,0.015044,0.136468,-0.054639,-0.000540,-0.409685,0.196057,-6.671971,-6.768844,1.388e-17
GNN,ch4t-test-000852,6,-0.031286,0.168302,-0.091609,0.028014,-0.550267,0.170751,-6.813658,-6.859064,1.388e-17
GNN,ch4t-test-000853,6,0.223855,0.457167,0.001114,0.181745,0.123502,0.450622,-5.876012,-6.558148,0.000e+00
GNN,ch4t-test-000854,5,0.239696,0.014204,-0.039508,0.439886,0.787773,0.301979,-4.638278,-4.852670,0.000e+00
GNN,ch4t-test-000855,8,1.001868,-0.040390,-0.058794,2.178069,1.004541,1.116424,-4.627277,-5.529961,0.000e+00
GNN,ch4t-test-000856,5,-0.502137,-0.350808,0.055364,0.186217,0.866275,0.625574,-11.170771,-10.373190,0.000e+00
GNN,ch4t-test-000857,5,0.939148,-0.362782,-0.290997,0.499678,1.001461,0.549113,-3.536429,-3.821797,5.551e-17
GNN,ch4t-test-000858,7,0.071007,-0.014355,-0.032490,0.592264,0.863349,0.666454,-5.913611,-5.937773,3.469e-18
GNN,ch4t-test-000859,4,0.015518,0.035099,-0.006663,-0.036347,-2.235753,0.086697,-7.902651,-7.946605,0.000e+00
GNN,ch4t-test-000860,8,-0.052355,0.046584,-0.003646,0.017156,0.822327,0.209477,-3.689055,-3.679637,0.000e+00
GNN,ch4t-test-000861,5,0.439127,0.101030,0.078688,1.599301,0.586679,0.879704,-5.719920,-6.338765,0.000e+00
GNN,ch4t-test-000862,5,-0.349739,0.047482,-0.030303,0.569243,0.617293,0.416407,-7.217751,-6.885191,0.000e+00
GNN,ch4t-test-000863,8,0.170509,0.055619,-0.132329,0.592623,-0.114752,1.432667,-3.864539,-3.958338,1.388e-17
GNN,ch4t-test-000864,4,-0.008859,-0.142361,-0.062616,-0.008768,-0.223196,0.136989,-7.565420,-7.351584,2.776e-17
GNN,ch4t-test-000865,6,0.203715,-0.002555,-0.023862,0.494354,0.674170,0.384468,-3.492736,-3.670034,0.000e+00
GNN,ch4t-test-000866,8,0.416776,-0.030966,-0.029737,1.029247,0.890611,0.347449,-5.052319,-5.408392,0.000e+00
GNN,ch4t-test-000867,6,0.679930,0.087449,-0.353133,0.779665,-0.591538,1.548112,-2.721253,-3.135498,5.551e-17
GNN,ch4t-test-000868,8,0.033106,-0.024461,-0.054863,1.404584,1.365063,1.752304,-5.254646,-5.208429,1.388e-17
GNN,ch4t-test-000869,5,0.845889,-0.007071,-0.240751,0.431005,0.562484,1.068773,-3.089658,-3.687725,1.110e-16
GNN,ch4t-test-000870,7,0.016890,0.623507,-0.020920,-0.010862,0.686170,0.156844,-5.819201,-6.438679,1.110e-16
GNN,ch4t-test-000871,5,-0.033461,0.592328,0.000445,-0.022219,0.647135,0.148204,-8.727259,-9.286572,1.110e-16
GNN,ch4t-test-000872,7,0.562998,-0.028468,-0.250908,0.891627,-0.144759,0.934878,-5.370438,-5.654061,0.000e+00
GNN,ch4t-test-000873,4,0.410181,0.082255,0.031052,0.347019,0.723534,0.370685,-5.398304,-5.921792,0.000e+00
GNN,ch4t-test-000874,4,-0.402269,0.010479,-0.189239,0.191449,0.796964,0.826414,-8.523731,-7.942702,1.110e-16
GNN,ch4t-test-000875,5,0.634174,0.015792,0.570903,0.533846,-0.601034,1.138831,-4.263672,-5.484541,0.000e+00
GNN,ch4t-test-000876,7,0.449544,0.104297,0.871268,0.052560,0.606428,0.222870,-3.172133,-4.597241,0.000e+00
GNN,ch4t-test-000877,7,-0.861229,-1.062909,0.241269,4.615422,0.692171,1.626472,-6.999991,-5.317122,0.000e+00
GNN,ch4t-test-000878,6,0.958473,-0.000514,-0.088173,1.350245,1.069353,0.481431,-6.781602,-7.651388,0.000e+00
GNN,ch4t-test-000879,6,2.564819,-0.513139,0.087814,0.453737,0.475767,0.428622,-1.752021,-3.891514,4.441e-16
GNN,ch4t-test-000880,4,0.109761,0.255165,0.285115,0.144575,0.700187,0.614572,-5.644882,-6.294922,0.000e+00
GNN,ch4t-test-000881,4,-0.066553,0.062322,-0.024842,0.568866,1.084965,0.429378,-6.490714,-6.461640,2.082e-17
GNN,ch4t-test-000882,6,0.243927,0.219783,-0.031590,0.119899,0.776433,0.201785,-4.320631,-4.752751,0.000e+00
GNN,ch4t-test-000883,7,-0.215621,-1.254333,-0.042692,0.046697,1.023978,0.126903,-7.464499,-5.951853,0.000e+00
GNN,ch4t-test-000884,7,1.690043,-0.263530,-0.210276,0.716655,0.550875,0.319218,-2.874776,-4.091013,0.000e+00
GNN,ch4t-test-000885,5,1.101360,-0.095771,-0.175849,0.298983,-0.054556,0.213564,-4.095566,-4.925306,1.110e-16
GNN,ch4t-test-000886,4,-0.004418,0.058292,-0.040338,0.004444,-1.518696,0.133206,-6.852197,-6.865732,0.000e+00
GNN,ch4t-test-000887,7,0.663883,0.601742,0.064386,0.086878,0.938794,0.141591,-7.104102,-8.434114,0.000e+00
GNN,ch4t-test-000888,7,-0.418498,0.049850,0.097494,1.117404,0.564922,1.094832,-7.602639,-7.331485,0.000e+00
GNN,ch4t-test-000889,7,0.431093,0.224288,-0.109427,0.101249,0.704926,0.133889,-6.777542,-7.323496,0.000e+00
GNN,ch4t-test-000890,4,0.245768,0.624734,-0.005812,0.032443,0.940991,0.098822,-7.295795,-8.160485,1.110e-16
GNN,ch4t-test-000891,8,0.538819,-0.080214,-0.118386,0.763828,-0.103030,1.004175,-4.577648,-4.917868,0.000e+00
GNN,ch4t-test-000892,5,0.446408,0.071427,-0.219246,0.465528,1.349401,0.821603,-4.741977,-5.040566,0.000e+00
GNN,ch4t-test-000893,5,-0.732174,-0.070369,0.334286,0.180250,1.072583,0.273811,-9.196035,-8.727779,0.000e+00
GNN,ch4t-test-000894,5,0.187211,-0.007915,0.007514,2.030163,0.801080,0.444499,-3.568788,-3.755598,2.776e-17
GNN,ch4t-test-000895,8,-0.290079,-0.055600,0.646328,0.332536,1.256114,0.507803,-7.137261,-7.437909,0.000e+00
GNN,ch4t-test-000896,5,0.813694,0.207498,-0.092301,0.342889,-0.529346,0.437108,-5.276375,-6.205266,0.000e+00
GNN,ch4t-test-000897,4,-0.011721,0.570240,-0.134358,0.023808,0.374457,0.190858,-7.130128,-7.554290,1.110e-16
GNN,ch4t-test-000898,8,0.138723,-0.148460,0.030379,0.285073,0.980833,1.339035,-6.343406,-6.364048,0.000e+00
GNN,ch4t-test-000899,7,0.149103,0.224291,0.067852,0.108933,0.475036,0.157577,-5.792046,-6.233293,0.000e+00
GNN,ch4t-test-000900,8,-0.303553,-0.701679,1.254264,0.682276,0.998386,2.146507,-8.676710,-8.925742,1.110e-16
GNN,ch4t-test-000901,8,-0.003397,0.074878,-0.022519,0.032949,-0.140692,0.161058,-6.282326,-6.331287,6.939e-18
GNN,ch4t-test-000902,6,-0.061072,-0.830411,0.192588,-0.008255,0.806013,0.142756,-9.943062,-9.244167,0.000e+00
GNN,ch4t-test-000903,7,-0.044624,-0.066694,-0.430025,0.229629,1.154205,0.381333,-7.221604,-6.680262,0.000e+00
GNN,ch4t-test-000904,8,-0.042375,0.002769,0.015951,1.258412,-0.020845,1.422474,-4.021275,-3.997621,0.000e+00
GNN,ch4t-test-000905,4,-0.004731,0.377230,-0.101360,-0.014880,0.093348,0.179407,-7.502309,-7.773448,0.000e+00
GNN,ch4t-test-000906,4,-0.015455,0.092966,-0.011959,0.008032,-0.499482,0.128712,-7.238428,-7.303980,0.000e+00
GNN,ch4t-test-000907,7,0.165203,0.178713,0.106000,-0.010004,0.717038,0.145547,-5.818643,-6.268560,1.110e-16
GNN,ch4t-test-000908,6,0.786554,0.101485,-0.298478,0.525964,0.453920,0.649149,-4.787715,-5.377275,1.110e-16
GNN,ch4t-test-000909,4,0.050975,0.053793,0.114139,-0.017724,-1.299519,0.118585,-8.650479,-8.869386,0.000e+00
GNN,ch4t-test-000910,4,0.074510,-0.950211,0.119202,0.016402,-0.354657,0.118963,-10.304632,-9.548134,0.000e+00
GNN,ch4t-test-000911,8,0.757765,-0.092223,-0.277587,1.558218,0.389406,1.697921,-4.176079,-4.564033,0.000e+00
GNN,ch4t-test-000912,7,1.594506,-0.324241,-0.741811,1.214916,-0.407805,1.514121,-3.443677,-3.972130,1.110e-16
GNN,ch4t-test-000913,4,0.936479,-0.117353,0.034643,1.294426,1.055595,3.168164,-4.101977,-4.955746,2.220e-16
GNN,ch4t-test-000914,7,1.292549,-0.282418,-0.273712,1.045358,1.274088,0.743548,-5.462973,-6.199392,0.000e+00
GNN,ch4t-test-000915,8,0.539270,-0.037447,-0.117079,0.597812,0.989122,0.391256,-3.464308,-3.849051,0.000e+00
GNN,ch4t-test-000916,6,1.277493,-0.255290,-0.332542,0.858775,0.542897,0.595720,-4.718486,-5.408146,0.000e+00
GNN,ch4t-test-000917,4,0.851948,0.339870,-0.152885,0.199022,1.025370,0.439018,-4.257466,-5.296399,0.000e+00
GNN,ch4t-test-000918,8,0.828946,-0.052466,0.046797,0.801865,0.550165,0.789596,-4.380116,-5.203393,0.000e+00
GNN,ch4t-test-000919,7,1.557497,-0.088221,-0.310564,0.845449,0.622633,0.679435,-3.561035,-4.719747,0.000e+00
GNN,ch4t-test-000920,4,-0.042040,0.021728,0.059024,-0.028861,-1.026652,0.101639,-8.019550,-8.058262,0.000e+00
GNN,ch4t-test-000921,7,0.133391,0.037037,-0.019068,0.409153,0.880679,0.232217,-4.430622,-4.581981,0.000e+00
GNN,ch4t-test-000922,4,0.516630,0.038355,0.295684,0.475112,0.972149,1.261898,-7.205713,-8.056381,1.110e-16
GNN,ch4t-test-000923,4,-0.007228,0.047064,-0.026525,0.005235,-2.338975,0.078939,-7.541415,-7.554725,0.000e+00
GNN,ch4t-test-000924,5,0.658307,0.031540,-0.100142,0.652023,0.588730,0.379162,-2.780992,-3.370696,1.110e-16
GNN,ch4t-test-000925,8,0.178635,0.208200,-0.003068,0.206089,1.016186,0.152693,-6.643731,-7.027498,0.000e+00
GNN,ch4t-test-000926,4,0.467014,-0.026264,-0.089385,0.369968,0.577261,0.235637,-4.002281,-4.353646,5.551e-17
GNN,ch4t-test-000927,6,0.226445,0.066622,-0.143640,0.852367,0.779628,0.863017,-5.853890,-6.003316,0.000e+00
GNN,ch4t-test-000928,6,-0.221758,-0.212333,0.033989,1.169233,1.137412,2.347534,-3.938116,-3.538014,5.551e-17
GNN,ch4t-test-000929,4,-0.251565,-0.200274,0.283817,0.792910,0.308866,1.623343,-4.219597,-4.051575,5.551e-17
GNN,ch4t-test-000930,8,-0.009933,-0.136311,-0.003597,0.048121,-0.809064,0.306627,-4.684625,-4.534784,0.000e+00
GNN,ch4t-test-000931,4,-0.274953,-0.020124,-0.017306,1.171712,-0.618116,1.084544,-6.874081,-6.561698,5.551e-17
GNN,ch4t-test-000932,5,0.250960,-0.014799,0.029177,0.813519,0.735584,0.456993,-7.532928,-7.798266,0.000e+00
GNN,ch4t-test-000933,4,0.140409,-0.533666,0.113187,-0.009796,-0.058616,0.125140,-10.281200,-10.001131,5.551e-17
GNN,ch4t-test-000934,5,0.531168,-0.217472,-0.277997,1.201180,0.702358,1.425470,-7.658224,-7.693924,2.776e-17
GNN,ch4t-test-000935,8,-0.554204,-0.048252,0.176515,0.604629,0.751756,0.344942,-5.952957,-5.527016,5.551e-17
GNN,ch4t-test-000936,7,0.380283,0.055527,-0.144659,0.243352,1.213848,0.396052,-3.067157,-3.358308,0.000e+00
GNN,ch4t-test-000937,5,0.235500,0.078793,0.030258,0.468766,0.490357,0.295332,-5.569697,-5.914247,0.000e+00
GNN,ch4t-test-000938,4,-0.060372,0.032693,0.025086,0.641695,0.459589,0.620939,-4.260738,-4.258146,1.388e-17
GNN,ch4t-test-000939,8,0.422240,-0.021573,-0.006960,0.728939,0.984851,1.144836,-4.145224,-4.538930,0.000e+00
GNN,ch4t-test-000940,5,0.046256,0.093867,-0.198233,-0.000658,0.385171,0.221097,-6.787337,-6.729227,1.388e-17
GNN,ch4t-test-000941,8,0.932703,-0.014209,-0.174866,0.573445,1.136447,0.422017,-3.309826,-4.053454,1.110e-16
GNN,ch4t-test-000942,7,-0.369776,-0.186600,0.396350,0.446279,-0.094690,1.580760,-5.615260,-5.455234,5.551e-17
GNN,ch4t-test-000943,4,2.333387,-0.050120,-0.548888,2.199057,0.134225,1.335787,-4.300478,-6.034858,0.000e+00
GNN,ch4t-test-000944,4,0.393308,0.065181,-0.106904,0.362881,0.504338,0.306656,-6.459811,-6.811395,0.000e+00
GNN,ch4t-test-000945,4,1.250708,0.203029,-0.150242,0.296159,0.539517,0.651324,-6.564077,-7.867573,2.220e-16
GNN,ch4t-test-000946,6,0.645277,0.089516,0.039157,0.153875,-0.066029,0.099192,-4.664624,-5.438574,0.000e+00
GNN,ch4t-test-000947,4,0.339504,-0.063130,-0.023396,0.550838,0.740009,0.506020,-4.599718,-4.852696,0.000e+00
GNN,ch4t-test-000948,8,1.594692,0.055399,-0.396730,0.862051,0.433086,1.541361,-4.178161,-5.431522,2.220e-16
GNN,ch4t-test-000949,6,0.451967,0.039330,-0.047008,0.549963,0.841382,0.281912,-4.259529,-4.703818,0.000e+00
GNN,ch4t-test-000950,6,-0.027741,-0.460922,0.246737,0.070918,0.876977,0.196607,-9.613501,-9.371575,2.776e-17
GNN,ch4t-test-000951,4,0.976203,0.074419,-0.198836,0.182278,1.106425,0.371469,-2.754306,-3.606092,1.110e-16
GNN,ch4t-test-000952,8,0.567370,0.162471,-0.189935,0.558932,1.057222,0.555401,-7.088030,-7.627936,0.000e+00
GNN,ch4t-test-000953,7,0.662646,0.057364,-0.240611,0.191350,0.877811,0.216623,-4.478094,-4.957494,0.000e+00
GNN,ch4t-test-000954,5,0.331791,-0.029245,-0.092562,0.214997,0.715097,0.288117,-7.514207,-7.724191,2.776e-17
GNN,ch4t-test-000955,7,0.431568,0.097500,-0.029126,0.056751,0.886623,0.108383,-8.079688,-8.579630,5.551e-17
GNN,ch4t-test-000956,5,0.961995,-0.314155,-0.488585,1.039906,0.357629,1.323908,-6.037136,-6.196392,0.000e+00
GNN,ch4t-test-000957,6,-0.003008,-0.180408,0.062248,0.013563,0.716783,0.099887,-6.367774,-6.246605,0.000e+00
GNN,ch4t-test-000958,4,0.244264,0.275907,-0.098865,0.661508,0.856111,0.523420,-5.509345,-5.930651,5.551e-17
GNN,ch4t-test-000959,4,0.079719,0.184904,0.017347,0.139831,0.622727,0.248569,-5.036964,-5.318934,0.000e+00
GNN,ch4t-test-000960,7,0.044698,-0.009187,-0.075561,0.002582,-0.215435,0.248275,-7.923795,-7.883744,0.000e+00
GNN,ch4t-test-000961,4,0.691042,-0.043279,-0.111169,0.487136,0.980883,0.324349,-5.121148,-5.657741,1.110e-16
GNN,ch4t-test-000962,4,0.012556,0.017125,-0.036635,-0.019761,-1.661381,0.105838,-5.857063,-5.850110,0.000e+00
GNN,ch4t-test-000963,5,0.481430,-0.124996,-0.190274,1.185169,1.174455,1.090230,-5.526354,-5.692515,0.000e+00
GNN,ch4t-test-000964,8,0.308232,-0.135584,0.113058,0.612174,0.436567,1.211987,-5.582235,-5.867941,0.000e+00
GNN,ch4t-test-000965,7,0.072170,-0.001922,-0.000639,1.595494,1.054862,0.463417,-5.326812,-5.396421,1.388e-17
GNN,ch4t-test-000966,6,0.188271,0.043469,-0.047205,0.416039,0.711293,0.256127,-5.017087,-5.201623,0.000e+00
GNN,ch4t-test-000967,4,0.193513,-0.052091,-0.228704,1.335379,1.069143,3.355135,-7.478383,-7.391101,0.000e+00
GNN,ch4t-test-000968,4,-0.717623,-0.058284,-0.455846,0.543289,1.004109,1.352722,-6.538761,-5.307008,2.220e-16
GNN,ch4t-test-000969,8,0.217155,-0.526485,0.109248,0.035216,0.507047,0.168913,-8.138386,-7.938304,0.000e+00
GNN,ch4t-test-000970,7,-0.005072,0.116700,-0.034985,0.006243,-1.684717,0.083813,-7.080338,-7.156981,1.388e-17
GNN,ch4t-test-000971,4,-0.067762,0.093396,-0.171408,0.029164,0.295637,0.197573,-7.072583,-6.926808,2.776e-17
GNN,ch4t-test-000972,8,-0.036669,0.026577,-0.009394,0.541371,0.959132,0.413975,-6.155987,-6.136502,3.469e-18
GNN,ch4t-test-000973,6,0.403317,-0.030497,-0.125208,0.931044,0.599714,0.766466,-5.002120,-5.249732,8.327e-17
GNN,ch4t-test-000974,6,0.751779,0.066424,-0.022748,1.533722,0.703367,1.734288,-7.329444,-8.124899,0.000e+00
GNN,ch4t-test-000975,8,1.755020,-0.039780,-0.738025,1.167259,0.647304,2.267262,-5.066313,-6.043528,2.220e-16
GNN,ch4t-test-000976,8,0.298340,0.001652,0.407362,0.568102,1.417322,1.190638,-3.922510,-4.629865,0.000e+00
GNN,ch4t-test-000977,8,-0.057469,0.188516,0.066506,0.538603,1.149295,0.261100,-5.347027,-5.544581,0.000e+00
GNN,ch4t-test-000978,6,-0.069226,0.350081,-0.065505,-0.031760,-0.813560,0.109572,-7.823690,-8.039039,0.000e+00
GNN,ch4t-test-000979,8,-0.139309,-0.094599,0.152091,0.226702,0.697689,0.696819,-4.151258,-4.069441,2.776e-17
GNN,ch4t-test-000980,5,0.235481,0.179145,0.018720,0.363823,0.511384,0.606979,-5.291018,-5.724365,5.551e-17
GNN,ch4t-test-000981,4,0.891009,0.074265,0.028420,0.110429,-0.470336,0.283947,-1.858940,-2.852634,0.000e+00
GNN,ch4t-test-000982,6,-0.667356,-0.298250,0.396765,1.270000,1.267087,2.242035,-7.000848,-6.432008,0.000e+00
GNN,ch4t-test-000983,8,0.300508,0.178476,-0.014868,0.225656,1.095050,0.273637,-3.741022,-4.205139,0.000e+00
GNN,ch4t-test-000984,6,-0.390095,-0.015269,0.228288,0.441769,0.660185,0.637489,-6.774183,-6.597106,2.776e-17
GNN,ch4t-test-000985,8,0.895101,0.073207,-0.411022,0.860338,0.871216,1.473360,-3.596084,-4.153370,0.000e+00
GNN,ch4t-test-000986,5,0.577373,0.241576,-0.203706,0.248951,-0.107532,0.492715,-4.661460,-5.276703,0.000e+00
GNN,ch4t-test-000987,7,-0.936636,-0.855670,-1.294443,0.038258,0.911076,0.391980,-11.872666,-8.785917,0.000e+00
GNN,ch4t-test-000988,7,0.059326,0.229477,0.049251,0.014790,0.261641,0.204901,-6.524210,-6.862264,0.000e+00
GNN,ch4t-test-000989,4,0.006336,0.064782,0.007515,0.015662,-0.835518,0.120724,-8.124922,-8.203555,1.388e-17
GNN,ch4t-test-000990,8,-0.019431,0.582886,0.045975,-0.028895,-0.593903,0.138471,-6.670809,-7.280240,1.110e-16
GNN,ch4t-test-000991,7,0.080965,0.053075,-0.040237,1.009346,0.623061,0.409409,-5.575887,-5.669691,0.000e+00
GNN,ch4t-test-000992,8,0.145238,0.046617,0.048146,1.912762,0.887114,0.930137,-6.502567,-6.742568,0.000e+00
GNN,ch4t-test-000993,5,-2.724320,-1.000416,1.249722,1.019716,0.752431,1.334977,-8.263033,-5.788019,0.000e+00
GNN,ch4t-test-000994,8,1.430609,0.235263,-0.309591,0.492251,0.862038,0.543961,-4.924756,-6.281036,2.220e-16
GNN,ch4t-test-000995,4,0.076595,-0.008602,-0.048394,1.425160,0.968205,0.474409,-6.957000,-6.976600,0.000e+00
GNN,ch4t-test-000996,5,0.728610,-0.058816,-0.128700,0.374509,-1.368663,0.286328,-4.276861,-4.817955,0.000e+00
GNN,ch4t-test-000997,7,-0.091347,-0.043761,0.230012,0.898371,0.828295,1.052754,-5.030928,-5.125831,2.776e-17
GNN,ch4t-test-000998,7,1.197693,-0.004582,-0.185554,0.327186,0.747785,0.236302,-5.142355,-6.149912,0.000e+00
GNN,ch4t-test-000999,8,0.915297,-0.047436,-0.069716,2.032808,1.189924,0.793090,-7.095161,-7.893306,1.110e-16
GNN,ch4t-test-001000,4,0.092646,0.460159,0.040473,0.055467,-0.851335,0.181124,-5.679120,-6.272398,0.000e+00
GNN,ch4t-test-001001,7,0.015858,0.662022,-0.053512,0.008609,0.750162,0.222059,-6.284430,-6.908798,1.110e-16
GNN,ch4t-test-001002,5,-0.039694,0.221454,-0.124793,-0.006829,0.287713,0.210995,-5.878506,-5.935474,0.000e+00
GNN,ch4t-test-001003,5,0.035810,0.771505,-0.133922,-0.022404,0.771646,0.182286,-6.672805,-7.346198,0.000e+00
GNN,ch4t-test-001004,5,0.847989,0.458961,-0.098431,0.505035,0.448026,0.348802,-2.857744,-4.066263,0.000e+00
GNN,ch4t-test-001005,6,0.210673,-0.010655,-0.210677,1.229241,1.409217,2.360594,-4.666804,-4.656145,2.082e-17
GNN,ch4t-test-001006,4,0.107503,0.058900,0.046477,0.308095,-0.558179,0.383043,-4.658076,-4.870957,2.776e-17
GNN,ch4t-test-001007,6,-0.190577,0.118409,0.081945,0.996079,1.290083,1.074368,-6.119656,-6.129434,0.000e+00
GNN,ch4t-test-001008,8,0.131295,0.238451,0.048032,0.060280,0.448250,0.130703,-6.596201,-7.013979,5.551e-17
GNN,ch4t-test-001009,4,0.191036,0.031504,-0.026049,0.182866,0.687836,0.155227,-7.258508,-7.455000,0.000e+00
GNN,ch4t-test-001010,5,0.078106,0.011722,0.054745,0.015836,-0.440705,0.153311,-8.274567,-8.419141,0.000e+00
GNN,ch4t-test-001011,8,2.373828,-0.489590,-0.298617,0.648015,1.021682,0.297580,-2.624955,-4.210575,4.441e-16
GNN,ch4t-test-001012,8,-0.045710,0.446318,-0.174195,0.010871,0.017377,0.177545,-7.810327,-8.036740,5.551e-17
GNN,ch4t-test-001013,4,0.067954,-0.036687,0.004600,0.179747,-0.153150,0.314776,-6.106341,-6.142208,0.000e+00
GNN,ch4t-test-001014,8,-0.011201,0.066965,-0.026558,0.008991,-0.768326,0.130581,-7.838861,-7.868067,0.000e+00
GNN,ch4t-test-001015,6,0.984275,0.181090,-0.557149,0.573876,-0.563402,0.908759,-4.254820,-4.863035,0.000e+00
GNN,ch4t-test-001016,8,0.428888,0.283976,0.126260,0.192692,0.991964,0.520262,-4.370005,-5.209130,0.000e+00
GNN,ch4t-test-001017,7,0.030837,0.261091,-0.041970,-0.038938,0.706624,0.155296,-7.386806,-7.636764,2.776e-17
GNN,ch4t-test-001018,7,0.930389,-0.172652,-0.033728,0.618056,1.152020,0.848591,-4.542198,-5.266207,0.000e+00
GNN,ch4t-test-001019,8,0.369784,-1.454122,1.220686,0.039696,0.637635,0.264576,-9.473468,-9.609815,0.000e+00
GNN,ch4t-test-001020,5,-0.117575,-0.016556,-0.025523,1.611242,0.965704,0.857053,-5.907573,-5.747920,0.000e+00
GNN,ch4t-test-001021,6,0.157012,0.079772,-0.048059,0.800230,0.944855,0.423014,-7.181494,-7.370218,0.000e+00
GNN,ch4t-test-001022,5,0.179678,0.247472,-0.045077,0.433580,1.083736,0.458881,-6.815920,-7.197993,0.000e+00
GNN,ch4t-test-001023,5,-0.206271,-0.095663,0.056934,0.551282,0.899115,0.819607,-5.582506,-5.337506,0.000e+00
GNN,ch4t-test-001024,5,-0.095853,0.808243,0.041105,0.040989,0.615847,0.182741,-5.702186,-6.455682,0.000e+00
GNN,ch4t-test-001025,8,0.422384,-0.012578,-0.199720,1.793359,1.099001,2.886536,-4.997965,-5.208052,0.000e+00
GNN,ch4t-test-001026,5,0.176843,-0.103751,-0.085337,0.976267,0.746851,0.838294,-4.822704,-4.810460,0.000e+00
GNN,ch4t-test-001027,4,2.087876,-0.070762,-0.665550,0.571393,0.873751,0.872985,-4.958238,-6.309801,0.000e+00
GNN,ch4t-test-001028,7,0.422942,0.363637,-0.122430,0.178780,0.484943,0.363589,-6.282516,-6.946665,0.000e+00
GNN,ch4t-test-001029,8,-0.266160,-0.061282,0.227410,0.447033,1.064996,0.866478,-5.647854,-5.547822,5.551e-17
GNN,ch4t-test-001030,5,0.031897,0.068370,0.020260,0.413053,0.889893,0.222205,-3.967773,-4.088300,1.388e-17
GNN,ch4t-test-001031,5,0.896096,-0.121526,-0.104876,0.878758,-0.663028,0.716293,-4.532973,-5.202667,0.000e+00
GNN,ch4t-test-001032,4,1.338946,0.053164,-0.296594,0.875081,-0.090696,1.475017,-3.497037,-4.592553,0.000e+00
GNN,ch4t-test-001033,7,0.773661,-0.084146,-0.028363,1.213587,0.913658,1.154831,-4.557185,-5.218337,1.110e-16
GNN,ch4t-test-001034,5,0.340925,0.322976,-0.060480,0.525780,0.652081,0.280439,-7.103368,-7.706789,0.000e+00
GNN,ch4t-test-001035,7,0.946007,0.012352,-0.220230,0.793808,0.115071,1.128020,-3.518259,-4.256387,0.000e+00
GNN,ch4t-test-001036,5,0.373555,0.014513,-0.079683,0.882254,0.686206,1.046292,-3.571161,-3.879545,5.551e-17
GNN,ch4t-test-001037,6,1.138755,-0.229165,-0.385220,1.281041,0.173888,1.123755,-3.929740,-4.454110,2.220e-16
GNN,ch4t-test-001038,6,-0.113999,-0.033297,-0.074300,0.563799,0.164433,0.825231,-4.875264,-4.653668,0.000e+00
GNN,ch4t-test-001039,6,0.984919,0.058472,-0.191282,0.784989,0.414633,1.368652,-4.628714,-5.480822,1.110e-16
GNN,ch4t-test-001040,5,0.101315,0.344825,-0.216507,0.015826,0.918459,0.205638,-8.905024,-9.134658,0.000e+00
GNN,ch4t-test-001041,8,0.531067,0.087287,-0.067754,0.222181,0.805236,0.168148,-3.319145,-3.869745,0.000e+00
GNN,ch4t-test-001042,5,0.212522,-0.239852,0.105113,0.059661,-0.269904,0.177205,-6.678039,-6.755822,2.776e-17
GNN,ch4t-test-001043,8,0.449190,-0.151223,-0.016595,0.516816,-0.583419,1.066394,-4.904054,-5.185426,5.551e-17
GNN,ch4t-test-001044,4,1.166427,-0.018530,-0.216360,0.332098,0.344961,0.221848,-3.493756,-4.425294,0.000e+00
GNN,ch4t-test-001045,4,1.738338,0.164366,0.489388,0.381109,0.025197,0.458609,-3.332868,-5.724961,4.441e-16
GNN,ch4t-test-001046,5,0.059860,0.193619,0.129545,0.041360,-0.398826,0.282791,-7.646503,-8.029527,0.000e+00
GNN,ch4t-test-001047,4,0.731514,-0.059131,-0.121167,0.583429,-0.553630,0.595138,-3.771309,-4.322525,0.000e+00
GNN,ch4t-test-001048,7,-0.001640,0.114228,-0.045642,0.019086,0.196227,0.191221,-7.796397,-7.863343,0.000e+00
GNN,ch4t-test-001049,6,-0.000459,0.128399,-0.042117,0.015941,-1.233736,0.130968,-6.905087,-6.990910,1.388e-17
GNN,ch4t-test-001050,7,0.026440,0.242499,0.035421,-0.015550,0.139694,0.178128,-7.143201,-7.447561,0.000e+00
GNN,ch4t-test-001051,6,0.302476,0.121087,-0.001109,0.377709,0.526142,0.403158,-5.165394,-5.587848,0.000e+00
GNN,ch4t-test-001052,4,0.111992,0.103684,0.029200,-0.012079,0.477560,0.150214,-8.404729,-8.649605,2.776e-17
GNN,ch4t-test-001053,6,0.807772,-0.202133,-0.350580,1.210657,0.719853,1.430537,-4.238290,-4.493348,0.000e+00
GNN,ch4t-test-001054,7,0.638354,0.006720,-0.084346,0.717650,0.750069,0.792574,-3.545279,-4.106007,0.000e+00
GNN,ch4t-test-001055,7,0.092104,0.092396,0.041863,0.350930,1.037953,0.440151,-5.247294,-5.473657,0.000e+00
GNN,ch4t-test-001056,7,0.300556,0.069505,-0.051247,0.289231,0.878383,0.183015,-4.252851,-4.571665,0.000e+00
GNN,ch4t-test-001057,7,-0.099303,0.412858,0.197216,-0.022803,-1.101466,0.151829,-9.599103,-10.109874,0.000e+00
GNN,ch4t-test-001058,8,-0.168543,0.068478,0.161027,0.359208,0.336692,0.654486,-4.868384,-4.929346,2.776e-17
GNN,ch4t-test-001059,6,0.109525,0.190143,-0.021285,0.174052,0.636331,0.160075,-7.595515,-7.873898,0.000e+00
GNN,ch4t-test-001060,7,0.252068,0.391533,0.011369,0.304655,0.209679,0.932079,-5.682095,-6.337065,0.000e+00
GNN,ch4t-test-001061,5,-0.223616,-0.210937,0.616574,0.997508,0.705831,2.209213,-4.943169,-5.125188,0.000e+00
GNN,ch4t-test-001062,6,1.571450,-0.287716,-0.246057,1.090779,0.173527,0.816556,-4.175681,-5.213357,0.000e+00
GNN,ch4t-test-001063,7,0.131817,0.371126,-0.066915,0.036700,0.763334,0.133184,-9.433820,-9.869847,0.000e+00
GNN,ch4t-test-001064,5,0.749278,-0.030711,-0.080193,0.605557,1.026041,0.400767,-3.847260,-4.485634,0.000e+00
GNN,ch4t-test-001065,4,-0.015770,0.099419,-0.032211,0.018855,-1.546798,0.094471,-8.537251,-8.588688,6.939e-18
GNN,ch4t-test-001066,6,0.034400,0.149388,-0.078942,-0.035049,-0.360558,0.185751,-8.055808,-8.160654,1.388e-17
GNN,ch4t-test-001067,8,0.560729,-0.074483,0.031851,0.629448,1.062337,1.070783,-5.308196,-5.826293,0.000e+00
GNN,ch4t-test-001068,5,-0.289847,-0.143092,-0.012036,2.072674,0.956328,1.627749,-5.803230,-5.358255,0.000e+00
GNN,ch4t-test-001069,6,-0.700961,-0.798006,-0.428031,1.748994,-1.044291,1.585832,-7.979371,-6.052374,2.220e-16
GNN,ch4t-test-001070,5,0.331324,-0.085023,0.380023,0.038383,-1.761723,0.211974,-5.093546,-5.719870,0.000e+00
GNN,ch4t-test-001071,5,0.038342,0.110506,-0.069217,0.003216,-0.507069,0.182446,-6.955569,-7.035199,0.000e+00
GNN,ch4t-test-001072,7,0.814037,0.058169,-0.164773,0.627372,0.565995,0.907022,-5.062671,-5.770104,0.000e+00
GNN,ch4t-test-001073,7,-0.440404,0.071949,0.105548,0.024452,-0.152245,0.196190,-6.650348,-6.387440,0.000e+00
GNN,ch4t-test-001074,5,0.053088,0.226343,-0.075713,-0.014519,0.059297,0.176655,-7.443887,-7.647605,0.000e+00
GNN,ch4t-test-001075,4,1.520061,0.042063,-0.852434,2.247365,1.222552,4.312822,-3.871019,-4.580709,1.110e-16
GNN,ch4t-test-001076,7,1.242718,-0.035892,-0.169666,0.792332,0.949537,0.663004,-3.701125,-4.738286,2.220e-16
GNN,ch4t-test-001077,4,-0.070236,-0.091396,0.084133,0.499632,-1.039837,0.885406,-6.173254,-6.095756,1.388e-17
GNN,ch4t-test-001078,5,-0.002756,-0.104050,0.080996,0.056157,-1.104788,0.189097,-7.769125,-7.743315,0.000e+00
GNN,ch4t-test-001079,4,0.262633,0.087081,-0.225588,0.237664,0.804811,0.450541,-6.731917,-6.856043,0.000e+00
GNN,ch4t-test-001080,5,0.997747,0.266333,-0.086639,0.378802,0.068364,0.769892,-3.972911,-5.150353,0.000e+00
GNN,ch4t-test-001081,4,0.262607,-0.143494,0.349523,0.362642,0.075358,1.121024,-4.982861,-5.451496,0.000e+00
GNN,ch4t-test-001082,4,0.356531,0.049680,-0.061975,0.154870,0.697485,0.124958,-4.960973,-5.305210,0.000e+00
GNN,ch4t-test-001083,7,-0.038123,0.290286,-0.011138,-0.005042,0.340650,0.119501,-8.500335,-8.741360,0.000e+00
GNN,ch4t-test-001084,5,-0.427191,-0.526229,0.296629,0.290964,0.872294,0.620674,-7.796080,-7.139288,0.000e+00
GNN,ch4t-test-001085,4,-0.051820,-0.102673,0.129260,-0.031540,0.480399,0.188455,-7.943745,-7.918512,0.000e+00
GNN,ch4t-test-001086,4,0.131356,-0.021752,-0.004879,0.794304,0.809658,0.357528,-3.707338,-3.812064,1.388e-17
GNN,ch4t-test-001087,5,-0.266763,-0.050141,0.112418,0.511639,1.119760,0.721095,-6.002439,-5.797953,5.551e-17
GNN,ch4t-test-001088,7,0.451077,-0.127682,-0.188285,1.201309,1.023131,1.243290,-5.040853,-5.175963,0.000e+00
GNN,ch4t-test-001089,8,0.708655,0.133665,-0.529176,0.347085,-0.839612,0.612685,-4.526599,-4.839743,0.000e+00
GNN,ch4t-test-001090,8,1.615890,0.287095,-0.356476,1.010053,1.160168,1.485171,-4.886733,-6.433243,0.000e+00
GNN,ch4t-test-001091,7,0.387971,0.058415,-0.023520,1.777056,1.088136,1.103542,-7.044558,-7.467425,5.551e-17
GNN,ch4t-test-001092,6,0.101338,0.036246,0.081627,0.627722,0.935855,1.302811,-4.595329,-4.814539,0.000e+00
GNN,ch4t-test-001093,6,0.283172,0.097349,-0.100226,0.158241,-0.013813,0.359067,-5.088335,-5.368630,0.000e+00
GNN,ch4t-test-001094,8,0.619717,0.060831,-0.094343,1.001753,0.385374,1.281465,-3.753794,-4.339999,0.000e+00
GNN,ch4t-test-001095,7,0.099430,-0.877272,-0.072690,0.047819,0.562081,0.251216,-8.383125,-7.532593,0.000e+00
GNN,ch4t-test-001096,4,0.050455,0.386704,-0.007615,0.090075,0.473229,0.097454,-7.630054,-8.059599,5.551e-17
GNN,ch4t-test-001097,4,0.001916,0.062719,0.003806,-0.015303,-0.302010,0.124757,-6.024903,-6.093344,0.000e+00
GNN,ch4t-test-001098,4,0.376441,0.005656,0.249629,0.084292,-0.201833,0.229905,-10.260886,-10.892612,1.110e-16
GNN,ch4t-test-001099,6,0.017887,0.090770,-0.030516,0.013353,0.739119,0.190257,-7.251047,-7.329188,0.000e+00
GNN,ch4t-test-001100,7,0.004200,0.099068,0.005429,-0.011538,0.317988,0.191575,-6.985448,-7.094145,0.000e+00
GNN,ch4t-test-001101,4,0.422947,0.129762,-0.514586,0.919880,1.034089,1.636629,-4.044759,-4.082882,8.327e-17
GNN,ch4t-test-001102,5,0.193156,0.368624,0.065396,0.018686,0.351245,0.195457,-7.714250,-8.341426,0.000e+00
GNN,ch4t-test-001103,5,0.152913,-0.478316,0.010408,0.305728,1.087056,0.537820,-5.085851,-4.770856,0.000e+00
GNN,ch4t-test-001104,8,0.467618,0.708464,0.285087,0.167604,0.852520,0.275113,-5.950502,-7.411671,0.000e+00
GNN,ch4t-test-001105,6,0.906411,0.071326,-0.346938,0.785654,0.063048,1.740085,-2.817127,-3.447927,1.110e-16
GNN,ch4t-test-001106,6,0.512794,0.465712,-0.081748,0.173691,1.038463,0.258740,-5.495029,-6.391787,0.000e+00
GNN,ch4t-test-001107,4,0.024138,0.235903,-0.011640,-0.040688,0.185771,0.174188,-6.642498,-6.890900,5.551e-17
GNN,ch4t-test-001108,8,0.128016,0.079417,-0.081202,0.379058,0.889577,0.194116,-4.855767,-4.981997,0.000e+00
GNN,ch4t-test-001109,8,-0.018140,0.131014,0.075669,0.048819,0.025815,0.181846,-7.171797,-7.360340,2.776e-17
GNN,ch4t-test-001110,4,0.857561,0.008976,-0.337103,1.499091,0.219709,1.612981,-4.123561,-4.652995,0.000e+00
GNN,ch4t-test-001111,7,-0.188423,-0.213952,0.205278,0.564162,0.301583,0.813666,-5.039557,-4.842460,0.000e+00
GNN,ch4t-test-001112,4,1.258747,-0.436901,0.653792,0.366321,-0.144794,1.361063,-2.576938,-4.052576,0.000e+00
GNN,ch4t-test-001113,7,0.483029,0.018901,-0.105024,0.213889,1.019431,0.343281,-5.431603,-5.828509,5.551e-17
GNN,ch4t-test-001114,5,0.275465,-0.038813,-0.054350,0.613244,0.993424,0.525103,-5.186973,-5.369275,0.000e+00
GNN,ch4t-test-001115,6,0.432462,0.289349,0.155273,0.149082,-0.148362,0.300412,-3.669228,-4.546312,0.000e+00
GNN,ch4t-test-001116,8,-0.013088,0.365827,-0.008401,0.018274,0.588265,0.218791,-7.000992,-7.345330,5.551e-17
GNN,ch4t-test-001117,7,-0.353599,-0.138153,0.444583,0.576029,0.697605,1.503511,-5.718933,-5.671764,2.776e-17
GNN,ch4t-test-001118,4,0.131151,0.065051,-0.048831,0.161371,0.802847,0.264240,-6.491145,-6.638517,0.000e+00
GNN,ch4t-test-001119,7,0.033348,0.172384,0.291599,0.165069,0.924676,0.752489,-6.911425,-7.408757,0.000e+00
GNN,ch4t-test-001120,8,0.580009,-0.465518,-0.006754,0.033330,0.598554,0.179986,-8.394993,-8.502730,5.551e-17
GNN,ch4t-test-001121,6,1.265486,-0.211249,-0.191390,2.716006,0.524528,1.272259,-6.282464,-7.145312,0.000e+00
GNN,ch4t-test-001122,7,0.948886,0.256633,0.012646,0.391089,1.199367,0.539662,-4.629476,-5.847641,0.000e+00
GNN,ch4t-test-001123,8,-0.038911,0.097031,-0.002232,0.478716,0.914324,0.256784,-4.363630,-4.419518,6.939e-18
GNN,ch4t-test-001124,8,0.113257,0.170444,-0.024822,0.251500,0.976125,0.160227,-5.125756,-5.384635,0.000e+00
GNN,ch4t-test-001125,7,-0.009537,-0.328752,0.614080,1.079949,0.439302,1.958780,-6.158452,-6.434243,0.000e+00
GNN,ch4t-test-001126,7,1.807994,-0.321704,-0.389815,1.744759,0.763783,0.860518,-3.900134,-4.996609,0.000e+00
GNN,ch4t-test-001127,5,0.311504,-0.351634,-0.039054,0.008316,-0.881050,0.127411,-10.202418,-10.123234,0.000e+00
GNN,ch4t-test-001128,4,0.461698,0.032197,0.008567,1.471529,-0.057299,2.545851,-4.890532,-5.392994,1.110e-16
GNN,ch4t-test-001129,5,0.071682,0.488905,0.019055,0.097790,-2.271669,0.340127,-4.672937,-5.252578,0.000e+00
GNN,ch4t-test-001130,8,0.356737,-0.073392,-0.084431,1.559732,1.290344,0.800966,-4.509217,-4.708132,0.000e+00
GNN,ch4t-test-001131,4,-0.031650,0.159537,-0.038040,0.024410,-0.930753,0.100668,-7.818206,-7.908053,0.000e+00
GNN,ch4t-test-001132,8,1.535416,0.199201,0.163148,0.603928,0.704362,0.936060,-3.128698,-5.026462,2.220e-16
GNN,ch4t-test-001133,7,0.804870,0.282224,-0.161470,0.581432,0.929881,0.506838,-4.747336,-5.672960,0.000e+00
GNN,ch4t-test-001134,7,1.718608,-0.189234,-0.291895,0.813444,0.889152,0.706735,-3.316223,-4.553701,0.000e+00
GNN,ch4t-test-001135,5,0.240049,-0.012967,-0.025747,0.454104,1.052539,0.270676,-4.011728,-4.213063,2.776e-17
GNN,ch4t-test-001136,6,0.361785,-0.027476,-0.015190,2.074740,0.845476,1.649100,-5.017771,-5.336891,5.551e-17
GNN,ch4t-test-001137,8,0.127118,0.136333,-0.068493,1.040654,0.949748,0.580554,-6.042047,-6.237004,0.000e+00
GNN,ch4t-test-001138,8,1.069160,0.205656,-0.065394,0.148906,-0.423399,0.381222,-4.891803,-6.101225,2.220e-16
GNN,ch4t-test-001139,6,0.004527,0.110899,-0.009737,-0.031858,0.450677,0.146378,-7.463587,-7.569276,1.388e-17
GNN,ch4t-test-001140,6,0.516538,0.014741,-0.055744,0.542613,1.023363,0.406524,-4.333839,-4.809374,1.110e-16
GNN,ch4t-test-001141,4,0.036273,0.061090,-0.073079,-0.032017,-0.942169,0.175377,-6.501388,-6.525672,1.388e-17
GNN,ch4t-test-001142,5,0.395917,-0.061017,-0.068579,1.626370,0.341552,1.042224,-4.929954,-5.196276,0.000e+00
GNN,ch4t-test-001143,8,0.286093,0.341577,-0.040492,0.422205,1.067662,0.344876,-5.179042,-5.766220,0.000e+00
GNN,ch4t-test-001144,6,1.694784,0.154291,-0.237300,0.728897,1.179502,1.262603,-7.174278,-8.786053,0.000e+00
GNN,ch4t-test-001145,4,1.040919,-0.385680,-0.234394,1.840196,0.829692,1.928544,-7.975994,-8.396839,0.000e+00
GNN,ch4t-test-001146,5,-0.131654,0.263416,0.216370,0.162815,0.568437,0.409083,-7.360833,-7.708965,0.000e+00
GNN,ch4t-test-001147,6,0.090308,0.021819,0.025406,1.509723,0.884963,0.885553,-5.048150,-5.185683,0.000e+00
GNN,ch4t-test-001148,6,0.146823,0.070005,0.082435,0.643470,0.605894,0.976908,-5.010949,-5.310213,0.000e+00
GNN,ch4t-test-001149,7,0.043970,0.228692,-0.001237,0.260747,0.356260,0.542895,-8.650215,-8.921640,0.000e+00
GNN,ch4t-test-001150,4,0.434252,0.072215,-0.137799,0.506822,0.262398,0.893095,-4.614644,-4.983312,0.000e+00
GNN,ch4t-test-001151,7,-0.053296,0.253500,0.042191,0.007356,0.185487,0.156938,-7.720855,-7.963249,2.776e-17
GNN,ch4t-test-001152,8,-0.026684,0.153281,-0.078970,0.007866,-0.082852,0.163692,-5.945470,-5.993098,0.000e+00
GNN,ch4t-test-001153,4,-0.264187,-0.289946,0.147490,0.008073,-0.024034,0.181537,-10.542026,-10.135383,0.000e+00
GNN,ch4t-test-001154,8,-0.508870,-0.149655,0.585454,0.418904,1.150649,0.688345,-6.697706,-6.624635,5.551e-17
GNN,ch4t-test-001155,4,-0.035479,-0.081190,-0.020005,0.040053,-1.291277,0.152744,-6.215179,-6.078505,0.000e+00
GNN,ch4t-test-001156,8,0.536418,0.038361,-0.022603,0.820522,-0.292627,1.079054,-4.135834,-4.688011,1.110e-16
GNN,ch4t-test-001157,6,-0.115557,0.150569,0.386003,0.208850,1.164926,0.857008,-9.591149,-10.012164,5.551e-17
GNN,ch4t-test-001158,7,-0.088993,-0.181465,-0.201427,0.079671,0.228776,0.414457,-7.147618,-6.675734,5.551e-17
GNN,ch4t-test-001159,6,0.015661,-0.577870,-0.032562,0.446293,0.170066,0.454249,-5.277195,-4.682424,1.110e-16
GNN,ch4t-test-001160,6,0.009415,0.254087,-0.138406,0.003413,0.228593,0.205521,-7.993764,-8.118859,2.776e-17
GNN,ch4t-test-001161,4,0.243719,0.272886,-0.079763,0.134326,0.785126,0.191502,-8.544370,-8.981211,0.000e+00
GNN,ch4t-test-001162,5,0.344333,0.100298,0.021304,0.533432,0.988033,0.527731,-5.744925,-6.210860,5.551e-17
GNN,ch4t-test-001163,8,0.069668,0.047977,-0.002227,0.236639,0.896926,0.183841,-3.239717,-3.355134,1.388e-17
GNN,ch4t-test-001164,7,-0.023468,0.070456,-0.032426,0.038295,-0.485990,0.157049,-7.192458,-7.207019,0.000e+00
GNN,ch4t-test-001165,7,0.441059,-0.053156,-0.015772,0.247099,1.110759,0.240341,-6.221065,-6.593195,0.000e+00
GNN,ch4t-test-001166,8,0.279232,-0.213479,0.149232,0.234699,0.963966,0.416327,-6.720230,-6.935216,2.776e-17
GNN,ch4t-test-001167,8,0.892514,0.351690,-0.123357,0.732814,0.361541,0.289911,-5.915996,-7.036843,0.000e+00
GNN,ch4t-test-001168,5,1.328100,0.160985,-0.308001,1.481993,0.306115,3.120912,-4.549408,-5.730492,2.220e-16
GNN,ch4t-test-001169,6,1.239672,0.153879,-0.285689,1.000340,1.126242,0.894481,-3.571208,-4.679070,0.000e+00
GNN,ch4t-test-001170,6,0.044265,-0.803233,-0.031669,0.021480,0.818591,0.185222,-6.690780,-5.900143,1.110e-16
GNN,ch4t-test-001171,6,0.343852,-0.034575,0.004298,0.867871,1.107868,0.517343,-4.085919,-4.399494,0.000e+00
GNN,ch4t-test-001172,8,0.031165,-0.005060,-0.014250,0.839185,1.047680,0.749849,-4.652055,-4.663909,0.000e+00
GNN,ch4t-test-001173,8,0.351533,0.168161,-0.006957,0.509265,1.275603,0.636837,-6.352643,-6.865380,0.000e+00
GNN,ch4t-test-001174,5,0.694380,-0.111798,-0.403356,0.556710,0.061999,0.592100,-5.444423,-5.623649,2.776e-17
GNN,ch4t-test-001175,8,0.513452,0.054384,-0.547166,0.430980,0.922190,1.066576,-4.446348,-4.467018,2.776e-17
GNN,ch4t-test-001176,6,-0.973146,-0.328102,0.710295,0.470188,1.137707,0.809429,-6.194244,-5.603291,0.000e+00
GNN,ch4t-test-001177,7,-0.012827,-0.000007,-0.023147,0.004991,-0.956561,0.111503,-6.866860,-6.830879,0.000e+00
GNN,ch4t-test-001178,6,0.014811,0.407878,0.078458,0.010564,0.449876,0.199104,-6.669163,-7.170309,0.000e+00
GNN,ch4t-test-001179,7,0.225693,0.017958,-0.008342,1.011849,0.892212,0.650800,-4.803287,-5.038596,0.000e+00
GNN,ch4t-test-001180,7,0.331352,-0.145953,0.025190,0.465231,0.703629,0.494315,-6.857371,-7.067960,0.000e+00
GNN,ch4t-test-001181,7,0.558206,-0.101048,-0.005609,0.596199,0.910053,1.498988,-4.909044,-5.360592,0.000e+00
GNN,ch4t-test-001182,5,0.886047,0.052210,-0.301100,1.382796,0.889483,1.406489,-3.377279,-4.014436,0.000e+00
GNN,ch4t-test-001183,7,0.245959,0.200895,-0.059205,0.185646,0.566075,0.145689,-5.002395,-5.390043,0.000e+00
GNN,ch4t-test-001184,5,0.891616,-0.160467,-0.169843,1.209693,0.412514,0.796119,-4.637580,-5.198886,0.000e+00
GNN,ch4t-test-001185,4,0.006641,0.038016,-0.031927,-0.007826,-1.969917,0.085657,-6.823142,-6.835872,3.469e-18
GNN,ch4t-test-001186,6,1.271132,-0.119912,-0.265097,0.912416,0.005771,1.160454,-5.276050,-6.162173,1.110e-16
GNN,ch4t-test-001187,8,-0.727411,-0.248568,0.574504,0.152893,0.099189,0.578435,-5.117093,-4.715618,5.551e-17
GNN,ch4t-test-001188,4,0.393507,-0.087462,-0.096909,1.751731,1.372658,2.546099,-4.140991,-4.350127,5.551e-17
GNN,ch4t-test-001189,4,-0.008146,0.015080,-0.022184,0.015980,-2.879287,0.069064,-6.454921,-6.439671,0.000e+00
GNN,ch4t-test-001190,5,0.196054,-0.058840,-0.349350,1.051682,0.168855,1.119193,-6.420112,-6.207975,0.000e+00
GNN,ch4t-test-001191,6,0.070799,0.048438,-0.013229,0.736759,0.709267,0.380003,-5.032078,-5.138086,0.000e+00
GNN,ch4t-test-001192,4,1.623930,0.000118,-0.680052,0.346893,0.152509,0.378335,-3.897456,-4.841450,0.000e+00
GNN,ch4t-test-001193,8,0.278478,0.040788,-0.122550,0.524211,0.465541,0.912095,-4.855858,-5.052574,0.000e+00
GNN,ch4t-test-001194,8,0.728269,0.078959,-0.104467,0.250188,0.472345,0.212525,-3.762567,-4.465327,0.000e+00
GNN,ch4t-test-001195,8,-0.261004,-0.047293,0.164376,0.313694,-0.142199,0.458739,-7.487067,-7.343146,0.000e+00
GNN,ch4t-test-001196,4,-0.108745,0.164794,-0.100673,0.056694,0.396313,0.237485,-7.123328,-7.078704,0.000e+00
GNN,ch4t-test-001197,6,0.388441,0.092132,-0.002004,0.867525,-0.724755,0.502381,-5.380129,-5.858697,1.110e-16
GNN,ch4t-test-001198,6,0.038369,0.133036,0.007887,-0.003920,0.992458,0.138882,-4.931807,-5.111099,0.000e+00
GNN,ch4t-test-001199,4,0.249606,-0.254144,0.539734,0.186854,0.188717,0.745002,-6.024045,-6.559241,0.000e+00
GNN,ch4t-test-001200,8,-0.097731,-0.000896,-0.128283,0.949386,1.108365,0.831746,-6.094997,-5.868087,0.000e+00
GNN,ch4t-test-001201,7,2.130965,-0.348145,-0.825193,1.608403,0.161706,2.877496,-3.157947,-4.115573,2.220e-16
GNN,ch4t-test-001202,4,0.397255,0.498760,0.138812,0.542884,0.907713,0.387147,-4.911956,-5.946784,0.000e+00
GNN,ch4t-test-001203,7,0.043581,0.052895,0.009139,-0.002866,0.217817,0.150721,-7.709914,-7.815529,0.000e+00
GNN,ch4t-test-001204,6,0.300756,-0.298410,-0.033463,1.003030,0.481168,0.962734,-7.123471,-7.092354,0.000e+00
GNN,ch4t-test-001205,7,-1.558813,-0.221668,0.643960,0.268515,1.353778,0.484110,-9.860261,-8.723740,0.000e+00
GNN,ch4t-test-001206,5,0.060287,0.015831,0.085783,0.047371,0.620336,0.281235,-7.283618,-7.445520,0.000e+00
GNN,ch4t-test-001207,6,0.166203,0.556366,0.076754,0.037989,0.977127,0.177790,-8.681302,-9.480625,0.000e+00
GNN,ch4t-test-001208,7,0.183506,0.159678,-0.104486,0.288703,0.858944,0.431496,-4.903771,-5.142469,2.776e-17
GNN,ch4t-test-001209,5,0.277844,-0.027505,-0.031065,1.038878,0.844601,0.415902,-4.293867,-4.513140,0.000e+00
GNN,ch4t-test-001210,4,-0.038364,-0.053382,-0.092805,0.029459,0.168398,0.213640,-7.034022,-6.849471,2.776e-17
GNN,ch4t-test-001211,6,0.385093,-0.174947,-0.031028,0.716845,-0.239016,1.234444,-7.710768,-7.889885,2.776e-17
GNN,ch4t-test-001212,7,0.182535,-0.004479,-0.022145,0.448502,1.011284,0.310454,-4.737622,-4.893532,2.776e-17
GNN,ch4t-test-001213,7,0.096937,0.175885,-0.016894,0.327187,1.027501,0.194452,-5.826971,-6.082900,0.000e+00
GNN,ch4t-test-001214,6,1.267403,-0.039300,-0.298384,0.751814,0.902053,0.415304,-4.676274,-5.605992,0.000e+00
GNN,ch4t-test-001215,8,-0.155841,-1.092297,0.132299,-0.023105,0.154101,0.228801,-7.724790,-6.608951,2.220e-16
GNN,ch4t-test-001216,7,4.877993,-0.727347,0.272313,0.791603,0.622320,0.491895,-4.299054,-8.722012,8.882e-16
GNN,ch4t-test-001217,5,1.181302,-0.013107,-0.468921,1.281525,0.317868,1.821170,-5.584435,-6.283710,0.000e+00
GNN,ch4t-test-001218,7,0.638822,-0.017702,-0.216171,1.116112,0.552825,1.120213,-4.642915,-5.047864,0.000e+00
GNN,ch4t-test-001219,6,0.773855,-0.052595,-0.244308,0.944772,-0.940529,1.020032,-5.514703,-5.991655,5.551e-17
GNN,ch4t-test-001220,6,-0.022080,-0.742700,0.063054,0.013791,0.764307,0.159038,-9.621778,-8.920053,1.110e-16
GNN,ch4t-test-001221,8,0.219235,-0.019890,-0.151315,0.750232,1.250206,0.653516,-5.874269,-5.922299,6.939e-18
GNN,ch4t-test-001222,6,1.849614,-0.054955,-0.717243,1.112847,-0.794565,2.328579,-3.206802,-4.284218,0.000e+00
GNN,ch4t-test-001223,8,-0.100825,-0.112137,-0.429123,0.331437,1.431839,1.453800,-6.532462,-5.890377,0.000e+00
GNN,ch4t-test-001224,4,-0.003518,0.159726,0.031112,-0.022867,-1.013873,0.168636,-7.791441,-7.978761,0.000e+00
GNN,ch4t-test-001225,7,0.424975,0.024515,0.204529,0.459914,1.104407,1.389118,-10.595369,-11.249389,0.000e+00
GNN,ch4t-test-001226,8,-0.017238,0.054677,-0.100808,-0.008773,-0.682667,0.156911,-8.069398,-8.006029,2.776e-17
GNN,ch4t-test-001227,5,0.664653,-0.015535,-0.206258,0.499675,0.690174,0.638431,-3.300008,-3.742868,0.000e+00
GNN,ch4t-test-001228,5,0.301469,-0.021085,-0.013224,0.252465,0.094238,0.181827,-6.077252,-6.344412,0.000e+00
GNN,ch4t-test-001229,4,-0.042471,0.122074,0.012920,0.061436,0.320161,0.119647,-6.377402,-6.469925,0.000e+00
GNN,ch4t-test-001230,7,0.646982,-0.234673,0.842946,0.231530,-0.185957,0.628730,-4.060312,-5.315567,0.000e+00
GNN,ch4t-test-001231,5,0.982973,-0.264340,0.105706,0.457867,0.785308,0.646807,-3.532298,-4.356637,1.110e-16
GNN,ch4t-test-001232,6,0.710149,0.357570,-0.105000,0.257991,0.634490,0.222684,-4.822743,-5.785461,0.000e+00
GNN,ch4t-test-001233,5,2.338775,-0.472796,-0.838582,2.624685,0.169369,2.291349,-4.257238,-5.284636,2.220e-16
GNN,ch4t-test-001234,6,0.057246,0.133671,0.027345,0.226647,0.454236,0.535521,-4.707347,-4.925608,0.000e+00
GNN,ch4t-test-001235,6,0.432623,0.016684,-0.050499,0.757478,0.423193,0.534538,-4.371561,-4.770369,5.551e-17
GNN,ch4t-test-001236,8,0.698071,0.149169,-0.180517,0.309775,-1.234960,0.625184,-4.471875,-5.138598,1.110e-16
GNN,ch4t-test-001237,6,0.392636,0.168333,-0.067820,0.313605,0.892544,0.332849,-4.498414,-4.991564,5.551e-17
GNN,ch4t-test-001238,7,0.448036,0.069566,0.006989,0.229422,0.586709,0.171668,-7.445239,-7.969829,0.000e+00
GNN,ch4t-test-001239,7,0.696286,-0.105237,-0.127425,1.952007,1.101498,0.491908,-3.510686,-3.974310,0.000e+00
GNN,ch4t-test-001240,8,1.242738,0.066479,-0.117892,0.049047,0.996916,0.172022,-6.197225,-7.388550,0.000e+00
GNN,ch4t-test-001241,4,0.934829,0.043051,-0.204446,0.203281,-0.227211,0.561463,-4.139651,-4.913085,1.110e-16
GNN,ch4t-test-001242,4,0.261783,0.066017,-0.057522,0.938882,0.068767,0.519838,-5.108985,-5.379263,0.000e+00
GNN,ch4t-test-001243,4,0.154161,-0.065744,-0.070418,0.123957,0.374654,0.193048,-4.349008,-4.367008,1.388e-17
GNN,ch4t-test-001244,8,0.190469,-0.007770,0.001866,0.546306,0.879728,0.280089,-6.280843,-6.465409,0.000e+00
GNN,ch4t-test-001245,8,-0.012536,0.278382,0.023410,-0.015689,0.040282,0.184933,-8.268347,-8.557604,5.551e-17
GNN,ch4t-test-001246,7,0.003513,0.029519,0.004968,0.010943,-1.032142,0.159891,-6.496577,-6.534576,0.000e+00
GNN,ch4t-test-001247,4,0.038504,0.384911,0.114850,0.021293,0.755027,0.146593,-6.317675,-6.855941,1.110e-16
GNN,ch4t-test-001248,8,1.128037,0.150461,-0.444973,0.761767,1.209454,1.749964,-3.729603,-4.563128,1.110e-16
GNN,ch4t-test-001249,4,0.335895,0.227410,-0.012136,0.156625,-0.705871,0.443295,-5.094350,-5.645519,0.000e+00
GNN,ch4t-test-001250,4,-0.023998,0.092540,-0.046159,0.703239,0.420412,0.476179,-7.837562,-7.859945,2.776e-17
GNN,ch4t-test-001251,5,2.362179,-0.847200,-0.730414,1.643460,0.418769,1.091973,-3.264286,-4.048851,2.220e-16
GNN,ch4t-test-001252,4,-0.074220,0.304328,-0.120457,0.016900,-0.083697,0.192994,-7.242763,-7.352414,5.551e-17
GNN,ch4t-test-001253,7,1.440182,0.160148,-0.545501,0.336244,0.305722,0.867797,-2.993124,-4.047953,2.220e-16
GNN,ch4t-test-001254,6,0.985003,-0.093980,-0.203549,1.164374,0.454773,1.572505,-7.543884,-8.231358,0.000e+00
GNN,ch4t-test-001255,4,-2.015411,-0.575263,1.758183,0.314253,-1.374874,1.034056,-7.017227,-6.184736,2.220e-16
GNN,ch4t-test-001256,5,0.838224,-0.100844,0.347078,0.186851,-1.072736,0.232193,-3.414257,-4.498716,2.220e-16
GNN,ch4t-test-001257,7,2.270507,0.334199,-1.179379,1.255301,1.097963,3.153205,-8.246163,-9.671489,2.220e-16
GNN,ch4t-test-001258,4,-0.023105,0.190679,0.072811,-0.022463,-0.903228,0.161231,-7.546357,-7.786742,0.000e+00
GNN,ch4t-test-001259,8,0.373656,-0.047815,-0.251144,0.725857,1.184644,0.897582,-4.752939,-4.827636,1.388e-17
GNN,ch4t-test-001260,8,0.110656,-0.003573,-0.138733,0.423873,0.659162,0.794956,-6.357786,-6.326136,6.939e-18
GNN,ch4t-test-001261,6,0.401426,0.044584,-0.036558,0.405211,-0.046242,0.556992,-4.965824,-5.375275,0.000e+00
GNN,ch4t-test-001262,6,0.188504,-0.050177,0.012960,0.097178,0.423864,0.135570,-6.018056,-6.169343,0.000e+00
GNN,ch4t-test-001263,4,0.619475,-0.040224,-0.085674,0.657696,-0.010242,1.070152,-5.428416,-5.921993,0.000e+00
GNN,ch4t-test-001264,6,-0.016843,-0.068360,-0.072359,0.038395,0.846875,0.175437,-6.409913,-6.252351,0.000e+00
GNN,ch4t-test-001265,8,-0.395058,0.053216,0.171026,0.706137,1.061979,0.347272,-6.589748,-6.418932,5.551e-17
GNN,ch4t-test-001266,8,-0.520902,-0.288047,0.544038,1.059438,0.901794,1.532632,-6.882097,-6.617185,5.551e-17
GNN,ch4t-test-001267,6,0.043905,0.142235,0.145771,0.213986,0.883145,0.832176,-6.963298,-7.295209,0.000e+00
GNN,ch4t-test-001268,7,0.008367,0.184804,-0.035240,-0.041889,0.653099,0.157611,-6.986996,-7.144927,0.000e+00
GNN,ch4t-test-001269,6,0.525711,0.079200,-0.070510,0.923800,0.975652,0.903673,-5.563040,-6.097441,0.000e+00
GNN,ch4t-test-001270,7,-0.052176,0.293459,-0.095001,0.029866,-0.393951,0.139290,-6.623647,-6.769929,2.776e-17
GNN,ch4t-test-001271,6,-0.103740,-0.212309,0.117082,0.666286,0.664873,1.212514,-5.035357,-4.836391,0.000e+00
GNN,ch4t-test-001272,5,1.919278,0.350247,-0.922159,0.612791,1.333682,1.695601,-6.756494,-8.103860,0.000e+00
GNN,ch4t-test-001273,8,0.568611,0.197981,-0.533840,0.940639,0.393236,2.490423,-5.020419,-5.253171,5.551e-17
GNN,ch4t-test-001274,4,0.318442,0.426007,-0.021517,0.000458,0.854018,0.177054,-7.281767,-8.004700,0.000e+00
GNN,ch4t-test-001275,7,0.427235,0.199116,-0.118808,0.340235,0.887833,0.240427,-5.255864,-5.763408,0.000e+00
GNN,ch4t-test-001276,4,0.011670,0.346736,-0.031870,-0.022517,0.318311,0.176680,-7.318820,-7.645357,5.551e-17
GNN,ch4t-test-001277,6,-0.531009,0.105398,-0.115395,0.189959,-1.284314,1.202318,-6.706262,-6.165256,0.000e+00
GNN,ch4t-test-001278,6,0.515258,0.135459,-0.123141,0.196586,1.231617,0.594496,-6.926216,-7.453793,0.000e+00
GNN,ch4t-test-001279,7,-0.841731,-0.185050,0.123614,0.561387,-0.217329,0.524497,-9.595278,-8.692111,2.220e-16
GNN,ch4t-test-001280,7,-0.001804,0.402615,0.031084,0.005472,0.782865,0.192912,-6.506613,-6.938508,5.551e-17
GNN,ch4t-test-001281,5,-0.475397,-0.639493,-0.811017,0.208780,0.880000,0.453677,-9.726684,-7.800776,0.000e+00
GNN,ch4t-test-001282,5,0.943703,-0.103732,-0.207428,0.802401,-0.040126,0.723628,-3.777449,-4.409991,1.110e-16
GNN,ch4t-test-001283,5,0.042816,-0.013268,-0.053672,1.205041,0.994076,1.278018,-7.072203,-7.048079,0.000e+00
GNN,ch4t-test-001284,5,1.050252,0.252469,-0.221848,0.480522,0.189328,0.570588,-4.903046,-5.983919,0.000e+00
GNN,ch4t-test-001285,7,1.551470,0.266381,-0.485248,0.745769,1.182220,1.707203,-3.262723,-4.595325,0.000e+00
GNN,ch4t-test-001286,7,-0.002205,0.089760,-0.030392,0.004872,-1.187465,0.136075,-8.379633,-8.436796,0.000e+00
GNN,ch4t-test-001287,5,0.801444,-0.036964,-0.053363,0.380307,0.375620,0.902155,-3.929714,-4.640832,1.110e-16
GNN,ch4t-test-001288,8,0.103988,0.860282,-0.168779,-0.043840,0.886440,0.195032,-6.739938,-7.535429,0.000e+00
GNN,ch4t-test-001289,7,-0.010914,0.273041,-0.042119,0.017872,0.616935,0.204430,-6.002160,-6.222168,0.000e+00
GNN,ch4t-test-001290,6,-0.179575,0.386632,-0.038274,-0.018284,-0.045218,0.139052,-8.087910,-8.256692,0.000e+00
GNN,ch4t-test-001291,6,0.092794,-0.034676,-0.117700,0.566188,1.104921,0.591554,-6.676023,-6.616441,0.000e+00
GNN,ch4t-test-001292,7,0.037275,-0.068008,0.002336,0.011545,-0.324911,0.148736,-8.215660,-8.187264,0.000e+00
GNN,ch4t-test-001293,6,0.439157,-0.170420,0.136714,0.579983,0.381333,1.292556,-5.050301,-5.455753,0.000e+00
GNN,ch4t-test-001294,6,1.583813,-0.010551,-0.252731,0.365581,0.609255,0.497813,-3.790561,-5.111092,0.000e+00
GNN,ch4t-test-001295,6,0.918232,0.265391,-0.114385,0.523609,0.777615,0.413338,-3.585182,-4.654421,0.000e+00
GNN,ch4t-test-001296,8,1.163158,-0.168073,-0.244140,0.760025,-0.484785,0.754096,-3.061256,-3.812201,2.220e-16
GNN,ch4t-test-001297,5,1.059179,-0.073522,-0.103093,1.482736,0.119021,0.751375,-3.612576,-4.495140,2.220e-16
GNN,ch4t-test-001298,7,0.847333,0.057049,-0.189727,0.465396,0.931053,0.356909,-3.813547,-4.528201,0.000e+00
GNN,ch4t-test-001299,8,3.194556,-0.613959,-0.721313,2.308030,-0.054451,1.735551,-3.280911,-5.140195,2.220e-16
GNN,ch4t-test-001300,5,0.598393,-0.090733,-0.163439,0.461159,-0.509994,0.584337,-4.965039,-5.309260,0.000e+00
GNN,ch4t-test-001301,5,0.144892,-0.021354,0.006559,0.297636,0.651616,0.191892,-7.879019,-8.009117,2.776e-17
GNN,ch4t-test-001302,5,1.292733,-0.130191,-0.349212,0.713416,0.295861,0.909635,-2.430608,-3.243938,0.000e+00
GNN,ch4t-test-001303,6,0.065709,-0.004523,-0.021422,2.356766,1.012267,1.077814,-4.514673,-4.554437,0.000e+00
GNN,ch4t-test-001304,7,0.709849,0.127257,-0.148573,0.912314,1.035647,2.205382,-3.345521,-4.034055,0.000e+00
GNN,ch4t-test-001305,4,0.046061,-0.055133,0.015818,0.015927,0.961410,0.155594,-5.998894,-6.005640,6.939e-18
GNN,ch4t-test-001306,5,0.481483,-0.026492,-0.039743,0.757106,0.881255,0.573242,-4.817203,-5.232450,0.000e+00
GNN,ch4t-test-001307,6,1.932756,-0.170505,-0.151035,1.507738,0.875649,1.645385,-6.770585,-8.381800,4.441e-16
GNN,ch4t-test-001308,8,-0.007246,0.485905,-0.069023,0.017094,0.633146,0.125654,-5.543704,-5.953341,5.551e-17
GNN,ch4t-test-001309,4,0.015941,-0.012420,0.058332,-0.005249,-1.653249,0.123632,-7.258217,-7.320070,6.939e-18
GNN,ch4t-test-001310,4,0.987660,0.036555,-0.495272,1.107490,0.071541,2.396064,-2.946604,-3.475547,1.110e-16
GNN,ch4t-test-001311,7,-1.281196,-0.968706,0.200219,0.898717,0.896963,1.012419,-7.576132,-5.526449,0.000e+00
GNN,ch4t-test-001312,6,0.045724,0.456540,-0.020803,0.000383,-0.109109,0.159643,-6.839408,-7.320869,5.551e-17
GNN,ch4t-test-001313,7,-0.015379,0.215410,-0.098913,-0.031831,-0.085513,0.174721,-9.213526,-9.314644,0.000e+00
GNN,ch4t-test-001314,4,0.008259,0.107159,-0.035207,0.012635,0.031177,0.196668,-6.216889,-6.297100,0.000e+00
GNN,ch4t-test-001315,6,0.936282,0.047898,-0.238932,0.492558,0.213220,0.997377,-4.574291,-5.319539,0.000e+00
GNN,ch4t-test-001316,5,-0.022353,0.007626,-0.111692,0.122147,-0.063559,0.270680,-5.742404,-5.615985,0.000e+00
GNN,ch4t-test-001317,7,0.186789,0.098372,0.083324,-0.022001,0.363230,0.138791,-9.657525,-10.026011,0.000e+00
GNN,ch4t-test-001318,7,0.036477,-0.194063,0.029218,-0.015764,0.578440,0.119919,-10.969216,-10.840848,0.000e+00
GNN,ch4t-test-001319,7,0.231314,-0.014126,-0.031490,1.711697,0.548795,1.796904,-5.570527,-5.756225,0.000e+00
GNN,ch4t-test-001320,7,0.900406,-0.025624,-0.139732,1.190258,0.807854,1.767512,-3.164857,-3.899907,0.000e+00
GNN,ch4t-test-001321,6,0.664886,0.087497,-0.375344,0.653637,0.300075,1.299206,-5.016381,-5.393420,1.110e-16
GNN,ch4t-test-001322,7,0.045637,0.446437,0.025517,0.031144,-0.429748,0.123240,-7.562300,-8.079891,1.110e-16
GNN,ch4t-test-001323,4,1.220800,-0.005145,-0.325593,0.778864,1.172971,0.885332,-5.007142,-5.897204,1.110e-16
GNN,ch4t-test-001324,8,0.216609,-0.015071,-0.050016,2.452250,0.903318,0.915299,-4.160000,-4.311522,2.776e-17
GNN,ch4t-test-001325,6,1.308108,-0.292478,-0.182246,0.414861,-1.156315,0.458498,-5.166617,-6.000001,0.000e+00
GNN,ch4t-test-001326,8,1.082580,0.055105,-0.033550,0.568195,0.874109,1.526515,-4.931904,-6.036040,0.000e+00
GNN,ch4t-test-001327,7,0.888596,0.041372,-0.086964,0.916312,0.984805,0.450427,-3.787853,-4.630856,1.110e-16
GNN,ch4t-test-001328,4,0.401349,-0.005901,-0.044558,0.350411,0.353873,0.425698,-5.038889,-5.389779,0.000e+00
GNN,ch4t-test-001329,5,0.098264,0.460245,0.078262,0.026903,0.078892,0.189074,-7.850295,-8.487067,0.000e+00
GNN,ch4t-test-001330,8,1.465996,-0.023376,-0.242265,0.267815,0.994904,0.239369,-3.562013,-4.762368,0.000e+00
GNN,ch4t-test-001331,7,1.738319,-0.052969,-0.058013,1.829744,0.783953,1.272278,-4.327917,-5.955255,0.000e+00
GNN,ch4t-test-001332,8,0.391384,0.023280,-0.050148,0.490400,0.957586,0.374481,-5.140782,-5.505298,0.000e+00
GNN,ch4t-test-001333,4,-1.038190,-0.825849,-1.694392,0.150793,1.199969,0.563959,-10.389571,-6.831142,4.441e-16
GNN,ch4t-test-001334,5,0.310300,-0.017919,-0.039871,1.061864,-0.715028,0.605331,-3.837034,-4.089544,5.551e-17
GNN,ch4t-test-001335,5,0.677123,0.090777,-0.180295,0.367881,0.469358,0.485325,-4.629080,-5.216684,0.000e+00
GNN,ch4t-test-001336,8,-0.042276,-0.005405,0.091714,0.684383,1.019458,1.557209,-3.919361,-3.963393,6.939e-18
GNN,ch4t-test-001337,4,0.039655,0.414645,-0.337470,0.159733,0.605793,0.277021,-9.622551,-9.739381,5.551e-17
GNN,ch4t-test-001338,7,0.510452,0.032474,-0.081144,0.254263,-0.191994,0.373153,-4.407671,-4.869452,0.000e+00
GNN,ch4t-test-001339,6,-0.071301,-0.196834,-0.053123,0.254860,0.206233,0.475091,-5.738726,-5.417467,0.000e+00
GNN,ch4t-test-001340,6,1.054882,0.234329,-0.269873,0.587751,0.966615,1.360638,-5.051430,-6.070768,0.000e+00
GNN,ch4t-test-001341,7,-0.847347,-0.363173,0.600091,0.207859,1.141432,0.622232,-4.682396,-4.071967,0.000e+00
GNN,ch4t-test-001342,5,0.043852,0.196354,0.154618,-0.014012,0.049090,0.141699,-6.274857,-6.669681,0.000e+00
GNN,ch4t-test-001343,7,0.222889,0.132258,-0.104600,0.580041,0.947339,0.750311,-6.260537,-6.511084,0.000e+00
GNN,ch4t-test-001344,8,2.203430,-0.445458,-0.296364,0.868076,1.049322,0.664321,-2.588886,-4.050494,0.000e+00
GNN,ch4t-test-001345,4,0.154746,-0.032663,-0.010070,1.710948,0.845587,0.976803,-3.315208,-3.427220,0.000e+00
GNN,ch4t-test-001346,8,0.426613,0.040246,-0.096299,0.541285,0.819389,0.422296,-4.689483,-5.060043,5.551e-17
GNN,ch4t-test-001347,6,0.047241,0.186713,-0.044726,-0.004799,0.511179,0.156129,-5.454314,-5.643543,0.000e+00
GNN,ch4t-test-001348,7,1.082608,0.134491,-0.120468,0.367364,0.699348,0.359654,-3.050091,-4.146722,0.000e+00
GNN,ch4t-test-001349,5,0.004554,0.038353,-0.007319,0.003126,-2.304917,0.030643,-9.301869,-9.337457,6.939e-18
GNN,ch4t-test-001350,7,1.053096,1.041679,0.099610,0.417626,0.822151,0.865184,-5.040725,-7.235110,0.000e+00
GNN,ch4t-test-001351,4,0.575155,0.190263,-0.165425,0.112874,0.910103,0.272222,-5.543266,-6.143259,0.000e+00
GNN,ch4t-test-001352,6,0.037995,0.297040,-0.054859,-0.016287,0.258205,0.190227,-5.714482,-5.994659,0.000e+00
GNN,ch4t-test-001353,5,0.183880,-0.067143,-0.008757,0.868158,1.022840,0.994070,-4.140548,-4.248529,0.000e+00
GNN,ch4t-test-001354,4,-0.060361,0.029183,0.168779,0.220991,1.005879,0.817500,-6.089815,-6.227416,0.000e+00
GNN,ch4t-test-001355,4,-0.091440,0.126563,0.225944,-0.008539,-2.520669,0.069646,-9.164405,-9.425472,0.000e+00
GNN,ch4t-test-001356,6,-0.007132,0.110708,-0.125133,-0.018823,-0.307746,0.184478,-8.287321,-8.265764,1.388e-17
GNN,ch4t-test-001357,5,0.044307,0.202805,-0.032278,0.029080,0.229009,0.140595,-6.950208,-7.165042,2.776e-17
GNN,ch4t-test-001358,4,0.075236,0.024725,-0.002029,0.392767,0.827406,0.220926,-4.725115,-4.823048,0.000e+00
GNN,ch4t-test-001359,6,-0.312529,-0.294239,0.657029,0.457224,0.718289,1.397752,-5.378194,-5.428456,0.000e+00
GNN,ch4t-test-001360,7,-0.069059,-0.007157,0.121418,0.604414,0.611279,0.873658,-4.872310,-4.917512,1.388e-17
GNN,ch4t-test-001361,8,-0.349535,-0.153006,0.493122,0.435599,1.271795,1.602140,-9.358580,-9.349162,0.000e+00
GNN,ch4t-test-001362,5,0.515959,-0.030987,0.094200,0.536868,0.884979,1.425387,-6.815828,-7.395001,0.000e+00
GNN,ch4t-test-001363,6,0.667139,0.221751,-0.056614,0.094466,0.178830,0.229768,-4.702608,-5.534885,0.000e+00
GNN,ch4t-test-001364,8,-0.012993,0.588655,-0.029512,-0.000636,0.645165,0.127016,-7.003448,-7.549598,1.110e-16
GNN,ch4t-test-001365,5,0.169780,-0.106787,-0.100797,0.029571,1.052095,0.260692,-6.026333,-5.988530,0.000e+00
GNN,ch4t-test-001366,4,0.327383,0.121606,-0.154848,0.123044,0.622419,0.438026,-5.309685,-5.603825,0.000e+00
GNN,ch4t-test-001367,5,1.728702,-0.142762,-0.140941,0.640074,0.135772,0.475352,-5.842340,-7.287340,0.000e+00
GNN,ch4t-test-001368,4,1.436797,-0.210632,-0.390075,1.446774,0.642856,1.178120,-5.523119,-6.359210,1.110e-16
GNN,ch4t-test-001369,8,0.299163,-1.142264,0.079508,-0.009588,-0.666632,0.146796,-10.155145,-9.391552,0.000e+00
GNN,ch4t-test-001370,5,0.060118,-0.073464,0.258776,0.072600,0.992227,0.425261,-4.988688,-5.234117,0.000e+00
GNN,ch4t-test-001371,4,0.811217,0.094384,-0.250713,0.326869,0.750750,1.002940,-6.044582,-6.699471,0.000e+00
GNN,ch4t-test-001372,6,0.001205,-0.069889,0.119497,0.213317,-0.751070,0.338132,-4.868947,-4.919759,1.388e-17
GNN,ch4t-test-001373,5,0.197015,0.019130,0.314142,0.382706,0.536451,0.829475,-4.607043,-5.137330,0.000e+00
GNN,ch4t-test-001374,8,-0.202992,-0.040060,-0.069906,1.092596,1.032406,2.215144,-5.192728,-4.879770,0.000e+00
GNN,ch4t-test-001375,4,0.010700,0.107495,-0.023182,-0.018493,-0.981121,0.106626,-7.546205,-7.641218,1.388e-17
GNN,ch4t-test-001376,4,0.480757,-0.030597,-0.265345,0.651061,0.702912,0.870954,-5.024753,-5.209568,0.000e+00
GNN,ch4t-test-001377,7,1.382629,-0.066397,-0.468940,0.798167,0.993394,1.024639,-3.458587,-4.305878,2.220e-16
GNN,ch4t-test-001378,5,0.044727,0.073786,-0.042806,-0.027500,-0.269970,0.153238,-7.703919,-7.779625,0.000e+00
GNN,ch4t-test-001379,4,-0.015247,0.727710,-0.019222,-0.015289,0.622445,0.152939,-5.605145,-6.298385,0.000e+00
GNN,ch4t-test-001380,5,0.791892,-0.006569,-0.091406,0.714739,0.527425,0.456980,-4.244787,-4.938704,1.110e-16
GNN,ch4t-test-001381,4,-0.044877,0.325479,0.002301,-0.022857,-0.054933,0.135658,-8.645163,-8.928066,5.551e-17
GNN,ch4t-test-001382,7,0.275727,0.016308,-0.017029,0.884552,1.024468,0.639485,-4.005276,-4.280282,5.551e-17
GNN,ch4t-test-001383,5,0.149368,-0.266745,-0.577483,0.369010,0.701037,1.012272,-7.483734,-6.788875,0.000e+00
GNN,ch4t-test-001384,6,0.730611,-0.263301,-0.294501,0.620654,0.900304,0.469576,-5.166221,-5.339030,0.000e+00
GNN,ch4t-test-001385,8,0.649824,-0.057866,-0.107630,1.349099,1.236331,1.096177,-3.332230,-3.816558,0.000e+00
GNN,ch4t-test-001386,5,0.048033,0.028972,0.020891,-0.007208,-1.820959,0.094788,-10.129968,-10.227865,1.388e-17
GNN,ch4t-test-001387,8,0.684769,0.259739,-0.072089,0.303515,0.502064,0.358355,-3.145912,-4.018332,0.000e+00
GNN,ch4t-test-001388,4,0.307092,0.289597,-0.030604,0.061658,1.151433,0.255378,-6.665319,-7.231404,0.000e+00
GNN,ch4t-test-001389,7,1.347089,-0.087619,-0.460776,0.316913,1.189254,0.503152,-3.575040,-4.373734,0.000e+00
GNN,ch4t-test-001390,5,0.003632,0.142732,0.086462,0.222818,0.624756,0.556280,-6.353147,-6.585974,2.776e-17
GNN,ch4t-test-001391,7,0.031485,0.105698,0.020087,-0.040794,-0.200703,0.128798,-6.426413,-6.583684,0.000e+00
GNN,ch4t-test-001392,5,0.897145,0.810313,0.240602,0.186351,0.648116,0.554903,-5.426761,-7.374821,0.000e+00
GNN,ch4t-test-001393,6,-0.086305,-0.019589,-0.209054,0.873108,1.208472,2.182024,-6.279482,-5.964534,0.000e+00
GNN,ch4t-test-001394,4,1.028267,-0.147293,-0.169607,2.011045,0.038752,0.633413,-3.527419,-4.238786,1.110e-16
GNN,ch4t-test-001395,8,0.312142,0.059689,-0.090942,0.442892,0.733442,0.238424,-4.334147,-4.615035,0.000e+00
GNN,ch4t-test-001396,7,0.321554,-0.008575,-0.044967,1.046585,0.810404,0.305213,-4.598539,-4.866551,5.551e-17
GNN,ch4t-test-001397,7,-0.308178,-0.115910,0.602851,0.673281,0.418397,1.378498,-5.689968,-5.868731,0.000e+00
GNN,ch4t-test-001398,7,-0.000889,0.151556,0.021651,-0.015970,-1.719654,0.085954,-7.570761,-7.743079,2.776e-17
GNN,ch4t-test-001399,8,2.226968,-0.206534,-0.653409,1.519212,0.713559,1.733515,-3.784353,-5.151378,2.220e-16
GNN,ch4t-test-001400,7,0.987992,-0.026098,-0.059971,0.685273,1.040963,0.317797,-3.107677,-4.009601,0.000e+00
GNN,ch4t-test-001401,8,2.644549,0.032001,0.039359,0.524713,0.489630,0.579671,-2.523602,-5.239510,8.882e-16
GNN,ch4t-test-001402,8,0.242810,-0.047729,-0.027343,0.123827,0.791674,0.109648,-5.921252,-6.088989,0.000e+00
GNN,ch4t-test-001403,5,-0.221645,0.026899,0.138699,0.127254,0.788516,0.151678,-7.796964,-7.740916,6.939e-18
GNN,ch4t-test-001404,8,0.243327,0.053446,-0.055010,0.423786,0.844234,1.048381,-6.458007,-6.699770,0.000e+00
GNN,ch4t-test-001405,8,0.007996,0.339899,0.035736,0.015272,0.526569,0.170561,-5.605628,-5.989258,0.000e+00
GNN,ch4t-test-001406,6,-0.533011,-0.069448,0.927671,0.519578,-0.030582,1.365650,-3.729500,-4.054711,1.110e-16
GNN,ch4t-test-001407,5,0.258267,0.032197,-0.134510,0.218806,0.582609,0.571205,-5.594269,-5.750223,2.776e-17
GNN,ch4t-test-001408,5,0.064354,0.688624,-0.009364,-0.009373,0.944145,0.195691,-6.474083,-7.217697,0.000e+00
GNN,ch4t-test-001409,8,1.478853,-0.148413,-0.281812,1.338954,0.975778,1.242512,-4.325606,-5.374235,0.000e+00
GNN,ch4t-test-001410,4,0.010394,0.491227,0.063770,-0.013162,-1.378014,0.136214,-7.328442,-7.893833,1.110e-16
GNN,ch4t-test-001411,5,0.697576,0.095343,-0.431557,0.615739,0.641546,1.053557,-3.618948,-3.980310,5.551e-17
GNN,ch4t-test-001412,7,1.646956,0.021065,-0.469274,1.514947,0.372975,2.471127,-3.899652,-5.098400,2.220e-16
GNN,ch4t-test-001413,8,-0.008450,-0.304271,0.104232,0.301929,0.632764,0.482694,-6.032145,-5.823656,2.776e-17
GNN,ch4t-test-001414,8,0.470143,-0.643824,-0.040303,0.756872,0.184494,1.120258,-4.412266,-4.198283,0.000e+00
GNN,ch4t-test-001415,4,0.361637,0.194553,0.106268,0.240172,-0.008600,0.415624,-3.568006,-4.230464,0.000e+00
GNN,ch4t-test-001416,6,0.014271,0.256461,-0.033187,0.007068,0.523467,0.131707,-8.092015,-8.329560,2.776e-17
GNN,ch4t-test-001417,7,1.272218,0.331672,-0.637103,0.907539,0.789163,1.933159,-4.592555,-5.559341,2.220e-16
GNN,ch4t-test-001418,5,-0.011708,0.265067,0.001642,0.013088,0.743628,0.223634,-5.992929,-6.247930,5.551e-17
GNN,ch4t-test-001419,6,0.834903,-0.106850,-0.168842,2.316073,0.710315,1.252323,-2.665545,-3.224757,1.110e-16
GNN,ch4t-test-001420,4,-0.179912,-0.048843,-0.287873,0.687467,-0.676221,1.459838,-4.350414,-3.833787,0.000e+00
GNN,ch4t-test-001421,6,-0.170548,-1.605068,0.333538,-0.020709,0.609549,0.190993,-9.944940,-8.502862,2.220e-16
GNN,ch4t-test-001422,8,0.202978,0.030205,0.251832,0.086196,0.989527,0.460402,-5.305217,-5.790232,0.000e+00
GNN,ch4t-test-001423,7,0.091717,-0.391078,0.223029,0.504962,-0.315827,1.016989,-7.524482,-7.448150,0.000e+00
GNN,ch4t-test-001424,5,-1.130200,-0.342323,0.179456,0.754032,0.383189,1.034730,-6.615979,-5.322913,0.000e+00
GNN,ch4t-test-001425,5,-0.151999,-0.524550,1.165691,0.376663,0.134823,1.434026,-4.156805,-4.645948,1.110e-16
GNN,ch4t-test-001426,7,0.697229,-0.022197,-0.227542,0.652038,1.041122,0.932173,-4.083313,-4.530804,0.000e+00
GNN,ch4t-test-001427,4,-0.043289,-0.016995,-0.090017,0.537493,1.033687,0.506024,-5.086410,-4.936108,2.776e-17
GNN,ch4t-test-001428,8,1.505853,-0.202371,-0.413950,1.209485,1.306412,1.183506,-6.403628,-7.293161,2.220e-16
GNN,ch4t-test-001429,5,0.511214,0.277954,0.218346,0.250716,1.028324,0.239584,-3.786170,-4.793684,0.000e+00
GNN,ch4t-test-001430,8,0.688538,-0.048304,-0.154836,0.887872,0.727116,0.483613,-3.713459,-4.198857,5.551e-17
GNN,ch4t-test-001431,7,0.466309,-0.002808,-0.220458,0.780995,1.126081,0.375724,-4.569069,-4.812112,0.000e+00
GNN,ch4t-test-001432,6,0.936473,0.354508,-0.109764,0.235847,-1.480700,0.482673,-4.371680,-5.552897,0.000e+00
GNN,ch4t-test-001433,4,0.118869,0.027844,0.194003,0.227535,0.626333,0.945649,-5.216683,-5.557399,0.000e+00
GNN,ch4t-test-001434,5,-0.004814,0.069443,-0.026685,0.007724,-2.244724,0.077283,-7.396211,-7.434154,0.000e+00
GNN,ch4t-test-001435,4,0.711220,0.223791,-0.195753,0.668003,0.580140,0.667876,-6.140088,-6.879345,1.110e-16
GNN,ch4t-test-001436,6,0.666022,0.702652,-0.028032,0.168294,0.961330,0.229283,-6.261529,-7.602171,0.000e+00
GNN,ch4t-test-001437,4,0.568299,0.036542,-0.226543,0.687935,0.921215,0.389303,-5.564129,-5.942426,0.000e+00
GNN,ch4t-test-001438,4,0.039953,0.029644,-0.002202,0.539688,0.416193,0.220517,-3.471321,-3.538717,0.000e+00
GNN,ch4t-test-001439,6,0.550406,-0.021837,-0.137625,0.467727,0.948311,0.284445,-3.235080,-3.626024,0.000e+00
GNN,ch4t-test-001440,7,0.423708,0.065432,-0.102112,0.791876,0.935035,1.015641,-3.502881,-3.889909,5.551e-17
GNN,ch4t-test-001441,7,0.345721,0.031412,-0.265803,1.038193,0.992495,2.838497,-4.130122,-4.241451,0.000e+00
GNN,ch4t-test-001442,8,2.979118,-0.732237,0.304098,1.159570,0.628173,1.221069,-1.829668,-4.380647,0.000e+00
GNN,ch4t-test-001443,5,4.837484,-0.795595,-0.134680,1.368720,0.543391,0.560809,-3.636880,-7.544089,4.441e-16
GNN,ch4t-test-001444,8,0.001338,0.026115,-0.024770,-0.009524,-1.440499,0.107672,-6.448215,-6.450898,3.469e-18
GNN,ch4t-test-001445,7,-0.001268,0.186397,-0.048932,-0.010175,0.116693,0.147062,-8.188246,-8.324443,0.000e+00
GNN,ch4t-test-001446,4,-0.003668,0.040045,-0.012347,0.009373,-2.507025,0.046871,-8.184942,-8.208972,0.000e+00
GNN,ch4t-test-001447,8,1.808932,-0.415937,-0.539638,1.134321,0.545018,1.199256,-2.685151,-3.538509,0.000e+00
GNN,ch4t-test-001448,7,0.427942,0.006851,-0.073278,0.022170,1.073639,0.259604,-4.810961,-5.172476,5.551e-17
GNN,ch4t-test-001449,4,-0.000934,-0.049212,0.411550,0.314963,0.383922,0.522389,-6.816839,-7.178243,0.000e+00
GNN,ch4t-test-001450,4,0.774656,0.273790,-0.561537,0.288983,1.017837,0.436542,-4.883691,-5.370600,0.000e+00
GNN,ch4t-test-001451,4,0.299106,0.009213,-0.124189,1.058964,0.088274,0.478359,-4.079390,-4.263520,2.776e-17
GNN,ch4t-test-001452,4,-0.072141,-0.028290,-0.008001,1.079528,0.340815,2.248920,-6.174074,-6.065641,0.000e+00
GNN,ch4t-test-001453,4,0.089234,0.070653,0.076841,0.069322,0.613802,0.213397,-6.425074,-6.661801,2.776e-17
GNN,ch4t-test-001454,7,0.636407,0.266449,-0.151491,0.362818,1.150406,0.801141,-4.195810,-4.947175,0.000e+00
GNN,ch4t-test-001455,4,-0.103247,-0.411408,0.227745,0.785487,0.513588,1.386119,-6.725812,-6.438902,1.110e-16
GNN,ch4t-test-001456,7,0.082197,0.023368,0.012730,0.518743,0.865616,0.360627,-6.462328,-6.580624,1.388e-17
GNN,ch4t-test-001457,7,0.183216,-0.052361,-0.153234,1.438594,0.959676,1.297108,-6.275302,-6.252923,1.388e-17
GNN,ch4t-test-001458,6,0.069640,-0.951382,0.189209,0.050510,0.830198,0.205831,-9.581681,-8.889148,0.000e+00
GNN,ch4t-test-001459,5,0.082157,-0.002035,-0.150478,1.095630,1.235372,1.397589,-7.827911,-7.757554,2.776e-17
GNN,ch4t-test-001460,5,0.172089,-0.217862,0.135970,-0.019114,-0.514607,0.123582,-10.200840,-10.291038,0.000e+00
GNN,ch4t-test-001461,5,-0.064718,0.178449,0.130025,0.562481,0.961657,0.379350,-5.502581,-5.746336,0.000e+00
GNN,ch4t-test-001462,6,0.719740,-0.187369,-0.199906,1.223726,-0.044028,0.793419,-3.599723,-3.932187,0.000e+00
GNN,ch4t-test-001463,8,0.016795,0.125479,-0.004251,-0.075361,0.015688,0.158514,-7.318034,-7.456057,2.776e-17
GNN,ch4t-test-001464,7,1.140204,-0.280481,-0.262009,0.786056,-0.704013,0.687102,-4.527032,-5.124746,0.000e+00
GNN,ch4t-test-001465,4,0.574339,0.238309,-0.118857,0.067666,0.926423,0.138805,-5.410483,-6.104274,0.000e+00
GNN,ch4t-test-001466,6,0.559225,-0.031157,-0.114906,0.402276,-0.317051,0.558889,-3.918642,-4.331803,0.000e+00
GNN,ch4t-test-001467,4,0.058840,0.389045,0.083209,-0.053716,0.312492,0.122685,-8.604595,-9.135690,0.000e+00
GNN,ch4t-test-001468,8,-0.056761,-0.236213,0.514532,0.194030,0.553841,0.765389,-9.363962,-9.585521,2.776e-17
GNN,ch4t-test-001469,5,0.253404,0.049800,-0.036605,0.282506,1.062682,0.191295,-4.801489,-5.068088,0.000e+00
GNN,ch4t-test-001470,5,0.333148,0.054466,-0.238540,1.126215,0.331264,2.143281,-5.222818,-5.371892,0.000e+00
GNN,ch4t-test-001471,8,1.225899,0.056793,-0.324532,0.958749,0.878482,1.134262,-4.393887,-5.352048,0.000e+00
GNN,ch4t-test-001472,7,0.752707,0.013930,-0.294970,0.252769,0.986419,0.535348,-3.887351,-4.359019,5.551e-17
GNN,ch4t-test-001473,4,-0.034483,0.045503,0.101046,0.065364,0.326335,0.185162,-4.721124,-4.833190,0.000e+00
GNN,ch4t-test-001474,5,-0.010794,-0.050929,0.082930,0.517513,0.439463,0.981696,-4.728253,-4.749460,0.000e+00
GNN,ch4t-test-001475,4,0.211144,-0.343943,0.120112,0.104258,-0.335524,0.211011,-8.282277,-8.269591,5.551e-17
GNN,ch4t-test-001476,6,-0.002467,0.068403,-0.066875,-0.027726,0.481941,0.262353,-7.667641,-7.666702,0.000e+00
GNN,ch4t-test-001477,7,0.973889,-0.075791,-0.405761,0.723124,-0.851768,1.278660,-3.759205,-4.251541,0.000e+00
GNN,ch4t-test-001478,7,-0.008653,0.121039,-0.020851,0.272700,0.945132,0.216504,-4.639132,-4.730668,2.776e-17
GNN,ch4t-test-001479,7,0.620155,0.037239,-0.006647,1.090863,0.994573,1.770373,-5.321721,-5.972467,1.110e-16
GNN,ch4t-test-001480,4,-0.021701,-0.408178,0.067156,0.016073,0.749694,0.196444,-7.157722,-6.794998,5.551e-17
GNN,ch4t-test-001481,8,0.024855,0.198921,-0.072355,-0.003361,-0.335521,0.154611,-7.647817,-7.799238,2.776e-17
GNN,ch4t-test-001482,4,0.731760,-0.020960,-0.200214,0.748518,0.417724,0.789395,-4.236759,-4.747345,1.110e-16
GNN,ch4t-test-001483,5,0.594610,0.260040,-0.059691,0.169015,-1.802469,0.604902,-8.192944,-8.987903,1.110e-16
GNN,ch4t-test-001484,6,0.346231,-0.190343,0.049871,0.144882,0.359270,0.360529,-3.468070,-3.673828,5.551e-17
GNN,ch4t-test-001485,5,0.761652,0.112734,0.065006,0.484498,1.044407,0.460238,-2.324575,-3.263967,0.000e+00
GNN,ch4t-test-001486,6,0.692521,0.123101,-0.135951,0.820654,1.041254,0.353386,-3.788216,-4.467887,1.110e-16
GNN,ch4t-test-001487,7,-0.034306,0.066683,0.082604,0.511283,1.243121,0.396873,-6.268477,-6.383458,2.776e-17
GNN,ch4t-test-001488,5,0.001204,0.027618,-0.029670,-0.000000,-0.448857,0.180226,-7.315607,-7.314758,3.469e-18
GNN,ch4t-test-001489,7,0.587370,-0.328469,-0.427506,0.860483,-0.104175,1.330048,-6.951981,-6.783376,5.551e-17
GNN,ch4t-test-001490,8,0.333531,-0.064741,-0.266980,1.475004,1.212969,2.033288,-4.564630,-4.566439,1.388e-17
GNN,ch4t-test-001491,4,0.185594,0.026791,-0.149248,1.106304,0.644506,1.212650,-7.774253,-7.837390,0.000e+00
GNN,ch4t-test-001492,5,1.227860,-0.030948,-0.359850,1.231995,0.558997,1.124682,-6.882871,-7.719933,0.000e+00
GNN,ch4t-test-001493,5,0.001580,0.019256,0.008321,-0.027910,-0.376303,0.148114,-5.803329,-5.832486,0.000e+00
GNN,ch4t-test-001494,5,-0.427783,-0.243684,0.236021,0.091691,0.593389,0.259554,-6.386751,-5.951304,0.000e+00
GNN,ch4t-test-001495,5,0.628036,0.029743,-0.227087,0.733972,0.866565,1.237856,-3.829163,-4.259855,5.551e-17
GNN,ch4t-test-001496,5,0.726736,-0.071143,0.062154,0.712417,0.842703,1.381992,-7.151308,-7.869056,1.110e-16
GNN,ch4t-test-001497,6,1.582976,0.163432,-0.914304,1.652263,0.449427,3.329507,-4.999829,-5.831933,2.220e-16
GNN,ch4t-test-001498,5,0.032518,0.181963,-0.009790,0.029600,0.000541,0.152373,-5.612029,-5.816719,0.000e+00
GNN,ch4t-test-001499,8,0.529773,0.063416,-0.074087,0.139497,0.757271,0.251063,-5.613896,-6.132997,0.000e+00
GNN,ch4t-test-001500,8,0.649299,-0.203386,-0.101212,2.478168,1.293804,1.006567,-4.982376,-5.327078,0.000e+00
GNN,ch4t-test-001501,4,0.634197,0.028454,-0.259096,0.464382,0.772263,0.947876,-4.900869,-5.304424,5.551e-17
GNN,ch4t-test-001502,5,3.025129,-0.330199,-0.192763,1.156198,0.886260,0.368168,-2.937539,-5.439706,4.441e-16
GNN,ch4t-test-001503,7,0.009727,-0.090027,-0.026403,0.695119,-0.208549,1.364972,-5.730170,-5.623468,1.388e-17
GNN,ch4t-test-001504,8,0.759020,0.032902,-0.278103,0.646644,0.988729,0.848475,-4.694340,-5.208159,0.000e+00
GNN,ch4t-test-001505,7,0.352570,-0.056447,-0.054767,0.909044,0.376629,1.476251,-3.616774,-3.858131,2.776e-17
GNN,ch4t-test-001506,6,1.469652,-0.116559,-0.245210,1.359154,0.995501,0.555981,-3.919797,-5.027680,0.000e+00
GNN,ch4t-test-001507,8,0.404519,-0.025803,-0.225666,2.495749,1.479974,2.894811,-6.721259,-6.874309,2.776e-17
GNN,ch4t-test-001508,5,-0.015392,0.407576,-0.322723,-0.017496,0.725721,0.203010,-7.886714,-7.956175,5.551e-17
GNN,ch4t-test-001509,4,0.302881,0.225118,-0.038440,0.137188,0.895037,0.208932,-8.295239,-8.784798,5.551e-17
GNN,ch4t-test-001510,7,0.249742,0.015584,-0.044127,0.298061,1.113863,0.275944,-3.836212,-4.057410,2.776e-17
GNN,ch4t-test-001511,8,1.160993,0.053696,-0.504461,0.604792,-0.435996,0.924191,-4.144661,-4.854888,0.000e+00
GNN,ch4t-test-001512,8,0.661431,-0.050747,-0.130304,0.978035,-0.058199,1.152913,-4.394797,-4.875177,1.110e-16
GNN,ch4t-test-001513,5,0.001701,0.222675,0.240535,-0.023029,-0.578984,0.172016,-7.483182,-7.948093,0.000e+00
GNN,ch4t-test-001514,4,0.042879,0.034597,-0.118649,-0.050540,-1.013215,0.172378,-7.083539,-7.042366,0.000e+00
GNN,ch4t-test-001515,7,0.073461,0.047251,-0.012495,0.385425,0.772744,0.248381,-5.127739,-5.235956,0.000e+00
GNN,ch4t-test-001516,4,0.407793,-0.148262,-0.177503,0.781867,0.777757,1.594755,-5.189031,-5.271060,5.551e-17
GNN,ch4t-test-001517,4,1.391370,-0.238808,-0.340769,0.374127,0.828292,0.224148,-3.644738,-4.456531,0.000e+00
GNN,ch4t-test-001518,7,0.554761,0.334304,-0.011274,0.167868,1.040791,0.152511,-6.973085,-7.850876,1.110e-16
GNN,ch4t-test-001519,5,0.101051,-0.105433,0.044319,0.205630,0.878815,0.284563,-4.939181,-4.979118,2.776e-17
GNN,ch4t-test-001520,4,0.228269,0.109372,0.242193,0.085719,-0.347126,0.333773,-5.706312,-6.286146,0.000e+00
GNN,ch4t-test-001521,6,-0.491470,-0.403693,0.248135,1.037396,1.291294,1.766607,-5.592111,-4.945083,0.000e+00
GNN,ch4t-test-001522,6,0.130706,-0.418594,0.531816,0.274488,-0.728863,0.960433,-7.501819,-7.745748,5.551e-17
GNN,ch4t-test-001523,8,0.053467,-0.077963,-0.207429,0.224396,1.043267,0.584391,-6.777562,-6.545637,0.000e+00
GNN,ch4t-test-001524,8,0.704767,0.072959,-0.212969,0.435023,1.190869,0.427455,-4.590899,-5.155655,0.000e+00
GNN,ch4t-test-001525,6,-0.338545,-0.929241,-0.148549,2.336526,0.466852,1.157987,-5.910990,-4.494655,0.000e+00
GNN,ch4t-test-001526,7,1.469428,-0.062367,-0.047740,1.267247,0.368536,0.861780,-2.631197,-3.990518,2.220e-16
GNN,ch4t-test-001527,6,0.233888,0.048824,-0.020846,0.508095,0.631341,0.253957,-4.001864,-4.263730,0.000e+00
GNN,ch4t-test-001528,4,-0.991036,-0.685749,1.256007,0.971149,0.108328,2.158999,-6.086255,-5.665476,0.000e+00
GNN,ch4t-test-001529,5,0.291035,0.114822,0.008373,0.119631,0.245582,0.173792,-8.570085,-8.984315,0.000e+00
GNN,ch4t-test-001530,8,1.298963,-0.125006,-0.282028,1.939001,-0.175391,1.537974,-3.593318,-4.485247,0.000e+00
GNN,ch4t-test-001531,5,0.904098,-0.034201,-0.250143,0.601992,0.567308,0.571473,-4.629639,-5.249393,1.110e-16
GNN,ch4t-test-001532,5,0.989107,-0.219778,-0.274469,1.208573,0.948639,0.542719,-3.488898,-3.983758,0.000e+00
GNN,ch4t-test-001533,4,0.203668,0.035656,-0.102899,0.423114,-0.805321,1.273905,-8.316310,-8.452736,0.000e+00
GNN,ch4t-test-001534,8,1.807942,-0.142531,0.129150,1.136497,0.721177,2.025950,-1.907467,-3.702028,2.220e-16
GNN,ch4t-test-001535,8,1.510962,-0.165236,-0.436733,0.463214,0.916018,0.682882,-3.226661,-4.135654,0.000e+00
GNN,ch4t-test-001536,6,0.211993,-0.220048,0.035946,0.779713,-0.692211,1.350659,-4.995601,-5.023492,2.776e-17
GNN,ch4t-test-001537,7,0.115709,-0.069226,0.134804,1.161552,0.049164,2.563223,-5.238888,-5.420175,2.776e-17
GNN,ch4t-test-001538,7,0.269169,0.184019,-0.193869,0.201463,1.167322,0.635224,-5.316766,-5.576084,0.000e+00
GNN,ch4t-test-001539,8,0.406376,0.043265,-0.020119,0.235297,0.620038,0.213333,-3.087697,-3.517219,5.551e-17
GNN,ch4t-test-001540,8,-2.288435,-0.701322,1.389252,0.205961,0.895590,0.256579,-9.090304,-7.489800,0.000e+00
GNN,ch4t-test-001541,6,0.520951,-0.019634,-0.082638,1.432346,1.017320,1.420061,-3.494875,-3.913553,0.000e+00
GNN,ch4t-test-001542,8,1.390111,-0.073504,0.041954,0.188337,1.033546,0.236643,-2.571788,-3.930349,0.000e+00
GNN,ch4t-test-001543,7,0.517681,0.054665,0.217396,0.730830,1.286627,2.389135,-4.986261,-5.776004,1.110e-16
GNN,ch4t-test-001544,6,1.451753,-0.235402,-0.298340,1.025242,0.605066,0.905096,-3.417228,-4.335240,2.220e-16
GNN,ch4t-test-001545,7,-0.953485,-0.227108,0.400910,0.746332,0.606581,1.011221,-7.750218,-6.970535,0.000e+00
GNN,ch4t-test-001546,4,0.028173,0.528666,0.043469,0.037394,0.235583,0.300211,-7.046315,-7.646623,1.110e-16
GNN,ch4t-test-001547,4,0.983680,-0.088683,-0.213790,1.909742,1.195046,1.796657,-4.009242,-4.690450,2.220e-16
GNN,ch4t-test-001548,6,0.482327,0.035267,-0.154144,0.920503,0.173252,0.977133,-4.303600,-4.667050,0.000e+00
GNN,ch4t-test-001549,6,0.198335,0.092470,-0.040416,0.135309,0.907020,0.190529,-4.314184,-4.564574,0.000e+00
GNN,ch4t-test-001550,8,-0.970472,-0.647608,-0.068736,0.820746,0.707268,1.763074,-7.748906,-6.062090,2.220e-16
GNN,ch4t-test-001551,4,-0.055247,0.106042,-0.043937,0.015095,-1.570014,0.102764,-8.704765,-8.711623,1.388e-17
GNN,ch4t-test-001552,6,0.450567,0.115763,-0.245026,1.393694,-0.073662,2.785344,-6.926220,-7.247524,0.000e+00
GNN,ch4t-test-001553,8,1.217658,-0.177401,-0.334059,1.085737,0.887274,0.452694,-4.286590,-4.992788,0.000e+00
GNN,ch4t-test-001554,6,0.543509,0.068492,-0.021225,0.210471,-1.058966,0.622676,-3.969524,-4.560300,1.110e-16
GNN,ch4t-test-001555,5,0.647652,-0.180874,-0.244274,0.596399,0.758300,0.536595,-3.862175,-4.084678,2.776e-17
GNN,ch4t-test-001556,5,-0.051097,-0.068353,-0.069315,0.939656,0.926861,1.220319,-5.564280,-5.375515,2.776e-17
GNN,ch4t-test-001557,8,1.030403,0.143619,-0.274970,0.739781,-0.453690,1.318308,-5.125128,-6.024179,2.220e-16
GNN,ch4t-test-001558,4,0.034251,0.220989,-0.065243,0.292750,0.829836,0.322928,-6.685645,-6.875642,2.776e-17
GNN,ch4t-test-001559,6,0.218857,0.293066,0.088416,0.118312,0.338365,0.217508,-7.054137,-7.654477,0.000e+00
GNN,ch4t-test-001560,5,0.047370,0.119960,0.024556,0.009012,0.616485,0.162296,-8.470623,-8.662509,0.000e+00
GNN,ch4t-test-001561,4,-0.009579,0.185749,-0.036076,-0.014345,-1.483596,0.086716,-8.662064,-8.802157,2.776e-17
GNN,ch4t-test-001562,8,0.084806,-0.314164,0.608138,0.050624,-0.742190,0.326190,-5.811698,-6.190479,1.110e-16
GNN,ch4t-test-001563,5,0.782114,-0.130756,-0.225485,1.084935,0.556251,0.858302,-5.199464,-5.625337,1.110e-16
GNN,ch4t-test-001564,5,-0.002073,0.090552,0.022707,-0.004804,0.556476,0.120213,-6.846997,-6.958183,0.000e+00
GNN,ch4t-test-001565,8,0.229411,-0.008656,-0.038912,1.128823,0.821790,0.392396,-5.468975,-5.650817,0.000e+00
GNN,ch4t-test-001566,5,-0.975294,-0.430356,0.519785,0.508681,-0.586717,1.285120,-4.882664,-3.996799,1.110e-16
GNN,ch4t-test-001567,4,0.099550,0.290562,-0.060742,0.045201,0.874790,0.190488,-5.550130,-5.879501,0.000e+00
GNN,ch4t-test-001568,7,0.444462,-0.117256,0.038359,0.156367,0.994383,0.143129,-7.281795,-7.647361,5.551e-17
GNN,ch4t-test-001569,4,2.350021,0.190408,-0.915813,0.508931,0.926197,0.936255,-5.327454,-6.952070,0.000e+00
GNN,ch4t-test-001570,5,-0.110584,-0.009034,0.072412,0.322508,0.306095,1.014568,-5.950305,-5.903099,6.939e-18
GNN,ch4t-test-001571,8,0.190992,-0.105438,-0.006701,0.163224,0.142284,0.199149,-5.088369,-5.167223,0.000e+00
GNN,ch4t-test-001572,5,0.218761,-0.022334,0.014378,0.311269,0.182193,0.996030,-5.026916,-5.237721,0.000e+00
GNN,ch4t-test-001573,6,-0.005043,0.172636,-0.057580,-0.035083,-0.319964,0.132504,-7.709802,-7.819815,2.776e-17
GNN,ch4t-test-001574,8,0.931690,0.301796,-0.720784,1.017208,0.049695,2.265225,-4.437114,-4.949817,0.000e+00
GNN,ch4t-test-001575,4,0.112192,0.077120,-0.024427,-0.114867,-0.170223,0.101684,-7.245353,-7.410238,0.000e+00
GNN,ch4t-test-001576,5,0.370305,-0.482276,0.005564,0.005991,-1.274788,0.117439,-4.030025,-3.923617,5.551e-17
GNN,ch4t-test-001577,4,1.138038,-0.167511,-0.233269,1.140878,0.698913,1.140238,-5.179629,-5.916888,0.000e+00
GNN,ch4t-test-001578,7,0.608267,0.073953,-0.064007,0.141892,1.231447,0.401807,-2.917434,-3.535647,0.000e+00
GNN,ch4t-test-001579,7,-0.047781,-0.400233,0.049843,0.050585,0.887343,0.160366,-10.167347,-9.769176,5.551e-17
GNN,ch4t-test-001580,4,0.001276,0.452154,0.092776,-0.037053,-0.964715,0.180403,-8.048888,-8.595094,0.000e+00
GNN,ch4t-test-001581,5,0.127784,-0.569894,0.199386,0.028751,-0.609773,0.136761,-7.954943,-7.712218,5.551e-17
GNN,ch4t-test-001582,8,1.327847,0.144043,-0.558394,0.271817,1.013219,0.374746,-3.492041,-4.405537,0.000e+00
GNN,ch4t-test-001583,7,1.429605,-0.169877,-0.266887,0.869762,1.130170,0.557996,-2.954766,-3.947607,0.000e+00
GNN,ch4t-test-001584,8,0.144898,0.229130,-0.100428,-0.041099,0.131721,0.175788,-12.376417,-12.650016,5.551e-17
GNN,ch4t-test-001585,6,0.479097,-0.274870,0.201065,0.055110,0.717890,0.133988,-7.944264,-8.349557,5.551e-17
GNN,ch4t-test-001586,4,1.079421,-0.142963,-0.680074,0.628662,-0.917766,0.815390,-4.759519,-5.015903,1.110e-16
GNN,ch4t-test-001587,6,-0.014483,0.673854,0.024079,0.044671,-0.052538,0.202672,-7.180176,-7.863625,0.000e+00
GNN,ch4t-test-001588,5,0.048822,-0.332373,0.076278,-0.014134,0.424844,0.196505,-8.492435,-8.285161,0.000e+00
GNN,ch4t-test-001589,6,0.011293,0.434298,0.037277,0.002896,-0.673543,0.140789,-7.308331,-7.791199,0.000e+00
GNN,ch4t-test-001590,7,-0.036443,0.385268,-0.084733,0.003553,0.629642,0.207572,-5.567769,-5.831861,0.000e+00
GNN,ch4t-test-001591,5,0.527518,0.023121,-0.098565,0.562588,0.671006,0.206108,-4.934178,-5.386253,0.000e+00
GNN,ch4t-test-001592,5,0.807530,0.030839,-0.070357,0.090612,0.179673,0.178386,-4.213012,-4.981023,0.000e+00
GNN,ch4t-test-001593,7,1.190550,0.485177,-0.137145,0.217825,1.129974,0.250979,-5.469436,-7.008018,0.000e+00
GNN,ch4t-test-001594,7,0.009617,0.400515,-0.049557,0.015016,0.609996,0.141735,-7.665312,-8.025887,0.000e+00
GNN,ch4t-test-001595,8,0.652178,-0.005208,0.112128,0.351997,-0.048331,0.252339,-5.688487,-6.447585,0.000e+00
GNN,ch4t-test-001596,5,-0.302264,-0.032992,0.151570,0.364180,1.180325,0.469492,-5.441250,-5.257564,2.776e-17
GNN,ch4t-test-001597,4,0.531452,-0.062354,-0.025976,0.532835,0.962050,0.198533,-4.875135,-5.318257,5.551e-17
GNN,ch4t-test-001598,7,0.507292,-0.043491,-0.368400,0.692231,-0.518032,1.016491,-5.424677,-5.520077,0.000e+00
GNN,ch4t-test-001599,6,-0.201942,-0.135801,-0.053245,0.507365,0.168950,1.601252,-5.903422,-5.512434,1.110e-16
GNN,ch4t-test-001600,5,-0.009315,-0.015166,0.035386,0.010234,-1.333562,0.136780,-6.440338,-6.451242,0.000e+00
GNN,ch4t-test-001601,4,0.312482,-0.041921,-0.089079,0.926056,-0.757050,1.470595,-4.170592,-4.352075,0.000e+00
GNN,ch4t-test-001602,4,0.483101,-0.008733,-0.063022,0.819106,1.025721,0.400852,-3.621413,-4.032759,0.000e+00
GNN,ch4t-test-001603,7,0.644034,0.263499,0.040921,0.259137,0.323742,0.863980,-5.586112,-6.534566,0.000e+00
GNN,ch4t-test-001604,5,0.141038,0.023354,-0.043730,1.482706,0.577293,1.119088,-7.010338,-7.131000,0.000e+00
GNN,ch4t-test-001605,4,1.620172,0.380922,-0.552518,0.298670,-0.541537,0.583282,-7.040396,-8.488972,2.220e-16
GNN,ch4t-test-001606,5,0.110452,-0.102009,0.176618,1.121501,0.702796,1.834914,-6.537588,-6.722649,0.000e+00
GNN,ch4t-test-001607,4,0.308562,-0.032851,-0.016785,0.731296,0.737509,0.287902,-3.649133,-3.908058,0.000e+00
GNN,ch4t-test-001608,7,0.182336,0.144945,0.025619,0.333472,0.883366,0.348844,-4.916526,-5.269426,5.551e-17
GNN,ch4t-test-001609,4,-0.005793,-0.100679,0.005298,-0.009499,-0.503886,0.128708,-6.036829,-5.935655,1.388e-17
GNN,ch4t-test-001610,5,-0.080878,0.109986,0.299400,0.743614,-0.009341,2.393731,-8.323626,-8.652135,5.551e-17
GNN,ch4t-test-001611,6,-0.014554,-0.163221,0.001819,0.399507,1.118686,0.530683,-5.022460,-4.846505,2.776e-17
GNN,ch4t-test-001612,5,0.054922,0.349661,-0.091087,-0.023946,-0.228135,0.162867,-6.639141,-6.952637,0.000e+00
GNN,ch4t-test-001613,8,-0.017447,0.271191,-0.029607,0.040603,-0.189813,0.154993,-7.434055,-7.658192,0.000e+00
GNN,ch4t-test-001614,4,0.803582,-0.026286,-0.083146,0.813354,0.840339,0.792318,-6.639941,-7.334090,0.000e+00
GNN,ch4t-test-001615,7,-0.492598,-0.115116,0.120666,0.756274,-0.637954,2.885750,-5.199255,-4.712207,1.110e-16
GNN,ch4t-test-001616,6,1.365919,-0.127514,-0.383455,0.839580,1.091058,0.966663,-2.678222,-3.533172,0.000e+00
GNN,ch4t-test-001617,4,0.033459,0.211858,-0.141276,-0.002151,-0.200553,0.186290,-7.032236,-7.136277,2.776e-17
GNN,ch4t-test-001618,7,0.201810,0.179876,0.011205,0.508257,0.674621,0.986145,-7.271403,-7.664294,0.000e+00
GNN,ch4t-test-001619,5,-0.275080,-0.155187,0.603087,0.572052,-0.090539,1.449845,-6.241511,-6.414332,5.551e-17
GNN,ch4t-test-001620,8,0.135203,0.012039,-0.076008,0.548560,1.103276,0.887411,-5.594599,-5.665833,0.000e+00
GNN,ch4t-test-001621,8,-0.045319,0.128813,-0.051978,0.075916,0.813357,0.148816,-6.242575,-6.274091,0.000e+00
GNN,ch4t-test-001622,7,0.031043,-0.089814,-0.052990,0.765183,-0.142131,0.762860,-4.131511,-4.019749,1.388e-17
GNN,ch4t-test-001623,4,0.417941,0.095041,-0.238879,0.762143,0.677585,1.408261,-5.185721,-5.459824,0.000e+00
GNN,ch4t-test-001624,5,0.002487,0.332201,-0.003649,-0.090488,0.109451,0.154492,-7.373672,-7.704711,5.551e-17
GNN,ch4t-test-001625,7,0.095729,-0.043562,0.002918,0.942738,0.808509,0.824785,-5.424205,-5.479291,0.000e+00
GNN,ch4t-test-001626,8,3.084271,-0.257842,-0.098956,0.464733,0.960844,0.274397,-3.131638,-5.859112,0.000e+00
GNN,ch4t-test-001627,5,1.172161,-0.033195,-0.250472,1.047331,0.888218,0.739395,-3.107873,-3.996368,2.220e-16
GNN,ch4t-test-001628,6,0.169871,0.105207,0.265781,0.224231,0.597516,0.843506,-4.799786,-5.340645,0.000e+00
GNN,ch4t-test-001629,8,0.014887,0.416369,-0.129059,-0.011027,0.166012,0.189936,-7.424096,-7.726293,0.000e+00
GNN,ch4t-test-001630,7,0.042475,0.167492,-0.039684,-0.057606,-0.076953,0.185875,-6.260177,-6.430460,0.000e+00
GNN,ch4t-test-001631,4,0.313217,0.161135,-0.020631,0.313666,0.718124,0.274223,-5.002375,-5.456095,5.551e-17
GNN,ch4t-test-001632,7,0.132195,-0.075459,-0.369559,1.553172,0.246821,2.735846,-10.546587,-10.233764,0.000e+00
GNN,ch4t-test-001633,5,0.007473,0.098545,-0.025097,-0.006961,-0.897319,0.126762,-7.015410,-7.096331,0.000e+00
GNN,ch4t-test-001634,4,-0.002420,-0.605455,-0.016940,0.001095,0.562779,0.107325,-8.832492,-8.207677,1.110e-16
GNN,ch4t-test-001635,8,0.983418,0.012560,-0.246599,0.648334,1.051282,0.343484,-3.104746,-3.854125,0.000e+00
GNN,ch4t-test-001636,4,-0.034131,-0.277283,0.120312,-0.035030,0.220900,0.172773,-9.360320,-9.169219,2.776e-17
GNN,ch4t-test-001637,8,0.007831,0.049160,-0.043163,-0.023072,-1.015635,0.136048,-7.896182,-7.910011,0.000e+00
GNN,ch4t-test-001638,8,-0.298246,0.102658,0.015334,0.541531,0.310757,0.589512,-6.493713,-6.313459,5.551e-17
GNN,ch4t-test-001639,7,1.094642,0.090473,-0.219402,1.112695,0.930905,1.418760,-3.479429,-4.445143,1.110e-16
GNN,ch4t-test-001640,8,0.680229,0.055902,-0.143588,1.453991,1.104248,0.738408,-4.008361,-4.600904,0.000e+00
GNN,ch4t-test-001641,5,-0.245123,0.359928,0.146412,0.260856,0.809361,0.192392,-7.709181,-7.970397,0.000e+00
GNN,ch4t-test-001642,5,0.031487,0.093829,0.020986,0.347833,0.869201,0.453299,-4.670170,-4.816472,0.000e+00
GNN,ch4t-test-001643,4,0.777122,0.255266,-0.354459,0.341839,1.010659,0.724783,-5.732710,-6.410639,0.000e+00
GNN,ch4t-test-001644,6,0.100754,-0.152196,0.771404,0.167434,-1.199022,0.510265,-4.458707,-5.178669,0.000e+00
GNN,ch4t-test-001645,8,1.074712,-0.022377,-0.151859,1.066474,0.347890,1.183246,-3.169557,-4.070033,0.000e+00
GNN,ch4t-test-001646,6,-0.696078,-0.224150,-0.129608,1.319405,1.334317,2.160849,-6.693661,-5.643825,0.000e+00
GNN,ch4t-test-001647,5,0.183520,-0.078932,-0.080557,0.064795,0.730300,0.345191,-7.271643,-7.295675,0.000e+00
GNN,ch4t-test-001648,4,-0.024078,0.453595,-0.338404,0.129663,-0.500984,0.332175,-12.224477,-12.315590,1.665e-16
GNN,ch4t-test-001649,4,1.175654,0.035369,-0.313683,1.198750,0.842720,1.414636,-4.736390,-5.633730,0.000e+00
GNN,ch4t-test-001650,8,0.831231,0.029799,-0.178811,0.724984,0.945678,0.629873,-4.478476,-5.160695,0.000e+00
GNN,ch4t-test-001651,5,0.228830,-0.065539,-0.157888,0.793630,0.879186,0.935949,-5.429487,-5.434890,0.000e+00
GNN,ch4t-test-001652,6,0.160063,0.162723,-0.035278,0.116978,-0.426825,0.137273,-4.117405,-4.404914,0.000e+00
GNN,ch4t-test-001653,5,-0.473637,0.014086,0.006424,0.875831,0.460369,0.589180,-6.783420,-6.330294,0.000e+00
GNN,ch4t-test-001654,5,0.001562,0.601084,-0.095274,0.028400,0.293773,0.158205,-5.987389,-6.494761,0.000e+00
GNN,ch4t-test-001655,7,-0.049758,0.170910,0.142729,0.367013,0.968712,0.536509,-6.383048,-6.646929,0.000e+00
GNN,ch4t-test-001656,4,0.040252,-0.693481,0.191040,0.085324,-0.129770,0.131284,-9.425307,-8.963118,1.110e-16
GNN,ch4t-test-001657,6,0.524385,0.288093,-0.028452,0.182136,0.840305,0.211521,-6.014147,-6.798173,0.000e+00
GNN,ch4t-test-001658,7,0.988153,0.256185,-0.371974,0.310816,1.226723,0.960470,-4.393501,-5.265864,1.110e-16
GNN,ch4t-test-001659,8,-0.002719,0.222672,-0.018730,0.022428,0.542773,0.123908,-5.978672,-6.179896,0.000e+00
GNN,ch4t-test-001660,5,0.231267,-0.201237,0.262869,0.736077,-1.009097,2.392757,-7.090911,-7.383810,0.000e+00
GNN,ch4t-test-001661,4,-0.009245,0.402115,0.001145,-0.073459,0.334705,0.260734,-6.405626,-6.799641,5.551e-17
GNN,ch4t-test-001662,6,0.355053,-0.024269,0.359611,0.333126,0.857503,1.235578,-6.057149,-6.747545,0.000e+00
GNN,ch4t-test-001663,6,0.535496,0.041742,-0.023346,0.428206,1.088799,0.554189,-4.848756,-5.402648,0.000e+00
GNN,ch4t-test-001664,6,1.254362,-0.207976,-0.075182,1.078010,0.742336,0.460175,-7.637514,-8.608717,0.000e+00
GNN,ch4t-test-001665,5,0.327704,0.017763,-0.018510,0.520673,1.121921,0.496364,-5.799716,-6.126673,5.551e-17
GNN,ch4t-test-001666,6,0.458287,0.207703,0.043955,-0.001101,0.932045,0.137374,-6.882749,-7.592694,1.110e-16
GNN,ch4t-test-001667,8,0.434022,-0.194439,0.104371,0.048387,0.547264,0.105917,-9.345004,-9.688958,0.000e+00
GNN,ch4t-test-001668,5,0.011520,-0.005427,-0.096244,-0.010402,-0.247394,0.123764,-7.765588,-7.675437,1.388e-17
GNN,ch4t-test-001669,6,1.468777,-0.061946,-0.311086,0.351300,0.413302,0.300697,-6.806796,-7.902540,0.000e+00
GNN,ch4t-test-001670,7,0.040945,0.656586,0.068960,-0.001503,0.934140,0.207672,-5.415072,-6.181563,0.000e+00
GNN,ch4t-test-001671,6,0.104645,0.234656,0.008548,0.282674,0.373319,0.156648,-5.855175,-6.203024,0.000e+00
GNN,ch4t-test-001672,6,-0.018335,0.097242,-0.052677,0.010244,-1.132633,0.120832,-8.212837,-8.239068,1.388e-17
GNN,ch4t-test-001673,5,1.061454,-0.016059,-0.060209,0.525388,0.676915,0.763267,-4.097072,-5.082259,0.000e+00
GNN,ch4t-test-001674,5,-0.015611,0.050012,-0.042140,0.018225,0.359131,0.155942,-7.112899,-7.105158,6.939e-18
GNN,ch4t-test-001675,6,1.390866,-0.219306,-0.249191,1.249458,0.720266,0.761377,-3.420671,-4.343040,1.110e-16
GNN,ch4t-test-001676,7,0.389950,0.132407,-0.091612,0.162136,0.863326,0.139162,-8.031428,-8.462172,0.000e+00
GNN,ch4t-test-001677,5,0.856993,0.333848,-0.218940,0.315880,0.987522,0.498797,-5.518997,-6.490897,0.000e+00
GNN,ch4t-test-001678,4,0.645569,-0.011820,-0.142490,0.838868,-0.423903,1.195957,-3.783917,-4.275177,0.000e+00
GNN,ch4t-test-001679,7,-0.080015,-0.761816,0.377356,0.293203,1.046494,0.477071,-8.317734,-7.853259,0.000e+00
GNN,ch4t-test-001680,7,0.509219,0.182896,-0.437070,0.462993,0.805738,1.143447,-5.832877,-6.087922,5.551e-17
GNN,ch4t-test-001681,4,0.550147,-0.047528,-0.166304,1.014787,0.729790,1.575333,-6.434219,-6.770535,5.551e-17
GNN,ch4t-test-001682,7,1.641726,-0.031502,-0.184452,1.198254,0.573922,0.813236,-4.096103,-5.521876,2.220e-16
GNN,ch4t-test-001683,6,0.658861,0.462040,-0.075248,0.099174,-1.378310,0.245577,-4.276587,-5.322240,0.000e+00
GNN,ch4t-test-001684,4,0.644879,0.225513,0.465792,0.177884,0.922163,0.485826,-8.928756,-10.264940,0.000e+00
GNN,ch4t-test-001685,8,0.583736,-0.042614,-0.133989,0.776973,1.277134,0.495819,-3.374411,-3.781544,0.000e+00
GNN,ch4t-test-001686,7,0.715451,0.059056,-0.503609,0.519508,-1.009944,1.440221,-5.815344,-6.086243,0.000e+00
GNN,ch4t-test-001687,4,0.011133,-0.007457,-0.003773,0.601402,0.993569,0.182980,-6.220389,-6.220293,8.674e-19
GNN,ch4t-test-001688,4,0.033273,0.189837,0.131040,0.212369,1.166708,0.343036,-7.183079,-7.537229,0.000e+00
GNN,ch4t-test-001689,7,0.207006,-0.277612,0.285981,0.779252,1.353026,0.911781,-6.101964,-6.317338,5.551e-17
GNN,ch4t-test-001690,6,-0.091260,0.257655,0.132799,-0.035245,0.205852,0.181346,-8.344980,-8.644174,0.000e+00
GNN,ch4t-test-001691,5,0.576144,-0.130302,-0.106172,0.369109,0.966662,0.543854,-5.885843,-6.225513,0.000e+00
GNN,ch4t-test-001692,7,0.506697,-0.045265,-0.083937,0.703637,0.366934,0.472109,-5.589875,-5.967370,0.000e+00
GNN,ch4t-test-001693,5,0.220531,0.390760,1.147390,0.170141,0.994427,0.367230,-5.731421,-7.490102,2.220e-16
GNN,ch4t-test-001694,4,0.129982,0.005731,0.047803,1.470962,0.518676,0.925679,-5.223711,-5.407228,2.776e-17
GNN,ch4t-test-001695,4,0.211373,-0.628743,0.054046,0.023639,-0.406132,0.133679,-7.217326,-6.854002,0.000e+00
GNN,ch4t-test-001696,4,0.877362,-0.108763,-0.105199,1.100422,-0.266317,0.747298,-7.387998,-8.051398,0.000e+00
GNN,ch4t-test-001697,8,0.001676,0.588139,-0.031498,-0.041020,1.007167,0.143452,-6.634906,-7.193223,1.110e-16
GNN,ch4t-test-001698,5,0.966593,-0.668074,-0.059051,1.795634,0.734288,0.529344,-4.384609,-4.624078,1.110e-16
GNN,ch4t-test-001699,4,0.588708,0.047485,-0.062626,0.900013,0.615566,0.658905,-3.996454,-4.570021,0.000e+00
GNN,ch4t-test-001700,8,-1.639204,-0.662680,1.550300,1.003230,0.555784,1.587083,-7.329114,-6.577530,1.110e-16
GNN,ch4t-test-001701,5,0.157599,-0.076436,0.054684,0.059122,0.565971,0.220883,-7.794669,-7.930517,5.551e-17
GNN,ch4t-test-001702,5,0.042652,0.043531,0.008156,-0.055017,-1.497260,0.105049,-8.139099,-8.233437,1.388e-17
GNN,ch4t-test-001703,7,0.088102,0.330523,0.187454,0.551045,1.247654,0.457954,-3.826716,-4.432795,0.000e+00
GNN,ch4t-test-001704,4,-0.001763,0.000227,0.031820,0.005564,-0.970865,0.155320,-7.717205,-7.747489,0.000e+00
GNN,ch4t-test-001705,8,-0.053182,0.223705,-0.138874,0.438734,0.670812,0.865249,-6.034596,-6.066246,2.776e-17
GNN,ch4t-test-001706,5,0.509861,0.160219,-0.024112,0.699411,-0.202899,0.543451,-6.875389,-7.521357,0.000e+00
GNN,ch4t-test-001707,5,0.606098,0.221922,-0.140245,0.716183,-0.053511,0.513535,-7.228941,-7.916717,0.000e+00
GNN,ch4t-test-001708,6,0.004297,0.088749,-0.060827,0.007755,-0.830602,0.133265,-7.586279,-7.618498,6.939e-18
GNN,ch4t-test-001709,6,0.561595,0.010725,-0.002691,0.535585,-0.748922,1.386307,-3.780766,-4.350396,0.000e+00
GNN,ch4t-test-001710,6,-0.023390,0.405306,0.053638,0.038888,0.320867,0.225184,-6.423700,-6.859253,0.000e+00
GNN,ch4t-test-001711,7,-0.201882,-0.044269,-0.017797,1.692918,1.248801,0.931418,-5.710468,-5.446519,0.000e+00
GNN,ch4t-test-001712,4,0.424877,0.000246,-0.025390,0.907652,0.561473,0.520204,-3.937104,-4.336837,5.551e-17
GNN,ch4t-test-001713,5,0.414743,0.037172,-0.108354,1.061131,0.512215,0.747545,-6.479546,-6.823108,5.551e-17
GNN,ch4t-test-001714,6,0.723746,0.133639,-0.392431,0.325268,0.652352,0.873917,-5.470011,-5.934965,0.000e+00
GNN,ch4t-test-001715,7,-1.028920,-0.435106,0.346438,1.205947,1.429171,1.960263,-9.641099,-8.523511,0.000e+00
GNN,ch4t-test-001716,7,-0.598574,-0.366931,0.616736,0.688014,1.224136,0.871200,-5.879787,-5.531018,5.551e-17
GNN,ch4t-test-001717,5,0.673788,-0.336321,0.052421,0.254007,0.764628,0.296155,-3.869715,-4.259604,0.000e+00
GNN,ch4t-test-001718,5,0.528992,-0.030502,-0.204414,1.333435,1.133524,1.250340,-4.378474,-4.672551,0.000e+00
GNN,ch4t-test-001719,5,2.095311,-0.287847,-0.363421,1.550667,0.902214,1.957189,-2.515571,-3.959614,2.220e-16
GNN,ch4t-test-001720,7,-0.110840,-0.256183,-0.185488,0.066405,-0.078782,0.189667,-8.285031,-7.732520,0.000e+00
GNN,ch4t-test-001721,4,-0.001040,0.220163,0.008547,-0.037786,-0.549616,0.134652,-8.565716,-8.793386,0.000e+00
GNN,ch4t-test-001722,8,0.078336,-0.007118,0.031138,0.913784,1.169936,1.697941,-7.681397,-7.783753,0.000e+00
GNN,ch4t-test-001723,8,0.137139,-0.000283,-0.033393,0.664726,0.781587,0.353669,-4.856179,-4.959642,0.000e+00
GNN,ch4t-test-001724,5,1.402884,0.451499,-0.164518,0.222723,0.889648,0.416214,-5.058901,-6.748766,2.220e-16
GNN,ch4t-test-001725,5,0.908596,-0.162096,-0.329936,0.437617,0.580796,0.450400,-6.884473,-7.301036,1.110e-16
GNN,ch4t-test-001726,5,0.111579,-0.203229,0.236423,0.117713,-1.164662,0.522091,-7.169377,-7.314150,0.000e+00
GNN,ch4t-test-001727,8,0.405858,-0.004027,0.113376,0.738870,0.933521,1.537267,-3.554608,-4.069815,0.000e+00
GNN,ch4t-test-001728,4,-0.012883,0.066121,-0.074219,0.009769,-0.897936,0.164420,-7.352411,-7.331430,0.000e+00
GNN,ch4t-test-001729,5,1.818751,0.014469,0.562532,0.126326,0.946994,0.272590,-3.142592,-5.538344,4.441e-16
GNN,ch4t-test-001730,7,0.087449,0.044854,-0.022647,0.415574,1.065977,0.532645,-4.635311,-4.744968,0.000e+00
GNN,ch4t-test-001731,8,-2.755439,-0.610971,0.540017,0.649684,1.202133,0.421685,-10.381144,-7.554750,0.000e+00
GNN,ch4t-test-001732,7,1.094460,0.054370,-0.285903,0.448108,0.775480,0.451111,-3.104005,-3.966932,1.110e-16
GNN,ch4t-test-001733,5,0.136431,0.161619,-0.163710,0.579893,-0.219069,0.727239,-7.283599,-7.417939,0.000e+00
GNN,ch4t-test-001734,4,0.632662,0.064794,-0.074697,0.097451,0.081164,0.205154,-3.920535,-4.543295,0.000e+00
GNN,ch4t-test-001735,5,0.234165,0.331127,-0.043177,0.089020,0.585422,0.174549,-5.706166,-6.228282,0.000e+00
GNN,ch4t-test-001736,7,0.230631,0.035222,-0.050693,0.351031,0.349497,0.712483,-4.039396,-4.254557,0.000e+00
GNN,ch4t-test-001737,5,0.251621,0.184753,0.057737,0.059917,0.656230,0.111737,-4.069544,-4.563656,0.000e+00
GNN,ch4t-test-001738,5,1.515347,0.231830,-0.306973,0.414238,1.222790,0.918384,-5.255786,-6.695990,2.220e-16
GNN,ch4t-test-001739,8,0.372131,0.558208,-0.043548,0.034177,1.151798,0.145482,-7.703028,-8.589819,0.000e+00
GNN,ch4t-test-001740,8,1.541324,-0.143121,-0.352141,0.887923,1.160057,0.457606,-3.565112,-4.611175,2.220e-16
GNN,ch4t-test-001741,8,0.561245,-0.070063,-0.074594,0.820478,0.206338,0.971899,-4.191466,-4.608053,1.110e-16
GNN,ch4t-test-001742,7,-0.091493,0.060799,-0.046224,0.501638,0.680950,0.651598,-7.691882,-7.614964,0.000e+00
GNN,ch4t-test-001743,8,-0.201769,0.174859,0.196977,-0.001399,0.588002,0.231771,-7.772364,-7.942432,5.551e-17
GNN,ch4t-test-001744,4,-0.178864,-0.024467,0.070974,0.533715,0.579728,0.895033,-3.191721,-3.059365,0.000e+00
GNN,ch4t-test-001745,7,-0.063594,0.267920,0.073644,-0.031179,0.422795,0.195487,-5.706429,-5.984399,0.000e+00
GNN,ch4t-test-001746,5,0.290960,0.100037,0.249227,0.467964,0.478711,1.831991,-7.377085,-8.017309,0.000e+00
GNN,ch4t-test-001747,8,1.083803,0.035349,-0.133962,1.810910,1.228661,0.824172,-5.123097,-6.108287,1.110e-16
GNN,ch4t-test-001748,8,0.380833,0.037741,-0.085081,0.528833,-0.120841,0.651199,-4.405523,-4.739015,0.000e+00
GNN,ch4t-test-001749,8,0.181037,-0.057493,-0.227088,0.122824,-0.221240,0.352702,-5.103913,-5.000369,1.388e-17
GNN,ch4t-test-001750,6,0.962826,0.041246,-0.045651,0.050256,0.792510,0.124904,-7.899699,-8.858120,0.000e+00
GNN,ch4t-test-001751,6,0.029757,0.408271,-0.099497,0.018564,0.982824,0.235335,-7.153807,-7.492338,0.000e+00
GNN,ch4t-test-001752,6,1.042177,-0.155080,-0.150938,1.304802,1.217679,1.521241,-4.544692,-5.280850,1.110e-16
GNN,ch4t-test-001753,8,0.903706,-0.270753,-0.180612,0.994642,1.188624,1.175458,-3.792117,-4.244458,0.000e+00
GNN,ch4t-test-001754,4,-0.038598,-0.029247,-0.236058,0.359889,-0.278209,0.848242,-5.352846,-5.048943,0.000e+00
GNN,ch4t-test-001755,5,0.310653,-0.029555,-0.027403,1.727957,1.161484,0.879919,-4.590640,-4.844335,0.000e+00
GNN,ch4t-test-001756,5,0.260237,-0.183854,0.073945,0.056879,0.625088,0.270451,-8.360285,-8.510613,0.000e+00
GNN,ch4t-test-001757,8,1.132097,0.149690,-0.310522,0.514365,1.148284,0.510678,-4.254409,-5.225675,0.000e+00
GNN,ch4t-test-001758,8,0.584997,-0.148348,-0.048642,0.049687,0.362734,0.261293,-4.810526,-5.198533,0.000e+00
GNN,ch4t-test-001759,8,0.490758,-0.032969,-0.041529,1.107045,1.113242,0.376242,-5.439724,-5.855983,0.000e+00
GNN,ch4t-test-001760,4,0.115985,0.211748,-0.046813,0.119954,0.423985,0.346290,-7.920130,-8.201050,0.000e+00
GNN,ch4t-test-001761,7,0.700488,0.135906,-0.022685,0.402028,-0.510177,0.702503,-5.216493,-6.030202,1.110e-16
GNN,ch4t-test-001762,7,0.200427,0.041460,-0.129080,0.639654,-0.638973,1.006756,-5.025694,-5.138501,1.388e-17
GNN,ch4t-test-001763,7,1.659180,0.055241,-0.280794,1.401920,0.721124,1.745850,-2.848391,-4.282017,0.000e+00
GNN,ch4t-test-001764,8,-0.466852,-0.067574,0.076036,2.360222,0.680388,3.245205,-5.423979,-4.965589,0.000e+00
GNN,ch4t-test-001765,4,0.729029,0.026179,-0.214267,1.929364,0.286579,2.543730,-3.982760,-4.523701,0.000e+00
GNN,ch4t-test-001766,8,0.318405,0.086658,-0.159208,0.788330,1.001338,1.599891,-4.013587,-4.259442,5.551e-17
GNN,ch4t-test-001767,4,-0.306099,0.085801,0.021015,1.054292,0.935961,0.980317,-7.937214,-7.737932,2.776e-17
GNN,ch4t-test-001768,7,-0.209181,-0.246803,0.163061,0.409223,0.582309,0.214241,-8.582914,-8.289991,0.000e+00
GNN,ch4t-test-001769,5,0.892093,-0.015304,-0.025581,1.899742,1.132388,1.421378,-6.106561,-6.957769,1.110e-16
GNN,ch4t-test-001770,5,0.374159,0.067315,-0.121391,1.233536,0.530152,1.582719,-4.671011,-4.991093,5.551e-17
GNN,ch4t-test-001771,6,-0.123453,0.007129,0.064747,0.342662,0.283025,0.500269,-6.316428,-6.264851,0.000e+00
GNN,ch4t-test-001772,6,-0.022249,0.408186,-0.008095,-0.025359,0.233468,0.146226,-7.245285,-7.623127,5.551e-17
GNN,ch4t-test-001773,8,1.639422,-0.177041,-0.098789,1.463435,0.475526,0.850099,-1.825927,-3.189518,2.220e-16
GNN,ch4t-test-001774,4,0.485124,-0.016427,-0.105457,1.378597,1.010373,0.928475,-4.809718,-5.172958,5.551e-17
GNN,ch4t-test-001775,5,0.928985,0.027200,-0.327273,0.644876,1.081826,0.774559,-5.808681,-6.437594,0.000e+00
GNN,ch4t-test-001776,5,0.350334,-0.086534,-0.126828,1.432808,0.666461,1.133782,-4.096353,-4.233326,2.776e-17
GNN,ch4t-test-001777,6,0.184697,0.028792,-0.035819,0.381322,0.986936,0.394931,-5.059896,-5.237566,0.000e+00
GNN,ch4t-test-001778,7,-0.236706,0.313709,-0.129009,0.115823,1.271508,0.321120,-9.852995,-9.800989,0.000e+00
GNN,ch4t-test-001779,7,0.357100,0.139636,0.040379,0.165649,0.793865,0.168323,-4.212300,-4.749415,0.000e+00
GNN,ch4t-test-001780,4,0.021906,0.053763,0.071868,-0.025495,-1.188723,0.164807,-8.957830,-9.105367,0.000e+00
GNN,ch4t-test-001781,4,0.002042,0.035565,-0.012120,-0.014824,-2.278726,0.061819,-7.384661,-7.410148,0.000e+00
GNN,ch4t-test-001782,7,-0.272408,-0.201633,0.226018,0.322518,1.163591,0.813608,-5.621884,-5.373861,2.776e-17
GNN,ch4t-test-001783,4,-0.768366,-0.388829,0.634189,1.122168,-0.400825,2.339158,-6.831875,-6.308869,0.000e+00
GNN,ch4t-test-001784,6,-0.017377,0.110654,-0.038517,0.025067,0.273484,0.219263,-6.316640,-6.371401,1.388e-17
GNN,ch4t-test-001785,6,0.390560,0.027540,-0.072538,0.582753,-0.454529,0.936737,-3.737870,-4.083432,0.000e+00
GNN,ch4t-test-001786,5,-0.089874,-0.020208,-0.067653,0.110819,0.842611,0.255322,-6.045371,-5.867636,0.000e+00
GNN,ch4t-test-001787,4,1.640938,0.132615,-0.545492,0.680643,0.566399,1.067874,-3.769458,-4.997520,0.000e+00
GNN,ch4t-test-001788,6,-0.046569,0.123515,0.023502,0.035609,0.414729,0.151836,-5.856398,-5.956845,0.000e+00
GNN,ch4t-test-001789,6,0.928903,0.297392,-0.430758,0.312261,0.936867,0.658717,-5.223215,-6.018751,0.000e+00
GNN,ch4t-test-001790,4,0.073548,-0.158973,0.430636,0.146095,-0.170378,0.288575,-4.952940,-5.298151,0.000e+00
GNN,ch4t-test-001791,7,-0.020397,0.227779,-0.096867,-0.015283,0.040358,0.163501,-8.400224,-8.510738,0.000e+00
GNN,ch4t-test-001792,5,0.143568,-0.069406,0.012123,0.860963,0.616492,1.721665,-5.673925,-5.760211,1.388e-17
GNN,ch4t-test-001793,5,0.013424,0.325092,-0.009851,-0.028128,-0.329867,0.132714,-8.348062,-8.676728,0.000e+00
GNN,ch4t-test-001794,5,0.944815,0.019712,-0.343852,0.432880,0.301495,0.491407,-4.029798,-4.650473,0.000e+00
GNN,ch4t-test-001795,7,0.446243,0.055090,-0.225688,0.779249,1.201646,2.290472,-9.675899,-9.951543,1.110e-16
GNN,ch4t-test-001796,7,0.661489,-0.005278,-0.110517,0.511488,-0.159070,0.651850,-3.888287,-4.433981,0.000e+00
GNN,ch4t-test-001797,4,0.247569,-0.091681,0.192268,0.175859,0.167031,0.281891,-5.969969,-6.318125,5.551e-17
GNN,ch4t-test-001798,7,0.023092,0.030180,-0.074470,-0.035862,-0.155059,0.171620,-6.726344,-6.705147,0.000e+00
GNN,ch4t-test-001799,4,0.002218,0.027604,-0.025989,-0.000527,-2.844593,0.050467,-7.415112,-7.418945,0.000e+00
GNN,ch4t-test-001800,8,1.008526,-0.061056,-0.240686,0.410940,0.148986,0.698259,-3.026246,-3.733031,2.220e-16
GNN,ch4t-test-001801,4,0.050937,0.728721,0.034076,0.007492,-0.209950,0.150087,-6.961040,-7.774774,0.000e+00
GNN,ch4t-test-001802,4,1.366600,0.194841,-0.141920,0.716362,-0.134157,0.452747,-5.419690,-6.839211,0.000e+00
GNN,ch4t-test-001803,4,0.507078,-0.529673,0.143219,0.151652,-1.635325,0.256591,-7.960458,-8.081083,1.110e-16
GNN,ch4t-test-001804,6,0.600616,0.017027,-0.083908,1.011281,0.937015,0.919613,-5.437520,-5.971254,0.000e+00
GNN,ch4t-test-001805,6,0.291234,-0.107618,-0.157070,0.738552,0.963539,0.666363,-5.616154,-5.642700,1.388e-17
GNN,ch4t-test-001806,4,0.594223,-0.040629,-0.156295,0.837769,-0.648598,1.036105,-4.887531,-5.284830,0.000e+00
GNN,ch4t-test-001807,5,-0.148524,-0.049771,0.154502,0.799986,1.254718,1.166290,-5.786129,-5.742336,0.000e+00
GNN,ch4t-test-001808,4,0.166700,-0.050886,-0.001512,0.553990,1.008067,0.268567,-4.873381,-4.987683,0.000e+00
GNN,ch4t-test-001809,5,0.259904,-0.198594,-0.043885,0.254676,-0.320926,0.458235,-6.079692,-6.097118,0.000e+00
GNN,ch4t-test-001810,5,0.320012,0.142121,0.152896,0.460041,-0.036551,0.438447,-4.190518,-4.805547,0.000e+00
GNN,ch4t-test-001811,6,0.221498,-0.008408,-0.008216,1.276613,0.847794,0.301822,-3.852569,-4.057442,0.000e+00
GNN,ch4t-test-001812,4,0.187242,-0.458983,0.328232,0.399658,1.001636,1.189186,-4.929336,-4.985828,0.000e+00
GNN,ch4t-test-001813,7,0.075307,-0.062028,-0.114519,2.298489,1.251128,0.921842,-5.586546,-5.485306,2.776e-17
GNN,ch4t-test-001814,5,0.501361,-0.056356,-0.122798,0.460038,-0.395140,0.513575,-3.875601,-4.197808,0.000e+00
GNN,ch4t-test-001815,4,-0.002593,0.031975,-0.067510,-0.005466,-0.731074,0.125412,-8.370169,-8.332040,6.939e-18
GNN,ch4t-test-001816,4,0.049246,0.385544,0.048430,-0.021084,-0.838239,0.152160,-7.536590,-8.019811,0.000e+00
GNN,ch4t-test-001817,6,1.511546,-0.009928,-0.737068,1.132345,0.448925,2.922626,-6.084570,-6.849120,1.110e-16
GNN,ch4t-test-001818,7,0.003044,0.335051,-0.030479,-0.025561,1.054028,0.176704,-6.367228,-6.674845,0.000e+00
GNN,ch4t-test-001819,6,0.000921,0.037195,0.149743,0.465731,0.774265,0.698707,-4.074780,-4.262638,0.000e+00
GNN,ch4t-test-001820,5,0.012267,-0.477375,-0.084605,0.017644,-1.750696,0.122987,-7.970923,-7.421211,1.110e-16
GNN,ch4t-test-001821,6,1.495082,0.170253,-0.572768,1.405705,0.122554,1.983605,-3.488920,-4.581488,0.000e+00
GNN,ch4t-test-001822,8,0.529036,-0.044808,-0.146995,0.546165,0.800922,0.560765,-3.907080,-4.244313,0.000e+00
GNN,ch4t-test-001823,5,0.017570,0.145072,0.032435,-0.031164,-0.349079,0.129857,-8.385541,-8.580618,0.000e+00
GNN,ch4t-test-001824,7,0.071632,0.089815,0.029446,-0.010397,0.584403,0.123606,-6.035332,-6.226225,0.000e+00
GNN,ch4t-test-001825,8,0.206795,0.144213,-0.076001,0.934596,1.038083,0.714492,-5.522256,-5.797263,0.000e+00
GNN,ch4t-test-001826,7,0.872404,0.475970,0.058223,0.363970,0.490980,1.655360,-5.116274,-6.522870,0.000e+00
GNN,ch4t-test-001827,4,-0.122446,0.211608,0.426687,-0.028227,-0.995137,0.253738,-8.125171,-8.641021,0.000e+00
GNN,ch4t-test-001828,5,0.023606,0.428178,-0.020430,0.040578,0.317490,0.159593,-10.006118,-10.437471,5.551e-17
GNN,ch4t-test-001829,7,1.071816,0.039068,-0.399490,1.140435,1.009810,1.535231,-2.766580,-3.477974,2.220e-16
GNN,ch4t-test-001830,4,-0.131768,-0.123386,0.439033,0.148040,-1.392032,0.384192,-8.103008,-8.286888,2.776e-17
GNN,ch4t-test-001831,6,1.723406,0.115266,-0.191738,1.252505,1.203770,1.946503,-2.990133,-4.637067,2.220e-16
GNN,ch4t-test-001832,5,-0.047987,-0.096306,0.073696,0.452288,1.247608,0.549372,-5.313067,-5.242470,0.000e+00
GNN,ch4t-test-001833,8,-0.114589,0.246565,-0.190320,0.017472,-0.289004,0.184860,-7.860298,-7.801955,2.776e-17
GNN,ch4t-test-001834,8,-0.167143,0.206891,0.224350,0.260473,0.814664,0.396232,-8.276752,-8.540850,5.551e-17
GNN,ch4t-test-001835,6,1.465460,-0.077221,-0.288649,1.236237,1.136267,0.806715,-4.367887,-5.467477,2.220e-16
GNN,ch4t-test-001836,6,0.244661,0.015477,0.014762,1.939587,1.216302,2.361792,-3.741192,-4.016092,5.551e-17
GNN,ch4t-test-001837,5,0.044921,-0.530306,-0.184368,0.113331,0.773730,0.141636,-9.044809,-8.375056,0.000e+00
GNN,ch4t-test-001838,5,1.173239,0.169269,-0.626200,0.392226,-0.233994,0.717354,-6.486672,-7.202980,0.000e+00
GNN,ch4t-test-001839,4,0.060244,0.028084,0.011853,0.017505,-0.980443,0.202238,-6.674131,-6.774312,1.388e-17
GNN,ch4t-test-001840,4,-0.060247,-0.025341,-0.041702,0.045256,-0.096149,0.128409,-8.195060,-8.067770,0.000e+00
GNN,ch4t-test-001841,7,-0.004291,0.255349,-0.026707,0.006655,0.445407,0.175523,-5.678989,-5.903340,0.000e+00
GNN,ch4t-test-001842,4,0.833300,0.098765,-0.139775,1.372519,0.640829,0.688947,-4.323339,-5.115629,0.000e+00
GNN,ch4t-test-001843,6,-0.049046,-0.132676,0.010282,-0.048889,0.474714,0.156693,-7.242281,-7.070841,0.000e+00
GNN,ch4t-test-001844,7,1.209477,0.083614,-0.213460,0.650274,-1.188502,1.059798,-3.439948,-4.519579,0.000e+00
GNN,ch4t-test-001845,5,0.005381,0.051288,-0.020781,-0.004756,-1.917573,0.082618,-7.863929,-7.899816,0.000e+00
GNN,ch4t-test-001846,6,1.125353,-0.154422,-0.390578,1.153461,0.694327,1.334657,-3.657870,-4.238223,0.000e+00
GNN,ch4t-test-001847,8,1.098723,0.149650,-0.276472,0.366836,0.928904,0.244802,-5.814915,-6.786815,0.000e+00
GNN,ch4t-test-001848,4,0.629105,-0.340407,-0.095263,0.568128,-0.712078,0.793629,-3.182512,-3.375947,0.000e+00
GNN,ch4t-test-001849,7,-0.003178,0.150236,-0.034935,-0.002229,-0.492457,0.131274,-8.491771,-8.603894,0.000e+00
GNN,ch4t-test-001850,8,-0.006882,0.444928,-0.105119,-0.006492,0.562016,0.173390,-6.998675,-7.331602,0.000e+00
GNN,ch4t-test-001851,8,1.267558,0.052159,-0.163513,0.422781,0.741443,0.614933,-2.807530,-3.963734,0.000e+00
GNN,ch4t-test-001852,5,0.830116,-0.115595,-0.106226,2.328248,0.552345,1.169663,-3.275608,-3.883902,0.000e+00
GNN,ch4t-test-001853,8,0.461310,-0.027687,-0.072012,0.727249,1.155017,0.496434,-3.969722,-4.331332,0.000e+00
GNN,ch4t-test-001854,7,0.100891,0.004663,-0.003548,0.994923,1.231994,0.953583,-5.295144,-5.397150,0.000e+00
GNN,ch4t-test-001855,4,0.445437,0.110477,-0.002338,0.321877,0.851028,0.208065,-4.326820,-4.880396,0.000e+00
GNN,ch4t-test-001856,4,0.150310,-0.093404,0.189348,0.637478,1.174200,1.725303,-9.377708,-9.623962,8.327e-17
GNN,ch4t-test-001857,7,0.226340,0.099987,-0.075759,0.188625,1.048138,0.332670,-5.962050,-6.212617,0.000e+00
GNN,ch4t-test-001858,7,0.463524,0.945021,0.143317,0.025737,1.015745,0.171182,-5.306481,-6.858344,2.220e-16
GNN,ch4t-test-001859,5,0.335478,-0.026307,-0.137945,0.336867,-0.583874,0.972079,-5.368783,-5.540009,5.551e-17
GNN,ch4t-test-001860,7,0.704908,-0.092768,0.195241,0.451732,0.625221,1.348009,-5.613233,-6.420615,0.000e+00
GNN,ch4t-test-001861,5,0.170603,-0.056929,0.323769,0.150864,0.225838,0.427158,-4.078078,-4.515521,1.110e-16
GNN,ch4t-test-001862,6,0.563432,0.191635,0.003194,0.052686,0.863792,0.145035,-6.411377,-7.169638,0.000e+00
GNN,ch4t-test-001863,5,0.538587,0.041681,-0.135809,0.611979,0.828394,0.385348,-4.802675,-5.247135,0.000e+00
GNN,ch4t-test-001864,4,0.047487,0.033117,-0.066181,-0.033852,0.072365,0.107438,-7.340122,-7.354545,0.000e+00
GNN,ch4t-test-001865,7,1.640826,-0.414912,-0.574862,0.676619,-0.566585,0.790803,-4.580384,-5.231437,0.000e+00
GNN,ch4t-test-001866,8,0.399987,-0.024908,-0.124436,0.685758,0.874574,1.007012,-3.225937,-3.476579,0.000e+00
GNN,ch4t-test-001867,7,0.751169,-0.250240,0.583214,0.184208,-0.165691,0.713082,-4.385764,-5.469907,0.000e+00
GNN,ch4t-test-001868,4,-0.468570,-0.169966,0.039611,1.761832,0.193812,2.599160,-8.373637,-7.774712,0.000e+00
GNN,ch4t-test-001869,8,-0.127593,-0.003367,-0.240612,0.628817,1.179971,1.324772,-8.453129,-8.081558,5.551e-17
GNN,ch4t-test-001870,7,-0.110988,0.013695,-0.097449,0.908388,1.037659,1.104031,-5.756161,-5.561418,0.000e+00
GNN,ch4t-test-001871,5,0.016300,0.036043,-0.039740,0.751944,0.841795,0.617778,-4.672497,-4.685100,0.000e+00
GNN,ch4t-test-001872,4,-0.017762,0.337410,0.034235,-0.007785,-0.214208,0.135620,-6.949263,-7.303147,5.551e-17
GNN,ch4t-test-001873,6,0.647826,0.384722,-0.165531,0.254123,0.841197,0.253239,-7.009796,-7.876813,0.000e+00
GNN,ch4t-test-001874,5,0.235905,0.081879,-0.181179,0.128594,-1.448966,0.310869,-3.879567,-4.016173,5.551e-17
GNN,ch4t-test-001875,5,-0.862872,-0.130142,0.197075,1.047433,1.284158,1.676121,-8.181273,-7.385335,0.000e+00
GNN,ch4t-test-001876,4,0.869871,0.069891,-0.238826,0.651850,0.779318,0.783826,-7.401607,-8.102542,0.000e+00
GNN,ch4t-test-001877,5,1.038025,-0.062168,-0.236808,0.770757,1.222071,1.268770,-6.729609,-7.468659,0.000e+00
GNN,ch4t-test-001878,7,-0.896913,-0.193611,0.275600,0.207763,0.845996,0.246445,-8.411819,-7.596895,1.110e-16
GNN,ch4t-test-001879,5,0.464177,-0.060350,-0.015741,1.777340,1.082144,1.657511,-6.688844,-7.076930,0.000e+00
GNN,ch4t-test-001880,6,0.652723,0.040635,-0.205323,0.759714,0.889098,0.786130,-5.690467,-6.178501,0.000e+00
GNN,ch4t-test-001881,8,-0.001224,0.485206,-0.039416,0.007233,-0.075430,0.149571,-5.764781,-6.209347,5.551e-17
GNN,ch4t-test-001882,8,-0.656184,-0.174622,0.293053,0.562663,1.041394,0.878153,-5.310578,-4.772824,0.000e+00
GNN,ch4t-test-001883,4,0.861867,0.120863,-0.117368,0.307893,0.941686,0.269715,-4.362964,-5.228326,0.000e+00
GNN,ch4t-test-001884,5,0.036398,-0.177945,0.150419,0.253654,0.626946,0.579516,-7.406466,-7.415338,2.776e-17
GNN,ch4t-test-001885,5,0.994554,-0.003905,-0.213662,0.260434,-1.327887,0.614861,-5.036273,-5.813260,0.000e+00
GNN,ch4t-test-001886,7,0.435681,-0.054046,-0.108585,0.899759,-0.549086,0.821082,-4.262822,-4.535872,5.551e-17
GNN,ch4t-test-001887,8,-0.005955,0.420258,-0.055130,0.025895,-0.095128,0.135848,-7.431000,-7.790172,0.000e+00
GNN,ch4t-test-001888,5,0.115122,-0.068884,0.008291,0.062725,0.629567,0.481173,-5.624839,-5.679368,1.388e-17
GNN,ch4t-test-001889,7,0.185791,0.131295,0.022197,1.106051,0.843435,1.513997,-6.823699,-7.162982,0.000e+00
GNN,ch4t-test-001890,4,-0.099669,-0.062569,-0.029586,0.007245,-0.265513,0.197117,-9.726101,-9.534276,0.000e+00
GNN,ch4t-test-001891,8,0.404121,0.003461,-0.007403,1.054520,0.402805,0.360520,-5.179335,-5.579513,0.000e+00
GNN,ch4t-test-001892,8,-1.124230,-0.172101,0.736876,0.274164,0.134869,1.037042,-8.708121,-8.148666,1.110e-16
GNN,ch4t-test-001893,6,0.322206,1.113932,-0.072279,0.155084,1.068611,0.214297,-11.723079,-13.086938,2.220e-16
GNN,ch4t-test-001894,7,-1.396192,-0.093231,1.388114,0.319175,1.075095,1.030247,-7.883764,-7.782455,5.551e-17
GNN,ch4t-test-001895,5,-0.031080,0.012664,-0.179459,0.014238,-0.590850,0.238752,-10.155603,-9.957728,0.000e+00
GNN,ch4t-test-001896,5,0.001309,0.097719,-0.031704,-0.018213,-1.016435,0.133400,-6.433415,-6.500740,0.000e+00
GNN,ch4t-test-001897,4,1.037150,-0.201667,-0.254099,2.373327,0.993125,1.112660,-3.645024,-4.226408,1.110e-16
GNN,ch4t-test-001898,6,0.333779,-0.003138,-0.081100,0.466046,0.513111,0.510932,-5.035135,-5.284676,2.776e-17
GNN,ch4t-test-001899,8,1.091076,-0.036138,-0.317880,0.422410,0.206425,0.539966,-4.737181,-5.474238,1.110e-16
GNN,ch4t-test-001900,8,-0.066801,0.316010,0.026345,-0.004864,0.499193,0.158086,-6.539265,-6.814819,5.551e-17
GNN,ch4t-test-001901,5,0.679978,0.028713,-0.085151,1.617689,0.580771,0.681032,-4.654514,-5.278054,1.110e-16
GNN,ch4t-test-001902,4,0.004074,-0.069303,-0.066550,-0.004660,-0.532349,0.121992,-7.439078,-7.307300,0.000e+00
GNN,ch4t-test-001903,4,-0.070330,-0.238235,-0.018442,0.362709,1.122491,0.665750,-5.206381,-4.879373,0.000e+00
GNN,ch4t-test-001904,8,-0.001701,0.019114,0.013229,-0.035113,-0.320706,0.212186,-8.137693,-8.168335,0.000e+00
GNN,ch4t-test-001905,6,0.294695,-0.059677,0.005135,0.123539,0.758709,0.227199,-7.509895,-7.750048,0.000e+00
GNN,ch4t-test-001906,7,0.272671,-0.233704,-0.277718,2.125626,1.095386,2.546401,-5.194221,-4.955470,5.551e-17
GNN,ch4t-test-001907,6,0.085340,0.019121,-0.027361,0.905261,0.657935,0.446322,-6.693169,-6.770269,0.000e+00
GNN,ch4t-test-001908,4,0.050764,-0.178220,0.322951,0.849979,-0.825887,1.487727,-5.598349,-5.793843,0.000e+00
GNN,ch4t-test-001909,6,0.106795,0.098132,-0.020847,0.395205,0.873351,0.271336,-3.553470,-3.737551,0.000e+00
GNN,ch4t-test-001910,4,0.285412,0.009902,0.258663,0.324177,0.655910,0.559707,-4.551434,-5.105412,1.110e-16
GNN,ch4t-test-001911,5,0.301896,-0.215010,-0.173710,2.070949,1.207696,1.254288,-7.489346,-7.402523,2.776e-17
GNN,ch4t-test-001912,8,1.307441,0.220442,-0.613009,0.976809,1.245053,2.263329,-5.340699,-6.255573,0.000e+00
GNN,ch4t-test-001913,6,1.181706,0.474521,-0.181470,0.325624,0.567541,0.854154,-3.472557,-4.947313,0.000e+00
GNN,ch4t-test-001914,5,0.647484,0.309407,-0.269319,0.266838,0.149898,0.631596,-5.674160,-6.361732,0.000e+00
GNN,ch4t-test-001915,8,-0.024968,0.091327,-0.053292,0.070356,0.831741,0.211774,-6.050926,-6.063994,0.000e+00
GNN,ch4t-test-001916,5,0.198411,-0.061209,0.363106,0.558358,0.943569,0.614641,-5.806904,-6.307212,1.110e-16
GNN,ch4t-test-001917,6,1.421864,-0.077819,-0.525208,0.832945,0.176506,2.290269,-3.271133,-4.089970,1.110e-16
GNN,ch4t-test-001918,8,-1.940626,-2.484946,-0.713188,0.332764,0.062600,0.782209,-15.259318,-10.120558,0.000e+00
GNN,ch4t-test-001919,7,-0.021613,0.031475,-0.033652,0.020083,0.051025,0.178477,-6.439957,-6.416167,0.000e+00
GNN,ch4t-test-001920,6,-0.178205,-0.245630,0.276046,0.143464,1.142045,0.554391,-4.646311,-4.498522,0.000e+00
GNN,ch4t-test-001921,4,-0.022511,-0.060440,-0.039175,0.013388,0.315520,0.197005,-8.356306,-8.234180,0.000e+00
GNN,ch4t-test-001922,4,0.089349,-0.062689,0.053498,0.073055,0.290249,0.195273,-5.511345,-5.591503,0.000e+00
GNN,ch4t-test-001923,7,0.185571,-0.010735,-0.020391,0.702688,1.125775,0.765711,-4.460957,-4.615402,0.000e+00
GNN,ch4t-test-001924,4,4.100214,0.368597,-0.690304,0.382271,-1.134160,1.026984,-3.118217,-6.896724,0.000e+00
GNN,ch4t-test-001925,7,1.349455,-0.323526,0.161037,0.508994,0.601629,0.881521,-4.303292,-5.490259,2.220e-16
GNN,ch4t-test-001926,7,0.120954,0.596043,-0.088421,0.086772,0.986001,0.188454,-5.685005,-6.313580,1.110e-16
GNN,ch4t-test-001927,8,-0.433263,-0.139735,0.164478,0.537188,0.977160,0.989621,-6.225801,-5.817280,5.551e-17
GNN,ch4t-test-001928,8,1.363905,0.042959,-0.279397,0.127468,0.775781,0.230376,-3.327345,-4.454812,2.220e-16
GNN,ch4t-test-001929,5,0.405628,0.123687,-0.093561,0.330226,0.988375,0.203695,-4.332133,-4.767887,0.000e+00
GNN,ch4t-test-001930,5,-0.012891,0.155317,-0.003046,0.003715,-2.409983,0.055681,-7.481352,-7.620732,0.000e+00
GNN,ch4t-test-001931,8,0.567531,-0.064162,-0.111284,2.551372,1.260459,1.017241,-3.850227,-4.242312,0.000e+00
GNN,ch4t-test-001932,7,0.800415,0.105878,-0.177266,0.748219,0.930449,1.450752,-4.173309,-4.902336,1.110e-16
GNN,ch4t-test-001933,7,0.198448,0.191461,0.216377,0.256786,0.509678,0.895181,-5.793689,-6.399975,0.000e+00
GNN,ch4t-test-001934,5,-0.111615,-0.119595,0.089654,0.258742,0.682061,0.219986,-5.378781,-5.237226,0.000e+00
GNN,ch4t-test-001935,8,0.486623,0.004395,-0.164935,0.571504,0.986503,0.247649,-3.757963,-4.084046,0.000e+00
GNN,ch4t-test-001936,7,-0.003444,0.003330,-0.055197,0.735983,0.307139,0.841299,-7.286289,-7.230979,0.000e+00
GNN,ch4t-test-001937,6,-0.082204,-0.163716,0.059797,-0.024493,-0.152122,0.106068,-7.714801,-7.528678,0.000e+00
GNN,ch4t-test-001938,8,0.633715,0.040053,-0.235252,0.412748,0.080909,0.756050,-4.173617,-4.612133,5.551e-17
GNN,ch4t-test-001939,6,0.126060,-0.441444,1.450314,0.954391,0.918389,3.160819,-4.176200,-5.311129,0.000e+00
GNN,ch4t-test-001940,5,0.046400,0.368478,-0.044715,-0.043874,0.663905,0.150503,-6.722234,-7.092397,0.000e+00
GNN,ch4t-test-001941,7,-0.006500,0.073362,-0.008143,0.013295,-0.426317,0.150452,-6.721296,-6.780014,0.000e+00
GNN,ch4t-test-001942,6,-0.405472,-0.145358,0.145868,0.640920,0.995212,0.548052,-4.721856,-4.316895,0.000e+00
GNN,ch4t-test-001943,8,0.785321,0.000675,-0.327817,0.487049,1.169040,0.559818,-4.086325,-4.544505,0.000e+00
GNN,ch4t-test-001944,6,0.426417,0.050699,-0.337922,1.050376,0.677408,1.996862,-4.482704,-4.621898,0.000e+00
GNN,ch4t-test-001945,7,0.041965,-0.009301,-0.120727,1.078291,1.211823,1.472999,-5.435799,-5.347736,1.388e-17
GNN,ch4t-test-001946,5,0.160936,0.026889,-0.049344,0.475213,0.429840,0.281557,-4.213405,-4.351886,0.000e+00
GNN,ch4t-test-001947,6,1.007340,0.076970,-0.840533,0.712963,-0.771590,1.120993,-4.498578,-4.742355,0.000e+00
GNN,ch4t-test-001948,6,0.056215,0.159612,0.037675,0.192299,0.785414,0.296592,-3.614412,-3.867913,0.000e+00
GNN,ch4t-test-001949,5,0.490456,-0.477701,0.075800,0.062544,-0.946207,0.155253,-5.370037,-5.458592,5.551e-17
GNN,ch4t-test-001950,6,-0.020417,0.141547,0.098474,-0.019213,-1.689025,0.151342,-7.078152,-7.297756,0.000e+00
GNN,ch4t-test-001951,7,0.013753,0.137237,-0.003876,-0.003491,-0.108056,0.136063,-7.740522,-7.887636,0.000e+00
GNN,ch4t-test-001952,7,0.012891,0.202574,0.030139,0.013773,0.106943,0.197055,-9.640896,-9.886499,0.000e+00
GNN,ch4t-test-001953,5,0.139372,-0.156925,-0.017653,0.041531,-0.118177,0.132140,-10.947598,-10.912392,2.776e-17
GNN,ch4t-test-001954,4,0.014758,0.052542,-0.020952,-0.034562,-1.571777,0.123640,-8.190646,-8.236993,0.000e+00
GNN,ch4t-test-001955,6,0.238160,0.002472,0.221951,0.377617,-0.214358,1.012531,-4.496760,-4.959343,5.551e-17
GNN,ch4t-test-001956,7,0.261455,0.063524,-0.029115,0.820084,1.080511,0.417188,-4.515735,-4.811598,5.551e-17
GNN,ch4t-test-001957,8,0.036197,-0.060112,-0.067758,-0.032653,0.278325,0.149332,-7.042824,-6.951151,2.776e-17
GNN,ch4t-test-001958,8,0.589728,-0.019673,-0.144563,0.655252,0.776928,0.787037,-4.581080,-5.006573,0.000e+00
GNN,ch4t-test-001959,5,0.165950,-0.091601,0.020084,0.314197,0.537614,0.199347,-5.515978,-5.610410,1.388e-17
GNN,ch4t-test-001960,4,0.005415,-0.030526,-0.020380,-0.020876,-1.319081,0.157556,-7.926366,-7.880874,0.000e+00
GNN,ch4t-test-001961,7,-0.077162,-0.250281,0.023743,-0.024561,0.703645,0.197712,-6.807820,-6.504120,0.000e+00
GNN,ch4t-test-001962,8,0.597410,0.008522,-0.085664,0.361500,0.670380,0.491990,-5.396432,-5.916700,0.000e+00
GNN,ch4t-test-001963,8,0.023450,0.377341,-0.021047,-0.000056,0.185738,0.146241,-7.752603,-8.132347,0.000e+00
GNN,ch4t-test-001964,7,0.204888,-0.035644,-0.016141,0.031169,0.974136,0.262459,-5.405159,-5.558263,5.551e-17
GNN,ch4t-test-001965,8,0.792557,0.119267,-0.132495,0.801868,0.698017,0.589818,-4.574471,-5.353799,0.000e+00
GNN,ch4t-test-001966,7,0.384097,0.084058,-0.121148,0.207500,1.184750,0.320945,-3.369000,-3.716007,0.000e+00
GNN,ch4t-test-001967,8,0.118613,0.018867,-0.049637,1.040418,1.086057,0.653607,-4.520144,-4.607987,0.000e+00
GNN,ch4t-test-001968,6,-0.459672,-0.392914,-0.128349,0.102013,0.793646,0.386969,-10.101548,-9.120615,1.110e-16
GNN,ch4t-test-001969,4,0.806567,0.114670,0.222719,0.206378,-0.269501,0.567814,-4.075795,-5.219751,0.000e+00
GNN,ch4t-test-001970,5,-0.081313,-0.089680,-0.058242,-0.036144,1.059333,0.199762,-7.302837,-7.073602,0.000e+00
GNN,ch4t-test-001971,4,-0.007818,0.112711,-0.001401,0.020596,-0.619523,0.125696,-9.085609,-9.189102,0.000e+00
GNN,ch4t-test-001972,7,0.720106,0.099095,-0.138006,0.510858,0.841989,0.532563,-4.511824,-5.193018,0.000e+00
GNN,ch4t-test-001973,4,0.000541,0.502701,-0.227117,-0.002576,0.303079,0.189129,-6.268193,-6.544318,5.551e-17
GNN,ch4t-test-001974,4,-0.024644,0.323279,-0.082192,0.043383,0.311546,0.193049,-6.231523,-6.447966,0.000e+00
GNN,ch4t-test-001975,4,0.028698,-0.048311,0.036400,0.897573,-0.193194,1.517018,-5.212604,-5.229391,0.000e+00
GNN,ch4t-test-001976,6,0.484930,0.150184,-0.128980,0.754085,1.221247,1.301617,-6.188572,-6.694707,0.000e+00
GNN,ch4t-test-001977,5,0.102958,-0.013080,-0.023908,0.711816,-0.164298,0.407469,-5.583629,-5.649599,1.388e-17
GNN,ch4t-test-001978,4,1.518267,0.224771,-0.107274,0.393359,0.871937,0.590957,-4.008137,-5.643901,0.000e+00
GNN,ch4t-test-001979,7,0.500108,-0.068564,-0.155582,1.718653,1.251766,1.372417,-3.938383,-4.214345,0.000e+00
GNN,ch4t-test-001980,6,0.227041,-0.024101,-0.130551,0.283638,0.877181,0.671598,-4.081031,-4.153420,2.776e-17
GNN,ch4t-test-001981,4,-0.072238,0.214641,-0.043660,-0.025598,-0.716577,0.124176,-8.067709,-8.166453,0.000e+00
GNN,ch4t-test-001982,5,-0.011487,0.115763,0.028296,-0.030854,-0.754167,0.147168,-7.399734,-7.532305,0.000e+00
GNN,ch4t-test-001983,5,1.238657,0.277000,-0.660282,0.699938,0.785452,1.124504,-5.374966,-6.230341,0.000e+00
GNN,ch4t-test-001984,8,0.501362,-0.054195,-0.182326,0.720857,0.671269,1.030085,-2.918860,-3.183701,0.000e+00
GNN,ch4t-test-001985,6,0.216684,-0.108992,0.035572,1.252589,1.406229,1.982122,-5.704185,-5.847449,0.000e+00
GNN,ch4t-test-001986,7,1.074042,-0.178944,-0.108806,0.382486,-1.257106,0.270421,-3.367797,-4.154090,2.220e-16
GNN,ch4t-test-001987,8,-1.007436,-0.571318,0.702171,0.302510,1.152942,0.722413,-8.878675,-8.002093,1.110e-16
GNN,ch4t-test-001988,6,-0.062667,-0.174208,-0.032096,0.386904,0.718381,0.380381,-6.379914,-6.110943,0.000e+00
GNN,ch4t-test-001989,4,0.326190,-0.021824,-0.382168,0.685440,1.151956,0.859937,-6.530673,-6.452870,2.776e-17
GNN,ch4t-test-001990,7,-0.217059,-0.104360,0.176187,0.445623,-0.024810,0.800815,-4.968423,-4.823192,0.000e+00
GNN,ch4t-test-001991,4,1.441741,-0.335699,-0.099170,2.439831,0.843271,1.708597,-2.334876,-3.341748,2.220e-16
GNN,ch4t-test-001992,8,-0.063581,0.181053,0.053820,0.248249,0.941150,0.297372,-6.294742,-6.466034,0.000e+00
GNN,ch4t-test-001993,4,0.063757,0.516670,-0.017059,0.007828,0.529709,0.080113,-6.678484,-7.241852,1.110e-16
GNN,ch4t-test-001994,8,0.066307,-0.132682,0.005254,0.007187,1.114411,0.192610,-5.526317,-5.465196,0.000e+00
GNN,ch4t-test-001995,5,0.703351,-0.000780,-0.121203,0.677996,0.987491,0.310868,-3.704366,-4.285734,0.000e+00
GNN,ch4t-test-001996,6,0.186175,0.045995,-0.170429,0.717300,-0.398711,2.073407,-4.296917,-4.358658,4.163e-17
GNN,ch4t-test-001997,6,-0.515345,-0.181529,0.232964,0.657882,0.795949,0.409556,-7.530980,-7.067071,5.551e-17
GNN,ch4t-test-001998,8,0.316340,0.077731,-0.033868,0.730095,0.975861,1.000812,-4.489077,-4.849280,5.551e-17
GNN,ch4t-test-001999,6,0.244269,0.078127,-0.039722,0.261393,0.482776,0.559176,-4.966431,-5.249106,0.000e+00
Set Transformer,ch4t-test-000000,6,0.181536,0.187846,0.390376,0.637727,0.664518,1.363644,-4.608980,-5.368738,0.000e+00
Set Transformer,ch4t-test-000001,4,-0.099337,-0.497019,-0.061513,0.942629,0.220189,1.585843,-7.006051,-6.348182,0.000e+00
Set Transformer,ch4t-test-000002,6,3.468722,-1.050039,-1.249880,2.151335,-0.560630,1.432217,-3.004363,-4.173166,4.441e-16
Set Transformer,ch4t-test-000003,5,1.606042,-0.559350,-0.184953,0.809028,-0.470753,1.020843,-4.091496,-4.953235,2.220e-16
Set Transformer,ch4t-test-000004,6,1.330695,-0.123967,-0.251828,0.420327,0.880178,0.402675,-3.131449,-4.086349,2.220e-16
Set Transformer,ch4t-test-000005,6,0.172438,-0.130880,0.316115,0.822973,0.133216,1.305014,-5.818664,-6.176337,0.000e+00
Set Transformer,ch4t-test-000006,8,1.438602,0.012817,-0.092119,0.222705,-0.008838,0.434744,-3.006353,-4.365653,4.441e-16
Set Transformer,ch4t-test-000007,5,3.351647,-1.132292,-0.404643,0.228273,-1.132776,0.189003,-2.151857,-3.966569,2.220e-16
Set Transformer,ch4t-test-000008,6,0.519887,0.298485,-0.102988,0.131892,0.855553,0.159724,-8.547831,-9.263216,0.000e+00
Set Transformer,ch4t-test-000009,4,1.103127,-0.079901,-0.716423,0.845038,-0.812864,1.616322,-5.207656,-5.514459,1.110e-16
Set Transformer,ch4t-test-000010,6,1.040824,0.424789,0.357560,0.641779,0.819704,0.987655,-5.660560,-7.483734,4.441e-16
Set Transformer,ch4t-test-000011,6,-0.013460,-0.652204,0.420696,0.057311,0.003176,0.119267,-9.351509,-9.106541,0.000e+00
Set Transformer,ch4t-test-000012,5,-0.834277,-0.467629,0.472202,0.104189,0.600659,0.220905,-6.589815,-5.760112,0.000e+00
Set Transformer,ch4t-test-000013,6,0.285739,-0.066343,-0.166818,0.848507,0.965370,0.295609,-4.060086,-4.112664,2.776e-17
Set Transformer,ch4t-test-000014,4,-0.211097,-0.614034,0.594522,0.608296,-0.519051,1.616750,-6.170318,-5.939709,5.551e-17
Set Transformer,ch4t-test-000015,6,0.481974,0.458708,-0.119039,0.135779,0.968994,0.264520,-6.907737,-7.729380,1.110e-16
Set Transformer,ch4t-test-000016,5,0.354391,0.096199,-0.055162,-0.007097,0.094556,0.135593,-7.289183,-7.684611,0.000e+00
Set Transformer,ch4t-test-000017,4,-0.164272,0.096309,-0.086352,0.002190,0.315155,0.162276,-8.034398,-7.880083,0.000e+00
Set Transformer,ch4t-test-000018,7,0.294975,-0.005678,0.062301,-0.007181,1.136367,0.161802,-7.212591,-7.564190,5.551e-17
Set Transformer,ch4t-test-000019,4,-0.160053,0.090286,-0.092003,0.026335,-0.439010,0.124335,-7.187542,-7.025772,0.000e+00
Set Transformer,ch4t-test-000020,4,0.194690,0.382083,-0.159251,0.151752,0.730750,0.236036,-7.787640,-8.205162,0.000e+00
Set Transformer,ch4t-test-000021,6,2.058562,1.104757,-0.144186,0.503223,0.907480,0.936137,-4.698772,-7.717905,4.441e-16
Set Transformer,ch4t-test-000022,8,0.385439,0.109299,-0.261199,0.274381,0.027776,0.705825,-7.969713,-8.203251,5.551e-17
Set Transformer,ch4t-test-000023,4,0.654344,-0.301073,0.150320,0.146635,0.656145,0.652743,-5.987642,-6.491233,0.000e+00
Set Transformer,ch4t-test-000024,6,0.439146,0.005333,-0.050608,0.148495,1.096784,0.445498,-5.857433,-6.251304,0.000e+00
Set Transformer,ch4t-test-000025,7,1.286508,0.320787,-0.115647,0.182088,1.061471,0.197966,-3.439169,-4.930817,2.220e-16
Set Transformer,ch4t-test-000026,7,0.824715,0.189506,-0.657602,1.387166,1.025204,1.564768,-5.557797,-5.914416,0.000e+00
Set Transformer,ch4t-test-000027,6,0.077446,0.416136,0.085731,0.048287,0.974289,0.170442,-6.184558,-6.763872,0.000e+00
Set Transformer,ch4t-test-000028,6,-0.038493,-0.531508,0.722891,0.665027,-0.454109,1.086724,-7.053319,-7.206209,0.000e+00
Set Transformer,ch4t-test-000029,7,2.030481,-0.462896,-0.197881,1.445491,0.056826,0.503572,-3.488558,-4.858262,0.000e+00
Set Transformer,ch4t-test-000030,8,0.785115,-0.037477,-0.067866,0.774808,-0.045212,1.356714,-3.938579,-4.618351,0.000e+00
Set Transformer,ch4t-test-000031,6,0.222613,-0.114808,0.212885,0.044923,-1.487200,0.211424,-4.020506,-4.341196,0.000e+00
Set Transformer,ch4t-test-000032,4,0.048092,0.368088,0.146094,0.006030,-0.688190,0.160025,-7.096173,-7.658447,0.000e+00
Set Transformer,ch4t-test-000033,6,1.244402,0.023527,-0.189079,0.783479,0.813890,0.357113,-4.540790,-5.619640,0.000e+00
Set Transformer,ch4t-test-000034,4,-0.274424,0.424281,-0.123604,-0.071173,-0.949594,0.121747,-7.843995,-7.870248,0.000e+00
Set Transformer,ch4t-test-000035,7,0.619409,-0.712534,0.408666,0.177598,-0.197380,1.109773,-6.327491,-6.643033,1.110e-16
Set Transformer,ch4t-test-000036,5,0.269772,0.099637,0.068087,0.110581,0.900375,0.128937,-4.887780,-5.325275,1.110e-16
Set Transformer,ch4t-test-000037,4,1.903917,-0.215688,-0.367639,1.248310,0.070080,0.515026,-2.732554,-4.053143,0.000e+00
Set Transformer,ch4t-test-000038,6,1.754551,0.099995,-0.621341,1.005406,1.273039,0.962400,-3.966707,-5.199911,2.220e-16
Set Transformer,ch4t-test-000039,7,0.001974,0.357326,0.037139,-0.019889,-0.314319,0.146824,-6.335628,-6.732067,0.000e+00
Set Transformer,ch4t-test-000040,8,0.215785,-0.175341,-0.182643,1.190629,1.099744,1.020201,-6.783512,-6.641313,0.000e+00
Set Transformer,ch4t-test-000041,5,0.199198,0.083215,-0.060791,0.441565,0.608848,0.285420,-4.125534,-4.347156,2.776e-17
Set Transformer,ch4t-test-000042,8,1.312647,0.364152,-0.311332,0.607313,1.242851,0.780375,-4.689703,-6.055169,0.000e+00
Set Transformer,ch4t-test-000043,4,0.239293,0.096899,-0.126365,0.356117,0.786860,0.255857,-5.451550,-5.661377,2.776e-17
Set Transformer,ch4t-test-000044,7,-0.104069,0.082521,-0.122601,0.324798,1.201926,0.353734,-5.037084,-4.892935,0.000e+00
Set Transformer,ch4t-test-000045,8,1.492220,0.117849,-0.667419,0.829803,0.281951,0.759054,-3.198166,-4.140816,1.110e-16
Set Transformer,ch4t-test-000046,5,1.182123,-0.034258,-0.370679,0.528584,0.883876,0.476107,-5.268564,-6.045750,0.000e+00
Set Transformer,ch4t-test-000047,6,1.144011,0.200825,-0.249160,0.574687,0.685920,0.326932,-2.935485,-4.031162,2.220e-16
Set Transformer,ch4t-test-000048,4,-0.359451,0.235177,-0.148152,0.071165,-0.270524,0.150743,-8.176555,-7.904129,0.000e+00
Set Transformer,ch4t-test-000049,6,-0.296062,-0.078813,0.046852,1.720491,0.794219,0.835400,-4.760930,-4.432907,0.000e+00
Set Transformer,ch4t-test-000050,4,-0.034626,0.485338,-0.120780,-0.012735,0.653175,0.185250,-7.364546,-7.694478,0.000e+00
Set Transformer,ch4t-test-000051,7,0.698202,0.103115,-0.232632,0.710205,0.614021,0.790576,-4.574257,-5.142941,0.000e+00
Set Transformer,ch4t-test-000052,8,-0.013441,0.980426,-0.143032,0.002435,0.469011,0.146897,-7.217977,-8.041930,0.000e+00
Set Transformer,ch4t-test-000053,4,0.063837,0.543502,0.162338,-0.020594,0.055872,0.206872,-8.553240,-9.322918,1.110e-16
Set Transformer,ch4t-test-000054,8,0.528001,-0.066281,0.412617,0.708025,1.001874,1.445844,-5.301170,-6.175507,2.220e-16
Set Transformer,ch4t-test-000055,4,3.580193,-0.372226,-0.725922,2.206846,-0.308185,2.058204,-2.833067,-5.315112,0.000e+00
Set Transformer,ch4t-test-000056,5,0.437754,-0.036609,0.000464,0.984436,0.482682,0.994610,-5.018357,-5.419966,1.110e-16
Set Transformer,ch4t-test-000057,4,0.372641,-0.317669,0.268258,0.230107,0.312627,1.003222,-5.541391,-5.864620,1.665e-16
Set Transformer,ch4t-test-000058,5,0.185258,-0.350585,0.087147,1.196683,0.617740,1.215520,-5.448042,-5.369862,5.551e-17
Set Transformer,ch4t-test-000059,4,0.051508,-0.083803,0.103896,0.016043,-1.533170,0.158207,-7.134374,-7.205975,4.163e-17
Set Transformer,ch4t-test-000060,6,0.238167,-0.377337,0.519246,0.047523,1.183127,0.244018,-6.175498,-6.555574,0.000e+00
Set Transformer,ch4t-test-000061,5,0.259012,0.197432,0.683629,0.065129,-0.249700,0.245986,-6.546717,-7.686790,2.220e-16
Set Transformer,ch4t-test-000062,8,-0.112707,0.014691,0.000054,0.749536,0.312699,0.293790,-4.555128,-4.457167,1.388e-17
Set Transformer,ch4t-test-000063,5,-0.800701,-0.400246,1.105150,0.332781,1.499720,1.154269,-8.171984,-8.076187,5.551e-17
Set Transformer,ch4t-test-000064,6,0.749253,-0.188372,-0.064236,0.490175,0.027947,0.218182,-3.564567,-4.061212,0.000e+00
Set Transformer,ch4t-test-000065,5,-0.097325,1.124973,-0.094245,0.205555,-1.251043,0.359317,-11.248883,-12.182287,2.220e-16
Set Transformer,ch4t-test-000066,5,-0.502008,-0.344698,0.312631,0.804769,0.298137,1.500450,-5.931405,-5.397330,0.000e+00
Set Transformer,ch4t-test-000067,4,0.570373,-0.033824,-0.108436,0.556890,0.594841,0.413796,-3.878564,-4.306678,0.000e+00
Set Transformer,ch4t-test-000068,8,0.028871,-0.121338,0.208068,0.560072,0.469245,0.706494,-5.354223,-5.469824,2.776e-17
Set Transformer,ch4t-test-000069,6,2.307989,0.103545,-0.631554,0.604049,0.695678,0.560770,-3.674178,-5.454158,2.220e-16
Set Transformer,ch4t-test-000070,5,0.341555,-0.162941,-0.170811,1.541777,1.016916,1.148200,-6.045372,-6.053175,2.776e-17
Set Transformer,ch4t-test-000071,7,0.366929,0.179155,-0.116495,0.192022,0.863871,0.162562,-4.581136,-5.010725,0.000e+00
Set Transformer,ch4t-test-000072,8,-0.094314,-0.159106,0.447366,0.183500,0.549266,0.488613,-6.217016,-6.410962,2.776e-17
Set Transformer,ch4t-test-000073,6,-0.098117,-0.252653,0.042859,0.275711,1.188980,0.677568,-7.433668,-7.125757,0.000e+00
Set Transformer,ch4t-test-000074,7,-0.027655,0.429657,-0.025166,0.002488,-0.326851,0.157191,-7.021936,-7.398773,5.551e-17
Set Transformer,ch4t-test-000075,7,-0.688479,-0.365268,-0.099657,0.383942,1.113221,0.481757,-6.520718,-5.367313,0.000e+00
Set Transformer,ch4t-test-000076,6,0.749657,0.143385,-0.156795,0.156547,0.705494,0.195439,-5.378741,-6.114987,0.000e+00
Set Transformer,ch4t-test-000077,5,0.289543,0.108946,-0.105075,0.630672,0.871787,0.370245,-5.168516,-5.461930,0.000e+00
Set Transformer,ch4t-test-000078,8,1.275770,-0.081192,-0.324934,0.725403,0.733553,0.479713,-4.888400,-5.758043,0.000e+00
Set Transformer,ch4t-test-000079,7,0.965725,0.216558,-0.371061,0.516051,0.981980,0.871642,-4.022205,-4.833426,0.000e+00
Set Transformer,ch4t-test-000080,5,1.662400,-0.009871,-0.353240,0.483552,-0.443648,1.047347,-4.149051,-5.448341,0.000e+00
Set Transformer,ch4t-test-000081,8,2.081395,-0.214150,-0.285446,2.021182,0.170791,2.419411,-3.815364,-5.397163,2.220e-16
Set Transformer,ch4t-test-000082,5,-0.529088,-0.662641,0.227276,0.781022,1.132888,1.438813,-8.554817,-7.590363,0.000e+00
Set Transformer,ch4t-test-000083,8,0.701835,0.105812,-0.091644,1.289708,0.865309,0.802364,-5.358347,-6.074351,0.000e+00
Set Transformer,ch4t-test-000084,5,-0.040411,0.065487,-0.016703,1.266439,1.240060,0.498064,-6.345925,-6.354298,0.000e+00
Set Transformer,ch4t-test-000085,5,1.242990,0.240905,-0.469935,1.282775,0.285598,1.512181,-4.931349,-5.945308,4.441e-16
Set Transformer,ch4t-test-000086,5,-0.699911,-0.517875,0.875864,0.629027,0.563564,1.774248,-6.547765,-6.205842,0.000e+00
Set Transformer,ch4t-test-000087,4,0.023216,-0.076989,0.365909,0.293601,-1.465554,0.661417,-4.334280,-4.646416,0.000e+00
Set Transformer,ch4t-test-000088,5,0.117873,0.392007,0.302932,0.041218,0.904988,0.307530,-5.997366,-6.810178,0.000e+00
Set Transformer,ch4t-test-000089,8,0.603992,0.112304,-0.348068,0.501296,1.212936,0.628711,-4.034596,-4.402824,0.000e+00
Set Transformer,ch4t-test-000090,4,-0.418683,-0.217836,0.499227,0.661473,1.350764,2.048527,-12.422615,-12.285323,0.000e+00
Set Transformer,ch4t-test-000091,6,0.009873,0.144220,-0.107341,-0.008475,-1.075688,0.140982,-7.460258,-7.507009,1.388e-17
Set Transformer,ch4t-test-000092,4,0.233175,0.015098,-0.030406,0.405468,0.759218,0.243055,-5.963878,-6.181745,0.000e+00
Set Transformer,ch4t-test-000093,6,0.341501,0.079865,-0.097444,0.519064,-0.468039,0.489895,-4.873935,-5.197857,0.000e+00
Set Transformer,ch4t-test-000094,5,0.716157,0.258672,-0.116439,0.155166,0.605301,0.164914,-4.864992,-5.723382,0.000e+00
Set Transformer,ch4t-test-000095,4,-0.394470,0.172217,0.021072,0.009689,0.801786,0.150566,-8.808215,-8.607034,0.000e+00
Set Transformer,ch4t-test-000096,7,0.968265,0.083065,-0.295056,0.835135,0.366204,0.769006,-3.968747,-4.725020,1.110e-16
Set Transformer,ch4t-test-000097,6,0.401274,-0.022320,0.614586,0.870281,0.737424,1.960934,-4.989847,-5.983388,0.000e+00
Set Transformer,ch4t-test-000098,8,-0.024857,0.255230,-0.019590,0.011887,-0.948919,0.095768,-7.256404,-7.467187,2.776e-17
Set Transformer,ch4t-test-000099,6,0.038507,0.322143,0.063470,0.012492,0.773364,0.147097,-8.431061,-8.855180,0.000e+00
Set Transformer,ch4t-test-000100,4,0.669263,-0.256162,-0.650219,0.846967,-0.694340,0.761889,-5.024469,-4.787351,5.551e-17
Set Transformer,ch4t-test-000101,5,-0.064139,0.614872,0.050808,0.011587,0.076051,0.126212,-6.681936,-7.283477,1.110e-16
Set Transformer,ch4t-test-000102,4,1.135435,0.216177,-0.490144,0.834086,0.460528,1.121487,-4.194424,-5.055892,0.000e+00
Set Transformer,ch4t-test-000103,5,0.797834,-0.303051,-0.215592,0.860097,-0.908296,0.863958,-4.162446,-4.441637,5.551e-17
Set Transformer,ch4t-test-000104,8,1.031408,0.187199,-0.330384,0.862176,0.874973,0.836113,-4.071852,-4.960075,0.000e+00
Set Transformer,ch4t-test-000105,5,0.053899,0.415693,-0.105415,-0.030739,0.488907,0.162511,-6.155860,-6.520038,0.000e+00
Set Transformer,ch4t-test-000106,6,0.019367,1.091098,-0.040063,-0.052639,0.780734,0.138579,-6.653014,-7.723416,0.000e+00
Set Transformer,ch4t-test-000107,7,1.500178,-0.002846,-0.758033,1.200860,-0.125491,1.019110,-5.737105,-6.476404,0.000e+00
Set Transformer,ch4t-test-000108,5,0.367164,0.160976,-0.113577,0.717975,0.545101,1.435953,-5.265194,-5.679757,5.551e-17
Set Transformer,ch4t-test-000109,6,0.990321,-0.100835,-0.184858,0.691233,0.923521,0.579096,-5.299790,-6.004418,1.110e-16
Set Transformer,ch4t-test-000110,5,-0.050093,0.085876,-0.139672,0.018473,-2.252404,0.120192,-8.110424,-8.006535,1.388e-17
Set Transformer,ch4t-test-000111,4,0.020239,0.192789,-0.141749,-0.025772,-0.896542,0.145953,-7.591615,-7.662893,1.388e-17
Set Transformer,ch4t-test-000112,5,-0.000247,0.138164,-0.051906,0.001108,-1.895196,0.086061,-7.845463,-7.931473,0.000e+00
Set Transformer,ch4t-test-000113,4,0.407596,0.269158,-0.111617,0.150001,-0.162470,0.214874,-5.045763,-5.610899,0.000e+00
Set Transformer,ch4t-test-000114,7,0.173383,0.179140,0.118131,0.303263,0.798310,0.371703,-3.838047,-4.308701,1.110e-16
Set Transformer,ch4t-test-000115,7,0.792894,-0.071581,-0.184039,0.677141,0.998348,0.339206,-4.173053,-4.710327,1.110e-16
Set Transformer,ch4t-test-000116,6,0.466090,-0.003553,-0.064059,0.976388,0.906013,0.606898,-5.155270,-5.553747,0.000e+00
Set Transformer,ch4t-test-000117,5,1.134254,-0.147856,-0.199841,0.839938,0.903607,0.945353,-3.646217,-4.432774,0.000e+00
Set Transformer,ch4t-test-000118,4,0.328510,0.258352,-0.178870,0.420425,-0.460935,0.494524,-4.944083,-5.352075,5.551e-17
Set Transformer,ch4t-test-000119,8,0.598189,0.193245,-0.025053,0.089477,0.730241,0.196678,-6.209371,-6.975751,0.000e+00
Set Transformer,ch4t-test-000120,4,0.034579,0.061554,0.050466,0.522779,0.588032,0.225695,-5.013726,-5.160325,0.000e+00
Set Transformer,ch4t-test-000121,7,2.857531,-0.324794,-0.433642,1.619961,0.800971,0.705940,-2.569230,-4.668325,4.441e-16
Set Transformer,ch4t-test-000122,7,0.791936,0.251893,0.001220,0.362482,0.771682,0.342589,-4.190868,-5.235918,0.000e+00
Set Transformer,ch4t-test-000123,5,0.016290,1.402617,0.063419,-0.006038,0.891297,0.206314,-5.861902,-7.344228,0.000e+00
Set Transformer,ch4t-test-000124,7,-0.291178,1.057831,0.195822,-0.006890,0.715249,0.192234,-6.861533,-7.824008,0.000e+00
Set Transformer,ch4t-test-000125,6,0.981183,-0.178295,-0.023145,1.489372,0.883856,0.812218,-4.791612,-5.571356,0.000e+00
Set Transformer,ch4t-test-000126,5,-0.487171,-0.160706,-0.482779,0.300124,0.505599,0.791930,-7.177078,-6.046422,0.000e+00
Set Transformer,ch4t-test-000127,5,-0.030467,0.554300,-0.135492,-0.022296,0.000968,0.151439,-6.852215,-7.240556,5.551e-17
Set Transformer,ch4t-test-000128,5,1.328137,0.017382,-0.428683,1.332145,-0.221526,1.420843,-5.513686,-6.430522,0.000e+00
Set Transformer,ch4t-test-000129,4,0.497602,0.002100,-0.171858,1.865524,0.116365,1.292240,-4.554505,-4.882349,5.551e-17
Set Transformer,ch4t-test-000130,5,0.623236,0.434606,0.090069,0.332390,1.127849,0.314508,-4.143972,-5.291883,2.220e-16
Set Transformer,ch4t-test-000131,8,-0.109474,0.429723,0.384799,-0.019865,0.418054,0.125733,-6.396452,-7.101500,0.000e+00
Set Transformer,ch4t-test-000132,6,0.759378,-0.005346,0.195272,0.487462,1.088439,0.882725,-5.196211,-6.145515,2.220e-16
Set Transformer,ch4t-test-000133,4,0.764136,0.091930,0.146997,1.136990,0.427413,2.531168,-4.980756,-5.983819,0.000e+00
Set Transformer,ch4t-test-000134,5,0.995333,-0.185924,-0.810899,1.267704,-0.014575,1.501776,-6.438993,-6.437504,5.551e-17
Set Transformer,ch4t-test-000135,5,-0.001564,0.061239,-0.022121,0.000708,-2.454479,0.068311,-8.025144,-8.062697,6.939e-18
Set Transformer,ch4t-test-000136,6,0.346465,0.520597,0.113388,0.006802,0.996821,0.130481,-6.082572,-7.063022,0.000e+00
Set Transformer,ch4t-test-000137,8,-0.016924,0.172191,-0.088248,0.024784,-0.685556,0.124916,-7.498487,-7.565506,0.000e+00
Set Transformer,ch4t-test-000138,8,3.251282,-0.781061,-0.738985,1.712315,0.742700,0.647193,-2.899423,-4.630659,0.000e+00
Set Transformer,ch4t-test-000139,8,1.317288,0.116607,-0.261086,0.860183,0.272092,0.845399,-4.403727,-5.576536,0.000e+00
Set Transformer,ch4t-test-000140,8,0.002956,0.228392,-0.150941,-0.010803,-0.462188,0.151448,-7.757369,-7.837776,0.000e+00
Set Transformer,ch4t-test-000141,5,0.026241,-0.193040,0.677145,0.406076,0.386317,0.829625,-7.809676,-8.320023,0.000e+00
Set Transformer,ch4t-test-000142,7,-0.041055,1.329636,-0.073640,-0.027470,0.314697,0.170071,-6.446241,-7.661182,0.000e+00
Set Transformer,ch4t-test-000143,4,-0.320731,-0.328386,1.159219,0.688323,1.225378,2.204549,-7.603704,-8.113806,0.000e+00
Set Transformer,ch4t-test-000144,8,-0.150432,0.154913,-0.017874,0.826366,0.970222,0.347799,-6.582904,-6.569511,2.776e-17
Set Transformer,ch4t-test-000145,7,2.156353,0.222140,-0.581434,1.151877,0.840056,1.527928,-4.631636,-6.428696,4.441e-16
Set Transformer,ch4t-test-000146,8,1.257485,0.020995,-0.490842,0.613945,0.751424,0.950579,-3.459443,-4.247080,1.110e-16
Set Transformer,ch4t-test-000147,7,1.976304,-0.008161,-0.330285,1.266702,0.969757,0.424647,-3.382772,-5.020630,0.000e+00
Set Transformer,ch4t-test-000148,8,1.106556,-0.022977,-0.471023,0.604457,1.253756,0.358226,-3.113841,-3.726398,0.000e+00
Set Transformer,ch4t-test-000149,5,-0.038225,0.248918,-0.218085,0.008786,-0.251495,0.187600,-7.832920,-7.825529,0.000e+00
Set Transformer,ch4t-test-000150,7,1.163815,-0.223580,-0.588561,1.289929,0.257635,1.009907,-3.628787,-3.980460,5.551e-17
Set Transformer,ch4t-test-000151,7,0.485162,0.030045,0.378435,0.132304,0.490844,0.463372,-5.121267,-6.014909,0.000e+00
Set Transformer,ch4t-test-000152,6,0.209307,0.104660,0.079728,0.422392,0.951053,0.648676,-5.029957,-5.423652,0.000e+00
Set Transformer,ch4t-test-000153,8,0.119969,-0.381775,0.335044,0.033191,-0.168538,0.247991,-7.600450,-7.673688,5.551e-17
Set Transformer,ch4t-test-000154,7,2.594722,0.936231,-0.783866,0.849335,1.358068,1.507704,-4.178398,-6.925485,0.000e+00
Set Transformer,ch4t-test-000155,6,-0.007782,-0.154120,0.189479,0.352848,0.531641,0.488679,-4.903293,-4.930870,0.000e+00
Set Transformer,ch4t-test-000156,5,0.114086,-0.813994,0.051486,-0.002633,0.007231,0.105400,-7.743233,-7.094812,1.110e-16
Set Transformer,ch4t-test-000157,7,0.295013,-0.135136,0.191943,0.614728,0.627848,0.810141,-4.479884,-4.831704,5.551e-17
Set Transformer,ch4t-test-000158,7,0.062240,0.212676,-0.096819,-0.029965,-0.306085,0.155351,-7.220702,-7.398800,5.551e-17
Set Transformer,ch4t-test-000159,4,0.898198,-0.050209,-0.531681,0.896732,1.128101,1.169021,-5.763081,-6.079389,0.000e+00
Set Transformer,ch4t-test-000160,7,0.154203,0.085318,-0.035757,0.943115,0.894718,0.452199,-4.426555,-4.630320,2.776e-17
Set Transformer,ch4t-test-000161,5,0.618859,0.237524,0.324088,0.100983,-0.238550,0.289722,-6.649318,-7.829789,2.220e-16
Set Transformer,ch4t-test-000162,6,0.700774,0.010951,-0.800873,1.541945,0.555960,2.266140,-7.433295,-7.344147,6.939e-17
Set Transformer,ch4t-test-000163,8,0.198377,0.024049,-0.086375,0.406298,0.935921,0.264401,-4.725373,-4.861423,0.000e+00
Set Transformer,ch4t-test-000164,7,-1.090204,-1.068086,1.207521,0.264853,0.888645,0.836251,-6.680335,-5.729567,2.220e-16
Set Transformer,ch4t-test-000165,5,1.167220,-0.175113,-0.761338,0.980242,-0.073433,1.066509,-5.825570,-6.056339,5.551e-17
Set Transformer,ch4t-test-000166,6,0.420428,-1.280053,0.335743,0.047643,0.284502,0.135686,-9.758296,-9.234414,0.000e+00
Set Transformer,ch4t-test-000167,8,0.976246,0.323210,-0.501169,0.439763,1.200719,0.357958,-5.850701,-6.648987,1.110e-16
Set Transformer,ch4t-test-000168,8,0.834257,-0.111636,-0.021816,0.519978,-0.834400,0.675061,-3.813816,-4.514621,0.000e+00
Set Transformer,ch4t-test-000169,4,-0.328647,-0.096867,0.273245,0.717756,1.158638,0.792510,-5.816737,-5.664469,0.000e+00
Set Transformer,ch4t-test-000170,7,0.638940,-0.243993,-0.007162,0.147843,-0.960886,0.242404,-5.775070,-6.162856,0.000e+00
Set Transformer,ch4t-test-000171,5,0.010636,0.324493,0.065157,-0.062067,-0.719985,0.195609,-7.315910,-7.716197,5.551e-17
Set Transformer,ch4t-test-000172,4,0.485261,0.077171,-0.142422,0.349850,0.848681,0.238790,-5.984335,-6.404344,0.000e+00
Set Transformer,ch4t-test-000173,8,0.909468,0.247134,-0.687404,0.311811,0.790863,0.608538,-6.158449,-6.627647,5.551e-17
Set Transformer,ch4t-test-000174,7,0.993930,0.237209,-0.344412,0.553963,1.162433,0.399867,-5.022662,-5.909389,2.220e-16
Set Transformer,ch4t-test-000175,7,0.018450,0.273570,-0.163344,-0.006765,-1.061258,0.158236,-8.571309,-8.699984,2.776e-17
Set Transformer,ch4t-test-000176,6,1.269109,-0.158776,-0.196252,1.776281,0.565600,0.842504,-5.683439,-6.597520,0.000e+00
Set Transformer,ch4t-test-000177,5,0.596462,-0.034390,-0.157094,0.749463,0.379426,0.619752,-4.482547,-4.887524,1.110e-16
Set Transformer,ch4t-test-000178,4,-0.020721,0.069926,-0.018218,0.014340,-1.092262,0.108223,-7.715663,-7.746650,0.000e+00
Set Transformer,ch4t-test-000179,8,-0.085367,0.459504,-0.046761,0.057476,0.390181,0.195714,-8.078125,-8.405502,0.000e+00
Set Transformer,ch4t-test-000180,8,0.835577,0.059148,-0.502457,1.193091,0.640527,1.040448,-4.787737,-5.180005,0.000e+00
Set Transformer,ch4t-test-000181,7,-0.053616,0.759914,0.033582,-0.006844,0.568225,0.136399,-6.366774,-7.106654,1.110e-16
Set Transformer,ch4t-test-000182,7,0.984462,0.405111,-0.902435,1.001284,1.060816,2.098558,-5.490920,-5.978058,1.665e-16
Set Transformer,ch4t-test-000183,4,0.502615,0.077913,-0.107407,0.644103,0.661123,1.183275,-7.629769,-8.102890,0.000e+00
Set Transformer,ch4t-test-000184,4,0.477838,-0.231810,0.273787,1.155972,0.462076,2.050726,-9.024927,-9.544741,0.000e+00
Set Transformer,ch4t-test-000185,5,1.724655,-0.079049,-0.013869,0.437964,-0.078383,0.891692,-2.413362,-4.045099,0.000e+00
Set Transformer,ch4t-test-000186,6,1.051774,0.473059,-0.526061,0.409584,0.915941,1.051373,-4.048747,-5.047519,2.220e-16
Set Transformer,ch4t-test-000187,7,0.001794,0.721794,-0.029137,-0.024115,0.442298,0.159203,-6.165346,-6.859798,0.000e+00
Set Transformer,ch4t-test-000188,7,0.049616,0.002062,0.259096,0.111243,0.586439,0.131723,-6.101804,-6.412578,0.000e+00
Set Transformer,ch4t-test-000189,5,0.787900,-0.273893,-0.723191,0.473742,0.407833,1.332659,-8.780583,-8.571399,5.551e-17
Set Transformer,ch4t-test-000190,6,1.457417,0.303347,-1.065510,1.123982,1.030450,2.309802,-4.014605,-4.709859,0.000e+00
Set Transformer,ch4t-test-000191,6,2.612648,1.093410,-0.969168,0.416115,0.951214,1.003964,-6.215681,-8.952571,0.000e+00
Set Transformer,ch4t-test-000192,5,0.320264,0.378513,0.226750,0.002470,-0.159227,0.193789,-7.546542,-8.472069,1.110e-16
Set Transformer,ch4t-test-000193,4,0.772728,-0.128728,-0.081151,0.243030,0.372971,0.239132,-4.620981,-5.183830,0.000e+00
Set Transformer,ch4t-test-000194,6,1.781206,0.060135,-0.970883,1.561204,1.088773,1.999256,-5.541794,-6.412252,1.110e-16
Set Transformer,ch4t-test-000195,4,-0.122664,0.364095,-0.066933,0.023891,0.042883,0.186576,-7.123978,-7.298476,0.000e+00
Set Transformer,ch4t-test-000196,6,-0.217816,-0.324730,0.200585,0.254938,1.311103,0.581727,-6.779969,-6.438009,0.000e+00
Set Transformer,ch4t-test-000197,4,-0.153900,1.634924,-0.377427,-0.017830,0.973586,0.189316,-7.033247,-8.136844,2.220e-16
Set Transformer,ch4t-test-000198,4,-0.232220,-0.298519,-0.196481,0.565812,0.136705,1.511737,-6.212874,-5.485654,0.000e+00
Set Transformer,ch4t-test-000199,7,-0.474943,0.086693,-0.334634,0.057411,0.502130,0.144078,-10.457908,-9.735023,0.000e+00
Set Transformer,ch4t-test-000200,6,3.102488,-0.459559,0.014169,1.429532,0.921804,0.453597,-2.083349,-4.740447,0.000e+00
Set Transformer,ch4t-test-000201,5,-0.631102,-0.811094,0.651319,0.442939,0.629333,1.073459,-8.294972,-7.504094,1.110e-16
Set Transformer,ch4t-test-000202,6,1.531243,0.442159,-0.266936,0.841517,1.260773,0.503370,-3.002173,-4.708640,2.220e-16
Set Transformer,ch4t-test-000203,8,1.253342,-0.303406,0.184421,1.253145,0.438158,2.332875,-3.514376,-4.648732,2.220e-16
Set Transformer,ch4t-test-000204,8,0.009681,0.423184,-0.067409,-0.015428,0.180302,0.163041,-5.076411,-5.441867,0.000e+00
Set Transformer,ch4t-test-000205,8,-0.020373,0.439908,-0.011274,-0.020529,0.063024,0.192051,-6.441710,-6.849971,0.000e+00
Set Transformer,ch4t-test-000206,6,0.133104,0.691282,0.170096,0.026100,0.963392,0.258602,-6.102115,-7.096597,1.110e-16
Set Transformer,ch4t-test-000207,8,2.450746,-0.147846,-0.759110,1.179504,1.355149,0.872809,-3.217248,-4.761038,0.000e+00
Set Transformer,ch4t-test-000208,4,-1.087512,-0.397450,-1.194152,0.388447,1.283095,1.396845,-10.089192,-7.410078,0.000e+00
Set Transformer,ch4t-test-000209,4,0.096107,-0.092596,0.327400,0.010472,-2.061347,0.095451,-8.199049,-8.529960,0.000e+00
Set Transformer,ch4t-test-000210,5,-0.436139,0.572761,0.568568,-0.038585,-1.256702,0.208398,-9.080060,-9.785251,0.000e+00
Set Transformer,ch4t-test-000211,5,0.217771,-0.236701,0.255958,0.340540,-1.552667,0.794535,-3.585554,-3.822581,5.551e-17
Set Transformer,ch4t-test-000212,4,0.981672,0.057352,-0.110784,0.416229,0.819953,0.201119,-4.421103,-5.349343,0.000e+00
Set Transformer,ch4t-test-000213,7,-0.025100,0.724459,-0.035513,0.000770,0.595617,0.199134,-8.625586,-9.289432,1.110e-16
Set Transformer,ch4t-test-000214,6,-0.299878,0.227032,-0.230986,0.026157,-0.047782,0.132452,-11.059820,-10.755988,0.000e+00
Set Transformer,ch4t-test-000215,8,0.537011,0.267665,-0.081022,0.117280,1.310412,0.496904,-3.825104,-4.548758,0.000e+00
Set Transformer,ch4t-test-000216,6,-0.021220,0.593356,0.011901,0.031557,0.881701,0.094380,-6.184547,-6.768585,0.000e+00
Set Transformer,ch4t-test-000217,5,1.969774,-0.275897,-0.880408,1.221753,0.367870,1.056955,-4.184136,-4.997606,0.000e+00
Set Transformer,ch4t-test-000218,5,0.893747,0.124463,-0.240830,1.050275,1.076880,1.205741,-5.885859,-6.663239,0.000e+00
Set Transformer,ch4t-test-000219,8,0.237874,0.709466,-0.053751,0.037680,1.104473,0.167625,-6.397821,-7.291410,0.000e+00
Set Transformer,ch4t-test-000220,5,0.056435,0.095007,-0.097956,-0.039411,-0.026553,0.126077,-7.329437,-7.382923,6.939e-18
Set Transformer,ch4t-test-000221,7,0.692099,0.046819,-0.158127,0.445972,0.607515,0.587948,-4.841727,-5.422519,1.110e-16
Set Transformer,ch4t-test-000222,5,0.561394,-0.295662,0.707627,1.512708,-0.137833,1.760930,-5.175306,-6.148665,1.110e-16
Set Transformer,ch4t-test-000223,7,-0.033537,0.709119,-0.053587,-0.007100,0.180320,0.131292,-7.053096,-7.675091,0.000e+00
Set Transformer,ch4t-test-000224,7,0.504755,0.047011,-0.124834,0.892773,0.809088,1.220981,-4.892451,-5.319384,5.551e-17
Set Transformer,ch4t-test-000225,8,1.191250,0.382097,0.102388,0.717504,0.934590,1.260953,-4.509389,-6.185125,2.220e-16
Set Transformer,ch4t-test-000226,7,0.003320,0.291904,0.286947,0.225278,0.174819,0.215486,-4.672626,-5.254797,0.000e+00
Set Transformer,ch4t-test-000227,4,0.787089,0.237501,-0.294436,0.903175,1.255470,0.580091,-6.565605,-7.295760,0.000e+00
Set Transformer,ch4t-test-000228,7,0.542665,-0.086459,-0.036044,0.540531,0.354704,0.391408,-4.472072,-4.892234,1.110e-16
Set Transformer,ch4t-test-000229,4,1.283926,-0.143467,-0.226454,0.849230,1.137275,0.537369,-2.909823,-3.823828,2.220e-16
Set Transformer,ch4t-test-000230,7,2.359167,0.525997,-1.616263,1.064863,1.227511,1.051592,-5.115029,-6.383930,0.000e+00
Set Transformer,ch4t-test-000231,8,1.514409,0.715486,0.485362,0.152713,0.906483,0.786938,-8.706251,-11.421508,4.441e-16
Set Transformer,ch4t-test-000232,5,1.149860,-0.257467,-0.153070,2.117122,0.857649,0.566800,-3.028543,-3.767867,0.000e+00
Set Transformer,ch4t-test-000233,5,0.228603,0.066997,0.265624,0.428995,1.072506,1.150089,-4.746649,-5.307873,0.000e+00
Set Transformer,ch4t-test-000234,5,-0.024028,0.535953,0.131490,-0.030885,-0.405952,0.153619,-6.751605,-7.395020,0.000e+00
Set Transformer,ch4t-test-000235,7,1.278135,0.212811,-0.754071,1.288301,1.010975,0.793823,-5.809025,-6.545901,1.110e-16
Set Transformer,ch4t-test-000236,4,1.520414,0.343355,-0.794528,0.721159,0.546898,1.059963,-4.459630,-5.528871,0.000e+00
Set Transformer,ch4t-test-000237,5,-0.213429,-0.910730,-0.181169,0.065721,0.216205,0.411760,-9.780936,-8.475608,0.000e+00
Set Transformer,ch4t-test-000238,8,4.404055,0.829214,-2.177009,1.745683,1.367628,2.699533,-6.307855,-9.364115,0.000e+00
Set Transformer,ch4t-test-000239,8,0.874801,-0.833089,-0.726612,1.791673,0.989122,1.079419,-4.858917,-4.174017,0.000e+00
Set Transformer,ch4t-test-000240,8,-0.001767,0.284961,-0.085676,0.013707,-0.628017,0.143412,-7.470764,-7.668283,0.000e+00
Set Transformer,ch4t-test-000241,4,0.219899,-0.043349,-0.084990,0.224848,-0.327555,0.345650,-4.647916,-4.739476,0.000e+00
Set Transformer,ch4t-test-000242,8,0.003828,0.283021,-0.060513,-0.003677,-1.194143,0.109234,-7.840045,-8.066381,2.776e-17
Set Transformer,ch4t-test-000243,8,1.110850,0.082246,-0.333198,0.456668,1.013571,0.332201,-4.716575,-5.576472,0.000e+00
Set Transformer,ch4t-test-000244,6,0.062246,0.004233,0.020780,1.957571,0.748296,1.062581,-6.682091,-6.769350,1.388e-17
Set Transformer,ch4t-test-000245,5,0.285156,0.484496,0.205493,0.134174,0.238987,0.248878,-6.500178,-7.475323,0.000e+00
Set Transformer,ch4t-test-000246,4,2.443337,-0.472072,-0.480135,0.482820,0.886999,0.277606,-2.945226,-4.436355,0.000e+00
Set Transformer,ch4t-test-000247,8,2.023172,-0.033749,-1.143006,2.364192,1.260262,2.353836,-4.459262,-5.305679,1.110e-16
Set Transformer,ch4t-test-000248,5,-0.114042,-0.156709,0.480171,0.012999,0.081018,0.177606,-8.095949,-8.305369,0.000e+00
Set Transformer,ch4t-test-000249,8,1.049580,0.404484,-0.255224,0.663454,1.260910,1.524446,-3.385741,-4.584581,0.000e+00
Set Transformer,ch4t-test-000250,4,0.476825,-0.318296,0.560642,0.557699,-0.231279,0.890774,-4.233071,-4.952242,1.110e-16
Set Transformer,ch4t-test-000251,4,-0.093524,0.241822,-0.232555,0.017843,-0.015082,0.206210,-7.913431,-7.829175,2.776e-17
Set Transformer,ch4t-test-000252,6,0.390022,-0.332186,0.039636,0.053615,0.639503,0.137406,-7.084721,-7.182193,0.000e+00
Set Transformer,ch4t-test-000253,6,-0.623030,-0.674427,0.725840,0.164120,-0.523624,0.341799,-9.441202,-8.869585,0.000e+00
Set Transformer,ch4t-test-000254,8,0.259532,0.056815,-0.057765,0.872817,1.076678,0.262332,-5.568854,-5.827436,0.000e+00
Set Transformer,ch4t-test-000255,6,1.419814,-0.198288,0.231219,0.722120,0.667993,0.386478,-3.563289,-5.016034,2.220e-16
Set Transformer,ch4t-test-000256,8,0.536254,-0.210659,-0.247736,1.552940,0.985723,0.858813,-4.208382,-4.286242,0.000e+00
Set Transformer,ch4t-test-000257,4,0.585548,0.416322,-0.089586,0.232254,1.002281,0.562271,-4.771589,-5.683873,0.000e+00
Set Transformer,ch4t-test-000258,4,1.063505,-0.156515,0.155716,-0.009252,-0.381685,0.106160,-7.574455,-8.637161,0.000e+00
Set Transformer,ch4t-test-000259,4,1.283792,0.611025,-0.230266,0.512843,0.545998,0.973296,-6.221744,-7.886295,2.220e-16
Set Transformer,ch4t-test-000260,5,0.035076,-0.149150,-0.127446,-0.012411,-0.661293,0.124365,-8.272654,-8.031133,0.000e+00
Set Transformer,ch4t-test-000261,7,1.892640,-0.039963,-0.688678,2.719074,1.081751,1.782601,-2.981665,-4.145664,0.000e+00
Set Transformer,ch4t-test-000262,7,2.746804,-0.463601,-2.011607,2.080387,0.058006,2.002985,-4.038680,-4.310275,1.110e-16
Set Transformer,ch4t-test-000263,6,3.359831,-0.074750,-1.474092,1.838392,1.120444,1.849925,-3.429446,-5.240435,2.220e-16
Set Transformer,ch4t-test-000264,8,-0.026755,0.346125,-0.021739,0.015867,-0.300603,0.152276,-8.378930,-8.676561,0.000e+00
Set Transformer,ch4t-test-000265,4,-0.285436,0.354641,0.707787,0.189030,0.768382,0.472678,-8.076268,-8.853260,1.110e-16
Set Transformer,ch4t-test-000266,8,1.596653,-0.483179,-0.204787,0.961693,-0.374785,0.476995,-2.817006,-3.725693,0.000e+00
Set Transformer,ch4t-test-000267,7,0.086808,-0.006433,0.018149,1.037678,0.463451,0.406543,-4.201798,-4.300323,0.000e+00
Set Transformer,ch4t-test-000268,8,1.858085,-0.072637,-0.067923,0.401576,-0.351687,0.418262,-2.836883,-4.554407,0.000e+00
Set Transformer,ch4t-test-000269,7,-0.015906,0.664054,-0.068137,-0.031101,-0.063496,0.152387,-6.912874,-7.492885,0.000e+00
Set Transformer,ch4t-test-000270,6,0.034159,0.781925,-0.189567,-0.017899,0.534533,0.228470,-6.236764,-6.863281,0.000e+00
Set Transformer,ch4t-test-000271,6,1.172508,-0.009052,-0.485237,1.210592,1.255083,1.069918,-4.071429,-4.749648,0.000e+00
Set Transformer,ch4t-test-000272,4,1.719058,-0.216410,-0.536220,0.867029,-0.127030,0.976711,-4.051048,-5.017477,0.000e+00
Set Transformer,ch4t-test-000273,7,1.079160,0.174400,-0.611707,0.760837,0.396217,1.325473,-5.211539,-5.853392,2.220e-16
Set Transformer,ch4t-test-000274,5,0.030016,0.383057,-0.097846,-0.008799,0.389356,0.093466,-6.844342,-7.159569,0.000e+00
Set Transformer,ch4t-test-000275,4,0.396638,-0.029672,-0.030280,0.508083,0.635634,0.239636,-4.957293,-5.293979,5.551e-17
Set Transformer,ch4t-test-000276,5,0.681981,0.065521,-0.334563,1.089662,0.950447,1.016830,-4.769537,-5.182477,5.551e-17
Set Transformer,ch4t-test-000277,8,-0.034609,-0.070158,0.001835,0.454715,0.769218,0.252195,-4.930241,-4.827309,1.388e-17
Set Transformer,ch4t-test-000278,4,-0.544601,-0.181061,0.119263,0.909660,1.005595,0.675658,-7.478681,-6.872283,1.110e-16
Set Transformer,ch4t-test-000279,8,1.443048,0.091550,-0.332347,1.074124,1.087262,1.127433,-3.227090,-4.429342,0.000e+00
Set Transformer,ch4t-test-000280,7,0.987550,-0.181415,0.245872,0.866938,0.641821,2.227036,-5.865795,-6.917801,0.000e+00
Set Transformer,ch4t-test-000281,4,1.423117,0.735360,-0.386092,0.321872,0.653543,0.864997,-5.079816,-6.852200,2.220e-16
Set Transformer,ch4t-test-000282,7,0.535503,0.072285,0.131836,0.599310,0.349722,0.588367,-6.001716,-6.741340,0.000e+00
Set Transformer,ch4t-test-000283,8,0.027493,-0.016877,-0.241514,0.580019,1.130984,1.062864,-5.473057,-5.242159,2.776e-17
Set Transformer,ch4t-test-000284,8,0.908457,0.093474,0.178739,0.289455,1.004008,0.833611,-3.753671,-4.934341,2.220e-16
Set Transformer,ch4t-test-000285,6,-0.084869,0.178976,-0.143343,0.007224,-0.076858,0.171443,-7.026854,-6.977618,2.776e-17
Set Transformer,ch4t-test-000286,6,0.922997,-0.006841,-0.319639,1.030065,-1.219417,1.085612,-4.657428,-5.253946,1.110e-16
Set Transformer,ch4t-test-000287,4,-0.060067,-2.308172,0.118948,0.025024,0.210881,0.185899,-8.871499,-6.622207,0.000e+00
Set Transformer,ch4t-test-000288,7,1.448322,0.152297,-0.312540,0.414712,0.937238,0.857438,-4.453350,-5.741429,2.220e-16
Set Transformer,ch4t-test-000289,5,0.472030,0.092670,-0.239813,0.851041,0.348164,0.863119,-4.688154,-5.013041,0.000e+00
Set Transformer,ch4t-test-000290,5,1.857051,-0.855403,0.028883,0.370086,0.500423,0.220381,-3.588343,-4.618873,0.000e+00
Set Transformer,ch4t-test-000291,7,0.374991,0.039659,-0.039617,0.887407,1.127025,0.366125,-4.816902,-5.191934,5.551e-17
Set Transformer,ch4t-test-000292,5,2.101896,0.819735,-0.173516,0.454111,0.910851,0.907415,-4.534229,-7.282344,0.000e+00
Set Transformer,ch4t-test-000293,5,0.067269,0.955568,0.079933,0.023823,0.150206,0.143728,-6.576018,-7.678788,0.000e+00
Set Transformer,ch4t-test-000294,8,1.464385,0.087664,-1.416456,1.173443,1.283116,1.559203,-7.085384,-7.220976,1.388e-16
Set Transformer,ch4t-test-000295,7,-0.537003,-0.322986,0.445935,0.838649,0.222166,1.527354,-4.915262,-4.501209,5.551e-17
Set Transformer,ch4t-test-000296,4,0.371783,0.455887,-0.057690,0.123723,0.943548,0.211325,-8.005243,-8.775223,0.000e+00
Set Transformer,ch4t-test-000297,5,0.385321,-0.276671,-0.196537,0.682505,0.867355,1.348137,-10.001672,-9.913784,2.776e-17
Set Transformer,ch4t-test-000298,8,-0.776573,-1.059270,0.683891,0.465139,-0.101107,1.001889,-7.194589,-6.042636,0.000e+00
Set Transformer,ch4t-test-000299,8,0.308906,0.140973,-0.420055,0.595846,1.047584,0.300024,-5.655380,-5.685204,2.776e-17
Set Transformer,ch4t-test-000300,6,0.068790,0.338076,-0.168281,-0.048705,0.355103,0.145296,-5.868394,-6.106979,2.776e-17
Set Transformer,ch4t-test-000301,5,0.591952,0.019795,-0.201390,0.445774,0.866694,0.421008,-5.046280,-5.456637,5.551e-17
Set Transformer,ch4t-test-000302,7,0.045404,0.105601,0.024226,0.000147,-0.705471,0.120607,-7.764043,-7.939273,0.000e+00
Set Transformer,ch4t-test-000303,4,0.807296,0.146399,-0.281722,0.492797,0.473085,1.648904,-6.904265,-7.576238,0.000e+00
Set Transformer,ch4t-test-000304,5,0.161602,0.013479,-0.026225,0.753717,0.257790,0.606042,-5.633451,-5.782307,0.000e+00
Set Transformer,ch4t-test-000305,8,0.960558,-0.114743,-0.440758,1.057559,1.027763,0.823727,-5.134820,-5.539878,0.000e+00
Set Transformer,ch4t-test-000306,6,2.230403,0.038399,-0.422217,1.151762,0.023259,1.220342,-4.903860,-6.750446,0.000e+00
Set Transformer,ch4t-test-000307,7,1.040945,0.177687,-0.142638,0.156757,0.691793,0.162595,-3.516516,-4.592510,0.000e+00
Set Transformer,ch4t-test-000308,6,0.567218,-0.245996,0.015276,0.106640,0.643019,0.121401,-9.570456,-9.906954,0.000e+00
Set Transformer,ch4t-test-000309,4,1.920741,-0.116078,0.217830,0.115199,-0.321570,0.467078,-4.339591,-6.362084,0.000e+00
Set Transformer,ch4t-test-000310,6,1.550165,-0.055244,-0.288061,1.640189,1.056060,0.562038,-3.868278,-5.075137,0.000e+00
Set Transformer,ch4t-test-000311,6,0.293610,0.625897,0.172153,0.174080,0.687221,0.417621,-6.642513,-7.734173,0.000e+00
Set Transformer,ch4t-test-000312,6,2.538710,0.521002,-1.538315,1.427792,0.769176,2.481580,-5.657861,-7.179258,0.000e+00
Set Transformer,ch4t-test-000313,8,0.291186,-0.405993,-0.195952,1.468420,0.525889,2.076423,-6.748167,-6.437409,1.110e-16
Set Transformer,ch4t-test-000314,8,0.445597,-0.003387,-0.027244,0.325467,1.054124,0.197558,-5.844566,-6.259532,5.551e-17
Set Transformer,ch4t-test-000315,7,0.423018,-0.407612,0.831435,0.423875,0.872806,1.466154,-4.664893,-5.511733,1.110e-16
Set Transformer,ch4t-test-000316,8,1.581623,-0.046715,-0.325726,0.510069,0.701302,0.300895,-3.157647,-4.366829,2.220e-16
Set Transformer,ch4t-test-000317,6,0.525508,0.021590,-0.161993,0.651817,0.327202,0.298346,-3.979167,-4.364273,5.551e-17
Set Transformer,ch4t-test-000318,5,-0.559418,-0.358772,0.022559,0.414348,0.066949,0.566844,-6.079228,-5.183596,0.000e+00
Set Transformer,ch4t-test-000319,4,0.017027,-1.102748,0.202856,0.954025,0.194700,2.047900,-8.168117,-7.285252,0.000e+00
Set Transformer,ch4t-test-000320,7,1.452179,0.919965,-0.221445,0.156450,0.870967,0.193428,-5.840220,-7.990918,0.000e+00
Set Transformer,ch4t-test-000321,6,0.143737,0.556992,0.157809,0.009116,0.139490,0.190485,-7.607150,-8.465687,0.000e+00
Set Transformer,ch4t-test-000322,8,1.200256,0.021392,-0.634907,1.463208,-0.290809,2.122577,-5.074915,-5.661656,1.110e-16
Set Transformer,ch4t-test-000323,5,0.736142,0.358114,-0.282479,0.364465,0.737859,0.645367,-4.778250,-5.590027,0.000e+00
Set Transformer,ch4t-test-000324,7,-0.061802,-0.533077,0.805912,0.528401,0.453444,1.679187,-8.279662,-8.490695,0.000e+00
Set Transformer,ch4t-test-000325,5,2.291182,0.539920,-1.081252,0.891462,0.811533,1.485562,-6.685002,-8.434852,4.441e-16
Set Transformer,ch4t-test-000326,5,0.350762,-0.972081,1.014824,1.545396,0.158807,2.337379,-5.481231,-5.874736,0.000e+00
Set Transformer,ch4t-test-000327,4,0.596503,0.119728,-0.333528,0.340152,-0.220952,0.487404,-4.437683,-4.820387,0.000e+00
Set Transformer,ch4t-test-000328,8,0.147215,0.074018,0.400060,0.351101,1.092306,0.956299,-6.422472,-7.043765,0.000e+00
Set Transformer,ch4t-test-000329,4,0.558284,-0.132424,0.168774,0.643474,-1.000381,2.166022,-5.880993,-6.475627,0.000e+00
Set Transformer,ch4t-test-000330,4,0.826682,-0.529342,-0.082059,0.901240,1.158797,2.236959,-6.066810,-6.282091,1.110e-16
Set Transformer,ch4t-test-000331,5,0.654403,-0.395258,-0.081066,0.432495,0.958019,0.281616,-6.439909,-6.617988,0.000e+00
Set Transformer,ch4t-test-000332,4,0.515645,0.086919,0.007390,0.202921,0.240552,0.249247,-4.849504,-5.459458,0.000e+00
Set Transformer,ch4t-test-000333,8,2.106970,-0.040728,-0.876394,0.475744,-0.113623,0.766395,-3.117032,-4.306879,2.220e-16
Set Transformer,ch4t-test-000334,4,0.016914,0.540082,-0.026639,-0.016486,-0.436363,0.123134,-6.796735,-7.327092,1.110e-16
Set Transformer,ch4t-test-000335,4,-1.330659,-0.591833,1.676592,1.240850,1.250232,2.451840,-6.735326,-6.489427,2.220e-16
Set Transformer,ch4t-test-000336,8,0.587397,0.399912,-0.159854,0.124295,0.966737,0.183239,-6.591877,-7.419333,0.000e+00
Set Transformer,ch4t-test-000337,6,0.972389,-0.050872,-0.383670,1.146781,0.982618,0.963202,-3.926641,-4.464489,1.110e-16
Set Transformer,ch4t-test-000338,5,1.954733,-0.671169,0.591160,1.350987,-0.197031,1.621062,-1.989531,-3.864255,2.220e-16
Set Transformer,ch4t-test-000339,7,0.568469,0.333429,-0.015593,0.168466,1.135156,0.347583,-3.943153,-4.829458,2.220e-16
Set Transformer,ch4t-test-000340,7,-0.103502,0.152388,0.180782,0.519566,0.904192,0.596076,-6.947512,-7.177180,2.776e-17
Set Transformer,ch4t-test-000341,8,1.555500,0.148072,-0.641371,0.570550,0.069356,1.893512,-6.248802,-7.311003,2.220e-16
Set Transformer,ch4t-test-000342,4,-0.090000,0.624676,-0.042884,-0.007891,-0.068013,0.127203,-9.159323,-9.651116,5.551e-17
Set Transformer,ch4t-test-000343,8,0.009447,-1.152668,0.457251,0.406255,1.016845,0.590187,-8.235144,-7.549173,0.000e+00
Set Transformer,ch4t-test-000344,6,1.826845,-0.290293,-0.727765,2.515449,1.278995,1.675183,-3.573733,-4.382520,3.331e-16
Set Transformer,ch4t-test-000345,4,-0.027540,0.334896,-0.024647,-0.022332,-0.512340,0.101393,-6.430984,-6.713693,5.551e-17
Set Transformer,ch4t-test-000346,8,0.257613,-0.140643,-0.230139,0.930314,0.897310,0.620651,-4.312801,-4.199631,0.000e+00
Set Transformer,ch4t-test-000347,6,-0.521789,-0.001085,0.247344,0.251425,0.926817,0.233339,-5.499163,-5.223632,0.000e+00
Set Transformer,ch4t-test-000348,5,0.794579,0.061506,-0.196711,0.478147,0.955990,0.586221,-6.825498,-7.484873,1.110e-16
Set Transformer,ch4t-test-000349,8,0.602138,0.164204,-0.494501,0.596602,0.833060,1.219454,-5.820892,-6.092733,0.000e+00
Set Transformer,ch4t-test-000350,8,0.473282,1.045233,0.118025,0.076809,1.109764,0.343538,-4.178200,-5.814740,2.220e-16
Set Transformer,ch4t-test-000351,5,0.449418,0.144589,-0.203287,0.278205,0.760120,0.348374,-3.037717,-3.428436,0.000e+00
Set Transformer,ch4t-test-000352,5,0.226518,0.025375,0.194059,0.280508,0.847731,0.701777,-5.564803,-6.010755,0.000e+00
Set Transformer,ch4t-test-000353,4,-0.054468,0.854343,-0.173771,0.021497,0.407262,0.196649,-6.835424,-7.461528,1.110e-16
Set Transformer,ch4t-test-000354,6,0.500626,0.740939,0.006789,0.363061,0.327787,0.463732,-5.714213,-6.962567,0.000e+00
Set Transformer,ch4t-test-000355,6,0.109279,0.126091,0.126264,0.280698,0.364613,0.601480,-6.642443,-7.004077,0.000e+00
Set Transformer,ch4t-test-000356,6,-0.022757,0.543617,-0.067173,0.022031,0.667932,0.110362,-6.829935,-7.283623,0.000e+00
Set Transformer,ch4t-test-000357,7,-0.140082,-0.256400,0.270422,0.183179,0.787836,0.329075,-4.880839,-4.754779,0.000e+00
Set Transformer,ch4t-test-000358,4,0.029691,0.437066,-0.037560,0.043017,-1.008678,0.176390,-6.520534,-6.949732,5.551e-17
Set Transformer,ch4t-test-000359,4,0.344911,-0.045030,-0.032870,0.475442,-0.511379,1.018003,-5.809158,-6.076169,0.000e+00
Set Transformer,ch4t-test-000360,8,0.642415,0.181286,-0.093169,0.434858,0.959833,0.338486,-4.205457,-4.935988,1.110e-16
Set Transformer,ch4t-test-000361,5,-0.687360,-1.173556,0.341630,0.439016,0.739771,0.700105,-7.610257,-6.090971,0.000e+00
Set Transformer,ch4t-test-000362,7,0.502201,0.222316,-0.074517,0.226314,0.082064,0.279528,-4.997164,-5.647164,0.000e+00
Set Transformer,ch4t-test-000363,8,0.537327,0.033478,-0.177239,1.310879,1.148602,1.344559,-5.262570,-5.656137,0.000e+00
Set Transformer,ch4t-test-000364,8,-0.483389,-0.446094,0.217348,0.311786,0.129897,0.465612,-7.360123,-6.647988,0.000e+00
Set Transformer,ch4t-test-000365,8,0.309803,0.466261,0.066205,0.107789,0.574960,0.183183,-7.382912,-8.225181,1.110e-16
Set Transformer,ch4t-test-000366,7,-0.795658,-0.424638,1.799315,0.630657,0.647455,2.146738,-6.965863,-7.544882,0.000e+00
Set Transformer,ch4t-test-000367,5,0.135180,-0.074907,0.173295,0.429452,0.990228,0.800987,-5.303111,-5.536679,0.000e+00
Set Transformer,ch4t-test-000368,5,2.014190,-0.286195,-0.551361,1.918446,0.960292,1.533312,-5.922982,-7.099616,2.220e-16
Set Transformer,ch4t-test-000369,8,1.184414,-0.509442,0.447329,1.113360,-0.031412,1.597752,-6.706988,-7.829289,0.000e+00
Set Transformer,ch4t-test-000370,4,0.821905,0.133983,-0.165555,0.592327,0.818179,0.328982,-4.837415,-5.627748,1.110e-16
Set Transformer,ch4t-test-000371,5,0.366380,0.848396,0.014596,0.080396,0.637560,0.280052,-6.117626,-7.346997,0.000e+00
Set Transformer,ch4t-test-000372,6,0.699672,0.740922,0.480881,0.053976,1.198161,0.294144,-8.643518,-10.564993,0.000e+00
Set Transformer,ch4t-test-000373,5,1.624531,-0.084572,-0.048909,0.398574,0.335923,0.828672,-3.081130,-4.572179,0.000e+00
Set Transformer,ch4t-test-000374,7,1.217820,0.038802,-0.378814,1.083361,0.904069,1.203122,-4.932542,-5.810350,1.110e-16
Set Transformer,ch4t-test-000375,5,-0.363103,-0.459363,-0.240532,0.031293,1.025043,0.165008,-7.800100,-6.737103,0.000e+00
Set Transformer,ch4t-test-000376,4,0.007804,0.211982,0.094526,-0.005357,-1.467229,0.150978,-8.866682,-9.180994,0.000e+00
Set Transformer,ch4t-test-000377,6,1.525753,-0.648900,0.659545,0.183624,-0.909335,0.502462,-2.796109,-4.332507,0.000e+00
Set Transformer,ch4t-test-000378,4,0.049122,0.655527,0.151138,-0.013484,-0.688257,0.120322,-7.365213,-8.221000,1.110e-16
Set Transformer,ch4t-test-000379,4,1.053183,-0.211214,-0.452328,1.602475,0.326996,1.459800,-4.111716,-4.501357,1.110e-16
Set Transformer,ch4t-test-000380,7,-0.039296,0.556387,-0.037929,0.088978,1.010716,0.169526,-10.231131,-10.710293,5.551e-17
Set Transformer,ch4t-test-000381,5,1.305495,-0.018005,-0.540181,0.978632,1.123932,0.643876,-2.927139,-3.674448,2.220e-16
Set Transformer,ch4t-test-000382,8,-0.003633,1.112482,-0.000131,0.045871,0.670292,0.168374,-5.721994,-6.830711,0.000e+00
Set Transformer,ch4t-test-000383,7,1.101833,-0.330421,-0.053632,0.262149,0.928485,0.171197,-5.643255,-6.361035,0.000e+00
Set Transformer,ch4t-test-000384,7,0.927849,0.293122,-0.160225,1.336046,1.375935,2.139358,-6.743621,-7.804368,0.000e+00
Set Transformer,ch4t-test-000385,5,0.690373,-0.135643,-0.066526,0.356264,1.028071,0.318563,-3.757497,-4.245701,5.551e-17
Set Transformer,ch4t-test-000386,6,0.624484,0.021411,0.064220,0.400204,0.822765,1.087250,-5.529840,-6.239955,1.110e-16
Set Transformer,ch4t-test-000387,6,-0.016219,0.154761,-0.077624,0.006716,-1.106351,0.128284,-7.480246,-7.541164,0.000e+00
Set Transformer,ch4t-test-000388,4,1.052139,0.989437,-0.007898,0.076158,1.006701,0.131425,-7.840934,-9.874613,0.000e+00
Set Transformer,ch4t-test-000389,5,2.272623,-0.876607,-0.075633,1.145884,1.128125,2.302597,-2.445286,-3.765670,0.000e+00
Set Transformer,ch4t-test-000390,5,-0.006147,0.008845,-0.057096,0.314653,0.990476,0.832735,-8.868997,-8.814600,0.000e+00
Set Transformer,ch4t-test-000391,7,0.045299,-0.133176,0.980586,0.071491,0.783135,0.466229,-8.420020,-9.312729,2.220e-16
Set Transformer,ch4t-test-000392,4,0.447450,0.083803,-0.087590,0.504066,0.441242,0.455434,-5.525960,-5.969624,0.000e+00
Set Transformer,ch4t-test-000393,6,0.058919,0.007204,-0.039864,0.543731,1.082890,0.608168,-4.716108,-4.742367,0.000e+00
Set Transformer,ch4t-test-000394,7,0.394818,-0.330943,0.282093,0.029496,0.716467,0.154905,-6.448641,-6.794609,0.000e+00
Set Transformer,ch4t-test-000395,6,0.010352,0.383311,-0.084932,-0.004451,-0.666466,0.128119,-8.379537,-8.688269,0.000e+00
Set Transformer,ch4t-test-000396,6,2.199578,-0.229569,-0.699156,0.741255,-0.091241,1.083691,-4.013193,-5.284046,0.000e+00
Set Transformer,ch4t-test-000397,6,0.452128,-0.035434,0.036396,0.850583,0.974474,0.912620,-4.425684,-4.878774,0.000e+00
Set Transformer,ch4t-test-000398,5,-0.170877,0.409827,-0.218975,0.034811,0.448709,0.157964,-8.074340,-8.094314,5.551e-17
Set Transformer,ch4t-test-000399,5,1.840585,-0.330441,-0.464634,3.331074,0.468655,1.809147,-3.853514,-4.899025,0.000e+00
Set Transformer,ch4t-test-000400,6,0.422948,0.513556,0.396170,0.195663,0.819669,0.258696,-5.074294,-6.406968,2.220e-16
Set Transformer,ch4t-test-000401,5,0.958237,0.354800,-0.742757,0.356453,1.292979,0.503713,-6.419676,-6.989956,0.000e+00
Set Transformer,ch4t-test-000402,8,0.727791,0.120456,0.154495,0.422051,0.202944,0.840085,-7.086694,-8.089436,0.000e+00
Set Transformer,ch4t-test-000403,7,-0.190956,-0.149780,-0.156495,0.128083,1.155280,0.292967,-6.371535,-5.874305,5.551e-17
Set Transformer,ch4t-test-000404,7,1.949100,-0.067773,-0.378850,0.917239,0.991731,0.378477,-2.975865,-4.478343,2.220e-16
Set Transformer,ch4t-test-000405,8,0.134972,0.112330,0.087097,0.038715,-0.376588,0.133485,-6.999909,-7.334307,0.000e+00
Set Transformer,ch4t-test-000406,5,1.229225,-0.029235,-0.324306,0.655855,0.775213,0.445041,-4.676984,-5.552667,0.000e+00
Set Transformer,ch4t-test-000407,5,-0.253497,-0.350062,0.235582,1.241034,0.780849,1.009986,-7.384954,-7.016977,5.551e-17
Set Transformer,ch4t-test-000408,4,0.657897,-0.128086,-0.052490,0.565665,0.954383,0.273865,-5.933248,-6.410569,5.551e-17
Set Transformer,ch4t-test-000409,5,-0.793465,-0.892768,0.547590,0.725511,0.967553,0.848210,-7.065747,-5.927104,0.000e+00
Set Transformer,ch4t-test-000410,6,1.111507,0.391806,-0.148757,0.920119,0.513367,1.460117,-6.179198,-7.533755,0.000e+00
Set Transformer,ch4t-test-000411,7,0.280492,-0.048693,0.088227,0.465601,1.023426,0.339566,-4.630438,-4.950465,0.000e+00
Set Transformer,ch4t-test-000412,8,0.476984,0.180232,-0.224722,0.652509,0.856757,0.740770,-3.960946,-4.393440,0.000e+00
Set Transformer,ch4t-test-000413,7,0.374146,0.013689,0.324212,0.029030,0.440050,0.282611,-5.657400,-6.369447,0.000e+00
Set Transformer,ch4t-test-000414,4,0.425026,0.236399,-0.387969,0.523021,0.390952,0.606322,-4.393560,-4.667017,0.000e+00
Set Transformer,ch4t-test-000415,4,0.011800,0.104237,-0.038389,-0.012627,-1.894866,0.078989,-6.978894,-7.056542,0.000e+00
Set Transformer,ch4t-test-000416,4,0.422946,-1.629603,-1.782625,6.319116,0.515975,1.267588,-8.196873,-5.207591,0.000e+00
Set Transformer,ch4t-test-000417,8,0.517632,-0.255839,-0.160490,0.768985,1.243130,1.078380,-5.118775,-5.220078,0.000e+00
Set Transformer,ch4t-test-000418,7,0.009166,0.197538,-0.067217,-0.000659,-0.245088,0.173335,-6.323366,-6.462854,2.776e-17
Set Transformer,ch4t-test-000419,7,2.368637,0.123413,-0.738526,0.451887,-0.636263,0.831348,-3.334371,-5.087896,4.441e-16
Set Transformer,ch4t-test-000420,4,-0.100594,0.084724,-0.245968,0.078025,-2.065335,0.312605,-8.131965,-7.870127,0.000e+00
Set Transformer,ch4t-test-000421,4,-0.363886,-0.366372,0.590699,0.672559,0.416540,1.121974,-7.867645,-7.728085,0.000e+00
Set Transformer,ch4t-test-000422,8,0.961674,0.324775,-0.217679,0.176473,0.990116,0.325590,-4.402800,-5.471569,0.000e+00
Set Transformer,ch4t-test-000423,6,1.955976,0.083196,-1.024088,1.488689,1.073868,1.133446,-2.798193,-3.813277,0.000e+00
Set Transformer,ch4t-test-000424,6,0.224985,0.389040,0.224992,0.015994,0.540960,0.139216,-5.987048,-6.826066,0.000e+00
Set Transformer,ch4t-test-000425,5,1.471628,-0.408116,-0.432880,0.970873,0.755714,0.444786,-3.813399,-4.444031,0.000e+00
Set Transformer,ch4t-test-000426,8,0.451027,0.228562,-0.121523,0.417988,0.585596,0.394446,-3.937144,-4.495210,0.000e+00
Set Transformer,ch4t-test-000427,4,0.129400,-1.162368,0.228242,-0.054898,0.382789,0.129913,-10.159999,-9.355272,1.110e-16
Set Transformer,ch4t-test-000428,7,0.489508,-0.204244,-0.287487,1.062183,0.964527,1.036345,-6.290219,-6.287997,2.776e-17
Set Transformer,ch4t-test-000429,8,0.348928,0.012762,0.315623,0.011229,0.950069,0.189391,-4.662641,-5.339954,0.000e+00
Set Transformer,ch4t-test-000430,7,0.506785,-0.095748,0.309382,0.976992,0.826442,1.627275,-4.976889,-5.697308,1.110e-16
Set Transformer,ch4t-test-000431,6,-0.209614,-2.222391,1.738478,0.486565,0.162333,1.500222,-4.687925,-3.994397,0.000e+00
Set Transformer,ch4t-test-000432,4,-0.632204,-0.389762,0.502262,0.208729,0.467969,0.295500,-6.092273,-5.572569,0.000e+00
Set Transformer,ch4t-test-000433,8,-0.012386,0.269279,0.545969,0.005711,0.568768,0.221420,-5.897368,-6.700230,0.000e+00
Set Transformer,ch4t-test-000434,7,1.630772,0.487919,-0.818615,0.847926,0.683834,1.496270,-4.586441,-5.886517,2.220e-16
Set Transformer,ch4t-test-000435,7,-0.208272,0.307100,0.128032,0.167856,0.832496,0.214301,-8.328012,-8.554872,2.776e-17
Set Transformer,ch4t-test-000436,7,1.184024,0.114861,-0.243918,1.082193,1.073558,0.310439,-4.410021,-5.464988,2.220e-16
Set Transformer,ch4t-test-000437,5,0.446870,0.006646,-0.213029,1.244528,0.545012,0.717197,-5.837058,-6.077545,0.000e+00
Set Transformer,ch4t-test-000438,6,0.280233,0.031011,-0.086128,0.370931,0.346242,0.485405,-4.431869,-4.656985,0.000e+00
Set Transformer,ch4t-test-000439,4,-0.067769,-0.202759,0.056827,-0.033585,0.197018,0.131097,-6.882122,-6.668421,0.000e+00
Set Transformer,ch4t-test-000440,6,1.892113,0.394974,-0.731001,0.976963,0.656418,1.784261,-5.275820,-6.831906,2.220e-16
Set Transformer,ch4t-test-000441,5,0.206576,0.217549,0.046488,0.215089,0.339488,0.262626,-5.995714,-6.466327,5.551e-17
Set Transformer,ch4t-test-000442,5,1.383406,-0.144045,-0.710617,1.015843,1.236439,1.328324,-5.544121,-6.072865,0.000e+00
Set Transformer,ch4t-test-000443,7,-0.046650,0.914140,-0.035117,0.009012,0.402256,0.144645,-6.228126,-7.060500,1.110e-16
Set Transformer,ch4t-test-000444,8,2.572812,0.089106,-1.510304,1.714577,0.862868,3.058224,-2.911961,-4.063575,0.000e+00
Set Transformer,ch4t-test-000445,8,-0.014367,0.211789,-0.029506,-0.019039,0.313030,0.104166,-6.660686,-6.828602,2.776e-17
Set Transformer,ch4t-test-000446,8,0.233391,-0.019791,-0.048902,0.834539,0.934050,0.419851,-3.916776,-4.081475,0.000e+00
Set Transformer,ch4t-test-000447,7,2.758253,-0.313312,-0.578615,0.865701,-0.147507,1.155771,-2.409547,-4.275871,0.000e+00
Set Transformer,ch4t-test-000448,8,0.691146,0.344572,-0.158570,0.079700,1.044980,0.218495,-5.769461,-6.646610,1.110e-16
Set Transformer,ch4t-test-000449,8,0.332854,0.264953,0.068241,0.109902,0.720803,0.274049,-4.629841,-5.295889,0.000e+00
Set Transformer,ch4t-test-000450,7,0.583868,0.269840,-0.199256,0.632975,0.862010,1.532133,-6.428469,-7.082922,0.000e+00
Set Transformer,ch4t-test-000451,6,-0.087724,0.262534,0.133201,-0.021727,-0.536127,0.139915,-8.335976,-8.643987,0.000e+00
Set Transformer,ch4t-test-000452,6,2.444989,0.399617,-0.865005,0.459824,-0.523889,1.106409,-3.316560,-5.296161,2.220e-16
Set Transformer,ch4t-test-000453,5,-1.452611,-0.901103,-0.102708,0.699100,0.651367,1.074012,-6.683443,-4.227021,4.441e-16
Set Transformer,ch4t-test-000454,4,-0.004325,0.021415,-0.027359,0.005893,-2.728106,0.057474,-7.117874,-7.107605,0.000e+00
Set Transformer,ch4t-test-000455,6,1.927128,0.567569,-0.451558,0.792851,0.899475,1.658056,-6.243456,-8.286595,0.000e+00
Set Transformer,ch4t-test-000456,6,0.537594,-0.091341,-0.165937,0.821675,0.771008,0.298305,-4.464835,-4.745152,0.000e+00
Set Transformer,ch4t-test-000457,7,1.758622,0.224197,-0.234398,0.874574,0.742474,0.854790,-4.851635,-6.600057,0.000e+00
Set Transformer,ch4t-test-000458,5,0.888993,-0.117589,-0.092539,0.364601,0.920340,0.197632,-3.947864,-4.626730,0.000e+00
Set Transformer,ch4t-test-000459,8,0.981154,-0.691693,-0.204593,0.758898,1.026113,0.344274,-5.097869,-5.182737,0.000e+00
Set Transformer,ch4t-test-000460,6,0.572348,0.066944,-0.201062,0.605183,-0.181830,0.304588,-4.603085,-5.041315,5.551e-17
Set Transformer,ch4t-test-000461,8,0.490030,0.425129,-0.007384,0.398310,1.120320,0.694034,-5.184524,-6.092299,1.110e-16
Set Transformer,ch4t-test-000462,8,0.664890,0.161503,-0.100744,0.307398,0.191906,0.348042,-5.761916,-6.487566,0.000e+00
Set Transformer,ch4t-test-000463,4,0.180246,0.029596,0.056654,0.201475,0.704635,0.274675,-6.657102,-6.923598,0.000e+00
Set Transformer,ch4t-test-000464,4,-0.009932,0.675808,-0.067515,0.015482,0.674965,0.164182,-8.018315,-8.616675,1.110e-16
Set Transformer,ch4t-test-000465,4,0.356188,0.258924,0.015194,0.281450,1.106397,0.521426,-5.745724,-6.376030,0.000e+00
Set Transformer,ch4t-test-000466,4,1.759137,-0.522940,-0.877774,1.912022,0.876154,2.384994,-7.910260,-8.268683,1.110e-16
Set Transformer,ch4t-test-000467,4,1.595191,0.591725,-0.147125,0.352725,0.214493,0.339644,-4.976652,-7.016443,0.000e+00
Set Transformer,ch4t-test-000468,8,0.381999,0.332545,-0.181137,0.547881,-0.340016,0.534141,-4.348608,-4.882015,0.000e+00
Set Transformer,ch4t-test-000469,5,-0.074669,0.608349,-0.074016,0.020149,0.972903,0.116678,-5.290073,-5.749737,0.000e+00
Set Transformer,ch4t-test-000470,4,2.470008,0.461205,-2.076577,1.197797,-0.857095,1.547228,-5.026588,-5.881224,0.000e+00
Set Transformer,ch4t-test-000471,5,0.685112,0.204503,-0.237675,0.318502,1.088778,0.662516,-4.392700,-5.044639,1.110e-16
Set Transformer,ch4t-test-000472,8,-0.000262,0.927661,-0.073738,0.001407,0.066863,0.163257,-6.617444,-7.471106,1.110e-16
Set Transformer,ch4t-test-000473,8,2.155404,-0.206177,-1.085602,1.248192,0.677596,1.898131,-2.975518,-3.839142,1.110e-16
Set Transformer,ch4t-test-000474,7,0.223400,0.181737,-0.052683,0.251584,1.116762,0.235359,-5.580422,-5.932876,0.000e+00
Set Transformer,ch4t-test-000475,7,1.426378,0.452989,-0.309167,0.568103,0.288992,0.735447,-5.160632,-6.730832,4.441e-16
Set Transformer,ch4t-test-000476,6,4.761749,-0.956390,-0.689906,2.511333,0.834634,1.530434,-1.689253,-4.804706,4.441e-16
Set Transformer,ch4t-test-000477,8,-0.032277,0.153600,0.050070,-0.014331,-0.585682,0.131914,-6.711648,-6.883042,0.000e+00
Set Transformer,ch4t-test-000478,4,-0.053724,0.063572,-0.073600,0.029590,-0.104871,0.178166,-7.506829,-7.443078,0.000e+00
Set Transformer,ch4t-test-000479,8,-0.872917,-0.444215,0.990582,1.047235,1.356454,2.198323,-6.809929,-6.483379,1.110e-16
Set Transformer,ch4t-test-000480,4,-0.013152,0.684960,-0.062345,0.024985,0.570498,0.114580,-5.856466,-6.465929,1.110e-16
Set Transformer,ch4t-test-000481,7,1.241610,-0.142327,-0.148161,1.515788,1.045773,0.569304,-6.422583,-7.373705,2.220e-16
Set Transformer,ch4t-test-000482,4,0.033014,-0.017998,-0.010055,-0.019856,-1.394741,0.115976,-7.863855,-7.868817,3.469e-18
Set Transformer,ch4t-test-000483,8,2.779287,0.216695,-1.668844,0.535400,1.062255,0.932702,-2.978269,-4.305407,4.441e-16
Set Transformer,ch4t-test-000484,6,-0.388141,0.610813,0.083560,-0.032445,0.927939,0.164330,-7.507150,-7.813382,1.110e-16
Set Transformer,ch4t-test-000485,6,0.618501,0.001195,0.251023,0.422190,1.145481,1.265275,-5.493477,-6.364195,1.110e-16
Set Transformer,ch4t-test-000486,8,0.613927,0.270914,-0.051267,0.137229,0.898367,0.178362,-6.300682,-7.134255,0.000e+00
Set Transformer,ch4t-test-000487,4,0.121285,-0.625723,-0.765442,0.380533,-0.599623,1.424656,-8.940948,-7.671068,0.000e+00
Set Transformer,ch4t-test-000488,4,0.239661,0.231503,-0.327857,0.386182,1.051552,1.281470,-8.876534,-9.019841,0.000e+00
Set Transformer,ch4t-test-000489,8,0.535189,0.140468,0.113937,0.685198,1.228537,0.775129,-3.306735,-4.096329,0.000e+00
Set Transformer,ch4t-test-000490,5,0.175353,-0.099945,0.197083,0.966384,1.376805,0.904290,-5.803951,-6.076441,5.551e-17
Set Transformer,ch4t-test-000491,7,0.281835,0.374076,-0.027538,0.287110,0.998855,0.209801,-7.322269,-7.950642,0.000e+00
Set Transformer,ch4t-test-000492,7,-0.023172,-0.302259,0.523566,0.001268,0.388988,0.214035,-7.425239,-7.623373,0.000e+00
Set Transformer,ch4t-test-000493,6,0.926001,0.450606,-0.058906,0.196775,0.978525,0.365300,-5.516675,-6.834376,0.000e+00
Set Transformer,ch4t-test-000494,6,0.885189,0.005173,0.122455,0.313566,0.257796,0.972224,-4.484985,-5.497802,0.000e+00
Set Transformer,ch4t-test-000495,4,0.750376,0.126334,0.281580,-0.042607,0.318177,0.113023,-6.459567,-7.617858,0.000e+00
Set Transformer,ch4t-test-000496,7,2.141698,-0.710959,0.772099,0.787689,0.645756,0.539736,-4.800350,-7.003189,0.000e+00
Set Transformer,ch4t-test-000497,7,1.206188,-0.257889,-0.187091,1.061225,0.099513,0.826553,-3.772392,-4.533600,1.110e-16
Set Transformer,ch4t-test-000498,7,3.342952,-0.557188,-0.680806,0.659094,-0.618251,0.791936,-2.863758,-4.968716,4.441e-16
Set Transformer,ch4t-test-000499,8,0.550690,-0.463037,0.798691,0.142998,1.145583,0.688493,-4.677401,-5.563745,1.110e-16
Set Transformer,ch4t-test-000500,8,0.943018,-0.169235,-0.825142,1.640422,1.055132,1.310287,-4.620601,-4.569242,8.327e-17
Set Transformer,ch4t-test-000501,4,0.113518,0.044481,0.005759,0.431525,0.819961,0.585037,-4.764761,-4.928520,2.776e-17
Set Transformer,ch4t-test-000502,5,0.137112,0.248341,-0.010661,0.225231,0.660210,0.306132,-6.118669,-6.493462,0.000e+00
Set Transformer,ch4t-test-000503,7,-0.660809,-0.931322,0.091804,0.016905,-0.408359,0.213533,-9.642579,-8.142252,0.000e+00
Set Transformer,ch4t-test-000504,7,0.117750,-0.019186,-0.125510,0.208348,0.589921,0.205694,-12.341195,-12.314249,1.041e-17
Set Transformer,ch4t-test-000505,8,0.000809,0.343727,-0.055384,0.014694,0.682983,0.194130,-7.712977,-8.002129,0.000e+00
Set Transformer,ch4t-test-000506,7,-0.595867,-0.520080,2.222845,0.430049,1.022380,1.651838,-6.048128,-7.155026,0.000e+00
Set Transformer,ch4t-test-000507,6,1.095321,0.117896,-0.415178,0.938177,0.982118,0.820880,-4.898235,-5.696274,1.110e-16
Set Transformer,ch4t-test-000508,4,2.163788,-0.632894,0.368818,0.751573,0.079712,0.424539,-4.365001,-6.264712,2.220e-16
Set Transformer,ch4t-test-000509,6,0.530303,0.251160,0.007941,0.103553,0.290940,0.251844,-5.964476,-6.753880,0.000e+00
Set Transformer,ch4t-test-000510,8,0.093092,1.057122,0.188292,-0.007665,0.139010,0.166561,-6.082228,-7.420734,0.000e+00
Set Transformer,ch4t-test-000511,8,1.180330,-0.068610,-0.364062,0.519435,0.814923,0.742526,-2.378166,-3.125822,2.220e-16
Set Transformer,ch4t-test-000512,8,0.788621,-0.035598,-0.120852,0.316310,0.613845,0.207714,-3.965783,-4.597955,0.000e+00
Set Transformer,ch4t-test-000513,8,-0.033132,0.742301,-0.066756,0.003115,0.262892,0.183107,-6.672768,-7.315180,0.000e+00
Set Transformer,ch4t-test-000514,8,0.449922,0.407724,-0.055357,0.185890,0.824342,0.158356,-3.737278,-4.539566,0.000e+00
Set Transformer,ch4t-test-000515,7,0.422007,0.137090,-0.181757,0.524649,0.565640,0.657965,-3.749348,-4.126687,0.000e+00
Set Transformer,ch4t-test-000516,6,1.554931,0.083280,-0.632373,0.990287,1.192722,0.789892,-3.317922,-4.323760,0.000e+00
Set Transformer,ch4t-test-000517,5,-0.924169,0.391895,0.562133,0.270498,0.384179,1.478500,-8.298202,-8.328061,5.551e-17
Set Transformer,ch4t-test-000518,4,0.929379,-0.211311,-0.221015,0.142901,-1.443042,0.251309,-5.566339,-6.063392,5.551e-17
Set Transformer,ch4t-test-000519,4,0.339164,0.241105,-0.147221,0.184067,1.144434,0.310323,-5.140106,-5.573154,1.110e-16
Set Transformer,ch4t-test-000520,4,-0.019368,0.257085,-0.088235,0.010715,-1.006639,0.124915,-7.722667,-7.872149,2.776e-17
Set Transformer,ch4t-test-000521,7,0.643185,0.296796,-0.056282,0.025328,0.767624,0.166290,-6.821947,-7.705646,2.220e-16
Set Transformer,ch4t-test-000522,7,0.077916,-0.010620,0.175580,0.489571,0.492998,1.398004,-4.947811,-5.190686,2.776e-17
Set Transformer,ch4t-test-000523,8,1.141315,-0.035785,0.456504,0.341803,0.922863,0.458428,-4.834618,-6.396652,2.220e-16
Set Transformer,ch4t-test-000524,4,-0.008872,0.183334,-0.126182,-0.006607,-0.134817,0.153110,-6.908775,-6.957055,0.000e+00
Set Transformer,ch4t-test-000525,6,1.034090,0.209367,-0.879246,0.961796,0.677810,1.363195,-5.994200,-6.358411,2.220e-16
Set Transformer,ch4t-test-000526,4,0.060354,0.019697,0.027190,-0.033540,-1.230425,0.109917,-9.298320,-9.405562,0.000e+00
Set Transformer,ch4t-test-000527,5,0.549536,0.184078,-0.406428,0.775861,0.923590,1.463282,-5.285556,-5.612741,5.551e-17
Set Transformer,ch4t-test-000528,6,-0.120690,0.023449,-0.085065,0.052217,0.558677,0.111818,-7.013936,-6.831630,2.776e-17
Set Transformer,ch4t-test-000529,8,1.319953,0.715373,-0.105237,0.198224,0.955078,0.139431,-6.061581,-7.991669,0.000e+00
Set Transformer,ch4t-test-000530,6,0.392591,-0.106207,0.014539,0.338115,-0.061383,0.887115,-4.629697,-4.930621,0.000e+00
Set Transformer,ch4t-test-000531,4,-0.095460,1.666677,-0.186878,0.043747,0.812391,0.163241,-5.924263,-7.308603,0.000e+00
Set Transformer,ch4t-test-000532,8,1.679021,-0.143183,-0.383162,1.569800,1.179192,0.750250,-5.014856,-6.167532,0.000e+00
Set Transformer,ch4t-test-000533,5,-0.079084,0.399723,0.014516,-0.017178,-0.789850,0.154733,-9.139626,-9.474781,0.000e+00
Set Transformer,ch4t-test-000534,7,3.267378,0.157000,-0.683075,0.576239,0.808247,0.643311,-2.070368,-4.811670,4.441e-16
Set Transformer,ch4t-test-000535,6,-0.053134,0.196767,-0.034920,0.034386,0.354025,0.130323,-6.637043,-6.745756,2.776e-17
Set Transformer,ch4t-test-000536,5,2.370051,-0.401576,-0.946359,1.386849,-0.124120,1.406941,-4.653112,-5.675227,4.441e-16
Set Transformer,ch4t-test-000537,7,0.128455,0.134267,-0.157362,1.001955,0.733116,0.860549,-6.364393,-6.469752,0.000e+00
Set Transformer,ch4t-test-000538,5,1.713329,0.281096,-0.509784,0.802227,1.142822,0.877717,-3.600019,-5.084660,0.000e+00
Set Transformer,ch4t-test-000539,8,1.407351,-0.075349,-0.389961,1.034229,1.003264,0.624393,-4.000558,-4.942598,0.000e+00
Set Transformer,ch4t-test-000540,5,1.512336,0.069224,-0.376523,1.009157,0.663875,0.550370,-2.232762,-3.437799,0.000e+00
Set Transformer,ch4t-test-000541,8,-0.149590,0.924558,-0.064556,-0.017171,0.042262,0.093503,-7.263133,-7.973546,0.000e+00
Set Transformer,ch4t-test-000542,6,0.420991,0.159952,-0.216934,1.416228,0.870625,1.205632,-6.372523,-6.736532,0.000e+00
Set Transformer,ch4t-test-000543,6,-0.840900,-0.898254,0.946906,0.194652,-0.583320,0.620452,-6.791177,-5.998928,1.110e-16
Set Transformer,ch4t-test-000544,8,-0.119553,0.061763,0.034067,0.185129,-0.278250,0.251483,-6.577037,-6.553314,6.939e-18
Set Transformer,ch4t-test-000545,4,1.125280,0.553999,0.163957,0.472732,0.451329,1.175204,-5.065371,-6.908607,0.000e+00
Set Transformer,ch4t-test-000546,7,1.842814,0.387310,-0.844849,0.461352,0.448259,1.187467,-5.163936,-6.549212,0.000e+00
Set Transformer,ch4t-test-000547,8,0.591711,0.065670,-0.160048,0.890537,0.733817,0.290354,-5.613640,-6.110974,5.551e-17
Set Transformer,ch4t-test-000548,4,1.557861,0.603969,-1.196056,0.735050,0.527425,1.533097,-5.536549,-6.502322,2.220e-16
Set Transformer,ch4t-test-000549,4,0.236229,0.424074,-0.159230,0.055055,0.488290,0.082871,-10.435019,-10.936093,0.000e+00
Set Transformer,ch4t-test-000550,5,0.063982,0.334819,-0.014207,-0.015595,0.796633,0.130445,-6.644206,-7.028801,0.000e+00
Set Transformer,ch4t-test-000551,8,0.437855,0.010860,-0.014575,0.499727,0.737955,0.616415,-4.402173,-4.836312,0.000e+00
Set Transformer,ch4t-test-000552,8,1.381780,0.253145,-0.211691,0.980929,0.789618,1.133295,-4.485946,-5.909181,2.220e-16
Set Transformer,ch4t-test-000553,5,0.741029,0.097943,-0.238061,0.827881,0.877004,0.579703,-4.254334,-4.855246,1.110e-16
Set Transformer,ch4t-test-000554,6,0.628325,0.074047,-0.210786,1.130358,1.304991,2.256625,-3.826949,-4.318534,0.000e+00
Set Transformer,ch4t-test-000555,6,-0.182893,0.212119,0.079509,0.029659,0.326914,0.195445,-5.644274,-5.753009,4.163e-17
Set Transformer,ch4t-test-000556,4,0.164875,-1.313246,0.268083,-0.004742,-0.836282,0.128399,-9.374791,-8.494503,0.000e+00
Set Transformer,ch4t-test-000557,7,-0.609568,-0.318177,0.403406,0.407952,0.834440,0.537961,-7.131058,-6.606719,0.000e+00
Set Transformer,ch4t-test-000558,4,-0.267965,0.093772,-0.011353,0.685242,1.082119,0.342495,-7.935555,-7.750009,5.551e-17
Set Transformer,ch4t-test-000559,8,1.542658,0.073061,-0.786652,1.808738,0.724605,2.154056,-4.800032,-5.629099,2.220e-16
Set Transformer,ch4t-test-000560,6,-0.029655,0.411083,-0.149772,0.003186,-0.011942,0.157862,-6.684643,-6.916298,2.776e-17
Set Transformer,ch4t-test-000561,6,0.515953,0.630339,-0.685554,0.602136,1.441793,2.101545,-8.006233,-8.466971,1.110e-16
Set Transformer,ch4t-test-000562,4,2.121203,-0.312874,-0.743198,0.975947,0.145544,0.600611,-3.375224,-4.440355,0.000e+00
Set Transformer,ch4t-test-000563,6,0.214819,-0.017294,-0.319903,1.502080,0.815786,2.544977,-6.111015,-5.988638,0.000e+00
Set Transformer,ch4t-test-000564,5,-0.670415,-0.592305,-0.365953,0.219399,-0.541313,0.739353,-8.639231,-7.010559,0.000e+00
Set Transformer,ch4t-test-000565,4,1.855099,-0.278949,-0.354722,1.212580,0.631772,1.919317,-4.275563,-5.496990,0.000e+00
Set Transformer,ch4t-test-000566,8,-0.092729,0.028616,-0.075492,0.051078,-0.605207,0.102386,-8.199101,-8.059497,2.776e-17
Set Transformer,ch4t-test-000567,5,1.483587,-0.315449,-0.200302,1.087033,0.752219,0.597534,-3.787729,-4.755566,2.220e-16
Set Transformer,ch4t-test-000568,6,-0.089594,0.093113,0.418196,0.038497,-0.157463,0.193796,-9.073364,-9.495080,5.551e-17
Set Transformer,ch4t-test-000569,8,0.703819,-0.189755,-0.000187,0.410523,1.147825,0.323176,-3.304114,-3.817991,0.000e+00
Set Transformer,ch4t-test-000570,7,0.000506,0.634805,0.328796,-0.008145,-0.177343,0.214721,-6.670474,-7.634581,0.000e+00
Set Transformer,ch4t-test-000571,7,-0.024653,-0.661600,0.254217,0.076754,0.846262,0.371134,-6.763187,-6.331150,0.000e+00
Set Transformer,ch4t-test-000572,8,0.024083,0.224632,0.048225,0.022191,-1.122989,0.144068,-8.023400,-8.320339,0.000e+00
Set Transformer,ch4t-test-000573,5,-0.346766,-0.865664,0.219088,-0.033479,0.199982,0.133767,-8.726166,-7.732824,1.110e-16
Set Transformer,ch4t-test-000574,8,-1.056712,-1.036190,0.780267,0.278217,0.440422,0.389554,-8.766226,-7.453592,0.000e+00
Set Transformer,ch4t-test-000575,4,-0.007189,-0.301854,0.328873,0.481027,0.900123,1.495952,-6.838940,-6.858770,0.000e+00
Set Transformer,ch4t-test-000576,4,0.453477,0.290533,0.000767,0.113390,0.871869,0.142415,-6.754940,-7.499718,0.000e+00
Set Transformer,ch4t-test-000577,6,-0.269407,0.020316,0.922516,0.482156,0.769910,0.750809,-5.605625,-6.279050,0.000e+00
Set Transformer,ch4t-test-000578,4,-0.015261,0.187558,0.044046,-0.018566,-1.791048,0.106882,-6.721880,-6.938223,2.776e-17
Set Transformer,ch4t-test-000579,4,-0.037097,0.143888,0.004676,-0.023047,-2.330244,0.056553,-7.287246,-7.398713,0.000e+00
Set Transformer,ch4t-test-000580,6,2.072817,-0.391925,-0.308163,1.924361,0.012383,0.617529,-3.765532,-5.138261,0.000e+00
Set Transformer,ch4t-test-000581,5,-0.592857,-0.204246,0.613422,0.170028,0.852548,0.338782,-6.742037,-6.558356,0.000e+00
Set Transformer,ch4t-test-000582,8,0.243881,1.112014,0.012748,0.026107,1.205500,0.195215,-6.084711,-7.453354,0.000e+00
Set Transformer,ch4t-test-000583,4,-0.084527,-0.983427,1.139627,0.376369,0.814446,0.588273,-8.777714,-8.849386,1.110e-16
Set Transformer,ch4t-test-000584,5,0.016460,0.076053,-0.078056,-0.025069,-1.208099,0.103226,-7.367746,-7.382203,0.000e+00
Set Transformer,ch4t-test-000585,6,-0.183723,-0.001649,0.058034,0.377216,0.390660,0.421115,-5.010292,-4.882953,0.000e+00
Set Transformer,ch4t-test-000586,8,0.696575,0.150427,-0.465110,0.721464,0.878573,1.013223,-6.428454,-6.810347,5.551e-17
Set Transformer,ch4t-test-000587,8,0.946328,0.364087,-0.720750,0.145564,1.122397,0.230433,-6.295600,-6.885265,0.000e+00
Set Transformer,ch4t-test-000588,5,-0.036925,0.290883,-0.049258,0.002592,-0.779634,0.185773,-7.666048,-7.870748,2.776e-17
Set Transformer,ch4t-test-000589,7,2.181748,0.676053,-0.631628,0.606347,0.354051,1.089545,-3.951806,-6.177979,0.000e+00
Set Transformer,ch4t-test-000590,8,1.811617,0.199633,-0.362288,0.237812,-1.023548,0.521892,-3.865557,-5.514519,2.220e-16
Set Transformer,ch4t-test-000591,5,0.786704,0.187115,-0.610973,0.585856,1.094862,1.901374,-6.233604,-6.596450,0.000e+00
Set Transformer,ch4t-test-000592,5,0.885558,-0.037044,0.837713,0.766442,0.961075,1.430315,-4.632641,-6.318869,2.220e-16
Set Transformer,ch4t-test-000593,6,-0.108827,0.714420,0.305476,0.009895,0.094419,0.192159,-6.279700,-7.190769,1.110e-16
Set Transformer,ch4t-test-000594,8,1.389704,-0.613633,-0.042483,1.005375,0.167471,2.438041,-5.468299,-6.201887,1.110e-16
Set Transformer,ch4t-test-000595,6,1.280629,0.097836,-0.354398,0.500611,0.311963,0.562504,-3.037545,-4.061612,0.000e+00
Set Transformer,ch4t-test-000596,6,1.020127,0.306762,0.119705,0.562308,0.998899,0.781303,-7.196408,-8.643003,0.000e+00
Set Transformer,ch4t-test-000597,4,0.213749,0.364687,0.210756,0.029766,0.963700,0.206154,-5.324864,-6.114056,0.000e+00
Set Transformer,ch4t-test-000598,5,0.086693,-0.508900,0.654001,0.322485,0.746682,0.787978,-5.165389,-5.397183,1.110e-16
Set Transformer,ch4t-test-000599,4,0.371344,0.041800,0.007206,0.171503,0.475542,0.429418,-4.460494,-4.880844,0.000e+00
Set Transformer,ch4t-test-000600,7,1.999902,-0.245751,-0.519944,1.596668,0.961654,3.221064,-3.160811,-4.395018,0.000e+00
Set Transformer,ch4t-test-000601,5,1.277643,0.265991,-0.092054,1.231772,0.665828,1.140654,-3.580152,-5.031732,0.000e+00
Set Transformer,ch4t-test-000602,5,0.771990,-0.143495,0.420712,-0.029111,1.158533,0.359409,-5.916848,-6.966055,0.000e+00
Set Transformer,ch4t-test-000603,5,0.408130,0.069601,-0.059326,0.379819,0.396124,0.246252,-4.678175,-5.096580,0.000e+00
Set Transformer,ch4t-test-000604,6,0.042758,0.490400,-0.056278,-0.035707,-0.069677,0.120053,-6.584950,-7.061830,5.551e-17
Set Transformer,ch4t-test-000605,8,0.060482,0.528372,0.118847,0.025026,-0.357229,0.164323,-8.685257,-9.392959,0.000e+00
Set Transformer,ch4t-test-000606,5,0.131576,-0.417055,-0.913707,1.467589,0.734834,1.677747,-10.013601,-8.814415,0.000e+00
Set Transformer,ch4t-test-000607,5,0.275037,0.121998,-0.260709,0.822090,0.404731,0.669843,-6.526276,-6.662603,0.000e+00
Set Transformer,ch4t-test-000608,7,0.291101,0.146102,-0.143348,0.608907,0.348894,0.535790,-10.490173,-10.784028,0.000e+00
Set Transformer,ch4t-test-000609,8,1.192010,0.301797,-0.648043,0.474621,-0.304218,0.487400,-2.798384,-3.644148,1.110e-16
Set Transformer,ch4t-test-000610,6,0.458317,-0.024343,-0.113687,1.686755,0.698133,0.614087,-5.886045,-6.206332,0.000e+00
Set Transformer,ch4t-test-000611,5,1.977716,-0.001132,-0.726038,0.199391,0.821805,0.302323,-3.835140,-5.085686,0.000e+00
Set Transformer,ch4t-test-000612,8,2.759026,0.001325,-0.206968,1.658789,1.020176,0.613166,-4.282932,-6.836315,4.441e-16
Set Transformer,ch4t-test-000613,7,-0.050217,0.421070,-0.184965,0.015929,0.410865,0.179042,-6.897094,-7.082981,0.000e+00
Set Transformer,ch4t-test-000614,5,0.314553,0.368377,0.086440,0.051753,1.101540,0.329398,-4.217645,-4.987015,0.000e+00
Set Transformer,ch4t-test-000615,7,0.159599,0.702617,0.279835,0.083736,0.155890,0.408464,-5.797924,-6.939975,0.000e+00
Set Transformer,ch4t-test-000616,6,0.930307,0.127393,-0.436288,0.434877,0.120900,0.390536,-3.463520,-4.084932,0.000e+00
Set Transformer,ch4t-test-000617,4,-0.391858,-0.196096,0.015474,0.659240,-0.748981,0.813721,-5.619367,-5.046886,1.110e-16
Set Transformer,ch4t-test-000618,5,1.925732,0.101594,-0.498565,0.792523,-0.453728,1.708526,-5.718090,-7.246851,4.441e-16
Set Transformer,ch4t-test-000619,4,0.071198,0.305161,-0.028340,-0.060180,-0.479371,0.134694,-7.472598,-7.820618,5.551e-17
Set Transformer,ch4t-test-000620,7,0.878807,0.400950,-0.450789,0.525661,1.398820,0.959086,-5.495325,-6.324293,0.000e+00
Set Transformer,ch4t-test-000621,5,0.224012,0.061308,-0.042896,0.246658,-0.873746,0.687602,-4.776341,-5.018765,5.551e-17
Set Transformer,ch4t-test-000622,7,1.527838,0.051772,-0.752029,1.857608,0.966053,1.973350,-3.606901,-4.434483,1.110e-16
Set Transformer,ch4t-test-000623,5,0.981857,0.012516,-0.399771,1.268037,1.112903,0.833093,-4.432210,-5.026813,1.110e-16
Set Transformer,ch4t-test-000624,5,-0.102839,0.150332,0.019043,0.006964,-0.523630,0.115977,-6.860443,-6.926979,2.776e-17
Set Transformer,ch4t-test-000625,7,0.763867,0.077518,0.258011,0.105561,0.785045,0.333090,-3.846078,-4.945474,0.000e+00
Set Transformer,ch4t-test-000626,6,0.649396,0.329129,0.017894,0.046266,0.788822,0.206184,-6.769346,-7.765765,0.000e+00
Set Transformer,ch4t-test-000627,7,1.254153,0.235201,-0.617510,0.542225,1.213044,1.144156,-5.912979,-6.784823,1.110e-16
Set Transformer,ch4t-test-000628,6,1.075473,0.067014,-0.063668,0.091785,0.689246,0.120726,-7.581118,-8.659937,2.220e-16
Set Transformer,ch4t-test-000629,7,0.503247,-0.213078,0.002835,0.065801,0.751129,0.186775,-7.244012,-7.537016,0.000e+00
Set Transformer,ch4t-test-000630,7,3.615936,-0.651384,-3.035726,3.494854,0.653876,4.425694,-7.138215,-7.067042,1.110e-16
Set Transformer,ch4t-test-000631,5,0.185128,0.071476,-0.052044,0.460425,0.116094,0.343870,-4.034128,-4.238687,5.551e-17
Set Transformer,ch4t-test-000632,4,-0.219174,-0.231851,0.654979,0.329203,0.143454,0.790378,-6.072749,-6.276704,0.000e+00
Set Transformer,ch4t-test-000633,7,0.164491,0.149341,0.289830,-0.031835,0.182758,0.140751,-7.159009,-7.762672,1.110e-16
Set Transformer,ch4t-test-000634,7,2.249273,-0.174973,-0.941080,0.980592,0.452193,1.158592,-4.428634,-5.561854,0.000e+00
Set Transformer,ch4t-test-000635,8,-0.165592,-0.392312,0.124386,0.185546,0.640586,0.219898,-5.687273,-5.253755,0.000e+00
Set Transformer,ch4t-test-000636,7,0.263642,-0.142065,-0.327322,0.952587,0.497626,1.128247,-5.724820,-5.519076,0.000e+00
Set Transformer,ch4t-test-000637,4,-0.848614,-0.785120,0.438477,0.348175,-0.001532,0.593502,-7.496541,-6.301284,0.000e+00
Set Transformer,ch4t-test-000638,5,0.072878,0.121694,-0.193550,-0.005673,-0.420018,0.141354,-7.593679,-7.594701,0.000e+00
Set Transformer,ch4t-test-000639,6,1.498244,0.383831,-0.554578,0.699374,0.527712,1.458707,-4.683821,-6.011318,0.000e+00
Set Transformer,ch4t-test-000640,8,1.405685,-0.147117,-0.337657,1.455809,1.232124,0.664759,-3.937111,-4.858022,3.331e-16
Set Transformer,ch4t-test-000641,5,0.496526,-0.077073,0.335114,0.818177,-0.268576,1.863705,-4.689933,-5.444501,1.110e-16
Set Transformer,ch4t-test-000642,5,1.583734,-0.064377,-0.376291,0.620306,-0.065018,0.503202,-3.033015,-4.176081,2.220e-16
Set Transformer,ch4t-test-000643,8,-0.277481,-0.259556,-0.025476,1.280129,1.142406,0.929857,-7.246547,-6.684034,0.000e+00
Set Transformer,ch4t-test-000644,6,0.404315,-0.224017,-0.252757,1.363736,1.098475,0.580077,-6.745977,-6.673518,0.000e+00
Set Transformer,ch4t-test-000645,7,-0.029510,-0.634237,0.720575,0.356782,0.846542,0.890637,-7.834811,-7.891639,0.000e+00
Set Transformer,ch4t-test-000646,5,0.839203,-1.370713,-0.047772,-0.046621,0.553738,0.110769,-7.837755,-7.258474,2.220e-16
Set Transformer,ch4t-test-000647,4,0.351247,-0.063952,0.005415,0.576214,0.627637,0.296850,-4.809630,-5.102340,0.000e+00
Set Transformer,ch4t-test-000648,8,-0.182867,-0.233201,-0.184681,1.764705,0.392432,1.586200,-6.918934,-6.318185,0.000e+00
Set Transformer,ch4t-test-000649,7,0.769905,-0.173270,0.237303,0.350359,-0.032815,1.023918,-5.976021,-6.809960,1.110e-16
Set Transformer,ch4t-test-000650,6,0.794363,0.302630,-0.092976,0.296549,0.594121,0.231018,-5.215470,-6.219487,0.000e+00
Set Transformer,ch4t-test-000651,7,0.609495,-0.084028,0.059209,0.709515,-0.498975,0.963312,-3.428899,-4.013574,0.000e+00
Set Transformer,ch4t-test-000652,8,1.419754,0.012263,-0.342917,0.618730,1.097392,0.686529,-2.320266,-3.409367,2.220e-16
Set Transformer,ch4t-test-000653,5,2.507772,-0.663991,-0.350163,1.077742,0.095310,0.835313,-2.960184,-4.453802,4.441e-16
Set Transformer,ch4t-test-000654,4,0.086919,-0.092021,-0.786418,0.571724,0.081508,1.650883,-7.346249,-6.554728,2.220e-16
Set Transformer,ch4t-test-000655,6,0.422273,0.046717,-0.033424,0.433288,0.897685,0.189802,-5.615814,-6.051380,5.551e-17
Set Transformer,ch4t-test-000656,5,0.068895,0.262167,0.118032,-0.000845,0.654669,0.152260,-8.096323,-8.545417,0.000e+00
Set Transformer,ch4t-test-000657,4,0.547687,0.167968,-0.425471,0.293846,0.976689,0.684506,-6.651016,-6.941201,5.551e-17
Set Transformer,ch4t-test-000658,6,-0.105423,0.076372,-0.054013,0.976094,1.068166,0.560902,-6.903312,-6.820248,1.388e-17
Set Transformer,ch4t-test-000659,4,0.014311,0.111888,-0.050795,-0.007972,-1.808304,0.110686,-7.163827,-7.239231,1.388e-17
Set Transformer,ch4t-test-000660,4,0.518986,0.415760,0.825388,0.121708,1.158532,0.447207,-5.001752,-6.761885,0.000e+00
Set Transformer,ch4t-test-000661,8,0.172607,-1.674473,0.442476,0.024274,-0.731426,0.131252,-9.126324,-8.066934,0.000e+00
Set Transformer,ch4t-test-000662,5,-0.007837,-0.106316,0.390030,0.392251,1.183492,0.793696,-5.551236,-5.827114,0.000e+00
Set Transformer,ch4t-test-000663,7,2.259430,0.253667,-1.274813,0.212461,-0.216870,0.603085,-5.024821,-6.263106,0.000e+00
Set Transformer,ch4t-test-000664,4,1.548216,0.576762,-1.464452,1.254438,0.503843,1.660972,-5.891128,-6.551655,0.000e+00
Set Transformer,ch4t-test-000665,5,0.016777,0.048367,-0.113942,-0.014288,-1.581157,0.136804,-6.991636,-6.942838,0.000e+00
Set Transformer,ch4t-test-000666,7,0.290298,-0.016366,-0.138758,1.253112,0.905732,0.560898,-5.187571,-5.322745,0.000e+00
Set Transformer,ch4t-test-000667,6,-0.003400,0.837444,-0.164424,-0.006126,0.554850,0.171798,-7.000213,-7.669833,0.000e+00
Set Transformer,ch4t-test-000668,4,0.189135,1.013068,-0.238849,0.129148,0.822024,0.197708,-9.983987,-10.947342,0.000e+00
Set Transformer,ch4t-test-000669,7,0.204953,0.996403,-0.054241,0.053519,0.371754,0.143033,-5.828261,-6.975377,0.000e+00
Set Transformer,ch4t-test-000670,8,-0.585151,-0.764907,0.050553,0.766694,0.335532,1.033032,-9.004054,-7.704549,0.000e+00
Set Transformer,ch4t-test-000671,7,-0.907355,-0.847934,0.779015,0.392252,1.045237,0.544076,-7.833094,-6.856819,1.110e-16
Set Transformer,ch4t-test-000672,7,1.633987,0.122076,-0.218368,0.804983,1.086736,0.720287,-2.850111,-4.387806,0.000e+00
Set Transformer,ch4t-test-000673,7,0.832135,0.018042,-0.243613,1.577606,0.925215,1.160659,-4.863052,-5.469616,1.110e-16
Set Transformer,ch4t-test-000674,5,2.579714,0.208151,-0.457362,0.699592,0.083765,1.158796,-4.218164,-6.548667,0.000e+00
Set Transformer,ch4t-test-000675,8,-0.082207,0.359520,-0.158744,0.019409,-0.106438,0.186338,-7.249868,-7.368437,5.551e-17
Set Transformer,ch4t-test-000676,4,-0.296956,0.582760,0.219698,-0.067511,-0.234298,0.185300,-7.990699,-8.496201,0.000e+00
Set Transformer,ch4t-test-000677,6,-0.014995,0.006601,-0.124440,-0.015473,-0.236728,0.132710,-6.674932,-6.542099,0.000e+00
Set Transformer,ch4t-test-000678,8,0.243383,0.100597,-0.046748,0.625551,0.922359,0.622544,-4.545232,-4.842463,0.000e+00
Set Transformer,ch4t-test-000679,4,-0.467047,0.042898,0.146593,0.567402,0.955915,0.471945,-5.777435,-5.499878,0.000e+00
Set Transformer,ch4t-test-000680,8,1.868881,0.377047,-0.377716,0.966243,1.235919,1.666725,-4.097496,-5.965709,0.000e+00
Set Transformer,ch4t-test-000681,8,-1.384070,-1.188056,0.903572,0.469839,0.968941,0.591042,-7.406833,-5.738278,0.000e+00
Set Transformer,ch4t-test-000682,6,0.225702,0.163758,-0.009452,0.022444,0.968839,0.150135,-6.957599,-7.337608,0.000e+00
Set Transformer,ch4t-test-000683,5,0.080537,0.065806,-0.122236,1.041333,1.071066,0.660607,-7.358173,-7.382280,2.776e-17
Set Transformer,ch4t-test-000684,6,0.174777,-0.200161,0.297635,0.322837,0.536735,0.794749,-4.029848,-4.302099,0.000e+00
Set Transformer,ch4t-test-000685,4,0.102052,-0.133602,-0.030207,1.516791,0.889683,0.639378,-6.559311,-6.497554,1.388e-17
Set Transformer,ch4t-test-000686,4,0.976454,0.015373,-0.024556,0.098331,0.890700,0.113131,-8.725189,-9.692460,0.000e+00
Set Transformer,ch4t-test-000687,6,0.567591,0.004324,-0.179016,0.506286,0.853993,0.569338,-5.925228,-6.318127,0.000e+00
Set Transformer,ch4t-test-000688,8,-0.048540,0.397118,0.006945,-0.002095,0.022419,0.177127,-6.612481,-6.968005,5.551e-17
Set Transformer,ch4t-test-000689,7,0.931781,0.459866,-0.218089,0.319606,0.561495,0.286167,-3.983365,-5.156922,2.220e-16
Set Transformer,ch4t-test-000690,8,0.518787,0.404256,-0.021764,0.387675,0.915839,0.650906,-4.789592,-5.690871,0.000e+00
Set Transformer,ch4t-test-000691,5,-0.126995,0.000254,-0.007312,0.027094,0.048294,0.095878,-9.939470,-9.805418,0.000e+00
Set Transformer,ch4t-test-000692,8,1.956005,0.332295,-0.337527,0.645279,0.827196,1.888742,-4.542881,-6.493654,0.000e+00
Set Transformer,ch4t-test-000693,6,0.151054,-0.208341,0.127851,0.580008,0.775220,1.115238,-5.415213,-5.485777,0.000e+00
Set Transformer,ch4t-test-000694,4,0.978760,0.056820,0.125564,0.087564,-0.226634,0.162902,-5.867271,-7.028414,0.000e+00
Set Transformer,ch4t-test-000695,5,0.586173,-1.126448,0.247629,0.182643,-0.971641,0.351066,-8.028371,-7.735725,0.000e+00
Set Transformer,ch4t-test-000696,4,0.474885,0.515941,0.026097,0.050560,0.843681,0.139843,-5.342436,-6.359360,0.000e+00
Set Transformer,ch4t-test-000697,5,-0.044826,-0.037104,-0.087174,0.074423,-0.067801,0.110130,-8.246469,-8.077366,0.000e+00
Set Transformer,ch4t-test-000698,5,0.146138,0.074757,0.096658,1.072149,-0.092331,1.202021,-4.105633,-4.423187,0.000e+00
Set Transformer,ch4t-test-000699,8,-0.083510,-0.103290,0.954922,0.464708,0.547371,1.330853,-6.044994,-6.813116,1.110e-16
Set Transformer,ch4t-test-000700,5,0.307204,0.495947,-0.084672,0.015506,0.892227,0.193327,-6.068246,-6.786725,0.000e+00
Set Transformer,ch4t-test-000701,4,-0.079885,0.059248,0.194693,0.086758,0.778927,0.220213,-5.351968,-5.526024,2.776e-17
Set Transformer,ch4t-test-000702,5,0.365246,-0.109103,0.010755,0.962915,0.874578,0.535164,-6.386844,-6.653742,0.000e+00
Set Transformer,ch4t-test-000703,7,0.439807,0.522971,0.002004,-0.004464,0.998217,0.153703,-6.869361,-7.834144,0.000e+00
Set Transformer,ch4t-test-000704,4,1.319027,0.056280,-0.397652,0.341678,0.639973,0.495000,-4.158208,-5.135863,0.000e+00
Set Transformer,ch4t-test-000705,5,1.050377,0.008265,-0.473964,1.284875,1.163252,1.517329,-6.027487,-6.612165,0.000e+00
Set Transformer,ch4t-test-000706,4,1.591126,-0.090858,-0.563847,0.380302,0.104490,0.425232,-3.548434,-4.484855,0.000e+00
Set Transformer,ch4t-test-000707,7,1.339411,-0.277003,-0.192037,1.566879,0.928247,0.473745,-3.286670,-4.157040,2.220e-16
Set Transformer,ch4t-test-000708,5,0.012819,0.065215,-0.060368,-0.012215,-1.902382,0.121300,-8.516332,-8.533999,6.939e-18
Set Transformer,ch4t-test-000709,7,0.698596,0.625259,-0.173506,0.605241,1.048620,0.274791,-5.266509,-6.416857,0.000e+00
Set Transformer,ch4t-test-000710,7,1.271694,-0.446388,0.142812,1.933835,0.506891,2.012356,-4.151111,-5.119229,3.331e-16
Set Transformer,ch4t-test-000711,4,-0.415501,-0.346423,-0.842093,0.182003,-0.110125,0.848885,-8.552512,-6.948496,0.000e+00
Set Transformer,ch4t-test-000712,5,0.458491,-0.049296,-0.185167,1.430685,0.595885,1.292312,-4.824253,-5.048281,2.776e-17
Set Transformer,ch4t-test-000713,5,0.141056,0.399831,0.172359,0.053851,0.104857,0.168641,-9.958168,-10.671413,0.000e+00
Set Transformer,ch4t-test-000714,7,1.163238,0.799658,0.985066,0.114809,1.017149,0.378653,-3.298372,-6.246334,4.441e-16
Set Transformer,ch4t-test-000715,5,1.094370,-0.929281,-0.193394,0.996688,-0.448527,1.645181,-4.898797,-4.870491,0.000e+00
Set Transformer,ch4t-test-000716,7,-0.000312,0.151904,0.185502,0.162459,0.755811,0.410100,-5.416450,-5.753544,0.000e+00
Set Transformer,ch4t-test-000717,7,0.478128,0.310310,-0.079018,0.375191,1.076269,0.346219,-5.695919,-6.405339,0.000e+00
Set Transformer,ch4t-test-000718,5,0.726426,0.284092,-0.005600,0.092468,0.670866,0.126317,-9.576758,-10.581676,0.000e+00
Set Transformer,ch4t-test-000719,5,0.813972,0.618717,-0.259922,0.134665,0.785530,0.295087,-7.084467,-8.257234,0.000e+00
Set Transformer,ch4t-test-000720,7,-0.087584,-0.008814,-0.005106,1.371294,1.027906,0.359324,-6.023433,-5.921930,0.000e+00
Set Transformer,ch4t-test-000721,8,0.049545,0.124602,0.185061,0.189413,0.337276,0.270505,-5.836033,-6.195241,0.000e+00
Set Transformer,ch4t-test-000722,8,4.125694,-1.054696,-0.571543,0.875976,-0.796324,0.414705,-2.366105,-4.865560,4.441e-16
Set Transformer,ch4t-test-000723,6,-0.221848,-0.271974,0.791702,1.019895,0.953193,2.418504,-8.101760,-8.399641,0.000e+00
Set Transformer,ch4t-test-000724,5,1.382099,0.086760,-0.837804,0.630776,0.269544,0.685243,-6.131528,-6.762583,2.220e-16
Set Transformer,ch4t-test-000725,6,-0.057361,0.224696,-0.004871,-0.022210,0.165892,0.182521,-6.986038,-7.148502,0.000e+00
Set Transformer,ch4t-test-000726,7,-0.069312,-0.073637,-0.093360,0.980606,0.205629,0.456251,-4.559462,-4.323154,2.776e-17
Set Transformer,ch4t-test-000727,8,0.230229,0.237303,-0.081955,0.968283,0.115164,0.731057,-5.272652,-5.658229,0.000e+00
Set Transformer,ch4t-test-000728,7,0.793122,0.731904,-0.004530,0.037221,-0.279320,0.265506,-3.705632,-5.226129,2.220e-16
Set Transformer,ch4t-test-000729,5,1.352536,-0.029136,-0.112073,0.785589,0.642879,0.416714,-2.694034,-3.905361,0.000e+00
Set Transformer,ch4t-test-000730,4,0.390262,-0.044854,0.089191,0.327084,0.916967,1.038889,-5.108414,-5.543013,0.000e+00
Set Transformer,ch4t-test-000731,5,1.362746,0.206640,-0.018814,1.503752,1.408232,3.399294,-5.480874,-7.031447,0.000e+00
Set Transformer,ch4t-test-000732,7,-0.694840,-0.886990,1.536729,0.034289,0.637100,0.289706,-5.256243,-5.211141,0.000e+00
Set Transformer,ch4t-test-000733,7,0.910893,0.076007,0.116312,0.078380,0.276854,0.165460,-3.459292,-4.562503,0.000e+00
Set Transformer,ch4t-test-000734,4,1.578185,-0.593559,-0.680726,1.339750,-0.080419,0.622185,-4.491288,-4.795188,0.000e+00
Set Transformer,ch4t-test-000735,8,1.865048,-0.309280,-1.063505,1.913599,0.488529,1.863208,-5.138119,-5.630382,0.000e+00
Set Transformer,ch4t-test-000736,8,0.386078,0.228180,-0.193329,0.422799,0.756479,0.650631,-3.409977,-3.830907,0.000e+00
Set Transformer,ch4t-test-000737,5,-0.021917,0.986189,-0.141570,0.004328,0.659462,0.169198,-7.320703,-8.143405,1.110e-16
Set Transformer,ch4t-test-000738,6,2.914300,0.256213,0.103692,0.526847,-0.396287,0.356774,-3.240678,-6.514883,4.441e-16
Set Transformer,ch4t-test-000739,7,0.473510,-0.005143,0.104054,0.489896,1.087928,0.608767,-4.556028,-5.128450,0.000e+00
Set Transformer,ch4t-test-000740,7,-0.328407,-0.145162,0.761687,0.218643,0.604125,0.716632,-6.160411,-6.448528,1.110e-16
Set Transformer,ch4t-test-000741,8,1.353597,-0.101417,-0.463021,1.255899,1.108562,1.442226,-3.768059,-4.557219,0.000e+00
Set Transformer,ch4t-test-000742,5,1.811317,-0.387794,-0.422860,0.804577,0.770621,1.628546,-3.376438,-4.377101,2.220e-16
Set Transformer,ch4t-test-000743,7,1.241734,0.045157,-0.615050,1.065008,0.539182,1.605837,-3.832017,-4.503857,1.110e-16
Set Transformer,ch4t-test-000744,6,0.445376,0.113536,-0.087801,0.563568,0.674759,0.675736,-4.990900,-5.462012,5.551e-17
Set Transformer,ch4t-test-000745,6,1.653868,-0.159779,-0.384536,0.650221,1.162732,0.331831,-2.605773,-3.715325,0.000e+00
Set Transformer,ch4t-test-000746,6,0.720500,0.420324,-0.896975,0.545784,-0.777380,0.919649,-5.547042,-5.790891,0.000e+00
Set Transformer,ch4t-test-000747,7,0.988601,-0.066443,-0.195337,1.556259,1.246716,0.853387,-4.726043,-5.452865,0.000e+00
Set Transformer,ch4t-test-000748,5,-0.064775,0.083006,-0.046555,0.035606,-0.225644,0.125531,-7.469553,-7.441230,0.000e+00
Set Transformer,ch4t-test-000749,6,0.111388,0.232693,0.080877,0.072633,0.385867,0.140512,-7.062878,-7.487836,5.551e-17
Set Transformer,ch4t-test-000750,8,0.938856,0.060987,0.067556,1.204973,0.464036,2.755178,-3.917713,-4.985112,0.000e+00
Set Transformer,ch4t-test-000751,5,0.224324,0.178917,-0.135462,0.330220,0.497188,0.518204,-6.147963,-6.415742,0.000e+00
Set Transformer,ch4t-test-000752,6,0.864857,0.468540,-0.495486,0.432269,1.013296,1.157039,-6.358510,-7.196421,0.000e+00
Set Transformer,ch4t-test-000753,7,0.288108,-0.077313,-0.130617,0.535732,0.363747,0.634446,-4.705432,-4.785610,1.388e-17
Set Transformer,ch4t-test-000754,8,-0.010092,0.576991,-0.048562,-0.015247,0.668097,0.125497,-6.844212,-7.362548,0.000e+00
Set Transformer,ch4t-test-000755,4,0.002255,-0.012777,-0.018541,-0.003981,-2.983893,0.046562,-7.706341,-7.677278,3.469e-18
Set Transformer,ch4t-test-000756,7,1.841346,-0.109115,-0.613053,0.695684,0.160434,0.716416,-4.282226,-5.401403,2.220e-16
Set Transformer,ch4t-test-000757,5,0.933529,0.096871,-0.225144,0.464628,0.323613,1.409206,-5.472198,-6.277455,1.110e-16
Set Transformer,ch4t-test-000758,5,-0.155995,-0.150528,0.200007,0.088396,-0.474210,0.439599,-6.216398,-6.109881,2.776e-17
Set Transformer,ch4t-test-000759,5,-0.022998,0.477306,0.047437,-0.031200,0.151280,0.152473,-7.218960,-7.720706,0.000e+00
Set Transformer,ch4t-test-000760,4,1.037483,0.435163,-0.152619,0.417947,1.163127,0.924392,-4.172254,-5.492281,2.220e-16
Set Transformer,ch4t-test-000761,8,0.188922,0.536400,0.064840,0.003098,0.723761,0.191649,-5.420759,-6.210922,0.000e+00
Set Transformer,ch4t-test-000762,6,2.920783,0.566004,-1.536936,0.510287,1.051607,0.557112,-2.891978,-4.841828,2.220e-16
Set Transformer,ch4t-test-000763,8,0.847098,-0.057515,0.028294,0.275052,1.022444,0.266501,-3.938404,-4.756281,0.000e+00
Set Transformer,ch4t-test-000764,5,-0.264113,-0.137886,0.429589,0.119862,0.311550,0.460921,-4.364062,-4.391651,2.776e-17
Set Transformer,ch4t-test-000765,8,1.216552,0.212668,-0.265436,0.348206,1.306279,0.480281,-3.776559,-4.940343,0.000e+00
Set Transformer,ch4t-test-000766,4,-0.794138,-0.010275,-0.374453,0.097184,0.755683,0.270330,-10.772001,-9.593135,0.000e+00
Set Transformer,ch4t-test-000767,5,2.937433,-0.499042,-1.641814,1.602548,0.564105,2.183196,-5.578114,-6.374691,5.551e-16
Set Transformer,ch4t-test-000768,5,-0.002733,-0.357057,0.252609,0.011608,0.504924,0.205754,-7.265982,-7.158801,2.776e-17
Set Transformer,ch4t-test-000769,6,0.805532,-0.600431,-0.023854,1.361723,0.773760,2.542106,-4.108662,-4.289908,1.110e-16
Set Transformer,ch4t-test-000770,6,0.286307,-0.032831,-0.300707,0.675914,0.485810,1.169667,-5.946383,-5.899151,6.939e-17
Set Transformer,ch4t-test-000771,7,1.437294,-0.017675,-0.178018,0.499593,0.731564,0.290218,-3.704266,-4.945867,2.220e-16
Set Transformer,ch4t-test-000772,4,0.455837,-0.082749,0.041763,0.146981,0.654141,0.150709,-9.373193,-9.788043,0.000e+00
Set Transformer,ch4t-test-000773,4,0.013753,0.178294,0.117033,-0.002474,-2.189060,0.108918,-9.182158,-9.491238,0.000e+00
Set Transformer,ch4t-test-000774,7,-0.147895,-1.199648,0.939273,0.303396,0.522333,0.895414,-7.265459,-6.857188,1.110e-16
Set Transformer,ch4t-test-000775,8,2.361980,-0.563863,-0.630652,0.598635,0.925226,1.212881,-6.545955,-7.713420,0.000e+00
Set Transformer,ch4t-test-000776,8,0.077149,1.207158,-0.129933,0.006192,0.840229,0.097502,-6.143157,-7.297531,2.220e-16
Set Transformer,ch4t-test-000777,8,0.338121,-0.617351,0.465578,0.478597,1.064000,0.252013,-4.559979,-4.746328,1.110e-16
Set Transformer,ch4t-test-000778,8,0.637705,-0.004796,-0.054608,0.413685,0.268002,0.471932,-3.643613,-4.221915,1.110e-16
Set Transformer,ch4t-test-000779,8,-0.058195,0.496841,-0.103233,-0.028183,-0.385198,0.185968,-6.506646,-6.842058,0.000e+00
Set Transformer,ch4t-test-000780,5,-0.828602,-0.596961,0.750980,0.882872,0.358443,1.728144,-6.957916,-6.283332,0.000e+00
Set Transformer,ch4t-test-000781,5,0.089620,0.421132,-0.278530,0.045340,1.028098,0.344539,-6.844482,-7.076704,0.000e+00
Set Transformer,ch4t-test-000782,7,1.109615,0.274260,-0.139568,0.687044,1.090398,0.644022,-5.342336,-6.586642,0.000e+00
Set Transformer,ch4t-test-000783,8,1.450150,0.363960,-0.569536,0.525445,0.662624,0.959321,-5.416096,-6.660670,2.220e-16
Set Transformer,ch4t-test-000784,7,-0.131566,-0.321803,0.176974,0.447553,0.550814,1.315668,-6.350198,-6.073803,0.000e+00
Set Transformer,ch4t-test-000785,4,0.131793,0.395845,0.293293,0.069154,0.037713,0.164260,-7.192022,-8.012953,0.000e+00
Set Transformer,ch4t-test-000786,4,0.342745,-0.730520,-0.060426,0.059197,0.688890,0.141406,-7.977390,-7.529189,5.551e-17
Set Transformer,ch4t-test-000787,8,0.441989,0.049225,-0.044272,0.146926,-0.024594,0.307535,-4.920282,-5.367224,5.551e-17
Set Transformer,ch4t-test-000788,7,0.175583,0.223894,0.363537,0.148029,0.891080,0.251977,-3.158734,-3.921748,0.000e+00
Set Transformer,ch4t-test-000789,5,0.657679,0.277098,0.127576,0.057198,0.955270,0.244711,-5.978582,-7.040936,0.000e+00
Set Transformer,ch4t-test-000790,7,0.686817,0.247463,0.287734,0.143641,-1.104936,0.481557,-7.827066,-9.049080,2.220e-16
Set Transformer,ch4t-test-000791,8,1.664022,-0.029211,-1.069254,1.107589,1.364208,1.448202,-5.878469,-6.444027,0.000e+00
Set Transformer,ch4t-test-000792,5,-0.125944,0.333715,0.071687,-0.066313,-0.536311,0.278168,-7.875790,-8.155249,0.000e+00
Set Transformer,ch4t-test-000793,7,1.344508,-0.522678,-0.662345,2.281156,1.164017,0.964844,-5.433081,-5.592566,0.000e+00
Set Transformer,ch4t-test-000794,6,1.472000,0.732311,0.000356,0.524976,-0.394268,0.871438,-4.808641,-7.013308,0.000e+00
Set Transformer,ch4t-test-000795,4,0.064814,0.199417,-0.141861,-0.036360,-0.751050,0.151931,-7.417575,-7.539946,1.388e-17
Set Transformer,ch4t-test-000796,8,2.404188,-0.378201,-0.452523,2.574915,1.100969,0.929019,-3.506807,-5.080272,0.000e+00
Set Transformer,ch4t-test-000797,7,0.728519,0.167691,-0.159534,0.499979,1.008144,0.366641,-4.242817,-4.979493,1.110e-16
Set Transformer,ch4t-test-000798,8,0.083190,0.551827,0.008201,0.022263,-0.008951,0.157561,-6.991036,-7.634255,1.110e-16
Set Transformer,ch4t-test-000799,7,0.057454,-0.221621,0.255316,0.354309,0.792768,0.457593,-6.813277,-6.904427,0.000e+00
Set Transformer,ch4t-test-000800,4,0.075462,0.284375,0.204916,0.064064,0.728560,0.180947,-7.877644,-8.442398,0.000e+00
Set Transformer,ch4t-test-000801,4,1.701977,-0.169159,-0.548629,0.491664,0.928176,0.337725,-4.338753,-5.322942,0.000e+00
Set Transformer,ch4t-test-000802,7,-0.451169,-0.253150,0.718846,0.047545,1.005248,0.240267,-5.560529,-5.575057,5.551e-17
Set Transformer,ch4t-test-000803,5,0.882126,-0.018592,-0.184828,0.408747,0.730614,0.376424,-3.723873,-4.402580,0.000e+00
Set Transformer,ch4t-test-000804,4,1.513302,-0.036036,-0.192465,0.952634,-0.429866,0.553280,-4.061249,-5.346050,0.000e+00
Set Transformer,ch4t-test-000805,4,0.100598,-0.123453,-0.113522,-0.031668,0.201346,0.172131,-9.066053,-8.929675,0.000e+00
Set Transformer,ch4t-test-000806,6,0.634676,0.006938,-0.133662,0.728186,1.027942,0.235987,-3.730157,-4.238110,1.110e-16
Set Transformer,ch4t-test-000807,4,-0.164115,0.271966,-0.264491,0.010640,0.633304,0.155120,-7.954565,-7.797926,5.551e-17
Set Transformer,ch4t-test-000808,7,0.768131,0.016196,-0.120954,0.396105,0.965387,0.287444,-3.389881,-4.053255,1.110e-16
Set Transformer,ch4t-test-000809,8,-0.014365,0.732616,-0.069700,-0.018553,0.461111,0.129325,-6.540284,-7.188835,1.110e-16
Set Transformer,ch4t-test-000810,7,0.574803,-0.033824,-0.070844,0.201622,0.796928,0.200866,-4.281516,-4.751652,0.000e+00
Set Transformer,ch4t-test-000811,5,0.003177,0.278282,-0.036358,0.027465,0.179334,0.128763,-7.392753,-7.637854,2.776e-17
Set Transformer,ch4t-test-000812,4,0.832316,0.262451,0.313517,0.415042,0.913979,1.269788,-4.995651,-6.403935,0.000e+00
Set Transformer,ch4t-test-000813,4,0.403832,0.092470,-0.049915,0.363698,0.108097,0.560982,-6.436949,-6.883336,5.551e-17
Set Transformer,ch4t-test-000814,7,0.940021,0.258115,-0.137459,0.285127,0.741563,0.329511,-4.286786,-5.347463,0.000e+00
Set Transformer,ch4t-test-000815,8,1.056325,0.843771,-0.254613,0.280265,1.024275,0.380324,-6.187137,-7.832619,0.000e+00
Set Transformer,ch4t-test-000816,5,-1.253876,-0.376247,2.003407,0.538142,0.704688,2.252359,-7.066403,-7.439687,0.000e+00
Set Transformer,ch4t-test-000817,4,-0.196033,0.667506,0.057176,-0.042495,0.450910,0.192374,-6.246592,-6.775241,0.000e+00
Set Transformer,ch4t-test-000818,7,0.212320,0.099024,-0.092077,0.367004,0.489691,0.316849,-5.380319,-5.599586,5.551e-17
Set Transformer,ch4t-test-000819,6,0.808639,0.008628,-0.205220,1.163369,0.813907,0.755376,-4.938151,-5.550198,1.110e-16
Set Transformer,ch4t-test-000820,5,0.912031,0.160600,-0.159295,0.442745,0.209932,0.277729,-6.477680,-7.391015,0.000e+00
Set Transformer,ch4t-test-000821,5,-0.000359,0.145400,-0.107619,-0.035649,-0.246766,0.180556,-8.162920,-8.200342,1.388e-17
Set Transformer,ch4t-test-000822,5,-0.165239,0.184537,-0.026101,0.750520,0.830531,0.254707,-6.771274,-6.764471,2.776e-17
Set Transformer,ch4t-test-000823,6,1.083125,0.002951,-0.132554,0.840320,0.768791,0.479959,-5.142938,-6.096460,0.000e+00
Set Transformer,ch4t-test-000824,7,-0.168890,0.466886,0.031604,-0.013689,0.808210,0.127239,-7.912810,-8.242410,0.000e+00
Set Transformer,ch4t-test-000825,4,0.977182,0.064463,-0.135822,0.460239,-0.028584,0.649110,-4.337191,-5.243013,2.220e-16
Set Transformer,ch4t-test-000826,8,2.433045,-0.003937,-1.443114,0.854466,0.302437,2.064461,-3.493524,-4.479518,3.331e-16
Set Transformer,ch4t-test-000827,8,2.404310,-0.033169,-1.129913,1.692638,0.946813,1.750541,-2.455751,-3.696980,2.220e-16
Set Transformer,ch4t-test-000828,6,-0.013326,0.077566,0.057304,-0.012934,-1.371113,0.150051,-8.666618,-8.788163,1.388e-17
Set Transformer,ch4t-test-000829,8,1.576711,-0.017649,-0.462847,1.051060,0.116999,0.921183,-2.457124,-3.553340,0.000e+00
Set Transformer,ch4t-test-000830,8,1.115784,0.225926,-0.360957,0.888777,0.795814,1.060191,-5.607598,-6.588352,0.000e+00
Set Transformer,ch4t-test-000831,8,0.212720,0.082754,-0.063997,0.712536,0.888650,0.892704,-6.023539,-6.255017,0.000e+00
Set Transformer,ch4t-test-000832,5,1.296017,-0.231291,-0.014859,0.386790,0.862704,0.456354,-3.805135,-4.855001,2.220e-16
Set Transformer,ch4t-test-000833,5,0.825228,0.366775,-0.151204,0.445740,0.957273,0.389487,-3.968893,-5.009692,0.000e+00
Set Transformer,ch4t-test-000834,7,-0.003913,0.829922,0.093360,0.021466,0.406148,0.211036,-7.059261,-7.978629,0.000e+00
Set Transformer,ch4t-test-000835,8,-0.073622,0.352825,-0.002623,0.038285,0.164636,0.111973,-7.068959,-7.345540,0.000e+00
Set Transformer,ch4t-test-000836,5,-0.034843,0.249651,0.382951,0.026871,-0.291492,0.324870,-6.773406,-7.371164,0.000e+00
Set Transformer,ch4t-test-000837,8,1.927389,0.222532,-1.273838,0.766895,0.959534,1.100576,-4.233380,-5.109463,0.000e+00
Set Transformer,ch4t-test-000838,4,0.423970,0.107709,-0.121210,1.195086,0.721661,1.477688,-4.458248,-4.868718,0.000e+00
Set Transformer,ch4t-test-000839,8,0.895204,0.153083,-0.389512,1.000049,1.203758,1.651069,-4.526591,-5.185365,0.000e+00
Set Transformer,ch4t-test-000840,7,1.219018,0.620701,-0.338434,0.822887,-0.685813,1.336725,-6.536696,-8.037981,0.000e+00
Set Transformer,ch4t-test-000841,5,0.321700,0.401437,-0.061534,0.431296,0.920869,0.652900,-5.167989,-5.829592,1.110e-16
Set Transformer,ch4t-test-000842,4,0.799619,-0.711040,0.253523,0.528924,0.385179,1.050680,-6.941875,-7.283977,1.110e-16
Set Transformer,ch4t-test-000843,4,0.896249,-0.080577,-0.287214,0.400182,-0.165236,0.513013,-4.314289,-4.842748,0.000e+00
Set Transformer,ch4t-test-000844,6,0.307918,0.527513,0.797273,0.227015,1.126324,0.768080,-5.782147,-7.414851,2.220e-16
Set Transformer,ch4t-test-000845,7,3.158867,-0.434002,-0.559444,2.744108,1.166988,0.932860,-2.626100,-4.791520,0.000e+00
Set Transformer,ch4t-test-000846,5,0.105520,-0.748748,-0.033279,0.094251,0.893830,0.176663,-8.263566,-7.587058,0.000e+00
Set Transformer,ch4t-test-000847,7,1.840962,-0.091149,-0.854369,1.367340,-0.919809,3.117484,-3.052835,-3.948279,2.220e-16
Set Transformer,ch4t-test-000848,4,2.880459,-0.097858,-1.320498,1.080319,0.032917,1.162694,-3.331336,-4.793440,4.441e-16
Set Transformer,ch4t-test-000849,6,0.072207,-0.080125,0.280143,0.439225,0.508878,0.952911,-4.051672,-4.323897,5.551e-17
Set Transformer,ch4t-test-000850,7,1.549994,-0.101046,-0.390177,1.040188,0.383410,0.696476,-3.778333,-4.837105,2.220e-16
Set Transformer,ch4t-test-000851,6,0.030800,0.282566,-0.070042,-0.000540,-0.409685,0.196057,-7.674860,-7.918184,0.000e+00
Set Transformer,ch4t-test-000852,6,-0.059582,0.304553,-0.166006,0.028014,-0.550267,0.170751,-6.242636,-6.321601,2.776e-17
Set Transformer,ch4t-test-000853,6,0.310204,0.269307,0.002973,0.181745,0.123502,0.450622,-5.817758,-6.400242,0.000e+00
Set Transformer,ch4t-test-000854,5,0.593826,0.136968,-0.135362,0.439886,0.787773,0.301979,-5.308901,-5.904333,0.000e+00
Set Transformer,ch4t-test-000855,8,1.337554,0.062082,-0.139689,2.178069,1.004541,1.116424,-3.480531,-4.740477,0.000e+00
Set Transformer,ch4t-test-000856,5,-0.400386,-0.249368,0.264132,0.186217,0.866275,0.625574,-8.020867,-7.635245,0.000e+00
Set Transformer,ch4t-test-000857,5,1.817274,-0.206610,-0.451198,0.499678,1.001461,0.549113,-3.751462,-4.910929,0.000e+00
Set Transformer,ch4t-test-000858,7,0.273520,0.010976,-0.149791,0.592264,0.863349,0.666454,-6.467515,-6.602221,0.000e+00
Set Transformer,ch4t-test-000859,4,0.022224,0.075243,-0.004507,-0.036347,-2.235753,0.086697,-7.156801,-7.249760,1.388e-17
Set Transformer,ch4t-test-000860,8,-0.267092,-0.553771,0.262061,0.017156,0.822327,0.209477,-5.501707,-4.942905,0.000e+00
Set Transformer,ch4t-test-000861,5,-0.151732,-0.011787,0.104012,1.599301,0.586679,0.879704,-6.039800,-5.980294,2.776e-17
Set Transformer,ch4t-test-000862,5,0.192353,0.059929,-0.174273,0.569243,0.617293,0.416407,-6.643921,-6.721929,0.000e+00
Set Transformer,ch4t-test-000863,8,0.583530,-0.091430,0.015087,0.592623,-0.114752,1.432667,-5.435819,-5.943006,1.110e-16
Set Transformer,ch4t-test-000864,4,-0.004354,-0.060521,-0.070307,-0.008768,-0.223196,0.136989,-7.187408,-7.052226,0.000e+00
Set Transformer,ch4t-test-000865,6,0.353130,0.023471,-0.058105,0.494354,0.674170,0.384468,-4.083893,-4.402390,0.000e+00
Set Transformer,ch4t-test-000866,8,0.811174,-0.040489,-0.124233,1.029247,0.890611,0.347449,-5.283916,-5.930369,0.000e+00
Set Transformer,ch4t-test-000867,6,1.428592,0.293764,-0.366355,0.779665,-0.591538,1.548112,-7.188370,-8.544372,0.000e+00
Set Transformer,ch4t-test-000868,8,2.802419,0.693533,-0.826374,1.404584,1.365063,1.752304,-6.717738,-9.387315,0.000e+00
Set Transformer,ch4t-test-000869,5,1.252986,0.224481,-0.505801,0.431005,0.562484,1.068773,-3.732121,-4.703787,1.110e-16
Set Transformer,ch4t-test-000870,7,-0.011299,1.102945,-0.125326,-0.010862,0.686170,0.156844,-6.775239,-7.741559,1.110e-16
Set Transformer,ch4t-test-000871,5,-0.021181,0.713333,0.013645,-0.022219,0.647135,0.148204,-7.334313,-8.040109,0.000e+00
Set Transformer,ch4t-test-000872,7,1.131092,-0.673031,-0.107780,0.891627,-0.144759,0.934878,-6.014083,-6.364365,0.000e+00
Set Transformer,ch4t-test-000873,4,0.263640,0.002660,0.047563,0.347019,0.723534,0.370685,-4.506069,-4.819933,0.000e+00
Set Transformer,ch4t-test-000874,4,-0.367248,0.158195,-0.139245,0.191449,0.796964,0.826414,-7.152354,-6.804056,5.551e-17
Set Transformer,ch4t-test-000875,5,0.647502,-0.244585,0.864019,0.533846,-0.601034,1.138831,-4.141800,-5.408736,2.220e-16
Set Transformer,ch4t-test-000876,7,0.830838,-0.197665,0.979483,0.052560,0.606428,0.222870,-3.080941,-4.693596,0.000e+00
Set Transformer,ch4t-test-000877,7,-1.536504,-2.218512,-0.311770,4.615422,0.692171,1.626472,-10.323891,-6.257105,0.000e+00
Set Transformer,ch4t-test-000878,6,0.837426,-0.023333,-0.173622,1.350245,1.069353,0.481431,-5.754928,-6.395400,1.110e-16
Set Transformer,ch4t-test-000879,6,2.583615,-0.526388,-0.223448,0.453737,0.475767,0.428622,-2.225019,-4.058798,4.441e-16
Set Transformer,ch4t-test-000880,4,0.235123,-0.078709,0.542366,0.144575,0.700187,0.614572,-5.108663,-5.807442,0.000e+00
Set Transformer,ch4t-test-000881,4,0.229255,0.016285,-0.098679,0.568866,1.084965,0.429378,-5.635420,-5.782281,2.776e-17
Set Transformer,ch4t-test-000882,6,0.423662,0.686837,-0.004377,0.119899,0.776433,0.201785,-4.297594,-5.403716,0.000e+00
Set Transformer,ch4t-test-000883,7,-0.278835,-1.636091,-0.095690,0.046697,1.023978,0.126903,-7.063168,-5.052552,0.000e+00
Set Transformer,ch4t-test-000884,7,2.104445,-0.231481,-0.259658,0.716655,0.550875,0.319218,-2.394348,-4.007654,2.220e-16
Set Transformer,ch4t-test-000885,5,1.055397,-0.114996,-0.194174,0.298983,-0.054556,0.213564,-4.360120,-5.106348,0.000e+00
Set Transformer,ch4t-test-000886,4,-0.007678,0.137791,-0.087961,0.004444,-1.518696,0.133206,-7.069374,-7.111525,0.000e+00
Set Transformer,ch4t-test-000887,7,0.649439,0.823343,0.068055,0.086878,0.938794,0.141591,-6.130125,-7.670962,0.000e+00
Set Transformer,ch4t-test-000888,7,-0.314194,-0.126277,0.139113,1.117404,0.564922,1.094832,-6.411924,-6.110566,0.000e+00
Set Transformer,ch4t-test-000889,7,0.562982,0.421355,-0.133425,0.101249,0.704926,0.133889,-7.747777,-8.598689,0.000e+00
Set Transformer,ch4t-test-000890,4,0.238038,0.399840,0.018838,0.032443,0.940991,0.098822,-6.173788,-6.830504,0.000e+00
Set Transformer,ch4t-test-000891,8,0.836535,-0.061799,-0.233983,0.763828,-0.103030,1.004175,-4.062875,-4.603628,1.110e-16
Set Transformer,ch4t-test-000892,5,0.608967,0.209002,-0.163338,0.465528,1.349401,0.821603,-5.265381,-5.920012,0.000e+00
Set Transformer,ch4t-test-000893,5,-0.869102,-0.157698,0.550492,0.180250,1.072583,0.273811,-8.662400,-8.186092,5.551e-17
Set Transformer,ch4t-test-000894,5,0.391498,-0.071498,-0.092122,2.030163,0.801080,0.444499,-5.786788,-6.014667,5.551e-17
Set Transformer,ch4t-test-000895,8,-0.499579,-0.368841,0.759761,0.332536,1.256114,0.507803,-6.202894,-6.094235,0.000e+00
Set Transformer,ch4t-test-000896,5,0.841301,0.012513,0.035464,0.342889,-0.529346,0.437108,-3.869329,-4.758607,2.220e-16
Set Transformer,ch4t-test-000897,4,-0.054673,0.642567,-0.194675,0.023808,0.374457,0.190858,-5.938793,-6.332012,0.000e+00
Set Transformer,ch4t-test-000898,8,0.298322,0.004398,0.364973,0.285073,0.980833,1.339035,-5.512972,-6.180665,0.000e+00
Set Transformer,ch4t-test-000899,7,0.177302,0.214765,0.163944,0.108933,0.475036,0.157577,-3.806163,-4.362174,0.000e+00
Set Transformer,ch4t-test-000900,8,-0.046430,-0.549941,0.592746,0.682276,0.998386,2.146507,-5.088997,-5.085372,0.000e+00
Set Transformer,ch4t-test-000901,8,-0.067571,0.657871,-0.095502,0.032949,-0.140692,0.161058,-5.553862,-6.048659,0.000e+00
Set Transformer,ch4t-test-000902,6,-0.092426,-0.528988,0.295624,-0.008255,0.806013,0.142756,-7.781116,-7.455327,0.000e+00
Set Transformer,ch4t-test-000903,7,0.068678,0.150847,-0.387780,0.229629,1.154205,0.381333,-4.107867,-3.939612,0.000e+00
Set Transformer,ch4t-test-000904,8,0.234508,0.052615,-0.122925,1.258412,-0.020845,1.422474,-4.335316,-4.499514,0.000e+00
Set Transformer,ch4t-test-000905,4,0.006002,0.521367,-0.207081,-0.014880,0.093348,0.179407,-6.516657,-6.836945,0.000e+00
Set Transformer,ch4t-test-000906,4,-0.034257,0.345538,-0.069801,0.008032,-0.499482,0.128712,-8.157446,-8.398924,2.776e-17
Set Transformer,ch4t-test-000907,7,0.190381,0.411988,0.138102,-0.010004,0.717038,0.145547,-5.960479,-6.700950,0.000e+00
Set Transformer,ch4t-test-000908,6,0.681976,0.175069,-0.507811,0.525964,0.453920,0.649149,-4.488728,-4.837962,0.000e+00
Set Transformer,ch4t-test-000909,4,0.073636,0.062733,0.137243,-0.017724,-1.299519,0.118585,-8.458298,-8.731910,5.551e-17
Set Transformer,ch4t-test-000910,4,0.119533,-1.143108,0.189111,0.016402,-0.354657,0.118963,-9.190044,-8.355581,1.110e-16
Set Transformer,ch4t-test-000911,8,1.659830,-0.308551,-0.369190,1.558218,0.389406,1.697921,-3.773187,-4.755276,0.000e+00
Set Transformer,ch4t-test-000912,7,2.969308,-0.487843,-1.734229,1.214916,-0.407805,1.514121,-4.636509,-5.383746,0.000e+00
Set Transformer,ch4t-test-000913,4,2.214802,-0.426376,0.140759,1.294426,1.055595,3.168164,-3.549817,-5.479002,0.000e+00
Set Transformer,ch4t-test-000914,7,1.540318,-0.461146,-0.418758,1.045358,1.274088,0.743548,-4.094880,-4.755294,1.110e-16
Set Transformer,ch4t-test-000915,8,1.207344,-0.181487,-0.109546,0.597812,0.989122,0.391256,-4.188735,-5.105046,1.110e-16
Set Transformer,ch4t-test-000916,6,3.575161,-0.255292,-0.399660,0.858775,0.542897,0.595720,-2.498114,-5.418322,4.441e-16
Set Transformer,ch4t-test-000917,4,2.087927,0.968932,-0.355725,0.199022,1.025370,0.439018,-3.672115,-6.373248,0.000e+00
Set Transformer,ch4t-test-000918,8,1.785462,0.110503,-0.866630,0.801865,0.550165,0.789596,-2.567146,-3.596480,2.220e-16
Set Transformer,ch4t-test-000919,7,1.773373,-0.225065,-0.322849,0.845449,0.622633,0.679435,-5.092596,-6.318055,0.000e+00
Set Transformer,ch4t-test-000920,4,-0.081714,-0.020036,0.127384,-0.028861,-1.026652,0.101639,-7.691163,-7.716797,1.041e-17
Set Transformer,ch4t-test-000921,7,0.564545,0.147437,-0.108867,0.409153,0.880679,0.232217,-5.602404,-6.205519,0.000e+00
Set Transformer,ch4t-test-000922,4,0.659443,0.007779,0.289007,0.475112,0.972149,1.261898,-6.273821,-7.230050,0.000e+00
Set Transformer,ch4t-test-000923,4,-0.012839,0.089904,-0.050158,0.005235,-2.338975,0.078939,-7.491651,-7.518558,0.000e+00
Set Transformer,ch4t-test-000924,5,1.914562,0.427835,-0.245965,0.652023,0.588730,0.379162,-4.752772,-6.849204,4.441e-16
Set Transformer,ch4t-test-000925,8,0.335357,0.342504,-0.028896,0.206089,1.016186,0.152693,-6.824826,-7.473792,0.000e+00
Set Transformer,ch4t-test-000926,4,0.775519,-0.090181,-0.074910,0.369968,0.577261,0.235637,-4.567301,-5.177729,0.000e+00
Set Transformer,ch4t-test-000927,6,0.847454,0.313300,-0.425244,0.852367,0.779628,0.863017,-5.302616,-6.038126,0.000e+00
Set Transformer,ch4t-test-000928,6,0.589387,-0.274357,0.311681,1.169233,1.137412,2.347534,-4.550271,-5.176982,1.110e-16
Set Transformer,ch4t-test-000929,4,-0.932509,-0.416656,0.102435,0.792910,0.308866,1.623343,-8.861888,-7.615157,2.220e-16
Set Transformer,ch4t-test-000930,8,0.351451,0.102590,0.551121,0.048121,-0.809064,0.306627,-6.989949,-7.995111,2.220e-16
Set Transformer,ch4t-test-000931,4,1.047134,-0.305678,-1.013128,1.171712,-0.618116,1.084544,-4.472434,-4.200761,5.551e-17
Set Transformer,ch4t-test-000932,5,0.532027,-0.068676,0.005638,0.813519,0.735584,0.456993,-6.688447,-7.157436,0.000e+00
Set Transformer,ch4t-test-000933,4,0.155038,-0.660803,0.214013,-0.009796,-0.058616,0.125140,-11.341672,-11.049920,5.551e-17
Set Transformer,ch4t-test-000934,5,0.828867,-0.294332,-0.434988,1.201180,0.702358,1.425470,-5.252009,-5.351556,5.551e-17
Set Transformer,ch4t-test-000935,8,0.234431,0.179797,0.123023,0.604629,0.751756,0.344942,-4.066205,-4.603456,0.000e+00
Set Transformer,ch4t-test-000936,7,0.796826,0.278658,-0.385456,0.243352,1.213848,0.396052,-2.863285,-3.553312,0.000e+00
Set Transformer,ch4t-test-000937,5,0.238821,0.164069,0.075451,0.468766,0.490357,0.295332,-4.613300,-5.091641,5.551e-17
Set Transformer,ch4t-test-000938,4,0.253172,0.017819,0.059186,0.641695,0.459589,0.620939,-7.054541,-7.384718,0.000e+00
Set Transformer,ch4t-test-000939,8,1.819381,0.528436,-0.333770,0.728939,0.984851,1.144836,-3.839810,-5.853857,0.000e+00
Set Transformer,ch4t-test-000940,5,0.052910,0.582290,-0.316092,-0.000658,0.385171,0.221097,-7.105262,-7.424372,5.551e-17
Set Transformer,ch4t-test-000941,8,1.368656,0.082183,-0.334423,0.573445,1.136447,0.422017,-2.781860,-3.898277,0.000e+00
Set Transformer,ch4t-test-000942,7,-0.348268,-0.187942,0.508985,0.446279,-0.094690,1.580760,-4.467592,-4.440367,5.551e-17
Set Transformer,ch4t-test-000943,4,2.302453,0.033197,-0.896484,2.199057,0.134225,1.335787,-5.912396,-7.351562,2.220e-16
Set Transformer,ch4t-test-000944,4,0.464125,0.108425,-0.089777,0.362881,0.504338,0.306656,-5.416207,-5.898980,0.000e+00
Set Transformer,ch4t-test-000945,4,1.361275,-0.146434,0.432900,0.296159,0.539517,0.651324,-4.871450,-6.519190,4.441e-16
Set Transformer,ch4t-test-000946,6,1.092477,0.012561,0.088524,0.153875,-0.066029,0.099192,-3.750039,-4.943601,0.000e+00
Set Transformer,ch4t-test-000947,4,0.540461,0.128652,-0.133158,0.550838,0.740009,0.506020,-4.845395,-5.381350,0.000e+00
Set Transformer,ch4t-test-000948,8,1.795499,0.051820,-0.699339,0.862051,0.433086,1.541361,-5.022407,-6.170388,0.000e+00
Set Transformer,ch4t-test-000949,6,0.918475,0.147408,-0.197900,0.549963,0.841382,0.281912,-3.885797,-4.753780,0.000e+00
Set Transformer,ch4t-test-000950,6,-0.042858,-0.325629,0.396549,0.070918,0.876977,0.196607,-8.999099,-9.027161,0.000e+00
Set Transformer,ch4t-test-000951,4,1.447886,0.102982,-0.403184,0.182278,1.106425,0.371469,-2.683291,-3.830975,0.000e+00
Set Transformer,ch4t-test-000952,8,0.510187,0.398087,-0.296545,0.558932,1.057222,0.555401,-7.009455,-7.621184,0.000e+00
Set Transformer,ch4t-test-000953,7,0.761164,0.147347,-0.269060,0.191350,0.877811,0.216623,-4.083276,-4.722727,0.000e+00
Set Transformer,ch4t-test-000954,5,0.596537,0.259545,-0.098571,0.214997,0.715097,0.288117,-5.387956,-6.145466,1.110e-16
Set Transformer,ch4t-test-000955,7,0.809886,0.609883,-0.041538,0.056751,0.886623,0.108383,-5.966716,-7.344947,0.000e+00
Set Transformer,ch4t-test-000956,5,2.349557,-0.280258,-0.933097,1.039906,0.357629,1.323908,-4.862125,-5.998327,0.000e+00
Set Transformer,ch4t-test-000957,6,-0.048951,0.134582,0.071438,0.013563,0.716783,0.099887,-6.027748,-6.184817,0.000e+00
Set Transformer,ch4t-test-000958,4,0.289210,0.206861,-0.096985,0.661508,0.856111,0.523420,-5.314805,-5.713890,0.000e+00
Set Transformer,ch4t-test-000959,4,0.240763,0.276174,0.093917,0.139831,0.622727,0.248569,-6.086469,-6.697322,0.000e+00
Set Transformer,ch4t-test-000960,7,0.098143,0.083758,-0.162922,0.002582,-0.215435,0.248275,-6.844944,-6.863922,0.000e+00
Set Transformer,ch4t-test-000961,4,1.057239,-0.041625,-0.340534,0.487136,0.980883,0.324349,-5.088180,-5.763260,1.110e-16
Set Transformer,ch4t-test-000962,4,0.022155,0.089489,-0.063818,-0.019761,-1.661381,0.105838,-6.969817,-7.017643,0.000e+00
Set Transformer,ch4t-test-000963,5,0.937192,0.103149,-0.479725,1.185169,1.174455,1.090230,-5.871584,-6.432201,0.000e+00
Set Transformer,ch4t-test-000964,8,0.574090,-0.267925,0.134307,0.612174,0.436567,1.211987,-6.359101,-6.799572,0.000e+00
Set Transformer,ch4t-test-000965,7,0.048231,-0.036611,-0.018591,1.595494,1.054862,0.463417,-5.640141,-5.633169,3.469e-18
Set Transformer,ch4t-test-000966,6,0.354239,-0.027588,-0.082019,0.416039,0.711293,0.256127,-5.922206,-6.166839,0.000e+00
Set Transformer,ch4t-test-000967,4,1.130011,-0.205722,-0.270662,1.335379,1.069143,3.355135,-4.947895,-5.601523,0.000e+00
Set Transformer,ch4t-test-000968,4,-0.186291,0.130757,-0.642592,0.543289,1.004109,1.352722,-8.609062,-7.910937,1.110e-16
Set Transformer,ch4t-test-000969,8,0.526873,0.384290,0.216584,0.035216,0.507047,0.168913,-6.060677,-7.188423,2.220e-16
Set Transformer,ch4t-test-000970,7,-0.006167,0.147400,-0.043196,0.006243,-1.684717,0.083813,-6.727735,-6.825773,1.388e-17
Set Transformer,ch4t-test-000971,4,-0.115235,0.397700,-0.246287,0.029164,0.295637,0.197573,-6.213605,-6.249783,5.551e-17
Set Transformer,ch4t-test-000972,8,0.015156,0.099981,-0.037897,0.541371,0.959132,0.413975,-6.106464,-6.183704,1.388e-17
Set Transformer,ch4t-test-000973,6,0.558167,-0.025910,-0.149593,0.931044,0.599714,0.766466,-4.288815,-4.671479,0.000e+00
Set Transformer,ch4t-test-000974,6,1.109109,-0.060437,0.062718,1.533722,0.703367,1.734288,-7.225885,-8.337275,0.000e+00
Set Transformer,ch4t-test-000975,8,4.673344,0.712557,-2.579605,1.167259,0.647304,2.267262,-5.517718,-8.324015,0.000e+00
Set Transformer,ch4t-test-000976,8,0.202851,-0.576452,0.715387,0.568102,1.417322,1.190638,-5.437641,-5.779427,1.110e-16
Set Transformer,ch4t-test-000977,8,-0.180625,0.109899,0.188979,0.538603,1.149295,0.261100,-3.825686,-3.943939,1.388e-17
Set Transformer,ch4t-test-000978,6,-0.126190,0.361368,-0.109288,-0.031760,-0.813560,0.109572,-7.961216,-8.087105,0.000e+00
Set Transformer,ch4t-test-000979,8,0.348785,-0.300075,0.372823,0.226702,0.697689,0.696819,-4.961603,-5.383136,5.551e-17
Set Transformer,ch4t-test-000980,5,0.195873,0.077178,0.144629,0.363823,0.511384,0.606979,-5.028623,-5.446303,5.551e-17
Set Transformer,ch4t-test-000981,4,1.577305,-0.043022,0.093238,0.110429,-0.470336,0.283947,-3.081207,-4.708728,2.220e-16
Set Transformer,ch4t-test-000982,6,-0.287608,-0.468754,0.616614,1.270000,1.267087,2.242035,-10.914889,-10.775140,5.551e-17
Set Transformer,ch4t-test-000983,8,0.367283,0.102203,0.011362,0.225656,1.095050,0.273637,-5.646860,-6.127709,5.551e-17
Set Transformer,ch4t-test-000984,6,0.116985,0.050063,0.050913,0.441769,0.660185,0.637489,-5.499676,-5.717638,0.000e+00
Set Transformer,ch4t-test-000985,8,2.430134,0.637688,-1.279839,0.860338,0.871216,1.473360,-4.839552,-6.627536,0.000e+00
Set Transformer,ch4t-test-000986,5,0.401857,0.164205,-0.007516,0.248951,-0.107532,0.492715,-4.605497,-5.164043,0.000e+00
Set Transformer,ch4t-test-000987,7,-0.849906,-0.911797,-1.302197,0.038258,0.911076,0.391980,-10.525358,-7.461457,0.000e+00
Set Transformer,ch4t-test-000988,7,0.105028,0.204517,0.106339,0.014790,0.261641,0.204901,-6.658147,-7.074031,0.000e+00
Set Transformer,ch4t-test-000989,4,0.012155,0.326445,-0.035997,0.015662,-0.835518,0.120724,-8.863118,-9.165721,5.551e-17
Set Transformer,ch4t-test-000990,8,-0.044268,0.720126,0.090350,-0.028895,-0.593903,0.138471,-6.903796,-7.670003,0.000e+00
Set Transformer,ch4t-test-000991,7,1.206685,0.027362,-0.174009,1.009346,0.623061,0.409409,-4.883956,-5.943995,0.000e+00
Set Transformer,ch4t-test-000992,8,0.244348,-0.017332,-0.041145,1.912762,0.887114,0.930137,-5.562166,-5.748036,0.000e+00
Set Transformer,ch4t-test-000993,5,-1.523233,-1.114266,0.793173,1.019716,0.752431,1.334977,-7.870624,-6.026298,0.000e+00
Set Transformer,ch4t-test-000994,8,1.135985,0.462310,-0.498020,0.492251,0.862038,0.543961,-4.802717,-5.902991,0.000e+00
Set Transformer,ch4t-test-000995,4,-0.042653,0.035629,-0.041487,1.425160,0.968205,0.474409,-5.210738,-5.162227,0.000e+00
Set Transformer,ch4t-test-000996,5,0.978990,-0.091541,-0.221681,0.374509,-1.368663,0.286328,-3.934909,-4.600678,1.110e-16
Set Transformer,ch4t-test-000997,7,0.424885,-0.175066,0.331278,0.898371,0.828295,1.052754,-5.571256,-6.152353,0.000e+00
Set Transformer,ch4t-test-000998,7,1.408223,0.130118,-0.297812,0.327186,0.747785,0.236302,-3.839761,-5.080289,0.000e+00
Set Transformer,ch4t-test-000999,8,0.940903,-0.100294,-0.294564,2.032808,1.189924,0.793090,-4.491208,-5.037253,0.000e+00
Set Transformer,ch4t-test-001000,4,0.117691,0.317898,0.034450,0.055467,-0.851335,0.181124,-6.419523,-6.889562,1.110e-16
Set Transformer,ch4t-test-001001,7,-0.006379,0.435188,-0.271526,0.008609,0.750162,0.222059,-7.431968,-7.589251,0.000e+00
Set Transformer,ch4t-test-001002,5,-0.050863,0.270541,-0.189362,-0.006829,0.287713,0.210995,-6.559769,-6.590085,0.000e+00
Set Transformer,ch4t-test-001003,5,0.058844,1.091201,-0.225115,-0.022404,0.771646,0.182286,-7.496097,-8.421028,1.110e-16
Set Transformer,ch4t-test-001004,5,2.410734,1.574969,-0.095601,0.505035,0.448026,0.348802,-3.463607,-7.353708,0.000e+00
Set Transformer,ch4t-test-001005,6,1.425450,0.286576,-0.668691,1.229241,1.409217,2.360594,-5.680903,-6.724238,0.000e+00
Set Transformer,ch4t-test-001006,4,0.281888,0.206231,-0.060941,0.308095,-0.558179,0.383043,-5.064008,-5.491186,0.000e+00
Set Transformer,ch4t-test-001007,6,1.065732,0.228709,-0.024917,0.996079,1.290083,1.074368,-4.939236,-6.208760,2.220e-16
Set Transformer,ch4t-test-001008,8,0.237020,0.453240,0.119345,0.060280,0.448250,0.130703,-5.770586,-6.580192,0.000e+00
Set Transformer,ch4t-test-001009,4,0.268821,0.177500,-0.031119,0.182866,0.687836,0.155227,-6.543295,-6.958497,0.000e+00
Set Transformer,ch4t-test-001010,5,0.094515,0.141832,0.054499,0.015836,-0.440705,0.153311,-7.614641,-7.905487,0.000e+00
Set Transformer,ch4t-test-001011,8,3.339448,-0.890015,-0.293057,0.648015,1.021682,0.297580,-2.064164,-4.220540,4.441e-16
Set Transformer,ch4t-test-001012,8,-0.053235,0.803020,-0.218680,0.010871,0.017377,0.177545,-6.697533,-7.228639,0.000e+00
Set Transformer,ch4t-test-001013,4,0.072193,-0.132507,0.070863,0.179747,-0.153150,0.314776,-6.813947,-6.824495,0.000e+00
Set Transformer,ch4t-test-001014,8,-0.003470,0.410425,-0.051895,0.008991,-0.768326,0.130581,-7.309495,-7.664555,0.000e+00
Set Transformer,ch4t-test-001015,6,1.384790,0.520313,-1.067331,0.573876,-0.563402,0.908759,-4.865173,-5.702945,0.000e+00
Set Transformer,ch4t-test-001016,8,0.551590,0.223991,0.262601,0.192692,0.991964,0.520262,-4.705161,-5.743343,0.000e+00
Set Transformer,ch4t-test-001017,7,0.052797,0.155125,-0.116574,-0.038938,0.706624,0.155296,-7.679078,-7.770425,2.776e-17
Set Transformer,ch4t-test-001018,7,2.207485,0.258850,-0.316819,0.618056,1.152020,0.848591,-6.221942,-8.371457,0.000e+00
Set Transformer,ch4t-test-001019,8,0.594576,-1.205482,1.706820,0.039696,0.637635,0.264576,-8.873156,-9.969069,2.220e-16
Set Transformer,ch4t-test-001020,5,0.205869,-0.036080,-0.068702,1.611242,0.965704,0.857053,-4.498655,-4.599741,0.000e+00
Set Transformer,ch4t-test-001021,6,0.616688,-0.063256,-0.079337,0.800230,0.944855,0.423014,-5.484649,-5.958745,1.110e-16
Set Transformer,ch4t-test-001022,5,0.093947,0.090085,-0.076010,0.433580,1.083736,0.458881,-5.031002,-5.139025,0.000e+00
Set Transformer,ch4t-test-001023,5,-0.041974,-0.093178,-0.117535,0.551282,0.899115,0.819607,-6.343632,-6.090945,0.000e+00
Set Transformer,ch4t-test-001024,5,-0.227752,1.109672,0.013184,0.040989,0.615847,0.182741,-6.270233,-7.165337,1.110e-16
Set Transformer,ch4t-test-001025,8,2.041195,-0.347069,-0.752403,1.793359,1.099001,2.886536,-6.334844,-7.276567,0.000e+00
Set Transformer,ch4t-test-001026,5,0.311823,-0.259064,-0.110244,0.976267,0.746851,0.838294,-4.281536,-4.224051,0.000e+00
Set Transformer,ch4t-test-001027,4,2.031930,0.275766,-1.011043,0.571393,0.873751,0.872985,-3.953993,-5.250646,0.000e+00
Set Transformer,ch4t-test-001028,7,0.360526,0.274701,-0.201030,0.178780,0.484943,0.363589,-7.640919,-8.075116,0.000e+00
Set Transformer,ch4t-test-001029,8,0.508637,0.190910,-0.123956,0.447033,1.064996,0.866478,-6.520004,-7.095595,1.110e-16
Set Transformer,ch4t-test-001030,5,0.044312,0.055069,0.026325,0.413053,0.889893,0.222205,-3.981008,-4.106714,0.000e+00
Set Transformer,ch4t-test-001031,5,1.932112,-0.429115,-0.574970,0.878758,-0.663028,0.716293,-3.229277,-4.157304,0.000e+00
Set Transformer,ch4t-test-001032,4,1.724018,0.319647,-0.944395,0.875081,-0.090696,1.475017,-4.743923,-5.843194,0.000e+00
Set Transformer,ch4t-test-001033,7,1.105890,-0.066060,-0.416396,1.213587,0.913658,1.154831,-4.927905,-5.551339,0.000e+00
Set Transformer,ch4t-test-001034,5,0.171558,0.252061,-0.049018,0.525780,0.652081,0.280439,-6.313553,-6.688155,5.551e-17
Set Transformer,ch4t-test-001035,7,1.290866,0.122809,-0.440860,0.793808,0.115071,1.128020,-4.212896,-5.185711,0.000e+00
Set Transformer,ch4t-test-001036,5,0.847419,-0.130603,-0.175820,0.882254,0.686206,1.046292,-4.560777,-5.101773,0.000e+00
Set Transformer,ch4t-test-001037,6,2.807913,0.050906,-0.816994,1.281041,0.173888,1.123755,-2.820466,-4.862291,4.441e-16
Set Transformer,ch4t-test-001038,6,-0.220408,-0.191028,-0.007603,0.563799,0.164433,0.825231,-6.949740,-6.530701,5.551e-17
Set Transformer,ch4t-test-001039,6,1.503290,-0.013260,-0.396882,0.784989,0.414633,1.368652,-4.803707,-5.896856,4.441e-16
Set Transformer,ch4t-test-001040,5,0.004362,0.991161,-0.464975,0.015826,0.918459,0.205638,-7.046964,-7.577512,0.000e+00
Set Transformer,ch4t-test-001041,8,0.701959,0.097444,-0.091401,0.222181,0.805236,0.168148,-3.582161,-4.290163,0.000e+00
Set Transformer,ch4t-test-001042,5,0.336338,-0.236125,0.165896,0.059661,-0.269904,0.177205,-7.044022,-7.310130,5.551e-17
Set Transformer,ch4t-test-001043,8,1.187944,-0.260474,-0.133626,0.516816,-0.583419,1.066394,-4.375372,-5.169216,2.220e-16
Set Transformer,ch4t-test-001044,4,1.609761,-0.268545,-0.213757,0.332098,0.344961,0.221848,-4.095665,-5.223123,0.000e+00
Set Transformer,ch4t-test-001045,4,1.268462,0.034195,0.731875,0.381109,0.025197,0.458609,-3.463640,-5.498173,4.441e-16
Set Transformer,ch4t-test-001046,5,0.058049,0.074553,-0.045804,0.041360,-0.398826,0.282791,-7.429871,-7.516669,0.000e+00
Set Transformer,ch4t-test-001047,4,0.944466,0.018211,-0.185303,0.583429,-0.553630,0.595138,-4.518065,-5.295439,0.000e+00
Set Transformer,ch4t-test-001048,7,-0.041676,0.140965,-0.114485,0.019086,0.196227,0.191221,-6.384394,-6.369198,2.776e-17
Set Transformer,ch4t-test-001049,6,-0.004837,0.039962,-0.072726,0.015941,-1.233736,0.130968,-8.405745,-8.368144,0.000e+00
Set Transformer,ch4t-test-001050,7,0.034843,0.574974,0.011317,-0.015550,0.139694,0.178128,-7.652348,-8.273482,1.110e-16
Set Transformer,ch4t-test-001051,6,0.223028,0.103297,0.038728,0.377709,0.526142,0.403158,-5.242171,-5.607225,0.000e+00
Set Transformer,ch4t-test-001052,4,0.194989,0.172322,0.079139,-0.012079,0.477560,0.150214,-7.266900,-7.713349,0.000e+00
Set Transformer,ch4t-test-001053,6,2.580712,0.163651,-0.660734,1.210657,0.719853,1.430537,-4.617432,-6.701061,0.000e+00
Set Transformer,ch4t-test-001054,7,0.570884,0.154611,-0.140063,0.717650,0.750069,0.792574,-4.632588,-5.218019,0.000e+00
Set Transformer,ch4t-test-001055,7,0.301780,0.193232,0.082175,0.350930,1.037953,0.440151,-5.281504,-5.858691,0.000e+00
Set Transformer,ch4t-test-001056,7,0.996132,0.161958,-0.142214,0.289231,0.878383,0.183015,-5.582830,-6.598705,0.000e+00
Set Transformer,ch4t-test-001057,7,-0.160528,0.345381,0.288452,-0.022803,-1.101466,0.151829,-8.609348,-9.082652,0.000e+00
Set Transformer,ch4t-test-001058,8,0.106868,0.073408,0.534884,0.359208,0.336692,0.654486,-6.473561,-7.188721,0.000e+00
Set Transformer,ch4t-test-001059,6,0.151593,0.028057,-0.045499,0.174052,0.636331,0.160075,-7.850310,-7.984461,0.000e+00
Set Transformer,ch4t-test-001060,7,0.292363,0.620180,0.194548,0.304655,0.209679,0.932079,-6.063127,-7.170216,0.000e+00
Set Transformer,ch4t-test-001061,5,0.053565,-0.362770,0.755240,0.997508,0.705831,2.209213,-4.813090,-5.259124,5.551e-17
Set Transformer,ch4t-test-001062,6,1.528060,-0.201485,-0.239630,1.090779,0.173527,0.816556,-4.172881,-5.259827,0.000e+00
Set Transformer,ch4t-test-001063,7,0.307837,0.576650,-0.146504,0.036700,0.763334,0.133184,-8.658145,-9.396128,0.000e+00
Set Transformer,ch4t-test-001064,5,1.007815,-0.049763,-0.320893,0.605557,1.026041,0.400767,-4.419079,-5.056239,1.110e-16
Set Transformer,ch4t-test-001065,4,-0.031950,0.286390,-0.072517,0.018855,-1.546798,0.094471,-7.853382,-8.035304,2.776e-17
Set Transformer,ch4t-test-001066,6,0.039276,0.272635,-0.070670,-0.035049,-0.360558,0.185751,-7.633564,-7.874806,5.551e-17
Set Transformer,ch4t-test-001067,8,0.927404,0.336720,0.184042,0.629448,1.062337,1.070783,-4.169377,-5.617543,0.000e+00
Set Transformer,ch4t-test-001068,5,0.792325,-0.252390,-0.607891,2.072674,0.956328,1.627749,-6.035621,-5.967665,5.551e-17
Set Transformer,ch4t-test-001069,6,1.730773,-1.533987,-1.791780,1.748994,-1.044291,1.585832,-6.859363,-5.264369,0.000e+00
Set Transformer,ch4t-test-001070,5,0.573471,-0.394370,0.337741,0.038383,-1.761723,0.211974,-4.640524,-5.157365,2.220e-16
Set Transformer,ch4t-test-001071,5,0.063012,0.453971,-0.139271,0.003216,-0.507069,0.182446,-7.496669,-7.874381,0.000e+00
Set Transformer,ch4t-test-001072,7,0.527277,0.149238,-0.174875,0.627372,0.565995,0.907022,-5.341699,-5.843338,0.000e+00
Set Transformer,ch4t-test-001073,7,-0.621472,0.106856,0.275486,0.024452,-0.152245,0.196190,-7.011250,-6.772120,0.000e+00
Set Transformer,ch4t-test-001074,5,0.062219,-0.091728,-0.093679,-0.014519,0.059297,0.176655,-6.619933,-6.496744,2.776e-17
Set Transformer,ch4t-test-001075,4,2.993804,0.242044,-1.612857,2.247365,1.222552,4.312822,-4.721547,-6.344538,2.220e-16
Set Transformer,ch4t-test-001076,7,1.801844,0.138085,-0.468020,0.792332,0.949537,0.663004,-3.434904,-4.906814,0.000e+00
Set Transformer,ch4t-test-001077,4,-0.149735,-0.102515,0.128681,0.499632,-1.039837,0.885406,-5.643469,-5.519900,0.000e+00
Set Transformer,ch4t-test-001078,5,0.056335,-0.081391,0.168118,0.056157,-1.104788,0.189097,-6.489164,-6.632226,0.000e+00
Set Transformer,ch4t-test-001079,4,0.140056,0.177730,-0.140898,0.237664,0.804811,0.450541,-7.986605,-8.163492,0.000e+00
Set Transformer,ch4t-test-001080,5,0.992248,0.256810,0.010625,0.378802,0.068364,0.769892,-3.178102,-4.437784,0.000e+00
Set Transformer,ch4t-test-001081,4,0.258674,-0.236089,0.328520,0.362642,0.075358,1.121024,-4.883765,-5.234870,1.110e-16
Set Transformer,ch4t-test-001082,4,0.275895,0.141330,-0.067068,0.154870,0.697485,0.124958,-5.023042,-5.373199,0.000e+00
Set Transformer,ch4t-test-001083,7,-0.039104,0.500885,-0.031317,-0.005042,0.340650,0.119501,-7.359890,-7.790354,0.000e+00
Set Transformer,ch4t-test-001084,5,-0.264005,-0.590173,0.595912,0.290964,0.872294,0.620674,-6.648136,-6.389869,5.551e-17
Set Transformer,ch4t-test-001085,4,-0.132255,0.405304,0.229478,-0.031540,0.480399,0.188455,-7.564511,-8.067038,0.000e+00
Set Transformer,ch4t-test-001086,4,0.362709,-0.128205,0.010877,0.794304,0.809658,0.357528,-4.104406,-4.349788,0.000e+00
Set Transformer,ch4t-test-001087,5,-0.271843,-0.085243,0.185158,0.511639,1.119760,0.721095,-5.677336,-5.505406,0.000e+00
Set Transformer,ch4t-test-001088,7,0.721610,0.241837,-0.577670,1.201309,1.023131,1.243290,-6.212833,-6.598610,1.110e-16
Set Transformer,ch4t-test-001089,8,0.832092,0.391176,-0.276845,0.347085,-0.839612,0.612685,-3.867358,-4.813781,1.110e-16
Set Transformer,ch4t-test-001090,8,2.451148,0.859158,-0.260879,1.010053,1.160168,1.485171,-4.526579,-7.576005,0.000e+00
Set Transformer,ch4t-test-001091,7,1.147256,0.109664,-0.396950,1.777056,1.088136,1.103542,-4.229183,-5.089153,0.000e+00
Set Transformer,ch4t-test-001092,6,0.062795,0.160252,0.091313,0.627722,0.935855,1.302811,-5.803406,-6.117765,0.000e+00
Set Transformer,ch4t-test-001093,6,0.551159,0.076413,0.000635,0.158241,-0.013813,0.359067,-4.686978,-5.315185,0.000e+00
Set Transformer,ch4t-test-001094,8,0.921260,0.181365,-0.427302,1.001753,0.385374,1.281465,-5.497642,-6.172966,0.000e+00
Set Transformer,ch4t-test-001095,7,0.185817,-1.043077,-0.126715,0.047819,0.562081,0.251216,-7.704078,-6.720103,2.220e-16
Set Transformer,ch4t-test-001096,4,0.041108,0.609452,-0.029835,0.090075,0.473229,0.097454,-6.803158,-7.423883,0.000e+00
Set Transformer,ch4t-test-001097,4,-0.003543,0.268219,-0.054821,-0.015303,-0.302010,0.124757,-6.793564,-7.003419,0.000e+00
Set Transformer,ch4t-test-001098,4,0.266888,0.175429,0.245920,0.084292,-0.201833,0.229905,-6.628731,-7.316968,0.000e+00
Set Transformer,ch4t-test-001099,6,0.070352,0.410439,0.033803,0.013353,0.739119,0.190257,-7.244666,-7.759260,0.000e+00
Set Transformer,ch4t-test-001100,7,0.013164,0.527183,-0.028284,-0.011538,0.317988,0.191575,-6.812644,-7.324707,0.000e+00
Set Transformer,ch4t-test-001101,4,0.347452,0.142891,-0.357653,0.919880,1.034089,1.636629,-4.874097,-5.006787,2.776e-17
Set Transformer,ch4t-test-001102,5,0.405281,0.884258,0.136940,0.018686,0.351245,0.195457,-5.944201,-7.370680,2.220e-16
Set Transformer,ch4t-test-001103,5,0.317010,-0.549368,-0.179296,0.305728,1.087056,0.537820,-7.121917,-6.710263,0.000e+00
Set Transformer,ch4t-test-001104,8,-0.122284,0.166654,0.590210,0.167604,0.852520,0.275113,-4.300885,-4.935465,1.110e-16
Set Transformer,ch4t-test-001105,6,1.349109,0.329681,-0.431653,0.785654,0.063048,1.740085,-2.719152,-3.966289,0.000e+00
Set Transformer,ch4t-test-001106,6,0.486064,0.349982,-0.079471,0.173691,1.038463,0.258740,-3.919273,-4.675848,0.000e+00
Set Transformer,ch4t-test-001107,4,0.051394,0.063250,-0.062367,-0.040688,0.185771,0.174188,-6.818686,-6.870964,6.939e-18
Set Transformer,ch4t-test-001108,8,1.338517,0.327813,-0.157872,0.379058,0.889577,0.194116,-4.689444,-6.197902,0.000e+00
Set Transformer,ch4t-test-001109,8,-0.056255,0.715356,0.005114,0.048819,0.025815,0.181846,-7.202535,-7.866750,0.000e+00
Set Transformer,ch4t-test-001110,4,1.472087,0.296252,-0.762587,1.499091,0.219709,1.612981,-5.746756,-6.752508,0.000e+00
Set Transformer,ch4t-test-001111,7,0.078979,-0.277510,-0.044902,0.564162,0.301583,0.813666,-5.535260,-5.291827,0.000e+00
Set Transformer,ch4t-test-001112,4,0.734101,-0.033285,0.302944,0.366321,-0.144794,1.361063,-3.207897,-4.211657,0.000e+00
Set Transformer,ch4t-test-001113,7,0.796737,0.294877,-0.142739,0.213889,1.019431,0.343281,-5.651066,-6.599942,0.000e+00
Set Transformer,ch4t-test-001114,5,0.512150,-0.055236,-0.146609,0.613244,0.993424,0.525103,-5.144590,-5.454895,5.551e-17
Set Transformer,ch4t-test-001115,6,0.756355,0.387387,0.267509,0.149082,-0.148362,0.300412,-3.714685,-5.125936,2.220e-16
Set Transformer,ch4t-test-001116,8,-0.056720,0.280124,-0.147131,0.018274,0.588265,0.218791,-7.328704,-7.404978,2.776e-17
Set Transformer,ch4t-test-001117,7,-0.073319,-0.123410,-0.006745,0.576029,0.697605,1.503511,-5.820630,-5.617156,0.000e+00
Set Transformer,ch4t-test-001118,4,0.222275,0.158067,0.008950,0.161371,0.802847,0.264240,-5.494146,-5.883437,0.000e+00
Set Transformer,ch4t-test-001119,7,0.587755,-0.109913,0.929943,0.165069,0.924676,0.752489,-5.037388,-6.445173,2.220e-16
Set Transformer,ch4t-test-001120,8,0.936518,0.547799,-0.011472,0.033330,0.598554,0.179986,-5.621372,-7.094217,0.000e+00
Set Transformer,ch4t-test-001121,6,3.677271,-0.760807,-1.418849,2.716006,0.524528,1.272259,-4.121190,-5.618804,2.220e-16
Set Transformer,ch4t-test-001122,7,1.236112,0.392744,0.228551,0.391089,1.199367,0.539662,-5.750912,-7.608320,0.000e+00
Set Transformer,ch4t-test-001123,8,0.326598,0.222694,-0.163438,0.478716,0.914324,0.256784,-4.555015,-4.940870,0.000e+00
Set Transformer,ch4t-test-001124,8,0.158235,0.286319,-0.044529,0.251500,0.976125,0.160227,-5.236475,-5.636500,0.000e+00
Set Transformer,ch4t-test-001125,7,-0.148919,-0.797095,0.770699,1.079949,0.439302,1.958780,-6.946078,-6.770763,0.000e+00
Set Transformer,ch4t-test-001126,7,2.248334,-0.399929,-0.564393,1.744759,0.763783,0.860518,-3.046082,-4.330094,4.441e-16
Set Transformer,ch4t-test-001127,5,0.567014,-0.270177,-0.011698,0.008316,-0.881050,0.127411,-9.972472,-10.257611,0.000e+00
Set Transformer,ch4t-test-001128,4,0.872179,-0.088194,0.111408,1.471529,-0.057299,2.545851,-4.412593,-5.307985,2.220e-16
Set Transformer,ch4t-test-001129,5,0.367316,0.686254,0.329266,0.097790,-2.271669,0.340127,-4.031265,-5.414102,0.000e+00
Set Transformer,ch4t-test-001130,8,0.777853,0.048338,-0.305362,1.559732,1.290344,0.800966,-6.869277,-7.390106,1.110e-16
Set Transformer,ch4t-test-001131,4,-0.026760,0.155831,-0.047531,0.024410,-0.930753,0.100668,-6.706892,-6.788431,0.000e+00
Set Transformer,ch4t-test-001132,8,1.533742,0.405911,0.022854,0.603928,0.704362,0.936060,-3.718664,-5.681171,2.220e-16
Set Transformer,ch4t-test-001133,7,0.496071,0.249342,-0.121155,0.581432,0.929881,0.506838,-5.603626,-6.227884,0.000e+00
Set Transformer,ch4t-test-001134,7,1.957775,-0.009125,-0.603428,0.813444,0.889152,0.706735,-3.758096,-5.103319,2.220e-16
Set Transformer,ch4t-test-001135,5,0.166889,0.198780,-0.076034,0.454104,1.052539,0.270676,-5.016218,-5.305853,0.000e+00
Set Transformer,ch4t-test-001136,6,0.453840,-0.177480,0.021327,2.074740,0.845476,1.649100,-5.183058,-5.480746,5.551e-17
Set Transformer,ch4t-test-001137,8,1.537665,0.477882,-0.211230,1.040654,0.949748,0.580554,-3.922119,-5.726436,2.220e-16
Set Transformer,ch4t-test-001138,8,1.512294,0.411137,0.000302,0.148906,-0.423399,0.381222,-4.355535,-6.279267,0.000e+00
Set Transformer,ch4t-test-001139,6,0.014056,0.107903,0.010912,-0.031858,0.450677,0.146378,-7.031016,-7.163887,0.000e+00
Set Transformer,ch4t-test-001140,6,0.499708,0.134051,-0.063810,0.542613,1.023363,0.406524,-3.779465,-4.349414,1.110e-16
Set Transformer,ch4t-test-001141,4,0.072575,0.280417,-0.146966,-0.032017,-0.942169,0.175377,-7.166536,-7.372562,0.000e+00
Set Transformer,ch4t-test-001142,5,1.492999,-0.072000,-0.204200,1.626370,0.341552,1.042224,-6.052552,-7.269352,4.441e-16
Set Transformer,ch4t-test-001143,8,0.355793,0.296192,0.019688,0.422205,1.067662,0.344876,-5.231705,-5.903378,0.000e+00
Set Transformer,ch4t-test-001144,6,1.809936,0.008757,0.060277,0.728897,1.179502,1.262603,-2.628796,-4.507766,2.220e-16
Set Transformer,ch4t-test-001145,4,2.177369,-0.682311,-0.388190,1.840196,0.829692,1.928544,-4.694400,-5.801268,0.000e+00
Set Transformer,ch4t-test-001146,5,-0.142063,0.216510,0.335605,0.162815,0.568437,0.409083,-7.327842,-7.737894,0.000e+00
Set Transformer,ch4t-test-001147,6,0.193618,0.033073,0.097459,1.509723,0.884963,0.885553,-5.965593,-6.289743,0.000e+00
Set Transformer,ch4t-test-001148,6,0.416121,0.007915,-0.054027,0.643470,0.605894,0.976908,-4.479368,-4.849377,0.000e+00
Set Transformer,ch4t-test-001149,7,0.286494,0.161320,0.221181,0.260747,0.356260,0.542895,-5.486625,-6.155619,0.000e+00
Set Transformer,ch4t-test-001150,4,0.693107,0.295575,-0.254485,0.506822,0.262398,0.893095,-3.717008,-4.451206,0.000e+00
Set Transformer,ch4t-test-001151,7,-0.090252,0.309687,0.065143,0.007356,0.185487,0.156938,-8.144591,-8.429168,0.000e+00
Set Transformer,ch4t-test-001152,8,-0.032027,0.248854,-0.101671,0.007866,-0.082852,0.163692,-6.724769,-6.839926,0.000e+00
Set Transformer,ch4t-test-001153,4,-0.535301,-0.561080,0.202742,0.008073,-0.024034,0.181537,-8.836010,-7.942372,1.110e-16
Set Transformer,ch4t-test-001154,8,-0.743182,-0.616095,0.809662,0.418904,1.150649,0.688345,-6.222005,-5.672389,0.000e+00
Set Transformer,ch4t-test-001155,4,-0.035596,0.051520,-0.031735,0.040053,-1.291277,0.152744,-7.526486,-7.510675,1.388e-17
Set Transformer,ch4t-test-001156,8,1.084146,0.214162,-0.176314,0.820522,-0.292627,1.079054,-3.864423,-4.986417,0.000e+00
Set Transformer,ch4t-test-001157,6,-0.195057,-0.007030,0.477281,0.208850,1.164926,0.857008,-8.309075,-8.584269,0.000e+00
Set Transformer,ch4t-test-001158,7,0.183898,-0.056325,-0.061957,0.079671,0.228776,0.414457,-6.023117,-6.088734,4.163e-17
Set Transformer,ch4t-test-001159,6,0.803356,-0.658392,-0.071705,0.446293,0.170066,0.454249,-4.788454,-4.861714,0.000e+00
Set Transformer,ch4t-test-001160,6,0.014357,0.291237,-0.198530,0.003413,0.228593,0.205521,-7.613378,-7.720442,0.000e+00
Set Transformer,ch4t-test-001161,4,0.407799,0.403892,-0.092700,0.134326,0.785126,0.191502,-7.812285,-8.531276,0.000e+00
Set Transformer,ch4t-test-001162,5,0.260108,0.044166,-0.003217,0.533432,0.988033,0.527731,-4.224192,-4.525250,0.000e+00
Set Transformer,ch4t-test-001163,8,0.268502,0.227651,-0.038826,0.236639,0.896926,0.183841,-5.132776,-5.590104,0.000e+00
Set Transformer,ch4t-test-001164,7,-0.046918,0.227716,-0.027119,0.038295,-0.485990,0.157049,-7.348800,-7.502479,0.000e+00
Set Transformer,ch4t-test-001165,7,0.446384,0.035225,-0.031293,0.247099,1.110759,0.240341,-5.507415,-5.957731,0.000e+00
Set Transformer,ch4t-test-001166,8,0.958689,0.021592,0.682310,0.234699,0.963966,0.416327,-5.328650,-6.991241,0.000e+00
Set Transformer,ch4t-test-001167,8,1.256124,0.705449,-0.190322,0.732814,0.361541,0.289911,-4.224946,-5.996196,0.000e+00
Set Transformer,ch4t-test-001168,5,1.746944,-0.257009,-0.299311,1.481993,0.306115,3.120912,-3.672088,-4.862712,2.220e-16
Set Transformer,ch4t-test-001169,6,1.540955,0.307648,-0.508324,1.000340,1.126242,0.894481,-3.917219,-5.257498,2.220e-16
Set Transformer,ch4t-test-001170,6,0.097237,-0.486586,-0.084745,0.021480,0.818591,0.185222,-7.943588,-7.469494,0.000e+00
Set Transformer,ch4t-test-001171,6,0.625517,-0.107737,-0.023844,0.867871,1.107868,0.517343,-3.756449,-4.250385,5.551e-17
Set Transformer,ch4t-test-001172,8,0.489661,-0.032426,-0.140845,0.839185,1.047680,0.749849,-5.945246,-6.261636,5.551e-17
Set Transformer,ch4t-test-001173,8,0.567225,0.323760,-0.174059,0.509265,1.275603,0.636837,-5.566158,-6.283084,1.110e-16
Set Transformer,ch4t-test-001174,5,0.899850,-0.026143,-0.536943,0.556710,0.061999,0.592100,-5.715773,-6.052537,1.665e-16
Set Transformer,ch4t-test-001175,8,0.389579,0.552021,-0.629332,0.430980,0.922190,1.066576,-5.666680,-5.978948,0.000e+00
Set Transformer,ch4t-test-001176,6,-0.308165,-0.359968,0.709951,0.470188,1.137707,0.809429,-4.666037,-4.707855,5.551e-17
Set Transformer,ch4t-test-001177,7,-0.018472,0.110666,-0.057563,0.004991,-0.956561,0.111503,-7.442076,-7.476708,0.000e+00
Set Transformer,ch4t-test-001178,6,0.031283,0.690064,0.155784,0.010564,0.449876,0.199104,-6.523704,-7.400834,1.110e-16
Set Transformer,ch4t-test-001179,7,0.112309,0.026067,-0.010373,1.011849,0.892212,0.650800,-5.488812,-5.616815,0.000e+00
Set Transformer,ch4t-test-001180,7,0.340909,0.087457,0.112962,0.465231,0.703629,0.494315,-6.971420,-7.512748,0.000e+00
Set Transformer,ch4t-test-001181,7,0.772088,-0.191311,0.127992,0.596199,0.910053,1.498988,-7.705721,-8.414490,2.220e-16
Set Transformer,ch4t-test-001182,5,1.633351,0.227016,-0.907995,1.382796,0.889483,1.406489,-4.243560,-5.195932,0.000e+00
Set Transformer,ch4t-test-001183,7,0.573562,0.342724,-0.107763,0.185646,0.566075,0.145689,-4.267012,-5.075535,0.000e+00
Set Transformer,ch4t-test-001184,5,1.284824,-0.223981,-0.186726,1.209693,0.412514,0.796119,-3.913685,-4.787803,2.220e-16
Set Transformer,ch4t-test-001185,4,0.007860,0.059211,-0.043225,-0.007826,-1.969917,0.085657,-7.429427,-7.453272,6.939e-18
Set Transformer,ch4t-test-001186,6,1.275632,0.026193,-0.261237,0.912416,0.005771,1.160454,-6.338490,-7.379078,0.000e+00
Set Transformer,ch4t-test-001187,8,0.038365,-0.664494,1.272272,0.152893,0.099189,0.578435,-4.934087,-5.580230,0.000e+00
Set Transformer,ch4t-test-001188,4,1.542446,-0.245452,-0.310133,1.751731,1.372658,2.546099,-5.056493,-6.043354,0.000e+00
Set Transformer,ch4t-test-001189,4,-0.029931,0.040551,-0.068872,0.015980,-2.879287,0.069064,-8.260428,-8.202175,6.939e-18
Set Transformer,ch4t-test-001190,5,0.282786,0.084063,-0.653006,1.051682,0.168855,1.119193,-5.847153,-5.560996,5.551e-17
Set Transformer,ch4t-test-001191,6,0.074441,0.130777,-0.033865,0.736759,0.709267,0.380003,-5.398091,-5.569443,0.000e+00
Set Transformer,ch4t-test-001192,4,2.708341,-0.114769,-0.665779,0.346893,0.152509,0.378335,-4.919828,-6.847621,2.220e-16
Set Transformer,ch4t-test-001193,8,0.960935,0.122859,-0.504235,0.524211,0.465541,0.912095,-6.081640,-6.661198,0.000e+00
Set Transformer,ch4t-test-001194,8,1.140568,-0.244941,-0.096363,0.250188,0.472345,0.212525,-4.843760,-5.643025,0.000e+00
Set Transformer,ch4t-test-001195,8,0.234638,0.042793,0.161906,0.313694,-0.142199,0.458739,-7.211785,-7.651122,5.551e-17
Set Transformer,ch4t-test-001196,4,-0.168541,0.199829,-0.185442,0.056694,0.396313,0.237485,-7.569338,-7.415184,0.000e+00
Set Transformer,ch4t-test-001197,6,0.093935,0.076664,0.033730,0.867525,-0.724755,0.502381,-4.803317,-5.007645,0.000e+00
Set Transformer,ch4t-test-001198,6,0.116388,0.438573,0.049067,-0.003920,0.992458,0.138882,-3.857776,-4.461804,1.110e-16
Set Transformer,ch4t-test-001199,4,0.453941,-0.718027,0.971236,0.186854,0.188717,0.745002,-6.506949,-7.214100,0.000e+00
Set Transformer,ch4t-test-001200,8,-0.242333,-0.065414,-0.101736,0.949386,1.108365,0.831746,-6.490067,-6.080584,5.551e-17
Set Transformer,ch4t-test-001201,7,3.508530,-0.682290,-1.678289,1.608403,0.161706,2.877496,-2.922666,-4.070618,6.661e-16
Set Transformer,ch4t-test-001202,4,1.573225,0.806247,0.487991,0.542884,0.907713,0.387147,-5.517204,-8.384666,0.000e+00
Set Transformer,ch4t-test-001203,7,0.060129,-0.023062,-0.008418,-0.002866,0.217817,0.150721,-7.112663,-7.141312,6.939e-18
Set Transformer,ch4t-test-001204,6,0.785465,-0.333592,-0.158986,1.003030,0.481168,0.962734,-6.639410,-6.932296,5.551e-17
Set Transformer,ch4t-test-001205,7,-1.370716,-0.358548,0.924855,0.268515,1.353778,0.484110,-9.991690,-9.187281,0.000e+00
Set Transformer,ch4t-test-001206,5,0.222827,-0.024382,0.263637,0.047371,0.620336,0.281235,-7.509626,-7.971708,5.551e-17
Set Transformer,ch4t-test-001207,6,0.366527,1.193072,0.190152,0.037989,0.977127,0.177790,-10.219318,-11.969069,0.000e+00
Set Transformer,ch4t-test-001208,7,-0.025384,0.120481,-0.061176,0.288703,0.858944,0.431496,-5.498767,-5.532688,1.388e-17
Set Transformer,ch4t-test-001209,5,0.437294,-0.056074,-0.091864,1.038878,0.844601,0.415902,-5.397240,-5.686596,5.551e-17
Set Transformer,ch4t-test-001210,4,-0.020855,0.354986,-0.198777,0.029459,0.168398,0.213640,-7.287626,-7.422980,0.000e+00
Set Transformer,ch4t-test-001211,6,1.150802,0.016048,-0.736499,0.716845,-0.239016,1.234444,-5.956959,-6.387310,5.551e-17
Set Transformer,ch4t-test-001212,7,0.530960,0.014446,-0.108703,0.448502,1.011284,0.310454,-4.810037,-5.246741,0.000e+00
Set Transformer,ch4t-test-001213,7,0.141710,0.353206,-0.068686,0.327187,1.027501,0.194452,-7.729747,-8.155976,0.000e+00
Set Transformer,ch4t-test-001214,6,1.687262,0.270551,-0.535165,0.751814,0.902053,0.415304,-4.748370,-6.171018,0.000e+00
Set Transformer,ch4t-test-001215,8,-0.256568,-1.083163,0.376309,-0.023105,0.154101,0.228801,-9.441779,-8.478357,0.000e+00
Set Transformer,ch4t-test-001216,7,3.094949,-0.871829,-0.389125,0.791603,0.622320,0.491895,-4.671624,-6.505619,2.220e-16
Set Transformer,ch4t-test-001217,5,1.160314,0.125617,-0.748914,1.281525,0.317868,1.821170,-6.078669,-6.615686,0.000e+00
Set Transformer,ch4t-test-001218,7,1.121243,0.405329,-0.636074,1.116112,0.552825,1.120213,-5.670541,-6.561040,0.000e+00
Set Transformer,ch4t-test-001219,6,0.627871,-0.231988,-0.155249,0.944772,-0.940529,1.020032,-5.166302,-5.406936,0.000e+00
Set Transformer,ch4t-test-001220,6,-0.094785,-0.184783,-0.006147,0.013791,0.764307,0.159038,-7.050197,-6.764482,0.000e+00
Set Transformer,ch4t-test-001221,8,0.201970,0.121501,-0.163686,0.750232,1.250206,0.653516,-6.468789,-6.628574,0.000e+00
Set Transformer,ch4t-test-001222,6,2.598427,-0.368098,-1.529549,1.112847,-0.794565,2.328579,-4.978483,-5.679262,0.000e+00
Set Transformer,ch4t-test-001223,8,-0.865196,-0.491801,-0.557750,0.331437,1.431839,1.453800,-7.903962,-5.989215,0.000e+00
Set Transformer,ch4t-test-001224,4,0.007319,0.412066,-0.005880,-0.022867,-1.013873,0.168636,-7.860464,-8.273969,5.551e-17
Set Transformer,ch4t-test-001225,7,0.394053,0.158117,0.111689,0.459914,1.104407,1.389118,-5.653220,-6.317079,0.000e+00
Set Transformer,ch4t-test-001226,8,0.008564,0.148749,-0.133162,-0.008773,-0.682667,0.156911,-6.807944,-6.832095,0.000e+00
Set Transformer,ch4t-test-001227,5,0.816556,0.106513,-0.307263,0.499675,0.690174,0.638431,-3.788162,-4.403969,0.000e+00
Set Transformer,ch4t-test-001228,5,0.214005,0.122153,-0.012102,0.252465,0.094238,0.181827,-4.868322,-5.192378,0.000e+00
Set Transformer,ch4t-test-001229,4,-0.130513,0.630755,-0.026207,0.061436,0.320161,0.119647,-6.962694,-7.436729,1.110e-16
Set Transformer,ch4t-test-001230,7,0.918969,-0.123544,1.328338,0.231530,-0.185957,0.628730,-3.044646,-5.168409,4.441e-16
Set Transformer,ch4t-test-001231,5,1.396394,-0.108018,-0.112406,0.457867,0.785308,0.646807,-4.237817,-5.413786,0.000e+00
Set Transformer,ch4t-test-001232,6,0.739893,0.112032,-0.091486,0.257991,0.634490,0.222684,-4.447675,-5.208114,0.000e+00
Set Transformer,ch4t-test-001233,5,3.192450,-0.414949,-1.596531,2.624685,0.169369,2.291349,-3.864370,-5.045340,4.441e-16
Set Transformer,ch4t-test-001234,6,0.081107,0.143675,0.139414,0.226647,0.454236,0.535521,-5.040045,-5.404242,0.000e+00
Set Transformer,ch4t-test-001235,6,0.196963,-0.003214,-0.095479,0.757478,0.423193,0.534538,-4.524341,-4.622611,0.000e+00
Set Transformer,ch4t-test-001236,8,1.233005,0.390529,-0.538303,0.309775,-1.234960,0.625184,-5.582533,-6.667763,0.000e+00
Set Transformer,ch4t-test-001237,6,0.712746,0.189420,-0.114551,0.313605,0.892544,0.332849,-3.341724,-4.129339,1.110e-16
Set Transformer,ch4t-test-001238,7,0.274428,0.107105,0.000643,0.229422,0.586709,0.171668,-4.769481,-5.151657,5.551e-17
Set Transformer,ch4t-test-001239,7,1.269157,-0.149028,-0.234671,1.952007,1.101498,0.491908,-4.654963,-5.540422,0.000e+00
Set Transformer,ch4t-test-001240,8,1.616904,0.358957,-0.252154,0.049047,0.996916,0.172022,-4.085085,-5.808793,0.000e+00
Set Transformer,ch4t-test-001241,4,1.028185,0.161554,-0.074569,0.203281,-0.227211,0.561463,-4.384634,-5.499804,2.220e-16
Set Transformer,ch4t-test-001242,4,0.722842,-0.080313,-0.164459,0.938882,0.068767,0.519838,-3.898370,-4.376440,0.000e+00
Set Transformer,ch4t-test-001243,4,0.475192,0.040141,-0.117964,0.123957,0.374654,0.193048,-5.434809,-5.832178,5.551e-17
Set Transformer,ch4t-test-001244,8,1.418440,0.385325,-0.202778,0.546306,0.879728,0.280089,-6.749539,-8.350526,2.220e-16
Set Transformer,ch4t-test-001245,8,-0.006156,0.505713,-0.059337,-0.015689,0.040282,0.184933,-6.982144,-7.422365,5.551e-17
Set Transformer,ch4t-test-001246,7,0.009325,0.105605,-0.021609,0.010943,-1.032142,0.159891,-6.046766,-6.140087,0.000e+00
Set Transformer,ch4t-test-001247,4,0.114625,0.621877,0.190710,0.021293,0.755027,0.146593,-7.136058,-8.063270,1.110e-16
Set Transformer,ch4t-test-001248,8,1.446507,0.370980,-0.613467,0.761767,1.209454,1.749964,-4.064826,-5.268847,0.000e+00
Set Transformer,ch4t-test-001249,4,0.627610,0.193361,0.174854,0.156625,-0.705871,0.443295,-5.907938,-6.903763,0.000e+00
Set Transformer,ch4t-test-001250,4,0.598562,-0.013828,-0.143015,0.703239,0.420412,0.476179,-5.338755,-5.780473,0.000e+00
Set Transformer,ch4t-test-001251,5,3.064935,-0.820806,-1.698601,1.643460,0.418769,1.091973,-4.412736,-4.958264,5.551e-16
Set Transformer,ch4t-test-001252,4,-0.105680,0.486288,-0.197974,0.016900,-0.083697,0.192994,-6.873921,-7.056555,5.551e-17
Set Transformer,ch4t-test-001253,7,1.430489,0.026355,-0.306687,0.336244,0.305722,0.867797,-2.306474,-3.456632,0.000e+00
Set Transformer,ch4t-test-001254,6,1.889135,-0.207192,-0.605983,1.164374,0.454773,1.572505,-3.934794,-5.010755,2.220e-16
Set Transformer,ch4t-test-001255,4,-2.138559,-0.988566,2.229841,0.314253,-1.374874,1.034056,-8.256177,-7.358892,0.000e+00
Set Transformer,ch4t-test-001256,5,1.287678,-0.288464,0.392137,0.186851,-1.072736,0.232193,-3.855264,-5.246614,2.220e-16
Set Transformer,ch4t-test-001257,7,2.074794,0.407433,-1.358795,1.255301,1.097963,3.153205,-4.038232,-5.161664,4.441e-16
Set Transformer,ch4t-test-001258,4,-0.035639,0.331326,0.071614,-0.022463,-0.903228,0.161231,-7.391652,-7.758953,5.551e-17
Set Transformer,ch4t-test-001259,8,0.769848,0.294826,-0.446908,0.725857,1.184644,0.897582,-4.141484,-4.759251,0.000e+00
Set Transformer,ch4t-test-001260,8,0.905288,0.323322,-0.321514,0.423873,0.659162,0.794956,-5.178987,-6.086083,0.000e+00
Set Transformer,ch4t-test-001261,6,0.837509,0.218194,-0.124099,0.405211,-0.046242,0.556992,-5.105848,-6.037453,0.000e+00
Set Transformer,ch4t-test-001262,6,0.350645,0.308473,0.021050,0.097178,0.423864,0.135570,-5.516698,-6.196867,0.000e+00
Set Transformer,ch4t-test-001263,4,0.571736,-0.117768,0.063476,0.657696,-0.010242,1.070152,-3.500886,-4.018330,0.000e+00
Set Transformer,ch4t-test-001264,6,-0.056770,0.556631,-0.131771,0.038395,0.846875,0.175437,-5.651598,-6.019688,0.000e+00
Set Transformer,ch4t-test-001265,8,-0.424226,-0.013823,0.384353,0.706137,1.061979,0.347272,-9.384946,-9.331251,5.551e-17
Set Transformer,ch4t-test-001266,8,-0.173090,-0.968497,1.224706,1.059438,0.901794,1.532632,-8.750493,-8.833612,0.000e+00
Set Transformer,ch4t-test-001267,6,0.360219,0.175112,0.532814,0.213986,0.883145,0.832176,-6.086884,-7.155028,0.000e+00
Set Transformer,ch4t-test-001268,7,0.016500,0.517734,-0.074032,-0.041889,0.653099,0.157611,-5.713188,-6.173390,1.110e-16
Set Transformer,ch4t-test-001269,6,0.335286,0.014296,-0.113428,0.923800,0.975652,0.903673,-4.960003,-5.196157,0.000e+00
Set Transformer,ch4t-test-001270,7,-0.053502,0.135630,-0.119820,0.029866,-0.393951,0.139290,-7.140714,-7.103022,2.776e-17
Set Transformer,ch4t-test-001271,6,1.338488,0.261912,-0.047534,0.666286,0.664873,1.212514,-6.540947,-8.093813,0.000e+00
Set Transformer,ch4t-test-001272,5,1.057627,0.557316,0.085628,0.612791,1.333682,1.695601,-4.106774,-5.807345,0.000e+00
Set Transformer,ch4t-test-001273,8,0.141581,0.374090,-0.004305,0.940639,0.393236,2.490423,-7.595886,-8.107251,0.000e+00
Set Transformer,ch4t-test-001274,4,0.363085,0.518058,-0.051021,0.000458,0.854018,0.177054,-7.064000,-7.894122,2.220e-16
Set Transformer,ch4t-test-001275,7,0.382711,0.205832,-0.127122,0.340235,0.887833,0.240427,-3.758219,-4.219640,0.000e+00
Set Transformer,ch4t-test-001276,4,-0.010179,0.890601,-0.049520,-0.022517,0.318311,0.176680,-5.618737,-6.449639,1.110e-16
Set Transformer,ch4t-test-001277,6,-0.545683,0.185871,1.332857,0.189959,-1.284314,1.202318,-5.830344,-6.803389,0.000e+00
Set Transformer,ch4t-test-001278,6,0.622050,0.198366,0.081870,0.196586,1.231617,0.594496,-4.932004,-5.834290,0.000e+00
Set Transformer,ch4t-test-001279,7,-0.596508,-0.239574,0.111927,0.561387,-0.217329,0.524497,-7.443363,-6.719208,0.000e+00
Set Transformer,ch4t-test-001280,7,-0.021401,1.181517,0.013028,0.005472,0.782865,0.192912,-6.520741,-7.693884,0.000e+00
Set Transformer,ch4t-test-001281,5,0.002596,-0.560605,-0.578576,0.208780,0.880000,0.453677,-9.239460,-8.102875,0.000e+00
Set Transformer,ch4t-test-001282,5,1.135918,-0.050880,-0.417892,0.802401,-0.040126,0.723628,-3.135440,-3.802585,0.000e+00
Set Transformer,ch4t-test-001283,5,0.233069,0.035646,-0.119863,1.205041,0.994076,1.278018,-6.042290,-6.191142,0.000e+00
Set Transformer,ch4t-test-001284,5,0.676283,0.066376,-0.093382,0.480522,0.189328,0.570588,-3.597805,-4.247082,0.000e+00
Set Transformer,ch4t-test-001285,7,1.947493,0.400428,-0.697124,0.745769,1.182220,1.707203,-3.078299,-4.729096,2.220e-16
Set Transformer,ch4t-test-001286,7,-0.000837,0.108428,-0.032356,0.004872,-1.187465,0.136075,-7.441081,-7.516317,1.388e-17
Set Transformer,ch4t-test-001287,5,1.288781,-0.778328,0.486569,0.380307,0.375620,0.902155,-5.397405,-6.394427,1.110e-16
Set Transformer,ch4t-test-001288,8,0.152028,1.034118,-0.261246,-0.043840,0.886440,0.195032,-5.363230,-6.288130,0.000e+00
Set Transformer,ch4t-test-001289,7,-0.032287,1.186520,-0.116832,0.017872,0.616935,0.204430,-6.623479,-7.660881,0.000e+00
Set Transformer,ch4t-test-001290,6,-0.386180,0.466974,-0.064972,-0.018284,-0.045218,0.139052,-9.184244,-9.200065,0.000e+00
Set Transformer,ch4t-test-001291,6,0.052470,-0.202155,-0.084460,0.566188,1.104921,0.591554,-4.830067,-4.595923,0.000e+00
Set Transformer,ch4t-test-001292,7,0.023677,0.100335,-0.067849,0.011545,-0.324911,0.148736,-7.305294,-7.361458,1.388e-17
Set Transformer,ch4t-test-001293,6,1.808110,-0.272358,-0.337122,0.579983,0.381333,1.292556,-3.601592,-4.800222,0.000e+00
Set Transformer,ch4t-test-001294,6,1.978906,0.085495,-0.394888,0.365581,0.609255,0.497813,-3.701441,-5.370954,0.000e+00
Set Transformer,ch4t-test-001295,6,1.455640,0.651677,-0.142377,0.523609,0.777615,0.413338,-3.696407,-5.661348,0.000e+00
Set Transformer,ch4t-test-001296,8,1.481356,-0.018562,-0.260678,0.760025,-0.484785,0.754096,-4.723753,-5.925869,2.220e-16
Set Transformer,ch4t-test-001297,5,0.892394,-0.161846,-0.317934,1.482736,0.119021,0.751375,-4.274451,-4.687066,5.551e-17
Set Transformer,ch4t-test-001298,7,0.821997,-0.048812,-0.121288,0.465396,0.931053,0.356909,-4.231849,-4.883745,0.000e+00
Set Transformer,ch4t-test-001299,8,5.152213,-0.702277,-1.234675,2.308030,-0.054451,1.735551,-2.240943,-5.456203,8.882e-16
Set Transformer,ch4t-test-001300,5,2.054109,-0.470429,-0.495951,0.461159,-0.509994,0.584337,-5.689433,-6.777162,4.441e-16
Set Transformer,ch4t-test-001301,5,0.249438,0.068601,-0.034048,0.297636,0.651616,0.191892,-4.882237,-5.166228,0.000e+00
Set Transformer,ch4t-test-001302,5,1.711614,-0.076049,-0.609879,0.713416,0.295861,0.909635,-4.095961,-5.121647,0.000e+00
Set Transformer,ch4t-test-001303,6,0.555423,-0.130518,-0.132847,2.356766,1.012267,1.077814,-4.619392,-4.911450,0.000e+00
Set Transformer,ch4t-test-001304,7,0.920544,-0.087560,-0.062001,0.912314,1.035647,2.205382,-4.827058,-5.598041,0.000e+00
Set Transformer,ch4t-test-001305,4,0.077790,0.250298,-0.020548,0.015927,0.961410,0.155594,-5.744477,-6.052018,5.551e-17
Set Transformer,ch4t-test-001306,5,1.234703,0.144090,-0.638761,0.757106,0.881255,0.573242,-4.509147,-5.249180,1.110e-16
Set Transformer,ch4t-test-001307,6,2.888708,-0.484464,-0.478955,1.507738,0.875649,1.645385,-3.006964,-4.932253,4.441e-16
Set Transformer,ch4t-test-001308,8,-0.017002,0.714142,-0.099251,0.017094,0.633146,0.125654,-5.414647,-6.012536,1.110e-16
Set Transformer,ch4t-test-001309,4,0.024641,0.004802,0.089302,-0.005249,-1.653249,0.123632,-8.079113,-8.197858,1.388e-17
Set Transformer,ch4t-test-001310,4,3.119271,0.835702,-1.797256,1.107490,0.071541,2.396064,-4.299627,-6.457344,0.000e+00
Set Transformer,ch4t-test-001311,7,-0.289410,-1.643631,-0.057983,0.898717,0.896963,1.012419,-9.807797,-7.816773,2.220e-16
Set Transformer,ch4t-test-001312,6,0.063404,0.553646,-0.052367,0.000383,-0.109109,0.159643,-7.503049,-8.067731,0.000e+00
Set Transformer,ch4t-test-001313,7,-0.017080,0.448269,-0.079955,-0.031831,-0.085513,0.174721,-7.259620,-7.610854,0.000e+00
Set Transformer,ch4t-test-001314,4,0.009655,0.574204,-0.121333,0.012635,0.031177,0.196668,-6.553814,-7.016340,0.000e+00
Set Transformer,ch4t-test-001315,6,0.888748,0.262021,-0.298981,0.492558,0.213220,0.997377,-3.691702,-4.543491,0.000e+00
Set Transformer,ch4t-test-001316,5,0.157756,0.223442,0.041243,0.122147,-0.063559,0.270680,-5.615202,-6.037642,0.000e+00
Set Transformer,ch4t-test-001317,7,0.323477,0.301292,0.086097,-0.022001,0.363230,0.138791,-7.768993,-8.479859,0.000e+00
Set Transformer,ch4t-test-001318,7,0.153900,0.470257,0.003761,-0.015764,0.578440,0.119919,-7.571791,-8.199708,0.000e+00
Set Transformer,ch4t-test-001319,7,1.438875,-0.087875,-0.588778,1.711697,0.548795,1.796904,-6.008868,-6.771090,0.000e+00
Set Transformer,ch4t-test-001320,7,1.375322,-0.587231,0.006138,1.190258,0.807854,1.767512,-3.035380,-3.829609,3.331e-16
Set Transformer,ch4t-test-001321,6,0.638182,-0.337668,0.177603,0.653637,0.300075,1.299206,-4.594445,-5.072563,0.000e+00
Set Transformer,ch4t-test-001322,7,0.093485,0.613185,0.054814,0.031144,-0.429748,0.123240,-6.970343,-7.731827,0.000e+00
Set Transformer,ch4t-test-001323,4,1.590331,0.371948,-0.767128,0.778864,1.172971,0.885332,-4.979655,-6.174807,0.000e+00
Set Transformer,ch4t-test-001324,8,0.401022,-0.173198,-0.172077,2.452250,0.903318,0.915299,-4.788334,-4.844082,0.000e+00
Set Transformer,ch4t-test-001325,6,1.618912,-0.594818,-0.098010,0.414861,-1.156315,0.458498,-2.668439,-3.594522,1.110e-16
Set Transformer,ch4t-test-001326,8,1.159925,0.125472,0.255303,0.568195,0.874109,1.526515,-3.283413,-4.824112,0.000e+00
Set Transformer,ch4t-test-001327,7,0.768647,-0.049184,-0.018817,0.916312,0.984805,0.450427,-4.635002,-5.335648,0.000e+00
Set Transformer,ch4t-test-001328,4,0.698500,0.075000,-0.162385,0.350411,0.353873,0.425698,-4.405213,-5.016328,0.000e+00
Set Transformer,ch4t-test-001329,5,0.110065,0.669651,0.103190,0.026903,0.078892,0.189074,-6.791924,-7.674830,1.110e-16
Set Transformer,ch4t-test-001330,8,1.999431,0.197244,-0.480542,0.267815,0.994904,0.239369,-3.233444,-4.949578,0.000e+00
Set Transformer,ch4t-test-001331,7,2.104720,-0.108973,-0.358021,1.829744,0.783953,1.272278,-3.360993,-4.998719,0.000e+00
Set Transformer,ch4t-test-001332,8,0.545724,0.100144,-0.090085,0.490400,0.957586,0.374481,-4.608746,-5.164528,0.000e+00
Set Transformer,ch4t-test-001333,4,-1.288465,-0.386198,-1.755204,0.150793,1.199969,0.563959,-11.974119,-8.544252,0.000e+00
Set Transformer,ch4t-test-001334,5,0.445675,-0.075551,-0.121618,1.061864,-0.715028,0.605331,-3.649535,-3.898042,0.000e+00
Set Transformer,ch4t-test-001335,5,0.819547,0.231729,-0.241721,0.367881,0.469358,0.485325,-3.599630,-4.409186,0.000e+00
Set Transformer,ch4t-test-001336,8,0.188308,-0.060774,0.068103,0.684383,1.019458,1.557209,-5.058023,-5.253660,0.000e+00
Set Transformer,ch4t-test-001337,4,-0.000517,0.332276,-0.493096,0.159733,0.605793,0.277021,-10.490104,-10.328768,0.000e+00
Set Transformer,ch4t-test-001338,7,0.716358,-0.158141,-0.122228,0.254263,-0.191994,0.373153,-5.118527,-5.554516,5.551e-17
Set Transformer,ch4t-test-001339,6,0.357756,-0.171364,-0.220848,0.254860,0.206233,0.475091,-8.239472,-8.205016,5.551e-17
Set Transformer,ch4t-test-001340,6,1.113484,0.353214,-0.237664,0.587751,0.966615,1.360638,-4.093949,-5.322983,0.000e+00
Set Transformer,ch4t-test-001341,7,-0.998151,-0.580565,0.604852,0.207859,1.141432,0.622232,-5.024252,-4.050388,0.000e+00
Set Transformer,ch4t-test-001342,5,0.081019,0.378356,0.275838,-0.014012,0.049090,0.141699,-6.530108,-7.265321,0.000e+00
Set Transformer,ch4t-test-001343,7,0.251433,0.207595,0.032631,0.580041,0.947339,0.750311,-6.251898,-6.743558,0.000e+00
Set Transformer,ch4t-test-001344,8,3.604409,-0.401991,-0.890280,0.868076,1.049322,0.664321,-3.211349,-5.523487,0.000e+00
Set Transformer,ch4t-test-001345,4,0.557930,-0.171706,-0.194671,1.710948,0.845587,0.976803,-5.460509,-5.652063,2.776e-17
Set Transformer,ch4t-test-001346,8,0.412667,0.163650,-0.149119,0.541285,0.819389,0.422296,-3.857908,-4.285105,5.551e-17
Set Transformer,ch4t-test-001347,6,0.089370,0.335769,-0.066973,-0.004799,0.511179,0.156129,-5.336383,-5.694549,0.000e+00
Set Transformer,ch4t-test-001348,7,1.194074,0.131865,-0.136261,0.367364,0.699348,0.359654,-2.758462,-3.948139,0.000e+00
Set Transformer,ch4t-test-001349,5,0.000397,0.065839,-0.008226,0.003126,-2.304917,0.030643,-7.665015,-7.723025,0.000e+00
Set Transformer,ch4t-test-001350,7,0.170092,0.076192,-0.002897,0.417626,0.822151,0.865184,-7.281774,-7.525161,0.000e+00
Set Transformer,ch4t-test-001351,4,0.655863,0.363099,-0.210238,0.112874,0.910103,0.272222,-4.848928,-5.657652,0.000e+00
Set Transformer,ch4t-test-001352,6,0.054236,0.691081,-0.090082,-0.016287,0.258205,0.190227,-6.511873,-7.167108,1.110e-16
Set Transformer,ch4t-test-001353,5,0.305119,0.013333,-0.090132,0.868158,1.022840,0.994070,-5.102940,-5.331261,0.000e+00
Set Transformer,ch4t-test-001354,4,0.209763,-0.079705,0.546524,0.220991,1.005879,0.817500,-7.612266,-8.288848,0.000e+00
Set Transformer,ch4t-test-001355,4,-0.148386,-0.204030,0.331166,-0.008539,-2.520669,0.069646,-7.694024,-7.672773,0.000e+00
Set Transformer,ch4t-test-001356,6,0.006992,0.373697,-0.182434,-0.018823,-0.307746,0.184478,-7.790551,-7.988806,2.776e-17
Set Transformer,ch4t-test-001357,5,0.058672,0.041468,-0.050943,0.029080,0.229009,0.140595,-7.549393,-7.598589,1.388e-17
Set Transformer,ch4t-test-001358,4,0.120292,0.026014,-0.007843,0.392767,0.827406,0.220926,-4.562191,-4.700655,0.000e+00
Set Transformer,ch4t-test-001359,6,0.117973,-1.340383,-0.655782,0.457224,0.718289,1.397752,-7.249370,-5.371179,2.220e-16
Set Transformer,ch4t-test-001360,7,0.257030,-0.096993,0.088145,0.604414,0.611279,0.873658,-5.197761,-5.445942,8.327e-17
Set Transformer,ch4t-test-001361,8,0.252271,0.070880,1.259945,0.435599,1.271795,1.602140,-5.764306,-7.347402,0.000e+00
Set Transformer,ch4t-test-001362,5,0.684231,0.325074,-0.029970,0.536868,0.884979,1.425387,-5.340952,-6.320287,0.000e+00
Set Transformer,ch4t-test-001363,6,0.357982,0.173166,-0.050174,0.094466,0.178830,0.229768,-3.818028,-4.299003,5.551e-17
Set Transformer,ch4t-test-001364,8,-0.031933,0.750943,-0.073670,-0.000636,0.645165,0.127016,-6.695267,-7.340606,0.000e+00
Set Transformer,ch4t-test-001365,5,0.369688,0.784189,0.083387,0.029571,1.052095,0.260692,-5.627533,-6.864797,2.220e-16
Set Transformer,ch4t-test-001366,4,0.597672,0.341034,-0.311928,0.123044,0.622419,0.438026,-4.979701,-5.606480,0.000e+00
Set Transformer,ch4t-test-001367,5,1.616431,-0.238325,-0.401524,0.640074,0.135772,0.475352,-4.435864,-5.412445,1.110e-16
Set Transformer,ch4t-test-001368,4,2.346513,-0.302247,-0.602252,1.446774,0.642856,1.178120,-3.073746,-4.515760,0.000e+00
Set Transformer,ch4t-test-001369,8,0.492809,-1.308844,0.182162,-0.009588,-0.666632,0.146796,-8.414632,-7.780759,2.220e-16
Set Transformer,ch4t-test-001370,5,0.291020,-0.050718,0.327256,0.072600,0.992227,0.425261,-5.596090,-6.163647,1.110e-16
Set Transformer,ch4t-test-001371,4,0.948550,0.276000,-0.448048,0.326869,0.750750,1.002940,-5.436551,-6.213052,0.000e+00
Set Transformer,ch4t-test-001372,6,0.366035,0.058224,0.137444,0.213317,-0.751070,0.338132,-5.084894,-5.646597,1.110e-16
Set Transformer,ch4t-test-001373,5,0.428087,-0.087575,0.521084,0.382706,0.536451,0.829475,-4.420583,-5.282179,0.000e+00
Set Transformer,ch4t-test-001374,8,0.080428,-0.167140,-0.132512,1.092596,1.032406,2.215144,-5.638505,-5.419280,0.000e+00
Set Transformer,ch4t-test-001375,4,0.042932,0.346116,-0.075534,-0.018493,-0.981121,0.106626,-7.693731,-8.007245,5.551e-17
Set Transformer,ch4t-test-001376,4,1.013196,0.181595,-0.564500,0.651061,0.702912,0.870954,-5.809182,-6.439473,1.110e-16
Set Transformer,ch4t-test-001377,7,1.394938,0.225686,-0.598452,0.798167,0.993394,1.024639,-3.739503,-4.761675,0.000e+00
Set Transformer,ch4t-test-001378,5,0.055413,0.398389,-0.094640,-0.027500,-0.269970,0.153238,-7.920129,-8.279292,0.000e+00
Set Transformer,ch4t-test-001379,4,-0.051019,0.633047,-0.028314,-0.015289,0.622445,0.152939,-5.850580,-6.404294,1.110e-16
Set Transformer,ch4t-test-001380,5,0.988553,-0.045985,-0.171527,0.714739,0.527425,0.456980,-3.586495,-4.357537,0.000e+00
Set Transformer,ch4t-test-001381,4,-0.084261,0.310645,0.019763,-0.022857,-0.054933,0.135658,-8.508410,-8.754557,0.000e+00
Set Transformer,ch4t-test-001382,7,0.417009,0.084367,-0.032694,0.884552,1.024468,0.639485,-4.217135,-4.685818,0.000e+00
Set Transformer,ch4t-test-001383,5,0.506886,0.052848,-1.146638,0.369010,0.701037,1.012272,-7.976731,-7.389827,2.220e-16
Set Transformer,ch4t-test-001384,6,0.859360,-0.825291,-0.235652,0.620654,0.900304,0.469576,-6.142529,-5.940945,1.110e-16
Set Transformer,ch4t-test-001385,8,1.181739,0.046646,-0.278469,1.349099,1.236331,1.096177,-6.484252,-7.434169,1.110e-16
Set Transformer,ch4t-test-001386,5,0.071344,0.223015,0.004573,-0.007208,-1.820959,0.094788,-7.077352,-7.376284,0.000e+00
Set Transformer,ch4t-test-001387,8,1.383298,0.554994,0.023242,0.303515,0.502064,0.358355,-4.464110,-6.425644,0.000e+00
Set Transformer,ch4t-test-001388,4,0.283912,0.150417,-0.138583,0.061658,1.151433,0.255378,-5.282606,-5.578352,0.000e+00
Set Transformer,ch4t-test-001389,7,1.418032,0.219300,-0.689033,0.316913,1.189254,0.503152,-4.775238,-5.723537,0.000e+00
Set Transformer,ch4t-test-001390,5,0.043457,0.132872,0.102231,0.222818,0.624756,0.556280,-6.804328,-7.082888,0.000e+00
Set Transformer,ch4t-test-001391,7,0.035054,0.178633,0.022933,-0.040794,-0.200703,0.128798,-6.687769,-6.924389,0.000e+00
Set Transformer,ch4t-test-001392,5,0.556117,0.199816,0.509778,0.186351,0.648116,0.554903,-5.817306,-7.083017,0.000e+00
Set Transformer,ch4t-test-001393,6,0.186302,-0.081883,-0.336032,0.873108,1.208472,2.182024,-7.303917,-7.072305,5.551e-17
Set Transformer,ch4t-test-001394,4,1.486107,-0.437687,-0.319967,2.011045,0.038752,0.633413,-3.688385,-4.416839,2.220e-16
Set Transformer,ch4t-test-001395,8,0.257444,-0.189467,-0.001393,0.442892,0.733442,0.238424,-2.719502,-2.786086,2.776e-17
Set Transformer,ch4t-test-001396,7,0.703797,-0.046440,-0.144498,1.046585,0.810404,0.305213,-3.734371,-4.247230,1.110e-16
Set Transformer,ch4t-test-001397,7,-0.278251,-0.039408,0.472140,0.673281,0.418397,1.378498,-5.608879,-5.763361,0.000e+00
Set Transformer,ch4t-test-001398,7,-0.004117,0.042880,0.047095,-0.015970,-1.719654,0.085954,-8.024190,-8.110048,0.000e+00
Set Transformer,ch4t-test-001399,8,4.256458,0.783519,-1.165453,1.519212,0.713559,1.733515,-4.176327,-8.050851,0.000e+00
Set Transformer,ch4t-test-001400,7,1.252969,-0.160954,-0.131475,0.685273,1.040963,0.317797,-4.432820,-5.393360,1.110e-16
Set Transformer,ch4t-test-001401,8,2.135923,0.023052,-0.276531,0.524713,0.489630,0.579671,-3.073694,-4.956138,4.441e-16
Set Transformer,ch4t-test-001402,8,0.391731,0.066590,-0.063463,0.123827,0.791674,0.109648,-5.415245,-5.810103,0.000e+00
Set Transformer,ch4t-test-001403,5,-0.290796,0.272932,0.240060,0.127254,0.788516,0.151678,-6.526739,-6.748934,2.776e-17
Set Transformer,ch4t-test-001404,8,0.650070,0.280764,0.077137,0.423786,0.844234,1.048381,-5.024798,-6.032769,0.000e+00
Set Transformer,ch4t-test-001405,8,-0.005677,0.789843,0.047831,0.015272,0.526569,0.170561,-6.218079,-7.050077,0.000e+00
Set Transformer,ch4t-test-001406,6,1.165157,0.810231,0.615049,0.519578,-0.030582,1.365650,-7.015220,-9.605657,0.000e+00
Set Transformer,ch4t-test-001407,5,0.537409,0.277127,-0.199565,0.218806,0.582609,0.571205,-6.718860,-7.333832,0.000e+00
Set Transformer,ch4t-test-001408,5,0.065955,0.847515,-0.037017,-0.009373,0.944145,0.195691,-5.447181,-6.323634,1.110e-16
Set Transformer,ch4t-test-001409,8,1.806787,0.249909,-0.574571,1.338954,0.975778,1.242512,-4.053344,-5.535469,2.220e-16
Set Transformer,ch4t-test-001410,4,-0.003241,0.554134,0.172692,-0.013162,-1.378014,0.136214,-8.338651,-9.062236,0.000e+00
Set Transformer,ch4t-test-001411,5,0.940750,0.178436,-0.250120,0.615739,0.641546,1.053557,-3.958389,-4.827455,0.000e+00
Set Transformer,ch4t-test-001412,7,2.338233,0.199141,-1.202997,1.514947,0.372975,2.471127,-4.474232,-5.808609,4.441e-16
Set Transformer,ch4t-test-001413,8,-0.048222,-0.513531,0.221873,0.301929,0.632764,0.482694,-5.778183,-5.438302,0.000e+00
Set Transformer,ch4t-test-001414,8,2.064907,-0.781376,-0.044604,0.756872,0.184494,1.120258,-4.242423,-5.481350,4.441e-16
Set Transformer,ch4t-test-001415,4,0.413303,0.057019,0.128108,0.240172,-0.008600,0.415624,-3.766112,-4.364543,0.000e+00
Set Transformer,ch4t-test-001416,6,0.012125,0.373884,-0.081875,0.007068,0.523467,0.131707,-6.904332,-7.208467,0.000e+00
Set Transformer,ch4t-test-001417,7,1.844269,0.513043,-0.743329,0.907539,0.789163,1.933159,-5.323571,-6.937554,0.000e+00
Set Transformer,ch4t-test-001418,5,-0.027291,0.413628,-0.060515,0.013088,0.743628,0.223634,-6.226452,-6.552273,0.000e+00
Set Transformer,ch4t-test-001419,6,1.378872,-0.192301,-0.386830,2.316073,0.710315,1.252323,-3.967292,-4.767033,2.220e-16
Set Transformer,ch4t-test-001420,4,-0.073188,-0.164384,-0.344124,0.687467,-0.676221,1.459838,-4.997321,-4.415625,0.000e+00
Set Transformer,ch4t-test-001421,6,-0.212862,-1.637702,0.380526,-0.020709,0.609549,0.190993,-8.566414,-7.096377,2.220e-16
Set Transformer,ch4t-test-001422,8,0.432054,-0.120039,0.625061,0.086196,0.989527,0.460402,-4.954593,-5.891669,1.110e-16
Set Transformer,ch4t-test-001423,7,0.505178,0.029067,-0.214736,0.504962,-0.315827,1.016989,-9.518013,-9.837521,5.551e-17
Set Transformer,ch4t-test-001424,5,-1.465061,-0.888114,0.515893,0.754032,0.383189,1.034730,-9.355223,-7.517941,0.000e+00
Set Transformer,ch4t-test-001425,5,-0.137766,-0.408613,2.045668,0.376663,0.134823,1.434026,-6.956972,-8.456260,0.000e+00
Set Transformer,ch4t-test-001426,7,1.333793,-0.007899,-0.382417,0.652038,1.041122,0.932173,-6.878293,-7.821770,0.000e+00
Set Transformer,ch4t-test-001427,4,-0.235809,-0.152788,0.061272,0.537493,1.033687,0.506024,-5.884387,-5.557062,0.000e+00
Set Transformer,ch4t-test-001428,8,1.314385,0.001211,-0.470773,1.209485,1.306412,1.183506,-3.708308,-4.553131,2.220e-16
Set Transformer,ch4t-test-001429,5,0.245709,-0.030905,0.209346,0.250716,1.028324,0.239584,-4.503967,-4.928118,0.000e+00
Set Transformer,ch4t-test-001430,8,1.081940,0.049620,-0.162205,0.887872,0.727116,0.483613,-3.554110,-4.523465,1.110e-16
Set Transformer,ch4t-test-001431,7,0.099156,0.008573,-0.213336,0.780995,1.126081,0.375724,-6.217820,-6.112213,2.776e-17
Set Transformer,ch4t-test-001432,6,1.000891,0.292858,-0.347624,0.235847,-1.480700,0.482673,-3.819318,-4.765443,0.000e+00
Set Transformer,ch4t-test-001433,4,0.323073,-0.055205,0.346819,0.227535,0.626333,0.945649,-5.870436,-6.485123,0.000e+00
Set Transformer,ch4t-test-001434,5,-0.004774,0.054135,-0.028102,0.007724,-2.244724,0.077283,-7.687518,-7.708777,0.000e+00
Set Transformer,ch4t-test-001435,4,0.689787,0.366030,-0.206353,0.668003,0.580140,0.667876,-5.240072,-6.089536,0.000e+00
Set Transformer,ch4t-test-001436,6,0.781158,0.991160,-0.050192,0.168294,0.961330,0.229283,-5.937594,-7.659720,2.220e-16
Set Transformer,ch4t-test-001437,4,0.165765,0.075877,-0.151017,0.687935,0.921215,0.389303,-6.310269,-6.400894,1.388e-17
Set Transformer,ch4t-test-001438,4,0.030193,0.122637,-0.017615,0.539688,0.416193,0.220517,-7.022240,-7.157455,0.000e+00
Set Transformer,ch4t-test-001439,6,0.690818,0.359466,-0.310086,0.467727,0.948311,0.284445,-4.554955,-5.295153,0.000e+00
Set Transformer,ch4t-test-001440,7,0.550713,0.298448,-0.215582,0.791876,0.935035,1.015641,-4.469212,-5.102791,0.000e+00
Set Transformer,ch4t-test-001441,7,1.639975,0.431323,-0.455504,1.038193,0.992495,2.838497,-4.184847,-5.800641,2.220e-16
Set Transformer,ch4t-test-001442,8,2.113696,-0.579422,-0.062806,1.159570,0.628173,1.221069,-3.469300,-4.940769,0.000e+00
Set Transformer,ch4t-test-001443,5,2.508762,-0.496035,-0.524921,1.368720,0.543391,0.560809,-3.712506,-5.200312,4.441e-16
Set Transformer,ch4t-test-001444,8,0.004413,0.109035,-0.069121,-0.009524,-1.440499,0.107672,-7.314182,-7.358509,1.388e-17
Set Transformer,ch4t-test-001445,7,-0.009824,0.404588,-0.080039,-0.010175,0.116693,0.147062,-6.820884,-7.135609,0.000e+00
Set Transformer,ch4t-test-001446,4,-0.009501,0.109082,-0.029237,0.009373,-2.507025,0.046871,-7.869619,-7.939963,2.776e-17
Set Transformer,ch4t-test-001447,8,2.150535,-0.301401,-0.863495,1.134321,0.545018,1.199256,-3.684879,-4.670518,1.110e-16
Set Transformer,ch4t-test-001448,7,0.380769,0.120039,-0.050819,0.022170,1.073639,0.259604,-3.399998,-3.849987,0.000e+00
Set Transformer,ch4t-test-001449,4,-0.125346,-0.092864,0.538150,0.314963,0.383922,0.522389,-7.983292,-8.303232,1.110e-16
Set Transformer,ch4t-test-001450,4,0.926034,0.766840,-0.750154,0.288983,1.017837,0.436542,-5.202946,-6.145666,0.000e+00
Set Transformer,ch4t-test-001451,4,0.277988,-0.042013,-0.152617,1.058964,0.088274,0.478359,-4.771836,-4.855194,2.776e-17
Set Transformer,ch4t-test-001452,4,0.713215,0.086424,-0.113619,1.079528,0.340815,2.248920,-5.569352,-6.255372,1.110e-16
Set Transformer,ch4t-test-001453,4,0.171716,0.266565,0.046348,0.069322,0.613802,0.213397,-6.957190,-7.441819,0.000e+00
Set Transformer,ch4t-test-001454,7,0.672657,0.385713,-0.156953,0.362818,1.150406,0.801141,-4.710707,-5.612124,0.000e+00
Set Transformer,ch4t-test-001455,4,0.325523,-1.141320,0.309222,0.785487,0.513588,1.386119,-8.155667,-7.649092,0.000e+00
Set Transformer,ch4t-test-001456,7,-0.053277,0.030220,0.026471,0.518743,0.865616,0.360627,-6.419930,-6.423344,0.000e+00
Set Transformer,ch4t-test-001457,7,0.317159,0.046738,-0.209820,1.438594,0.959676,1.297108,-6.632382,-6.786459,5.551e-17
Set Transformer,ch4t-test-001458,6,0.277785,-1.013996,0.424369,0.050510,0.830198,0.205831,-8.713953,-8.402110,2.220e-16
Set Transformer,ch4t-test-001459,5,-0.416036,-0.136885,-0.080944,1.095630,1.235372,1.397589,-5.218937,-4.585071,0.000e+00
Set Transformer,ch4t-test-001460,5,0.294037,-0.063532,0.245464,-0.019114,-0.514607,0.123582,-9.093284,-9.569253,0.000e+00
Set Transformer,ch4t-test-001461,5,0.539204,0.579287,0.263887,0.562481,0.961657,0.379350,-6.251000,-7.633378,2.220e-16
Set Transformer,ch4t-test-001462,6,1.448014,-0.465011,-0.568506,1.223726,-0.044028,0.793419,-3.218852,-3.633349,0.000e+00
Set Transformer,ch4t-test-001463,8,0.041715,0.235667,-0.005184,-0.075361,0.015688,0.158514,-7.096031,-7.368229,0.000e+00
Set Transformer,ch4t-test-001464,7,2.903562,-0.601331,-0.465188,0.786056,-0.704013,0.687102,-3.738029,-5.575072,0.000e+00
Set Transformer,ch4t-test-001465,4,0.690612,0.505119,-0.272409,0.067666,0.926423,0.138805,-5.431463,-6.354785,0.000e+00
Set Transformer,ch4t-test-001466,6,0.964514,-0.017038,-0.147053,0.402276,-0.317051,0.558889,-3.886081,-4.686505,0.000e+00
Set Transformer,ch4t-test-001467,4,0.048360,0.420897,0.145238,-0.053716,0.312492,0.122685,-6.489941,-7.104436,0.000e+00
Set Transformer,ch4t-test-001468,8,0.141674,-0.307947,0.686849,0.194030,0.553841,0.765389,-7.854658,-8.375234,0.000e+00
Set Transformer,ch4t-test-001469,5,0.423565,0.045762,-0.069529,0.282506,1.062682,0.191295,-4.309891,-4.709688,0.000e+00
Set Transformer,ch4t-test-001470,5,0.832280,0.079549,-0.418221,1.126215,0.331264,2.143281,-4.346997,-4.840606,0.000e+00
Set Transformer,ch4t-test-001471,8,1.346884,0.245746,-0.452039,0.958749,0.878482,1.134262,-3.913319,-5.053910,0.000e+00
Set Transformer,ch4t-test-001472,7,1.020390,0.247248,-0.423086,0.252769,0.986419,0.535348,-4.242602,-5.087154,2.220e-16
Set Transformer,ch4t-test-001473,4,0.139610,-0.188056,0.261504,0.065364,0.326335,0.185162,-6.349169,-6.562227,0.000e+00
Set Transformer,ch4t-test-001474,5,-0.036679,-0.077413,0.139030,0.517513,0.439463,0.981696,-4.588293,-4.613232,0.000e+00
Set Transformer,ch4t-test-001475,4,0.444882,-0.175404,0.276124,0.104258,-0.335524,0.211011,-7.876193,-8.421796,0.000e+00
Set Transformer,ch4t-test-001476,6,0.025429,0.680324,-0.181216,-0.027726,0.481941,0.262353,-6.223416,-6.747953,1.110e-16
Set Transformer,ch4t-test-001477,7,1.531645,0.290587,-0.987803,0.723124,-0.851768,1.278660,-5.284537,-6.118966,0.000e+00
Set Transformer,ch4t-test-001478,7,0.106748,0.048873,-0.013572,0.272700,0.945132,0.216504,-3.993184,-4.135233,0.000e+00
Set Transformer,ch4t-test-001479,7,0.645789,-0.231081,0.091163,1.090863,0.994573,1.770373,-3.900697,-4.406567,0.000e+00
Set Transformer,ch4t-test-001480,4,-0.048747,-0.517150,0.139551,0.016073,0.749694,0.196444,-7.453217,-7.026872,0.000e+00
Set Transformer,ch4t-test-001481,8,0.020871,0.204990,-0.067149,-0.003361,-0.335521,0.154611,-8.640266,-8.798978,2.776e-17
Set Transformer,ch4t-test-001482,4,0.685655,0.147786,-0.445252,0.748518,0.417724,0.789395,-5.378512,-5.766701,0.000e+00
Set Transformer,ch4t-test-001483,5,0.721616,0.337946,-0.186956,0.169015,-1.802469,0.604902,-6.247917,-7.120523,0.000e+00
Set Transformer,ch4t-test-001484,6,0.532606,-0.020863,-0.025124,0.144882,0.359270,0.360529,-4.656738,-5.143357,5.551e-17
Set Transformer,ch4t-test-001485,5,1.071651,0.146363,-0.230127,0.484498,1.044407,0.460238,-3.585889,-4.573776,1.110e-16
Set Transformer,ch4t-test-001486,6,0.124775,0.136245,-0.076025,0.820654,1.041254,0.353386,-5.267249,-5.452243,5.551e-17
Set Transformer,ch4t-test-001487,7,0.149988,0.133778,0.035202,0.511283,1.243121,0.396873,-5.239039,-5.558007,0.000e+00
Set Transformer,ch4t-test-001488,5,0.002605,0.068866,-0.022532,-0.000000,-0.448857,0.180226,-7.097273,-7.146212,6.939e-18
Set Transformer,ch4t-test-001489,7,1.843136,-0.631865,-1.212851,0.860483,-0.104175,1.330048,-5.608237,-5.606657,1.110e-16
Set Transformer,ch4t-test-001490,8,0.694812,-0.412296,-0.537416,1.475004,1.212969,2.033288,-6.700237,-6.445337,0.000e+00
Set Transformer,ch4t-test-001491,4,0.386028,0.229661,-0.087195,1.106304,0.644506,1.212650,-6.205084,-6.733577,0.000e+00
Set Transformer,ch4t-test-001492,5,1.397156,0.186880,-0.848375,1.231995,0.558997,1.124682,-6.938325,-7.673985,2.220e-16
Set Transformer,ch4t-test-001493,5,0.066121,0.109821,0.010738,-0.027910,-0.376303,0.148114,-5.860245,-6.046925,2.776e-17
Set Transformer,ch4t-test-001494,5,-0.282657,-0.237081,0.189473,0.091691,0.593389,0.259554,-6.265119,-5.934853,0.000e+00
Set Transformer,ch4t-test-001495,5,1.166369,0.056969,-0.538324,0.733972,0.866565,1.237856,-4.440028,-5.125042,1.110e-16
Set Transformer,ch4t-test-001496,5,1.142711,0.144142,-0.226082,0.712417,0.842703,1.381992,-3.886033,-4.946803,0.000e+00
Set Transformer,ch4t-test-001497,6,3.640548,-0.191022,-1.769583,1.652263,0.449427,3.329507,-6.048194,-7.728137,0.000e+00
Set Transformer,ch4t-test-001498,5,0.059505,0.401745,-0.015150,0.029600,0.000541,0.152373,-6.940642,-7.386743,0.000e+00
Set Transformer,ch4t-test-001499,8,0.737179,0.221328,-0.108755,0.139497,0.757271,0.251063,-4.538944,-5.388696,0.000e+00
Set Transformer,ch4t-test-001500,8,2.310682,-0.311097,-0.221298,2.478168,1.293804,1.006567,-2.069107,-3.847394,0.000e+00
Set Transformer,ch4t-test-001501,4,1.002799,0.231335,-0.501107,0.464382,0.772263,0.947876,-4.745221,-5.478248,0.000e+00
Set Transformer,ch4t-test-001502,5,2.071372,-0.156838,-0.366513,1.156198,0.886260,0.368168,-3.068270,-4.616292,0.000e+00
Set Transformer,ch4t-test-001503,7,0.321791,-0.762326,-0.364682,0.695119,-0.208549,1.364972,-7.453658,-6.648441,0.000e+00
Set Transformer,ch4t-test-001504,8,-0.067893,-0.038158,0.206502,0.646644,0.988729,0.848475,-7.077454,-7.177905,0.000e+00
Set Transformer,ch4t-test-001505,7,0.402289,0.020615,0.142016,0.909044,0.376629,1.476251,-4.461790,-5.026710,0.000e+00
Set Transformer,ch4t-test-001506,6,1.513795,-0.470100,-0.305021,1.359154,0.995501,0.555981,-4.613803,-5.352478,0.000e+00
Set Transformer,ch4t-test-001507,8,1.855567,0.092578,-1.027324,2.495749,1.479974,2.894811,-4.949686,-5.870507,1.110e-16
Set Transformer,ch4t-test-001508,5,0.030919,0.769262,-0.512571,-0.017496,0.725721,0.203010,-7.412855,-7.700464,0.000e+00
Set Transformer,ch4t-test-001509,4,0.521057,0.302014,-0.083834,0.137188,0.895037,0.208932,-7.988528,-8.727766,0.000e+00
Set Transformer,ch4t-test-001510,7,0.728218,0.157467,-0.175426,0.298061,1.113863,0.275944,-5.860676,-6.570935,0.000e+00
Set Transformer,ch4t-test-001511,8,2.155442,0.351162,-1.315502,0.604792,-0.435996,0.924191,-4.927799,-6.118901,2.220e-16
Set Transformer,ch4t-test-001512,8,1.038839,-0.021491,-0.491369,0.978035,-0.058199,1.152913,-4.073410,-4.599388,0.000e+00
Set Transformer,ch4t-test-001513,5,-0.002959,0.370134,0.397346,-0.023029,-0.578984,0.172016,-7.505499,-8.270021,0.000e+00
Set Transformer,ch4t-test-001514,4,0.081499,0.066817,-0.183310,-0.050540,-1.013215,0.172378,-7.788337,-7.753344,0.000e+00
Set Transformer,ch4t-test-001515,7,0.249253,0.148424,-0.070082,0.385425,0.772744,0.248381,-6.541709,-6.869304,0.000e+00
Set Transformer,ch4t-test-001516,4,0.671353,-0.276587,-0.141128,0.781867,0.777757,1.594755,-6.511160,-6.764796,0.000e+00
Set Transformer,ch4t-test-001517,4,2.300593,0.043083,-0.161282,0.374127,0.828292,0.224148,-2.282612,-4.465005,4.441e-16
Set Transformer,ch4t-test-001518,7,0.789359,0.144392,-0.020763,0.167868,1.040791,0.152511,-5.984717,-6.897705,1.110e-16
Set Transformer,ch4t-test-001519,5,-0.518094,-0.433281,0.327388,0.205630,0.878815,0.284563,-6.793613,-6.169627,0.000e+00
Set Transformer,ch4t-test-001520,4,0.322874,0.436387,0.272103,0.085719,-0.347126,0.333773,-5.678581,-6.709946,2.220e-16
Set Transformer,ch4t-test-001521,6,-0.551808,-0.965489,0.642406,1.037396,1.291294,1.766607,-12.600405,-11.725514,3.331e-16
Set Transformer,ch4t-test-001522,6,0.015850,-0.130254,0.875516,0.274488,-0.728863,0.960433,-4.699056,-5.460167,0.000e+00
Set Transformer,ch4t-test-001523,8,0.130237,0.073713,-0.427607,0.224396,1.043267,0.584391,-6.423850,-6.200192,0.000e+00
Set Transformer,ch4t-test-001524,8,1.328001,0.486819,-0.513952,0.435023,1.190869,0.427455,-3.298338,-4.599206,0.000e+00
Set Transformer,ch4t-test-001525,6,-0.296504,-1.460225,-0.282092,2.336526,0.466852,1.157987,-7.959045,-5.920223,0.000e+00
Set Transformer,ch4t-test-001526,7,2.277870,-0.091835,-0.034842,1.267247,0.368536,0.861780,-1.695565,-3.846758,0.000e+00
Set Transformer,ch4t-test-001527,6,0.360178,0.127416,-0.050642,0.508095,0.631341,0.253957,-3.735175,-4.172127,5.551e-17
Set Transformer,ch4t-test-001528,4,-2.271167,-0.983598,1.994626,0.971149,0.108328,2.158999,-7.819754,-6.559616,2.220e-16
Set Transformer,ch4t-test-001529,5,0.581524,0.053780,0.023921,0.119631,0.245582,0.173792,-8.297479,-8.956703,1.110e-16
Set Transformer,ch4t-test-001530,8,2.462806,-0.934292,-0.993723,1.939001,-0.175391,1.537974,-4.344382,-4.879173,4.441e-16
Set Transformer,ch4t-test-001531,5,1.025240,0.103622,-0.283232,0.601992,0.567308,0.571473,-4.472353,-5.317983,2.220e-16
Set Transformer,ch4t-test-001532,5,1.530483,-0.373223,-0.350482,1.208573,0.948639,0.542719,-3.901868,-4.708645,1.110e-16
Set Transformer,ch4t-test-001533,4,0.393648,-0.329760,-0.046821,0.423114,-0.805321,1.273905,-6.480410,-6.497477,0.000e+00
Set Transformer,ch4t-test-001534,8,2.344594,-0.550545,-0.150342,1.136497,0.721177,2.025950,-3.331919,-4.975627,4.441e-16
Set Transformer,ch4t-test-001535,8,1.858696,0.272036,-1.037003,0.463214,0.916018,0.682882,-3.225703,-4.319432,0.000e+00
Set Transformer,ch4t-test-001536,6,0.545669,-0.643669,0.156493,0.779713,-0.692211,1.350659,-5.532910,-5.591404,1.110e-16
Set Transformer,ch4t-test-001537,7,0.500796,-0.579632,-0.152163,1.161552,0.049164,2.563223,-7.433106,-7.202108,5.551e-17
Set Transformer,ch4t-test-001538,7,0.383489,0.405731,-0.260536,0.201463,1.167322,0.635224,-5.447654,-5.976338,1.110e-16
Set Transformer,ch4t-test-001539,8,0.618660,0.204307,0.003821,0.235297,0.620038,0.213333,-3.104258,-3.931045,0.000e+00
Set Transformer,ch4t-test-001540,8,-1.790307,-1.268041,1.153460,0.205961,0.895590,0.256579,-7.974779,-6.069891,0.000e+00
Set Transformer,ch4t-test-001541,6,1.370612,0.028097,-0.369056,1.432346,1.017320,1.420061,-5.272357,-6.302009,2.220e-16
Set Transformer,ch4t-test-001542,8,1.287594,-0.152839,0.283777,0.188337,1.033546,0.236643,-2.087727,-3.506259,2.220e-16
Set Transformer,ch4t-test-001543,7,-0.256741,0.001270,0.281319,0.730830,1.286627,2.389135,-7.284336,-7.310184,1.388e-17
Set Transformer,ch4t-test-001544,6,2.017094,0.195638,-0.775882,1.025242,0.605066,0.905096,-3.435214,-4.872064,0.000e+00
Set Transformer,ch4t-test-001545,7,-0.396792,-0.424024,0.546958,0.746332,0.606581,1.011221,-5.001208,-4.727350,0.000e+00
Set Transformer,ch4t-test-001546,4,0.058421,0.718606,0.112764,0.037394,0.235583,0.300211,-6.732865,-7.622656,1.110e-16
Set Transformer,ch4t-test-001547,4,1.390454,0.089567,-0.288793,1.909742,1.195046,1.796657,-4.418179,-5.609408,2.220e-16
Set Transformer,ch4t-test-001548,6,0.758261,0.016165,-0.190287,0.920503,0.173252,0.977133,-6.989385,-7.573524,0.000e+00
Set Transformer,ch4t-test-001549,6,0.281457,0.122226,-0.040475,0.135309,0.907020,0.190529,-4.059752,-4.422960,0.000e+00
Set Transformer,ch4t-test-001550,8,-0.967990,-0.780490,0.589244,0.820746,0.707268,1.763074,-5.284495,-4.125259,0.000e+00
Set Transformer,ch4t-test-001551,4,-0.056366,0.150753,-0.067935,0.015095,-1.570014,0.102764,-8.184271,-8.210723,0.000e+00
Set Transformer,ch4t-test-001552,6,0.103369,0.009639,-0.064862,1.393694,-0.073662,2.785344,-7.940423,-7.988568,6.939e-18
Set Transformer,ch4t-test-001553,8,1.630952,-0.294244,-0.451994,1.085737,0.887274,0.452694,-3.379665,-4.264379,1.110e-16
Set Transformer,ch4t-test-001554,6,1.033982,0.073896,0.327021,0.210471,-1.058966,0.622676,-3.533938,-4.968838,0.000e+00
Set Transformer,ch4t-test-001555,5,1.562617,0.108832,-0.730864,0.596399,0.758300,0.536595,-3.784564,-4.725149,1.110e-16
Set Transformer,ch4t-test-001556,5,0.198118,0.038161,0.033942,0.939656,0.926861,1.220319,-4.830304,-5.100526,5.551e-17
Set Transformer,ch4t-test-001557,8,2.435474,0.222909,-0.983164,0.739781,-0.453690,1.318308,-4.912001,-6.587220,0.000e+00
Set Transformer,ch4t-test-001558,4,-0.109674,0.225258,0.055140,0.292750,0.829836,0.322928,-5.180103,-5.350826,2.776e-17
Set Transformer,ch4t-test-001559,6,0.353086,0.601204,0.109654,0.118312,0.338365,0.217508,-5.518044,-6.581989,0.000e+00
Set Transformer,ch4t-test-001560,5,0.021291,0.475678,-0.031782,0.009012,0.616485,0.162296,-7.092907,-7.558094,5.551e-17
Set Transformer,ch4t-test-001561,4,-0.030269,0.385328,-0.041690,-0.014345,-1.483596,0.086716,-8.765885,-9.079254,0.000e+00
Set Transformer,ch4t-test-001562,8,0.440487,-0.339308,0.657845,0.050624,-0.742190,0.326190,-7.917471,-8.676495,0.000e+00
Set Transformer,ch4t-test-001563,5,0.979204,-0.298965,-0.308471,1.084935,0.556251,0.858302,-4.862857,-5.234626,0.000e+00
Set Transformer,ch4t-test-001564,5,-0.040632,-0.027704,0.057538,-0.004804,0.556476,0.120213,-7.851697,-7.840898,6.939e-18
Set Transformer,ch4t-test-001565,8,0.290823,-0.065985,-0.087969,1.128823,0.821790,0.392396,-4.376031,-4.512901,0.000e+00
Set Transformer,ch4t-test-001566,5,-0.982160,-0.763866,0.778702,0.508681,-0.586717,1.285120,-5.674613,-4.707289,0.000e+00
Set Transformer,ch4t-test-001567,4,0.249773,0.153148,-0.118785,0.045201,0.874790,0.190488,-5.648768,-5.932904,0.000e+00
Set Transformer,ch4t-test-001568,7,0.485744,-0.206577,0.075507,0.156367,0.994383,0.143129,-6.780670,-7.135344,0.000e+00
Set Transformer,ch4t-test-001569,4,3.135435,1.120655,-1.871288,0.508931,0.926197,0.936255,-4.813872,-7.198675,0.000e+00
Set Transformer,ch4t-test-001570,5,-0.031419,0.094566,0.074542,0.322508,0.306095,1.014568,-6.064915,-6.202604,0.000e+00
Set Transformer,ch4t-test-001571,8,0.352608,0.076215,-0.093592,0.163224,0.142284,0.199149,-5.264754,-5.599985,0.000e+00
Set Transformer,ch4t-test-001572,5,0.435088,-0.058900,-0.205888,0.311269,0.182193,0.996030,-6.085646,-6.255945,0.000e+00
Set Transformer,ch4t-test-001573,6,0.005910,0.301030,-0.042432,-0.035083,-0.319964,0.132504,-6.879848,-7.144356,0.000e+00
Set Transformer,ch4t-test-001574,8,1.255145,0.198415,-1.068870,1.017208,0.049695,2.265225,-4.113602,-4.498291,0.000e+00
Set Transformer,ch4t-test-001575,4,0.196048,0.015678,-0.020634,-0.114867,-0.170223,0.101684,-7.286052,-7.477145,2.776e-17
Set Transformer,ch4t-test-001576,5,1.192164,-1.549356,0.233390,0.005991,-1.274788,0.117439,-6.695758,-6.571956,0.000e+00
Set Transformer,ch4t-test-001577,4,1.968419,0.211830,-0.651477,1.140878,0.698913,1.140238,-3.554000,-5.082771,0.000e+00
Set Transformer,ch4t-test-001578,7,0.191999,-0.013079,0.168602,0.141892,1.231447,0.401807,-3.718288,-4.065811,0.000e+00
Set Transformer,ch4t-test-001579,7,-0.111889,-0.416676,0.089747,0.050585,0.887343,0.160366,-8.205760,-7.766943,5.551e-17
Set Transformer,ch4t-test-001580,4,0.017920,0.473588,0.141665,-0.037053,-0.964715,0.180403,-8.291448,-8.924621,0.000e+00
Set Transformer,ch4t-test-001581,5,0.229803,-0.662747,0.355647,0.028751,-0.609773,0.136761,-7.911111,-7.833814,1.110e-16
Set Transformer,ch4t-test-001582,8,1.466154,0.538287,-1.095681,0.271817,1.013219,0.374746,-4.262684,-5.171443,1.110e-16
Set Transformer,ch4t-test-001583,7,1.443829,-0.241570,-0.306432,0.869762,1.130170,0.557996,-2.784640,-3.680468,1.110e-16
Set Transformer,ch4t-test-001584,8,0.191791,0.664147,-0.181286,-0.041099,0.131721,0.175788,-9.358060,-10.032711,1.110e-16
Set Transformer,ch4t-test-001585,6,0.716593,-0.001460,0.285852,0.055110,0.717890,0.133988,-8.469987,-9.470972,0.000e+00
Set Transformer,ch4t-test-001586,4,0.722287,0.262714,-0.858436,0.628662,-0.917766,0.815390,-5.371507,-5.498072,5.551e-17
Set Transformer,ch4t-test-001587,6,-0.086627,1.275371,-0.067008,0.044671,-0.052538,0.202672,-7.056721,-8.178457,0.000e+00
Set Transformer,ch4t-test-001588,5,0.062666,-0.129289,0.147417,-0.014134,0.424844,0.196505,-7.739454,-7.820248,2.776e-17
Set Transformer,ch4t-test-001589,6,0.021603,0.436010,0.037603,0.002896,-0.673543,0.140789,-7.237309,-7.732524,1.110e-16
Set Transformer,ch4t-test-001590,7,-0.028276,0.993593,-0.267285,0.003553,0.629642,0.207572,-6.401041,-7.099073,1.110e-16
Set Transformer,ch4t-test-001591,5,0.834646,-0.011977,-0.083270,0.562588,0.671006,0.206108,-5.055460,-5.794859,0.000e+00
Set Transformer,ch4t-test-001592,5,1.324606,0.070430,-0.143304,0.090612,0.179673,0.178386,-4.670272,-5.922004,2.220e-16
Set Transformer,ch4t-test-001593,7,1.098754,0.366591,-0.071717,0.217825,1.129974,0.250979,-5.203109,-6.596736,0.000e+00
Set Transformer,ch4t-test-001594,7,-0.041125,0.761029,-0.133463,0.015016,0.609996,0.141735,-7.638200,-8.224641,1.110e-16
Set Transformer,ch4t-test-001595,8,0.245533,-0.376873,0.117921,0.351997,-0.048331,0.252339,-5.639040,-5.625620,5.551e-17
Set Transformer,ch4t-test-001596,5,0.828793,0.365687,-0.169498,0.364180,1.180325,0.469492,-6.613135,-7.638117,0.000e+00
Set Transformer,ch4t-test-001597,4,0.446822,-0.026908,-0.066977,0.532835,0.962050,0.198533,-4.667028,-5.019966,5.551e-17
Set Transformer,ch4t-test-001598,7,0.384880,-0.033774,-0.001072,0.692231,-0.518032,1.016491,-4.331817,-4.681851,5.551e-17
Set Transformer,ch4t-test-001599,6,-0.784245,-0.670059,1.538317,0.507365,0.168950,1.601252,-5.658683,-5.742697,0.000e+00
Set Transformer,ch4t-test-001600,5,-0.015463,0.013095,0.069978,0.010234,-1.333562,0.136780,-7.487473,-7.555083,0.000e+00
Set Transformer,ch4t-test-001601,4,0.506996,-0.279272,-0.053201,0.926056,-0.757050,1.470595,-4.537951,-4.712474,0.000e+00
Set Transformer,ch4t-test-001602,4,1.064852,0.100690,-0.281209,0.819106,1.025721,0.400852,-3.728418,-4.612751,2.220e-16
Set Transformer,ch4t-test-001603,7,1.019378,0.494711,0.417394,0.259137,0.323742,0.863980,-5.902023,-7.833506,2.220e-16
Set Transformer,ch4t-test-001604,5,0.688101,-0.167366,-0.177422,1.482706,0.577293,1.119088,-5.178605,-5.521918,1.110e-16
Set Transformer,ch4t-test-001605,4,1.705732,0.821136,-0.851220,0.298670,-0.541537,0.583282,-4.986685,-6.662332,0.000e+00
Set Transformer,ch4t-test-001606,5,0.747001,-0.338991,0.295922,1.121501,0.702796,1.834914,-5.928631,-6.632563,0.000e+00
Set Transformer,ch4t-test-001607,4,1.051077,-0.099861,-0.075630,0.731296,0.737509,0.287902,-5.728374,-6.603960,2.220e-16
Set Transformer,ch4t-test-001608,7,0.130229,0.070301,0.070861,0.333472,0.883366,0.348844,-3.671736,-3.943127,5.551e-17
Set Transformer,ch4t-test-001609,4,0.000359,-0.034337,0.037999,-0.009499,-0.503886,0.128708,-6.622944,-6.626965,0.000e+00
Set Transformer,ch4t-test-001610,5,-0.361577,0.489210,0.831782,0.743614,-0.009341,2.393731,-8.654303,-9.613718,0.000e+00
Set Transformer,ch4t-test-001611,6,0.069255,-0.149389,-0.099188,0.399507,1.118686,0.530683,-5.011446,-4.832124,2.776e-17
Set Transformer,ch4t-test-001612,5,0.067382,0.262105,-0.111193,-0.023946,-0.228135,0.162867,-6.916144,-7.134439,0.000e+00
Set Transformer,ch4t-test-001613,8,-0.043918,0.213081,-0.065061,0.040603,-0.189813,0.154993,-7.467391,-7.571493,0.000e+00
Set Transformer,ch4t-test-001614,4,0.707110,0.032216,-0.154874,0.813354,0.840339,0.792318,-5.932719,-6.517171,0.000e+00
Set Transformer,ch4t-test-001615,7,-0.169361,-1.053542,0.632715,0.756274,-0.637954,2.885750,-9.902945,-9.312758,1.110e-16
Set Transformer,ch4t-test-001616,6,2.201560,-0.016665,-0.894070,0.839580,1.091058,0.966663,-3.164285,-4.455109,2.220e-16
Set Transformer,ch4t-test-001617,4,0.044190,0.327594,-0.199091,-0.002151,-0.200553,0.186290,-5.932028,-6.104721,0.000e+00
Set Transformer,ch4t-test-001618,7,0.110769,0.042341,0.263462,0.508257,0.674621,0.986145,-5.290120,-5.706693,5.551e-17
Set Transformer,ch4t-test-001619,5,0.402729,-0.487355,0.226399,0.572052,-0.090539,1.449845,-5.773109,-5.914882,1.110e-16
Set Transformer,ch4t-test-001620,8,0.915381,0.648651,-0.557873,0.548560,1.103276,0.887411,-5.504287,-6.510446,0.000e+00
Set Transformer,ch4t-test-001621,8,-0.117698,0.427542,-0.171391,0.075916,0.813357,0.148816,-7.347081,-7.485534,5.551e-17
Set Transformer,ch4t-test-001622,7,0.501136,-0.132239,-0.113979,0.765183,-0.142131,0.762860,-5.169734,-5.424653,0.000e+00
Set Transformer,ch4t-test-001623,4,0.502625,0.113642,-0.228396,0.762143,0.677585,1.408261,-5.424064,-5.811935,5.551e-17
Set Transformer,ch4t-test-001624,5,0.074746,0.756925,-0.093121,-0.090488,0.109451,0.154492,-6.866438,-7.604987,0.000e+00
Set Transformer,ch4t-test-001625,7,0.216422,-0.116794,0.004703,0.942738,0.808509,0.824785,-6.576988,-6.681320,2.776e-17
Set Transformer,ch4t-test-001626,8,2.565385,-0.068727,-0.473816,0.464733,0.960844,0.274397,-2.276698,-4.299540,0.000e+00
Set Transformer,ch4t-test-001627,5,1.457581,0.062116,-0.401476,1.047331,0.888218,0.739395,-2.578974,-3.697196,2.220e-16
Set Transformer,ch4t-test-001628,6,0.439352,-0.094450,0.219398,0.224231,0.597516,0.843506,-4.608348,-5.172648,0.000e+00
Set Transformer,ch4t-test-001629,8,0.044796,0.677154,-0.202865,-0.011027,0.166012,0.189936,-6.709069,-7.228154,0.000e+00
Set Transformer,ch4t-test-001630,7,0.067351,0.202696,-0.080248,-0.057606,-0.076953,0.185875,-7.127962,-7.317762,0.000e+00
Set Transformer,ch4t-test-001631,4,-0.003941,0.035404,0.016510,0.313666,0.718124,0.274223,-3.959499,-4.007473,0.000e+00
Set Transformer,ch4t-test-001632,7,1.483681,-0.224169,-1.192605,1.553172,0.246821,2.735846,-8.078439,-8.145346,0.000e+00
Set Transformer,ch4t-test-001633,5,0.016589,0.367551,-0.102343,-0.006961,-0.897319,0.126762,-7.470084,-7.751881,0.000e+00
Set Transformer,ch4t-test-001634,4,-0.010162,-0.536000,-0.090311,0.001095,0.562779,0.107325,-6.629109,-5.992636,0.000e+00
Set Transformer,ch4t-test-001635,8,1.247229,0.076558,-0.447873,0.648334,1.051282,0.343484,-2.941750,-3.817664,0.000e+00
Set Transformer,ch4t-test-001636,4,-0.060870,-0.100443,0.264998,-0.035030,0.220900,0.172773,-8.151798,-8.255483,1.388e-17
Set Transformer,ch4t-test-001637,8,0.018377,0.161408,-0.091547,-0.023072,-1.015635,0.136048,-7.272318,-7.360556,1.388e-17
Set Transformer,ch4t-test-001638,8,-0.384614,0.000500,0.170497,0.541531,0.310757,0.589512,-6.404868,-6.191251,5.551e-17
Set Transformer,ch4t-test-001639,7,0.921191,0.248759,0.046761,1.112695,0.930905,1.418760,-4.469955,-5.686666,0.000e+00
Set Transformer,ch4t-test-001640,8,1.087062,-0.055240,-0.276530,1.453991,1.104248,0.738408,-4.990927,-5.746219,1.110e-16
Set Transformer,ch4t-test-001641,5,-0.188692,0.170704,0.124294,0.260856,0.809361,0.192392,-6.121917,-6.228223,1.388e-17
Set Transformer,ch4t-test-001642,5,-0.154555,-0.140803,0.121615,0.347833,0.869201,0.453299,-4.247502,-4.073759,0.000e+00
Set Transformer,ch4t-test-001643,4,0.816332,0.355596,-0.245552,0.341839,1.010659,0.724783,-5.091662,-6.018038,1.110e-16
Set Transformer,ch4t-test-001644,6,0.398150,0.011416,1.339179,0.167434,-1.199022,0.510265,-5.279514,-7.028258,0.000e+00
Set Transformer,ch4t-test-001645,8,1.970624,-0.202409,-0.401139,1.066474,0.347890,1.183246,-4.993355,-6.360431,0.000e+00
Set Transformer,ch4t-test-001646,6,-0.023668,-0.303843,-0.627065,1.319405,1.334317,2.160849,-7.263609,-6.309033,1.110e-16
Set Transformer,ch4t-test-001647,5,0.339000,0.027208,-0.167303,0.064795,0.730300,0.345191,-7.833319,-8.032225,2.776e-17
Set Transformer,ch4t-test-001648,4,-0.378783,-0.200047,-0.190565,0.129663,-0.500984,0.332175,-11.134908,-10.365513,0.000e+00
Set Transformer,ch4t-test-001649,4,-1.254933,-0.794853,0.168020,1.198750,0.842720,1.414636,-8.364093,-6.482327,0.000e+00
Set Transformer,ch4t-test-001650,8,0.604005,0.301696,-0.163266,0.724984,0.945678,0.629873,-3.826069,-4.568504,0.000e+00
Set Transformer,ch4t-test-001651,5,0.700947,0.068172,-0.558411,0.793630,0.879186,0.935949,-5.038958,-5.249666,0.000e+00
Set Transformer,ch4t-test-001652,6,0.378126,0.407347,-0.062687,0.116978,-0.426825,0.137273,-5.022701,-5.745487,0.000e+00
Set Transformer,ch4t-test-001653,5,0.750500,0.173845,-0.233198,0.875831,0.460369,0.589180,-4.935301,-5.626448,0.000e+00
Set Transformer,ch4t-test-001654,5,-0.002299,0.805578,-0.212574,0.028400,0.293773,0.158205,-6.350962,-6.941667,0.000e+00
Set Transformer,ch4t-test-001655,7,0.369229,0.130472,0.095142,0.367013,0.968712,0.536509,-5.699690,-6.294532,0.000e+00
Set Transformer,ch4t-test-001656,4,-0.065859,-0.914187,0.258298,0.085324,-0.129770,0.131284,-6.544072,-5.822324,1.110e-16
Set Transformer,ch4t-test-001657,6,0.648207,0.309375,-0.043167,0.182136,0.840305,0.211521,-5.912171,-6.826585,1.110e-16
Set Transformer,ch4t-test-001658,7,1.180485,0.547169,-0.475637,0.310816,1.226723,0.960470,-3.839408,-5.091425,0.000e+00
Set Transformer,ch4t-test-001659,8,-0.021842,0.602933,-0.061511,0.022428,0.542773,0.123908,-6.912008,-7.431588,0.000e+00
Set Transformer,ch4t-test-001660,5,1.387871,-0.509302,-0.362659,0.736077,-1.009097,2.392757,-5.701421,-6.217331,0.000e+00
Set Transformer,ch4t-test-001661,4,-0.024650,0.406498,0.054074,-0.073459,0.334705,0.260734,-7.670190,-8.106112,5.551e-17
Set Transformer,ch4t-test-001662,6,-0.116005,-0.047562,0.453578,0.333126,0.857503,1.235578,-6.726534,-7.016545,5.551e-17
Set Transformer,ch4t-test-001663,6,0.667995,0.137526,-0.007418,0.428206,1.088799,0.554189,-5.454710,-6.252813,1.110e-16
Set Transformer,ch4t-test-001664,6,1.589902,-0.269610,-0.041299,1.078010,0.742336,0.460175,-3.628889,-4.907883,0.000e+00
Set Transformer,ch4t-test-001665,5,0.278117,0.016558,-0.022781,0.520673,1.121921,0.496364,-4.148145,-4.420040,0.000e+00
Set Transformer,ch4t-test-001666,6,0.629997,0.590860,0.035953,-0.001101,0.932045,0.137374,-8.850897,-10.107706,0.000e+00
Set Transformer,ch4t-test-001667,8,0.564129,0.392982,0.118173,0.048387,0.547264,0.105917,-8.729800,-9.805084,0.000e+00
Set Transformer,ch4t-test-001668,5,0.025120,0.060538,-0.169931,-0.010402,-0.247394,0.123764,-7.481553,-7.397281,1.388e-17
Set Transformer,ch4t-test-001669,6,1.482246,-0.110792,-0.337155,0.351300,0.413302,0.300697,-3.764410,-4.798709,2.220e-16
Set Transformer,ch4t-test-001670,7,0.093280,0.971722,0.119478,-0.001503,0.934140,0.207672,-5.127143,-6.311623,2.220e-16
Set Transformer,ch4t-test-001671,6,0.164367,0.450587,-0.006798,0.282674,0.373319,0.156648,-7.709268,-8.317423,0.000e+00
Set Transformer,ch4t-test-001672,6,-0.022690,0.254841,-0.099750,0.010244,-1.132633,0.120832,-7.753892,-7.886292,0.000e+00
Set Transformer,ch4t-test-001673,5,0.976115,0.016716,-0.120450,0.525388,0.676915,0.763267,-2.997228,-3.869609,1.110e-16
Set Transformer,ch4t-test-001674,5,-0.018693,0.358009,-0.113920,0.018225,0.359131,0.155942,-6.602935,-6.828331,0.000e+00
Set Transformer,ch4t-test-001675,6,1.481337,-0.264071,-0.541134,1.249458,0.720266,0.761377,-4.176519,-4.852651,1.110e-16
Set Transformer,ch4t-test-001676,7,0.341832,0.282062,-0.094076,0.162136,0.863326,0.139162,-6.116455,-6.646273,0.000e+00
Set Transformer,ch4t-test-001677,5,0.616884,0.225654,-0.120119,0.315880,0.987522,0.498797,-4.761883,-5.484302,1.110e-16
Set Transformer,ch4t-test-001678,4,1.321119,-0.012168,-0.244681,0.838868,-0.423903,1.195957,-4.825897,-5.890167,2.220e-16
Set Transformer,ch4t-test-001679,7,0.398740,-1.199415,0.410470,0.293203,1.046494,0.477071,-7.532661,-7.142456,1.110e-16
Set Transformer,ch4t-test-001680,7,0.461973,0.106174,-0.211702,0.462993,0.805738,1.143447,-4.202282,-4.558727,5.551e-17
Set Transformer,ch4t-test-001681,4,0.870902,0.000900,-0.476614,1.014787,0.729790,1.575333,-4.370078,-4.765266,1.110e-16
Set Transformer,ch4t-test-001682,7,1.280249,-0.145063,-0.258325,1.198254,0.573922,0.813236,-3.003690,-3.880550,1.110e-16
Set Transformer,ch4t-test-001683,6,0.737480,0.450294,-0.109787,0.099174,-1.378310,0.245577,-4.141113,-5.219099,0.000e+00
Set Transformer,ch4t-test-001684,4,0.646893,-0.550474,0.731258,0.177884,0.922163,0.485826,-6.327112,-7.154789,2.220e-16
Set Transformer,ch4t-test-001685,8,1.447610,-0.019906,-0.333444,0.776973,1.277134,0.495819,-5.109548,-6.203808,0.000e+00
Set Transformer,ch4t-test-001686,7,0.782796,0.085094,-0.291056,0.519508,-1.009944,1.440221,-6.489517,-7.066351,0.000e+00
Set Transformer,ch4t-test-001687,4,0.346800,0.037521,-0.088990,0.601402,0.993569,0.182980,-5.505776,-5.801107,0.000e+00
Set Transformer,ch4t-test-001688,4,0.018043,0.055019,0.127042,0.212369,1.166708,0.343036,-5.960888,-6.160991,2.776e-17
Set Transformer,ch4t-test-001689,7,0.598850,-0.704542,0.403375,0.779252,1.353026,0.911781,-5.225007,-5.522689,0.000e+00
Set Transformer,ch4t-test-001690,6,-0.140749,0.420247,0.193958,-0.035245,0.205852,0.181346,-6.901322,-7.374777,0.000e+00
Set Transformer,ch4t-test-001691,5,0.457719,-0.041117,-0.130468,0.369109,0.966662,0.543854,-4.686264,-4.972397,0.000e+00
Set Transformer,ch4t-test-001692,7,0.391222,-0.059393,-0.046013,0.703637,0.366934,0.472109,-5.848788,-6.134604,0.000e+00
Set Transformer,ch4t-test-001693,5,-0.727057,-0.852699,1.292518,0.170141,0.994427,0.367230,-5.599134,-5.311896,0.000e+00
Set Transformer,ch4t-test-001694,4,0.630055,-0.137420,0.095040,1.470962,0.518676,0.925679,-5.638785,-6.226460,0.000e+00
Set Transformer,ch4t-test-001695,4,0.392204,-0.778832,0.144688,0.023639,-0.406132,0.133679,-7.495405,-7.253465,0.000e+00
Set Transformer,ch4t-test-001696,4,0.487946,-0.162367,-0.054720,1.100422,-0.266317,0.747298,-5.586775,-5.857633,0.000e+00
Set Transformer,ch4t-test-001697,8,0.020819,0.715313,-0.045303,-0.041020,1.007167,0.143452,-5.522273,-6.213102,0.000e+00
Set Transformer,ch4t-test-001698,5,1.961618,-1.063630,0.087560,1.795634,0.734288,0.529344,-4.695600,-5.681148,2.220e-16
Set Transformer,ch4t-test-001699,4,0.828676,0.110387,-0.031633,0.900013,0.615566,0.658905,-4.235496,-5.142927,0.000e+00
Set Transformer,ch4t-test-001700,8,-1.994315,-1.411604,1.353896,1.003230,0.555784,1.587083,-9.481870,-7.429846,0.000e+00
Set Transformer,ch4t-test-001701,5,0.072168,0.406359,0.143469,0.059122,0.565971,0.220883,-7.151529,-7.773525,0.000e+00
Set Transformer,ch4t-test-001702,5,0.072620,0.019780,0.019874,-0.055017,-1.497260,0.105049,-8.169617,-8.281892,0.000e+00
Set Transformer,ch4t-test-001703,7,-0.685637,-0.047483,0.498359,0.551045,1.247654,0.457954,-5.170989,-4.936228,5.551e-17
Set Transformer,ch4t-test-001704,4,-0.015166,0.062223,-0.000991,0.005564,-0.970865,0.155320,-7.618318,-7.664385,0.000e+00
Set Transformer,ch4t-test-001705,8,-0.137200,0.440515,0.242572,0.438734,0.670812,0.865249,-6.881907,-7.427795,1.110e-16
Set Transformer,ch4t-test-001706,5,0.656347,0.039667,-0.000379,0.699411,-0.202899,0.543451,-5.937167,-6.632801,0.000e+00
Set Transformer,ch4t-test-001707,5,0.363843,0.136693,-0.093361,0.716183,-0.053511,0.513535,-5.778597,-6.185772,0.000e+00
Set Transformer,ch4t-test-001708,6,0.003584,0.160436,-0.080727,0.007755,-0.830602,0.133265,-7.657320,-7.740613,1.388e-17
Set Transformer,ch4t-test-001709,6,0.276433,-0.242745,0.116313,0.535585,-0.748922,1.386307,-5.219599,-5.369601,2.776e-17
Set Transformer,ch4t-test-001710,6,-0.026104,0.275832,0.003908,0.038888,0.320867,0.225184,-6.469672,-6.723307,0.000e+00
Set Transformer,ch4t-test-001711,7,-0.354126,-0.043656,0.012062,1.692918,1.248801,0.931418,-6.419541,-6.033820,0.000e+00
Set Transformer,ch4t-test-001712,4,0.375851,0.107858,-0.071282,0.907652,0.561473,0.520204,-5.086319,-5.498747,0.000e+00
Set Transformer,ch4t-test-001713,5,-0.326751,0.050262,-0.102422,1.061131,0.512215,0.747545,-10.220902,-9.841991,5.551e-17
Set Transformer,ch4t-test-001714,6,0.774138,0.318151,-0.366777,0.325268,0.652352,0.873917,-4.533577,-5.259088,0.000e+00
Set Transformer,ch4t-test-001715,7,0.323248,-0.280476,-0.012466,1.205947,1.429171,1.960263,-7.905354,-7.935660,5.551e-17
Set Transformer,ch4t-test-001716,7,-1.054736,-0.698715,0.496976,0.688014,1.224136,0.871200,-5.873704,-4.617229,2.220e-16
Set Transformer,ch4t-test-001717,5,1.594997,-0.689839,-0.030430,0.254007,0.764628,0.296155,-5.253188,-6.127916,1.110e-16
Set Transformer,ch4t-test-001718,5,1.170901,0.062910,-0.645129,1.333435,1.133524,1.250340,-5.504547,-6.093229,2.220e-16
Set Transformer,ch4t-test-001719,5,2.237359,-0.734245,-0.262819,1.550667,0.902214,1.957189,-2.565873,-3.806167,4.441e-16
Set Transformer,ch4t-test-001720,7,-0.169728,0.191955,-0.232338,0.066405,-0.078782,0.189667,-7.421764,-7.211654,5.551e-17
Set Transformer,ch4t-test-001721,4,0.021154,0.302820,-0.017609,-0.037786,-0.549616,0.134652,-6.682883,-6.989247,5.551e-17
Set Transformer,ch4t-test-001722,8,0.152752,0.105652,0.098426,0.913784,1.169936,1.697941,-7.087381,-7.444211,0.000e+00
Set Transformer,ch4t-test-001723,8,0.331186,-0.047116,-0.060539,0.664726,0.781587,0.353669,-4.016085,-4.239616,2.776e-17
Set Transformer,ch4t-test-001724,5,1.215641,0.565619,-0.149845,0.222723,0.889648,0.416214,-5.411034,-7.042448,0.000e+00
Set Transformer,ch4t-test-001725,5,0.999961,0.027375,-0.562205,0.437617,0.580796,0.450400,-5.902970,-6.368101,0.000e+00
Set Transformer,ch4t-test-001726,5,0.300338,-0.319783,0.403975,0.117713,-1.164662,0.522091,-8.443159,-8.827688,0.000e+00
Set Transformer,ch4t-test-001727,8,1.442207,0.195295,-0.103057,0.738870,0.933521,1.537267,-3.185667,-4.720112,0.000e+00
Set Transformer,ch4t-test-001728,4,-0.035894,0.206919,-0.216181,0.009769,-0.897936,0.164420,-7.992090,-7.946934,0.000e+00
Set Transformer,ch4t-test-001729,5,1.869334,-0.336860,0.704661,0.126326,0.946994,0.272590,-2.813779,-5.050914,0.000e+00
Set Transformer,ch4t-test-001730,7,0.031174,-0.105050,0.010355,0.415574,1.065977,0.532645,-6.764500,-6.700979,0.000e+00
Set Transformer,ch4t-test-001731,8,-3.401959,-1.414397,1.038881,0.649684,1.202133,0.421685,-10.603961,-6.826487,4.441e-16
Set Transformer,ch4t-test-001732,7,1.273618,0.427977,-0.416925,0.448108,0.775480,0.451111,-3.351513,-4.636182,0.000e+00
Set Transformer,ch4t-test-001733,5,0.374896,0.008616,-0.143044,0.579893,-0.219069,0.727239,-4.666246,-4.906714,0.000e+00
Set Transformer,ch4t-test-001734,4,0.411450,-0.055788,0.054289,0.097451,0.081164,0.205154,-4.131563,-4.541514,0.000e+00
Set Transformer,ch4t-test-001735,5,0.422499,0.253142,-0.079218,0.089020,0.585422,0.174549,-5.775253,-6.371675,0.000e+00
Set Transformer,ch4t-test-001736,7,0.060768,0.022931,0.117212,0.351031,0.349497,0.712483,-4.152135,-4.353046,2.776e-17
Set Transformer,ch4t-test-001737,5,0.410783,0.114445,0.060438,0.059917,0.656230,0.111737,-3.983631,-4.569298,0.000e+00
Set Transformer,ch4t-test-001738,5,1.509571,0.187916,-0.536146,0.414238,1.222790,0.918384,-4.967822,-6.129163,0.000e+00
Set Transformer,ch4t-test-001739,8,0.768359,1.028444,-0.053228,0.034177,1.151798,0.145482,-8.240926,-9.984501,0.000e+00
Set Transformer,ch4t-test-001740,8,1.546620,-0.099076,-0.481987,0.887923,1.160057,0.457606,-3.632502,-4.598060,1.110e-16
Set Transformer,ch4t-test-001741,8,1.052274,-0.069164,-0.440099,0.820478,0.206338,0.971899,-3.306026,-3.849037,2.220e-16
Set Transformer,ch4t-test-001742,7,0.254541,0.097953,-0.124777,0.501638,0.680950,0.651598,-6.641727,-6.869445,0.000e+00
Set Transformer,ch4t-test-001743,8,-0.304304,0.365397,0.350848,-0.001399,0.588002,0.231771,-7.238920,-7.650861,5.551e-17
Set Transformer,ch4t-test-001744,4,0.189108,-0.043406,-0.083429,0.533715,0.579728,0.895033,-4.643303,-4.705576,0.000e+00
Set Transformer,ch4t-test-001745,7,-0.092519,0.543182,0.060911,-0.031179,0.422795,0.195487,-6.031134,-6.542708,0.000e+00
Set Transformer,ch4t-test-001746,5,0.605881,0.150466,0.279279,0.467964,0.478711,1.831991,-6.241134,-7.276760,0.000e+00
Set Transformer,ch4t-test-001747,8,0.102141,-0.039893,-0.137691,1.810910,1.228661,0.824172,-7.151966,-7.076524,2.776e-17
Set Transformer,ch4t-test-001748,8,0.467914,0.143564,-0.159562,0.528833,-0.120841,0.651199,-5.290458,-5.742375,1.110e-16
Set Transformer,ch4t-test-001749,8,0.574115,0.098305,-0.217688,0.122824,-0.221240,0.352702,-5.243868,-5.698600,5.551e-17
Set Transformer,ch4t-test-001750,6,1.505615,0.257089,-0.082362,0.050256,0.792510,0.124904,-7.312149,-8.992491,0.000e+00
Set Transformer,ch4t-test-001751,6,0.021378,0.402016,-0.219412,0.018564,0.982824,0.235335,-6.809018,-7.012999,0.000e+00
Set Transformer,ch4t-test-001752,6,1.200937,0.141767,-0.283290,1.304802,1.217679,1.521241,-3.251124,-4.310538,0.000e+00
Set Transformer,ch4t-test-001753,8,0.970881,-0.005228,-0.360014,0.994642,1.188624,1.175458,-3.927887,-4.533526,0.000e+00
Set Transformer,ch4t-test-001754,4,0.209158,0.052473,-0.169219,0.359889,-0.278209,0.848242,-6.585728,-6.678140,5.551e-17
Set Transformer,ch4t-test-001755,5,0.501628,-0.053004,-0.024169,1.727957,1.161484,0.879919,-4.625221,-5.049676,0.000e+00
Set Transformer,ch4t-test-001756,5,0.384166,-0.046977,0.128028,0.056879,0.625088,0.270451,-7.035662,-7.500880,1.110e-16
Set Transformer,ch4t-test-001757,8,1.037635,0.515387,-0.338102,0.514365,1.148284,0.510678,-3.901307,-5.116226,2.220e-16
Set Transformer,ch4t-test-001758,8,0.723640,0.073482,-0.065789,0.049687,0.362734,0.261293,-4.069577,-4.800911,0.000e+00
Set Transformer,ch4t-test-001759,8,0.514930,-0.017500,-0.055888,1.107045,1.113242,0.376242,-5.891233,-6.332775,1.110e-16
Set Transformer,ch4t-test-001760,4,0.171396,0.072811,-0.029351,0.119954,0.423985,0.346290,-5.657137,-5.871993,2.776e-17
Set Transformer,ch4t-test-001761,7,0.753942,0.259729,0.142366,0.402028,-0.510177,0.702503,-5.421887,-6.577923,0.000e+00
Set Transformer,ch4t-test-001762,7,0.075755,0.039802,-0.092204,0.639654,-0.638973,1.006756,-6.002176,-6.025529,1.388e-17
Set Transformer,ch4t-test-001763,7,2.610894,0.102990,-0.649921,1.401920,0.721124,1.745850,-3.258854,-5.322817,0.000e+00
Set Transformer,ch4t-test-001764,8,0.148546,-0.345008,0.045812,2.360222,0.680388,3.245205,-4.806226,-4.655576,0.000e+00
Set Transformer,ch4t-test-001765,4,1.891540,-0.187839,-0.217256,1.929364,0.286579,2.543730,-4.167804,-5.654250,0.000e+00
Set Transformer,ch4t-test-001766,8,0.393857,0.117445,-0.108225,0.788330,1.001338,1.599891,-5.101897,-5.504975,1.110e-16
Set Transformer,ch4t-test-001767,4,-0.181022,-0.036414,0.204248,1.054292,0.935961,0.980317,-5.467463,-5.454276,1.388e-17
Set Transformer,ch4t-test-001768,7,-0.524074,-0.693869,0.327259,0.409223,0.582309,0.214241,-9.078019,-8.187334,0.000e+00
Set Transformer,ch4t-test-001769,5,1.269842,-0.113236,-0.333949,1.899742,1.132388,1.421378,-4.636013,-5.458669,0.000e+00
Set Transformer,ch4t-test-001770,5,0.464935,0.237478,-0.123599,1.233536,0.530152,1.582719,-5.361599,-5.940414,1.110e-16
Set Transformer,ch4t-test-001771,6,0.353246,0.135410,-0.225465,0.342662,0.283025,0.500269,-6.148049,-6.411239,1.110e-16
Set Transformer,ch4t-test-001772,6,-0.031461,0.401834,-0.008456,-0.025359,0.233468,0.146226,-7.705774,-8.067691,0.000e+00
Set Transformer,ch4t-test-001773,8,1.636564,-0.119504,-0.394455,1.463435,0.475526,0.850099,-2.395631,-3.518236,0.000e+00
Set Transformer,ch4t-test-001774,4,1.582007,-0.006482,-0.212531,1.378597,1.010373,0.928475,-3.118313,-4.481306,2.220e-16
Set Transformer,ch4t-test-001775,5,1.276936,0.429592,-0.629820,0.644876,1.081826,0.774559,-4.178231,-5.254938,0.000e+00
Set Transformer,ch4t-test-001776,5,0.635878,-0.216463,0.003347,1.432808,0.666461,1.133782,-4.692075,-5.114837,1.110e-16
Set Transformer,ch4t-test-001777,6,0.479423,0.013917,-0.078098,0.381322,0.986936,0.394931,-4.834899,-5.250141,5.551e-17
Set Transformer,ch4t-test-001778,7,-0.036538,0.654777,0.004196,0.115823,1.271508,0.321120,-9.169155,-9.791589,0.000e+00
Set Transformer,ch4t-test-001779,7,1.143207,0.809582,0.128814,0.165649,0.793865,0.168323,-8.381325,-10.462928,0.000e+00
Set Transformer,ch4t-test-001780,4,0.048385,0.241980,0.035808,-0.025495,-1.188723,0.164807,-7.407478,-7.733651,5.551e-17
Set Transformer,ch4t-test-001781,4,0.009903,0.113758,-0.031747,-0.014824,-2.278726,0.061819,-6.999710,-7.091624,1.388e-17
Set Transformer,ch4t-test-001782,7,-0.014165,-0.267153,0.224603,0.322518,1.163591,0.813608,-6.446729,-6.390013,2.776e-17
Set Transformer,ch4t-test-001783,4,-0.486064,-0.545794,0.758248,1.122168,-0.400825,2.339158,-5.915203,-5.641593,1.110e-16
Set Transformer,ch4t-test-001784,6,-0.028072,0.298792,-0.062461,0.025067,0.273484,0.219263,-7.421822,-7.630081,5.551e-17
Set Transformer,ch4t-test-001785,6,0.099249,-0.068828,-0.052472,0.582753,-0.454529,0.936737,-5.140125,-5.118074,6.939e-18
Set Transformer,ch4t-test-001786,5,0.042290,0.070269,-0.023077,0.110819,0.842611,0.255322,-4.455444,-4.544926,1.388e-17
Set Transformer,ch4t-test-001787,4,1.700320,0.468435,-1.115752,0.680643,0.566399,1.067874,-5.625568,-6.678571,0.000e+00
Set Transformer,ch4t-test-001788,6,-0.103663,0.217468,0.018484,0.035609,0.414729,0.151836,-5.883855,-6.016145,0.000e+00
Set Transformer,ch4t-test-001789,6,1.071054,0.356668,-0.547576,0.312261,0.936867,0.658717,-4.126166,-5.006312,0.000e+00
Set Transformer,ch4t-test-001790,4,0.003325,-0.060853,0.500645,0.146095,-0.170378,0.288575,-6.259534,-6.702652,0.000e+00
Set Transformer,ch4t-test-001791,7,-0.001415,0.588229,-0.096239,-0.015283,0.040358,0.163501,-7.289905,-7.780479,0.000e+00
Set Transformer,ch4t-test-001792,5,1.053843,-0.108231,-0.610131,0.860963,0.616492,1.721665,-4.485624,-4.821104,0.000e+00
Set Transformer,ch4t-test-001793,5,0.036175,0.473559,-0.001151,-0.028128,-0.329867,0.132714,-7.325979,-7.834562,0.000e+00
Set Transformer,ch4t-test-001794,5,0.441817,0.012907,-0.210789,0.432880,0.301495,0.491407,-2.515486,-2.759421,0.000e+00
Set Transformer,ch4t-test-001795,7,0.863449,-0.030519,-0.030007,0.779249,1.201646,2.290472,-9.017731,-9.820655,0.000e+00
Set Transformer,ch4t-test-001796,7,0.978381,-0.034338,-0.098241,0.511488,-0.159070,0.651850,-5.163146,-6.008949,0.000e+00
Set Transformer,ch4t-test-001797,4,0.414530,0.095303,0.176339,0.175859,0.167031,0.281891,-6.736415,-7.422587,0.000e+00
Set Transformer,ch4t-test-001798,7,0.029490,0.329419,-0.118675,-0.035862,-0.155059,0.171620,-6.746667,-6.986901,0.000e+00
Set Transformer,ch4t-test-001799,4,0.002082,0.026755,-0.020896,-0.000527,-2.844593,0.050467,-7.459912,-7.467852,0.000e+00
Set Transformer,ch4t-test-001800,8,2.106645,0.402248,-0.815254,0.410940,0.148986,0.698259,-3.063016,-4.756656,0.000e+00
Set Transformer,ch4t-test-001801,4,0.077440,0.722299,0.065412,0.007492,-0.209950,0.150087,-6.877734,-7.742886,0.000e+00
Set Transformer,ch4t-test-001802,4,0.919157,0.044370,-0.117042,0.716362,-0.134157,0.452747,-4.133130,-4.979615,0.000e+00
Set Transformer,ch4t-test-001803,4,0.593792,-0.072643,0.069686,0.151652,-1.635325,0.256591,-6.537485,-7.128320,0.000e+00
Set Transformer,ch4t-test-001804,6,0.982301,0.013020,-0.273314,1.011281,0.937015,0.919613,-4.602903,-5.324910,1.110e-16
Set Transformer,ch4t-test-001805,6,0.442666,-0.127951,-0.184103,0.738552,0.963539,0.666363,-6.532205,-6.662817,2.776e-17
Set Transformer,ch4t-test-001806,4,0.778099,0.046992,-0.486538,0.837769,-0.648598,1.036105,-3.990163,-4.328716,0.000e+00
Set Transformer,ch4t-test-001807,5,0.480474,-0.130865,0.145334,0.799986,1.254718,1.166290,-6.557678,-7.052622,5.551e-17
Set Transformer,ch4t-test-001808,4,0.637100,0.012419,-0.071539,0.553990,1.008067,0.268567,-5.284555,-5.862535,0.000e+00
Set Transformer,ch4t-test-001809,5,0.323658,-0.269621,-0.192994,0.254676,-0.320926,0.458235,-7.247154,-7.108197,2.776e-17
Set Transformer,ch4t-test-001810,5,2.101080,1.058821,-0.212161,0.460041,-0.036551,0.438447,-4.912912,-7.860652,0.000e+00
Set Transformer,ch4t-test-001811,6,0.126771,0.048408,-0.004898,1.276613,0.847794,0.301822,-5.013347,-5.183627,0.000e+00
Set Transformer,ch4t-test-001812,4,0.681588,-0.611580,0.427316,0.399658,1.001636,1.189186,-4.604949,-5.102272,1.110e-16
Set Transformer,ch4t-test-001813,7,1.068309,-0.218048,-0.460322,2.298489,1.251128,0.921842,-6.025051,-6.414990,0.000e+00
Set Transformer,ch4t-test-001814,5,0.713050,0.005775,-0.262715,0.460038,-0.395140,0.513575,-4.602269,-5.058379,0.000e+00
Set Transformer,ch4t-test-001815,4,-0.003696,0.000912,-0.123749,-0.005466,-0.731074,0.125412,-8.000916,-7.874382,2.776e-17
Set Transformer,ch4t-test-001816,4,0.069901,0.265385,0.072854,-0.021084,-0.838239,0.152160,-8.077832,-8.485972,5.551e-17
Set Transformer,ch4t-test-001817,6,1.865941,-0.463092,-0.614294,1.132345,0.448925,2.922626,-5.292166,-6.080721,1.110e-16
Set Transformer,ch4t-test-001818,7,0.038510,1.239950,-0.106231,-0.025561,1.054028,0.176704,-6.132690,-7.304919,0.000e+00
Set Transformer,ch4t-test-001819,6,0.224373,-0.021896,0.326480,0.465731,0.774265,0.698707,-3.942803,-4.471760,0.000e+00
Set Transformer,ch4t-test-001820,5,0.023179,-0.648320,-0.126644,0.017644,-1.750696,0.122987,-7.067951,-6.316165,1.110e-16
Set Transformer,ch4t-test-001821,6,1.953265,-0.010350,-0.899732,1.405705,0.122554,1.983605,-3.956068,-4.999251,0.000e+00
Set Transformer,ch4t-test-001822,8,0.986849,0.092674,-0.379838,0.546165,0.800922,0.560765,-3.584621,-4.284305,1.110e-16
Set Transformer,ch4t-test-001823,5,0.031006,0.143436,0.037870,-0.031164,-0.349079,0.129857,-9.313931,-9.526242,2.776e-17
Set Transformer,ch4t-test-001824,7,0.144585,0.094142,0.082880,-0.010397,0.584403,0.123606,-8.105776,-8.427383,0.000e+00
Set Transformer,ch4t-test-001825,8,-0.306529,-0.145492,-0.061207,0.934596,1.038083,0.714492,-7.397500,-6.884272,0.000e+00
Set Transformer,ch4t-test-001826,7,0.939214,0.239626,0.120270,0.363970,0.490980,1.655360,-4.155852,-5.454962,2.220e-16
Set Transformer,ch4t-test-001827,4,-0.212229,0.420694,0.691096,-0.028227,-0.995137,0.253738,-7.149464,-8.049026,0.000e+00
Set Transformer,ch4t-test-001828,5,0.014586,0.658412,-0.060344,0.040578,0.317490,0.159593,-9.224147,-9.836801,1.110e-16
Set Transformer,ch4t-test-001829,7,2.664810,0.584658,-0.586239,1.140435,1.009810,1.535231,-4.311874,-6.975103,0.000e+00
Set Transformer,ch4t-test-001830,4,-0.232937,-0.050454,0.785465,0.148040,-1.392032,0.384192,-6.070503,-6.572577,1.110e-16
Set Transformer,ch4t-test-001831,6,1.290395,-0.114484,-0.357508,1.252505,1.203770,1.946503,-3.898859,-4.717261,1.110e-16
Set Transformer,ch4t-test-001832,5,0.276965,0.023965,-0.010105,0.452288,1.247608,0.549372,-4.660793,-4.951618,5.551e-17
Set Transformer,ch4t-test-001833,8,-0.112956,0.610719,-0.158801,0.017472,-0.289004,0.184860,-7.091659,-7.430621,0.000e+00
Set Transformer,ch4t-test-001834,8,-0.008769,0.171719,0.089218,0.260473,0.814664,0.396232,-5.670466,-5.922635,0.000e+00
Set Transformer,ch4t-test-001835,6,0.959189,0.003364,-0.371689,1.236237,1.136267,0.806715,-4.496299,-5.087163,0.000e+00
Set Transformer,ch4t-test-001836,6,1.084937,-0.308986,-0.018584,1.939587,1.216302,2.361792,-4.411294,-5.168662,0.000e+00
Set Transformer,ch4t-test-001837,5,0.212587,-0.209820,-0.144156,0.113331,0.773730,0.141636,-6.655619,-6.514230,0.000e+00
Set Transformer,ch4t-test-001838,5,1.510827,0.622279,-0.669845,0.392226,-0.233994,0.717354,-3.994632,-5.457894,0.000e+00
Set Transformer,ch4t-test-001839,4,0.100087,0.158152,0.004624,0.017505,-0.980443,0.202238,-6.867516,-7.130379,5.551e-17
Set Transformer,ch4t-test-001840,4,-0.048591,0.115714,-0.064924,0.045256,-0.096149,0.128409,-7.736491,-7.738690,1.388e-17
Set Transformer,ch4t-test-001841,7,-0.003920,0.499589,-0.076931,0.006655,0.445407,0.175523,-5.735653,-6.154393,5.551e-17
Set Transformer,ch4t-test-001842,4,0.729652,0.046641,-0.154652,1.372519,0.640829,0.688947,-3.792214,-4.413854,1.110e-16
Set Transformer,ch4t-test-001843,6,-0.073951,0.200070,-0.063076,-0.048889,0.474714,0.156693,-7.560415,-7.623458,0.000e+00
Set Transformer,ch4t-test-001844,7,2.231331,-0.046350,-0.450760,0.650274,-1.188502,1.059798,-2.652434,-4.386655,2.220e-16
Set Transformer,ch4t-test-001845,5,0.012336,0.169385,-0.047576,-0.004756,-1.917573,0.082618,-7.321015,-7.455160,0.000e+00
Set Transformer,ch4t-test-001846,6,1.926724,-0.203073,-0.908991,1.153461,0.694327,1.334657,-4.241856,-5.056517,1.110e-16
Set Transformer,ch4t-test-001847,8,0.645923,0.248710,-0.204141,0.366836,0.928904,0.244802,-5.434806,-6.125299,0.000e+00
Set Transformer,ch4t-test-001848,4,1.138500,-0.534326,-0.315408,0.568128,-0.712078,0.793629,-4.222258,-4.511023,1.110e-16
Set Transformer,ch4t-test-001849,7,0.003086,0.256971,-0.066133,-0.002229,-0.492457,0.131274,-7.063710,-7.257634,0.000e+00
Set Transformer,ch4t-test-001850,8,-0.011214,0.845026,-0.169376,-0.006492,0.562016,0.173390,-6.990767,-7.655203,1.110e-16
Set Transformer,ch4t-test-001851,8,1.703801,0.500621,-0.312602,0.422781,0.741443,0.614933,-3.157294,-5.049114,0.000e+00
Set Transformer,ch4t-test-001852,5,1.816464,-0.412555,-0.325865,2.328248,0.552345,1.169663,-2.802796,-3.880840,0.000e+00
Set Transformer,ch4t-test-001853,8,1.022893,0.091958,-0.276462,0.727249,1.155017,0.496434,-4.612545,-5.450934,0.000e+00
Set Transformer,ch4t-test-001854,7,0.175701,-0.011511,-0.008110,0.994923,1.231994,0.953583,-5.433646,-5.589726,0.000e+00
Set Transformer,ch4t-test-001855,4,0.603220,0.029477,0.042936,0.321877,0.851028,0.208065,-4.844829,-5.520462,0.000e+00
Set Transformer,ch4t-test-001856,4,0.377492,0.086076,0.167414,0.637478,1.174200,1.725303,-5.283040,-5.914022,0.000e+00
Set Transformer,ch4t-test-001857,7,0.773888,0.421500,-0.459166,0.188625,1.048138,0.332670,-6.401362,-7.137585,0.000e+00
Set Transformer,ch4t-test-001858,7,0.363405,0.553285,0.129783,0.025737,1.015745,0.171182,-5.974824,-7.021297,0.000e+00
Set Transformer,ch4t-test-001859,5,0.430926,0.019988,-0.233301,0.336867,-0.583874,0.972079,-5.943536,-6.161149,0.000e+00
Set Transformer,ch4t-test-001860,7,0.570226,-0.275434,0.222683,0.451732,0.625221,1.348009,-4.040786,-4.558261,0.000e+00
Set Transformer,ch4t-test-001861,5,0.204884,-0.458441,0.447568,0.150864,0.225838,0.427158,-5.478819,-5.672830,5.551e-17
Set Transformer,ch4t-test-001862,6,0.911720,0.314416,0.016787,0.052686,0.863792,0.145035,-6.519491,-7.762413,0.000e+00
Set Transformer,ch4t-test-001863,5,0.592470,0.002802,-0.219578,0.611979,0.828394,0.385348,-6.049108,-6.424802,1.110e-16
Set Transformer,ch4t-test-001864,4,0.114316,0.267681,-0.128781,-0.033852,0.072365,0.107438,-7.388573,-7.641789,0.000e+00
Set Transformer,ch4t-test-001865,7,2.081019,-0.321800,-1.123494,0.676619,-0.566585,0.790803,-4.790909,-5.426634,1.110e-16
Set Transformer,ch4t-test-001866,8,1.277335,0.272243,-0.225052,0.685758,0.874574,1.007012,-4.869238,-6.193765,0.000e+00
Set Transformer,ch4t-test-001867,7,0.951931,0.104610,1.162765,0.184208,-0.165691,0.713082,-5.394699,-7.614006,0.000e+00
Set Transformer,ch4t-test-001868,4,-0.390236,-0.507837,-0.261231,1.761832,0.193812,2.599160,-9.013483,-7.854180,0.000e+00
Set Transformer,ch4t-test-001869,8,0.002086,0.113823,-0.363099,0.628817,1.179971,1.324772,-6.487904,-6.240713,2.776e-17
Set Transformer,ch4t-test-001870,7,0.866681,-0.201205,-0.271797,0.908388,1.037659,1.104031,-5.992674,-6.386353,0.000e+00
Set Transformer,ch4t-test-001871,5,0.299979,0.052516,-0.109572,0.751944,0.841795,0.617778,-4.835181,-5.078105,0.000e+00
Set Transformer,ch4t-test-001872,4,-0.015673,0.328783,0.014585,-0.007785,-0.214208,0.135620,-8.046059,-8.373754,0.000e+00
Set Transformer,ch4t-test-001873,6,0.518441,0.053705,-0.134435,0.254123,0.841197,0.253239,-4.590310,-5.028022,0.000e+00
Set Transformer,ch4t-test-001874,5,0.487291,-0.025038,0.026983,0.128594,-1.448966,0.310869,-4.198258,-4.687494,5.551e-17
Set Transformer,ch4t-test-001875,5,-0.269272,-0.247814,0.290465,1.047433,1.284158,1.676121,-4.994928,-4.768308,0.000e+00
Set Transformer,ch4t-test-001876,4,0.997163,0.342979,-0.383338,0.651850,0.779318,0.783826,-6.039821,-6.996625,0.000e+00
Set Transformer,ch4t-test-001877,5,1.538677,0.236799,-0.822422,0.770757,1.222071,1.268770,-5.277449,-6.230503,0.000e+00
Set Transformer,ch4t-test-001878,7,-0.890528,-0.367800,0.344611,0.207763,0.845996,0.246445,-6.190459,-5.276742,1.110e-16
Set Transformer,ch4t-test-001879,5,0.612324,-0.020120,0.047603,1.777340,1.082144,1.657511,-6.681018,-7.320825,0.000e+00
Set Transformer,ch4t-test-001880,6,0.938006,0.113866,-0.398522,0.759714,0.889098,0.786130,-5.114809,-5.768159,0.000e+00
Set Transformer,ch4t-test-001881,8,-0.022399,0.772181,-0.075089,0.007233,-0.075430,0.149571,-6.037336,-6.712029,1.110e-16
Set Transformer,ch4t-test-001882,8,-0.439953,-0.303475,1.206401,0.562663,1.041394,0.878153,-4.963890,-5.426863,0.000e+00
Set Transformer,ch4t-test-001883,4,0.768369,0.263597,-0.123838,0.307893,0.941686,0.269715,-3.604311,-4.512439,1.110e-16
Set Transformer,ch4t-test-001884,5,0.460000,0.004658,-0.080489,0.253654,0.626946,0.579516,-5.974363,-6.358532,0.000e+00
Set Transformer,ch4t-test-001885,5,0.792337,0.066464,-0.252087,0.260434,-1.327887,0.614861,-4.479876,-5.086590,1.110e-16
Set Transformer,ch4t-test-001886,7,1.130060,0.003611,-0.410523,0.899759,-0.549086,0.821082,-4.047069,-4.770217,2.220e-16
Set Transformer,ch4t-test-001887,8,0.012705,0.388281,-0.108904,0.025895,-0.095128,0.135848,-7.173744,-7.465827,0.000e+00
Set Transformer,ch4t-test-001888,5,0.220100,0.123929,0.100282,0.062725,0.629567,0.481173,-5.833180,-6.277491,0.000e+00
Set Transformer,ch4t-test-001889,7,1.308263,0.374427,-0.152782,1.106051,0.843435,1.513997,-6.998959,-8.528867,0.000e+00
Set Transformer,ch4t-test-001890,4,-0.111525,0.303948,-0.037804,0.007245,-0.265513,0.197117,-7.376965,-7.531583,2.776e-17
Set Transformer,ch4t-test-001891,8,0.546087,-0.038637,0.017917,1.054520,0.402805,0.360520,-5.873138,-6.398504,0.000e+00
Set Transformer,ch4t-test-001892,8,-0.555998,-0.470424,1.479380,0.274164,0.134869,1.037042,-8.526154,-8.979111,0.000e+00
Set Transformer,ch4t-test-001893,6,0.147695,0.322017,-0.023541,0.155084,1.068611,0.214297,-5.769122,-6.215293,5.551e-17
Set Transformer,ch4t-test-001894,7,-1.016473,-0.312706,1.666092,0.319175,1.075095,1.030247,-5.992509,-6.329422,1.110e-16
Set Transformer,ch4t-test-001895,5,-0.080766,0.229880,-0.291485,0.014238,-0.590850,0.238752,-9.284938,-9.142568,2.776e-17
Set Transformer,ch4t-test-001896,5,0.005474,0.251410,-0.081940,-0.018213,-1.016435,0.133400,-6.852546,-7.027491,0.000e+00
Set Transformer,ch4t-test-001897,4,1.875221,-0.379091,-0.645687,2.373327,0.993125,1.112660,-3.535731,-4.386173,1.110e-16
Set Transformer,ch4t-test-001898,6,0.982990,0.064482,-0.380302,0.466046,0.513111,0.510932,-4.821585,-5.488755,0.000e+00
Set Transformer,ch4t-test-001899,8,1.937773,0.351838,-0.693362,0.422410,0.206425,0.539966,-3.606196,-5.202444,0.000e+00
Set Transformer,ch4t-test-001900,8,-0.102604,0.393523,0.174808,-0.004864,0.499193,0.158086,-7.924063,-8.389790,0.000e+00
Set Transformer,ch4t-test-001901,5,0.681759,0.003840,-0.168398,1.617689,0.580771,0.681032,-4.527798,-5.044999,1.110e-16
Set Transformer,ch4t-test-001902,4,-0.006917,-0.078463,-0.142291,-0.004660,-0.532349,0.121992,-7.149558,-6.921887,2.776e-17
Set Transformer,ch4t-test-001903,4,0.482297,-0.045101,-0.326609,0.362709,1.122491,0.665750,-4.676885,-4.787471,5.551e-17
Set Transformer,ch4t-test-001904,8,-0.018869,0.238491,0.033236,-0.035113,-0.320706,0.212186,-8.364545,-8.617403,0.000e+00
Set Transformer,ch4t-test-001905,6,0.368883,0.377236,0.032689,0.123539,0.758709,0.227199,-5.474733,-6.253542,0.000e+00
Set Transformer,ch4t-test-001906,7,0.848206,-0.405101,-0.688226,2.125626,1.095386,2.546401,-6.533602,-6.288481,1.110e-16
Set Transformer,ch4t-test-001907,6,0.588206,0.033310,-0.123663,0.905261,0.657935,0.446322,-6.672952,-7.170805,0.000e+00
Set Transformer,ch4t-test-001908,4,0.451554,-0.279629,0.496217,0.849979,-0.825887,1.487727,-4.838565,-5.506707,0.000e+00
Set Transformer,ch4t-test-001909,6,0.222469,0.145375,-0.045446,0.395205,0.873351,0.271336,-6.404538,-6.726936,0.000e+00
Set Transformer,ch4t-test-001910,4,0.194718,0.031084,0.245091,0.324177,0.655910,0.559707,-3.341942,-3.812836,5.551e-17
Set Transformer,ch4t-test-001911,5,1.177318,-0.007595,-0.263699,2.070949,1.207696,1.254288,-7.811928,-8.717952,1.110e-16
Set Transformer,ch4t-test-001912,8,1.295933,0.346617,-0.203068,0.976809,1.245053,2.263329,-3.232748,-4.672229,2.220e-16
Set Transformer,ch4t-test-001913,6,1.419315,0.608698,-0.244068,0.325624,0.567541,0.854154,-5.429606,-7.213551,0.000e+00
Set Transformer,ch4t-test-001914,5,0.570699,0.114902,-0.003019,0.266838,0.149898,0.631596,-4.095548,-4.778130,0.000e+00
Set Transformer,ch4t-test-001915,8,-0.075259,0.672630,-0.158357,0.070356,0.831741,0.211774,-6.083668,-6.522681,0.000e+00
Set Transformer,ch4t-test-001916,5,0.698506,0.201598,0.688351,0.558358,0.943569,0.614641,-3.475547,-5.064002,0.000e+00
Set Transformer,ch4t-test-001917,6,1.243698,0.281910,-0.607337,0.832945,0.176506,2.290269,-3.976306,-4.894578,1.110e-16
Set Transformer,ch4t-test-001918,8,-1.337755,-3.185759,-1.597562,0.332764,0.062600,0.782209,-12.729162,-6.608086,8.882e-16
Set Transformer,ch4t-test-001919,7,-0.043483,0.328521,-0.075468,0.020083,0.051025,0.178477,-7.016937,-7.226507,2.776e-17
Set Transformer,ch4t-test-001920,6,0.000993,-0.190095,0.201676,0.143464,1.142045,0.554391,-5.699250,-5.711825,2.776e-17
Set Transformer,ch4t-test-001921,4,-0.082258,0.005288,-0.177975,0.013388,0.315520,0.197005,-7.516417,-7.261472,0.000e+00
Set Transformer,ch4t-test-001922,4,0.303124,0.170432,0.230150,0.073055,0.290249,0.195273,-5.973967,-6.677672,0.000e+00
Set Transformer,ch4t-test-001923,7,0.543358,0.075613,-0.119212,0.702688,1.125775,0.765711,-4.834497,-5.334256,0.000e+00
Set Transformer,ch4t-test-001924,4,3.917719,0.252523,-1.235538,0.382271,-1.134160,1.026984,-2.156640,-5.091344,4.441e-16
Set Transformer,ch4t-test-001925,7,0.978739,-0.325850,-0.153905,0.508994,0.601629,0.881521,-4.490096,-4.989079,0.000e+00
Set Transformer,ch4t-test-001926,7,0.278214,0.934380,-0.171807,0.086772,0.986001,0.188454,-7.901832,-8.942619,0.000e+00
Set Transformer,ch4t-test-001927,8,0.344185,0.274567,-0.003996,0.537188,0.977160,0.989621,-6.200803,-6.815559,0.000e+00
Set Transformer,ch4t-test-001928,8,1.913150,0.085446,-0.316388,0.127468,0.775781,0.230376,-2.662162,-4.344370,0.000e+00
Set Transformer,ch4t-test-001929,5,0.438365,0.188734,-0.178732,0.330226,0.988375,0.203695,-4.868651,-5.317019,5.551e-17
Set Transformer,ch4t-test-001930,5,-0.021309,0.272564,-0.012062,0.003715,-2.409983,0.055681,-6.934632,-7.173824,0.000e+00
Set Transformer,ch4t-test-001931,8,1.374044,-0.165827,-0.286942,2.551372,1.260459,1.017241,-4.245977,-5.167253,1.110e-16
Set Transformer,ch4t-test-001932,7,1.761236,-0.026151,-0.460168,0.748219,0.930449,1.450752,-4.033299,-5.308216,0.000e+00
Set Transformer,ch4t-test-001933,7,0.542639,0.105833,0.383523,0.256786,0.509678,0.895181,-8.321513,-9.353509,2.220e-16
Set Transformer,ch4t-test-001934,5,-0.453828,-0.216393,0.259567,0.258742,0.682061,0.219986,-7.370144,-6.959491,5.551e-17
Set Transformer,ch4t-test-001935,8,0.566609,0.170404,-0.283044,0.571504,0.986503,0.247649,-6.094826,-6.548796,0.000e+00
Set Transformer,ch4t-test-001936,7,0.397242,0.113515,-0.335451,0.735983,0.307139,0.841299,-6.206694,-6.381999,2.776e-17
Set Transformer,ch4t-test-001937,6,-0.185192,-0.462770,0.133041,-0.024493,-0.152122,0.106068,-8.620689,-8.105768,0.000e+00
Set Transformer,ch4t-test-001938,8,0.960505,0.118764,-0.299780,0.412748,0.080909,0.756050,-3.817304,-4.596793,0.000e+00
Set Transformer,ch4t-test-001939,6,-0.213271,-0.344842,1.729884,0.954391,0.918389,3.160819,-4.879612,-6.051382,0.000e+00
Set Transformer,ch4t-test-001940,5,0.087332,0.246829,-0.140312,-0.043874,0.663905,0.150503,-6.544212,-6.738060,5.551e-17
Set Transformer,ch4t-test-001941,7,-0.017263,0.283634,-0.024618,0.013295,-0.426317,0.150452,-7.216040,-7.457793,0.000e+00
Set Transformer,ch4t-test-001942,6,-0.072477,-0.329969,0.124219,0.640920,0.995212,0.548052,-5.164174,-4.885947,0.000e+00
Set Transformer,ch4t-test-001943,8,1.004981,0.192639,-0.409426,0.487049,1.169040,0.559818,-4.144235,-4.932429,0.000e+00
Set Transformer,ch4t-test-001944,6,0.981802,0.342929,-0.663114,1.050376,0.677408,1.996862,-4.581005,-5.242623,0.000e+00
Set Transformer,ch4t-test-001945,7,0.178392,-0.001567,-0.334113,1.078291,1.211823,1.472999,-5.821581,-5.664293,2.776e-17
Set Transformer,ch4t-test-001946,5,0.134562,-0.015450,-0.060920,0.475213,0.429840,0.281557,-4.487136,-4.545328,0.000e+00
Set Transformer,ch4t-test-001947,6,1.213678,0.051523,-1.201323,0.712963,-0.771590,1.120993,-5.569569,-5.633448,2.220e-16
Set Transformer,ch4t-test-001948,6,0.519092,0.336726,-0.002635,0.192299,0.785414,0.296592,-4.414807,-5.267990,1.110e-16
Set Transformer,ch4t-test-001949,5,0.447373,-0.010230,0.193841,0.062544,-0.946207,0.155253,-3.304236,-3.935220,1.110e-16
Set Transformer,ch4t-test-001950,6,-0.015426,0.381720,0.035329,-0.019213,-1.689025,0.151342,-7.022542,-7.424166,5.551e-17
Set Transformer,ch4t-test-001951,7,0.020333,0.339815,-0.019909,-0.003491,-0.108056,0.136063,-6.736716,-7.076956,5.551e-17
Set Transformer,ch4t-test-001952,7,0.003108,0.460918,-0.044791,0.013773,0.106943,0.197055,-7.077493,-7.496728,0.000e+00
Set Transformer,ch4t-test-001953,5,0.155661,-0.004153,-0.010544,0.041531,-0.118177,0.132140,-8.158045,-8.299008,2.776e-17
Set Transformer,ch4t-test-001954,4,0.044622,0.253528,-0.048488,-0.034562,-1.571777,0.123640,-7.985725,-8.235387,0.000e+00
Set Transformer,ch4t-test-001955,6,0.558989,-0.268930,0.221421,0.377617,-0.214358,1.012531,-6.549835,-7.061315,0.000e+00
Set Transformer,ch4t-test-001956,7,-0.367238,-0.052015,0.032712,0.820084,1.080511,0.417188,-4.605577,-4.219036,0.000e+00
Set Transformer,ch4t-test-001957,8,0.048469,0.207848,-0.155069,-0.032653,0.278325,0.149332,-7.188766,-7.290015,1.388e-17
Set Transformer,ch4t-test-001958,8,0.855215,0.157941,-0.345531,0.655252,0.776928,0.787037,-3.581053,-4.248677,1.110e-16
Set Transformer,ch4t-test-001959,5,-0.060640,-0.060997,0.042788,0.314197,0.537614,0.199347,-5.425187,-5.346339,0.000e+00
Set Transformer,ch4t-test-001960,4,0.016404,-0.026924,-0.045914,-0.020876,-1.319081,0.157556,-6.925157,-6.868723,0.000e+00
Set Transformer,ch4t-test-001961,7,-0.146762,0.053476,0.011979,-0.024561,0.703645,0.197712,-8.186999,-8.105693,1.388e-17
Set Transformer,ch4t-test-001962,8,0.916326,0.210329,-0.261958,0.361500,0.670380,0.491990,-4.051906,-4.916602,0.000e+00
Set Transformer,ch4t-test-001963,8,0.065329,0.691023,-0.055727,-0.000056,0.185738,0.146241,-6.207919,-6.908544,1.110e-16
Set Transformer,ch4t-test-001964,7,0.589634,0.343355,0.048877,0.031169,0.974136,0.262459,-4.525243,-5.507109,0.000e+00
Set Transformer,ch4t-test-001965,8,0.960724,0.197757,-0.253533,0.801868,0.698017,0.589818,-4.079374,-4.984321,0.000e+00
Set Transformer,ch4t-test-001966,7,0.574140,0.042469,0.040074,0.207500,1.184750,0.320945,-3.811033,-4.467716,0.000e+00
Set Transformer,ch4t-test-001967,8,0.257134,-0.017442,-0.161260,1.040418,1.086057,0.653607,-4.047485,-4.125918,1.388e-17
Set Transformer,ch4t-test-001968,6,-0.417514,-0.311589,0.021935,0.102013,0.793646,0.386969,-6.778755,-6.071588,0.000e+00
Set Transformer,ch4t-test-001969,4,0.507788,0.263948,0.113928,0.206378,-0.269501,0.567814,-4.220420,-5.106085,0.000e+00
Set Transformer,ch4t-test-001970,5,-0.144316,0.144244,-0.097011,-0.036144,1.059333,0.199762,-7.089613,-6.992530,2.776e-17
Set Transformer,ch4t-test-001971,4,-0.018246,0.358058,-0.022206,0.020596,-0.619523,0.125696,-7.535238,-7.852844,5.551e-17
Set Transformer,ch4t-test-001972,7,0.717057,0.265274,-0.218322,0.510858,0.841989,0.532563,-5.730596,-6.494604,0.000e+00
Set Transformer,ch4t-test-001973,4,0.027840,0.697010,-0.200450,-0.002576,0.303079,0.189129,-6.340319,-6.864718,0.000e+00
Set Transformer,ch4t-test-001974,4,-0.075993,0.877316,-0.202252,0.043383,0.311546,0.193049,-6.469889,-7.068961,2.220e-16
Set Transformer,ch4t-test-001975,4,0.355767,-0.270139,-0.058021,0.897573,-0.193194,1.517018,-5.773203,-5.800810,0.000e+00
Set Transformer,ch4t-test-001976,6,0.415655,-0.164490,0.264092,0.754085,1.221247,1.301617,-9.566399,-10.081656,1.110e-16
Set Transformer,ch4t-test-001977,5,0.066454,-0.050886,-0.040023,0.711816,-0.164298,0.407469,-4.298576,-4.274120,0.000e+00
Set Transformer,ch4t-test-001978,4,1.019190,0.086374,-0.256659,0.393359,0.871937,0.590957,-4.088601,-4.937507,2.220e-16
Set Transformer,ch4t-test-001979,7,1.097339,0.061126,-0.451437,1.718653,1.251766,1.372417,-4.902569,-5.609596,1.110e-16
Set Transformer,ch4t-test-001980,6,1.409655,0.705616,-0.231529,0.283638,0.877181,0.671598,-6.542194,-8.425935,2.220e-16
Set Transformer,ch4t-test-001981,4,-0.047008,0.144432,0.000069,-0.025598,-0.716577,0.124176,-8.117735,-8.215228,0.000e+00
Set Transformer,ch4t-test-001982,5,-0.047875,0.293326,0.044983,-0.030854,-0.754167,0.147168,-7.275469,-7.565903,5.551e-17
Set Transformer,ch4t-test-001983,5,1.634303,0.791740,-1.303019,0.699938,0.785452,1.124504,-5.641246,-6.764270,0.000e+00
Set Transformer,ch4t-test-001984,8,1.242672,0.105587,-0.606719,0.720857,0.671269,1.030085,-3.884616,-4.626156,0.000e+00
Set Transformer,ch4t-test-001985,6,0.856184,0.027443,-0.316753,1.252589,1.406229,1.982122,-5.500472,-6.067347,1.110e-16
Set Transformer,ch4t-test-001986,7,1.547010,-0.630352,-0.072802,0.382486,-1.257106,0.270421,-3.129840,-3.973696,2.220e-16
Set Transformer,ch4t-test-001987,8,-0.654039,-0.683346,0.143763,0.302510,1.152942,0.722413,-7.123524,-5.929902,0.000e+00
Set Transformer,ch4t-test-001988,6,0.372592,-0.123643,-0.173668,0.386904,0.718381,0.380381,-5.540330,-5.615612,1.388e-17
Set Transformer,ch4t-test-001989,4,0.887479,0.270307,-0.749496,0.685440,1.151956,0.859937,-4.916354,-5.324644,0.000e+00
Set Transformer,ch4t-test-001990,7,0.595275,-0.052130,0.087687,0.445623,-0.024810,0.800815,-5.364663,-5.995495,0.000e+00
Set Transformer,ch4t-test-001991,4,2.482291,-0.426035,-0.331303,2.439831,0.843271,1.708597,-2.543821,-4.268773,0.000e+00
Set Transformer,ch4t-test-001992,8,-0.022320,0.074296,0.106067,0.248249,0.941150,0.297372,-4.797509,-4.955552,0.000e+00
Set Transformer,ch4t-test-001993,4,-0.010651,0.311323,-0.033435,0.007828,0.529709,0.080113,-5.590369,-5.857606,5.551e-17
Set Transformer,ch4t-test-001994,8,0.274188,0.396953,0.053551,0.007187,1.114411,0.192610,-7.138137,-7.862828,0.000e+00
Set Transformer,ch4t-test-001995,5,1.001630,0.085697,-0.216519,0.677996,0.987491,0.310868,-3.293285,-4.164092,1.110e-16
Set Transformer,ch4t-test-001996,6,0.423844,0.208452,-0.187859,0.717300,-0.398711,2.073407,-5.368583,-5.813021,5.551e-17
Set Transformer,ch4t-test-001997,6,0.408413,-0.496325,-0.009727,0.657882,0.795949,0.409556,-4.881447,-4.783808,5.551e-17
Set Transformer,ch4t-test-001998,8,1.091355,0.416328,-0.013741,0.730095,0.975861,1.000812,-4.741658,-6.235600,0.000e+00
Set Transformer,ch4t-test-001999,6,0.725289,0.187521,0.084657,0.261393,0.482776,0.559176,-4.310027,-5.307494,2.220e-16
