model,scenario_id,n_masts,shapley_source_evidence,shapley_sensor_visibility,shapley_wind_error_sensitivity,shapley_fit_quality,v_all_maps,v_no_maps,efficiency_residual
DeepSets,ch4t-test-000000,7,1.234295,0.269168,1.135879,0.511947,-4.948148,-8.099438,8.882e-16
DeepSets,ch4t-test-000001,5,0.466579,-1.795630,1.546093,-0.040795,-7.953944,-8.130192,5.551e-17
DeepSets,ch4t-test-000002,8,6.750600,-2.324539,-1.263382,0.380416,-4.330734,-7.873830,1.332e-15
DeepSets,ch4t-test-000003,5,2.939394,-0.977005,2.212371,-0.156608,-3.839405,-7.857557,8.882e-16
DeepSets,ch4t-test-000004,7,2.919219,0.414145,0.950208,0.326265,-3.153637,-7.763475,0.000e+00
DeepSets,ch4t-test-000005,8,1.667354,-0.978092,1.235219,-0.036104,-6.017247,-7.905624,2.220e-16
DeepSets,ch4t-test-000006,12,3.063155,0.844487,1.536465,0.058849,-2.641363,-8.144318,8.882e-16
DeepSets,ch4t-test-000007,5,6.262816,-0.965542,0.098820,0.333092,-2.622845,-8.352031,8.882e-16
DeepSets,ch4t-test-000008,9,-0.068231,0.375059,0.009365,-0.135263,-7.450847,-7.631776,2.776e-17
DeepSets,ch4t-test-000009,5,2.090665,-0.860192,1.540202,-0.609059,-6.238610,-8.400226,4.441e-16
DeepSets,ch4t-test-000010,8,1.251041,0.357840,0.821957,0.354719,-5.399328,-8.184885,0.000e+00
DeepSets,ch4t-test-000011,9,0.181753,-1.355018,0.669585,-0.466263,-8.739706,-7.769763,2.220e-16
DeepSets,ch4t-test-000012,7,0.416785,0.197942,0.608626,-0.121497,-6.320547,-7.422403,2.220e-16
DeepSets,ch4t-test-000013,7,3.372248,-0.987658,-0.389821,1.560026,-4.351745,-7.906540,8.882e-16
DeepSets,ch4t-test-000014,4,0.694134,-0.677442,0.938927,-0.657599,-8.160944,-8.458964,0.000e+00
DeepSets,ch4t-test-000015,7,0.067850,1.381624,0.143512,0.279409,-5.999760,-7.872155,2.220e-16
DeepSets,ch4t-test-000016,7,-0.239998,-0.202827,-0.109512,0.316366,-8.035901,-7.799931,1.110e-16
DeepSets,ch4t-test-000017,4,-0.154990,0.167214,-0.135906,0.238810,-8.548502,-8.663631,2.776e-17
DeepSets,ch4t-test-000018,9,3.038024,-1.418283,1.567950,0.110069,-4.850692,-8.148451,8.882e-16
DeepSets,ch4t-test-000019,4,-0.115360,0.329397,-0.057105,0.120039,-8.174282,-8.451254,0.000e+00
DeepSets,ch4t-test-000020,4,0.351523,0.672734,0.025782,0.414484,-7.113512,-8.578036,0.000e+00
DeepSets,ch4t-test-000021,8,1.519428,0.670015,0.262144,0.204980,-5.585077,-8.241643,0.000e+00
DeepSets,ch4t-test-000022,12,3.903856,-1.117892,-0.366618,0.570224,-4.924030,-7.913599,0.000e+00
DeepSets,ch4t-test-000023,5,0.530370,-0.865491,1.525633,0.313031,-5.957156,-7.460699,0.000e+00
DeepSets,ch4t-test-000024,8,0.315805,0.807375,0.321788,-0.019277,-6.734293,-8.159984,0.000e+00
DeepSets,ch4t-test-000025,10,3.106799,0.717814,0.067948,0.601072,-3.805445,-8.299079,0.000e+00
DeepSets,ch4t-test-000026,9,2.809894,-0.121189,-1.631383,-0.500733,-7.642430,-8.199019,1.110e-16
DeepSets,ch4t-test-000027,9,-0.212100,1.115229,0.220976,-0.066873,-6.955504,-8.012735,0.000e+00
DeepSets,ch4t-test-000028,8,0.633309,-1.097265,1.204149,-0.238891,-7.642228,-8.143529,2.220e-16
DeepSets,ch4t-test-000029,10,3.477106,0.188527,0.702503,0.352455,-3.241142,-7.961733,0.000e+00
DeepSets,ch4t-test-000030,12,1.769842,-0.571485,1.207596,0.137258,-5.127053,-7.670264,4.441e-16
DeepSets,ch4t-test-000031,8,-0.009159,-2.481269,0.885254,-0.089046,-9.328828,-7.634608,2.220e-16
DeepSets,ch4t-test-000032,4,-0.041660,0.848108,-0.249744,-0.150648,-7.869922,-8.275978,0.000e+00
DeepSets,ch4t-test-000033,8,2.532458,0.573100,0.528793,0.807344,-3.889405,-8.331099,0.000e+00
DeepSets,ch4t-test-000034,5,-0.045356,0.664141,-0.241985,-0.095301,-7.801678,-8.083176,0.000e+00
DeepSets,ch4t-test-000035,9,0.284771,-1.585921,1.749554,-0.577876,-7.898762,-7.769290,5.551e-16
DeepSets,ch4t-test-000036,7,1.254018,0.130866,0.552275,0.236951,-5.858380,-8.032490,0.000e+00
DeepSets,ch4t-test-000037,4,5.082003,-0.801900,-0.678883,0.626627,-3.781183,-8.009032,0.000e+00
DeepSets,ch4t-test-000038,9,1.724904,0.359366,-0.483633,0.806292,-5.230185,-7.637113,4.441e-16
DeepSets,ch4t-test-000039,11,0.152008,1.140715,0.305586,-0.056553,-6.028865,-7.570621,2.220e-16
DeepSets,ch4t-test-000040,11,3.338942,-1.049651,-0.356134,0.953893,-5.141291,-8.028341,4.441e-16
DeepSets,ch4t-test-000041,5,1.618325,0.136199,0.463226,0.486956,-5.658326,-8.363032,0.000e+00
DeepSets,ch4t-test-000042,11,1.562073,1.538669,0.366418,0.478788,-4.238670,-8.184619,0.000e+00
DeepSets,ch4t-test-000043,5,0.890640,0.387094,0.071380,0.678112,-5.877549,-7.904775,0.000e+00
DeepSets,ch4t-test-000044,11,1.594217,0.834127,0.679477,0.371592,-4.724428,-8.203841,0.000e+00
DeepSets,ch4t-test-000045,11,5.582910,-0.470259,-1.597756,0.647934,-3.648085,-7.810914,0.000e+00
DeepSets,ch4t-test-000046,7,1.657972,0.596111,0.195844,0.280514,-5.287579,-8.018020,0.000e+00
DeepSets,ch4t-test-000047,7,2.594081,0.549903,0.876367,0.841667,-3.093246,-7.955265,8.882e-16
DeepSets,ch4t-test-000048,5,-0.053295,1.001537,-0.132528,-0.077553,-7.093278,-7.831439,2.220e-16
DeepSets,ch4t-test-000049,9,-0.600239,-1.162539,0.331928,0.092131,-9.049327,-7.710608,2.220e-16
DeepSets,ch4t-test-000050,5,0.103795,1.564438,-0.368210,0.230011,-6.167177,-7.697211,0.000e+00
DeepSets,ch4t-test-000051,10,2.073090,0.009392,0.977275,0.416174,-4.827891,-8.303821,8.882e-16
DeepSets,ch4t-test-000052,11,-0.226624,1.576562,-0.516581,0.225753,-6.226600,-7.285710,0.000e+00
DeepSets,ch4t-test-000053,4,-0.032527,1.037065,-0.198707,-0.077253,-7.357249,-8.085827,1.110e-16
DeepSets,ch4t-test-000054,12,3.424019,-0.079560,0.007136,0.909663,-4.077089,-8.338347,8.882e-16
DeepSets,ch4t-test-000055,5,6.579088,-1.668745,-1.731695,0.695286,-3.856236,-7.730169,4.441e-16
DeepSets,ch4t-test-000056,6,2.114792,-0.777774,-0.263582,0.235931,-6.654252,-7.963619,2.220e-16
DeepSets,ch4t-test-000057,4,0.547053,0.621258,1.488944,0.573983,-5.461394,-8.692631,0.000e+00
DeepSets,ch4t-test-000058,6,5.669863,-1.608574,-1.811307,0.492280,-4.810156,-7.552417,0.000e+00
DeepSets,ch4t-test-000059,4,-0.199457,0.154868,-0.178117,0.007364,-8.679634,-8.464291,0.000e+00
DeepSets,ch4t-test-000060,8,-0.312712,-1.003136,-0.094186,-0.028315,-9.268980,-7.830631,0.000e+00
DeepSets,ch4t-test-000061,7,0.431365,-0.102836,0.814894,-0.060354,-7.186256,-8.269325,0.000e+00
DeepSets,ch4t-test-000062,11,1.478750,0.161147,0.277809,0.964243,-4.812667,-7.694617,0.000e+00
DeepSets,ch4t-test-000063,6,0.408801,0.278486,0.972199,-0.293188,-7.208253,-8.574552,2.220e-16
DeepSets,ch4t-test-000064,7,2.764524,-0.118173,0.386671,0.738575,-4.309387,-8.080982,4.441e-16
DeepSets,ch4t-test-000065,6,0.255351,0.357892,0.144400,-0.018391,-7.342045,-8.081297,0.000e+00
DeepSets,ch4t-test-000066,6,0.087769,-1.328922,1.515842,-0.826949,-8.498103,-7.945843,1.110e-16
DeepSets,ch4t-test-000067,5,1.887161,0.331138,0.519149,0.727979,-4.152315,-7.617742,0.000e+00
DeepSets,ch4t-test-000068,11,1.034258,-0.112689,1.171739,0.376099,-5.278472,-7.747880,4.441e-16
DeepSets,ch4t-test-000069,8,4.676599,-1.185046,0.035905,0.242634,-4.415986,-8.186078,1.332e-15
DeepSets,ch4t-test-000070,6,0.955277,-0.096199,0.689051,0.506936,-5.685189,-7.740254,0.000e+00
DeepSets,ch4t-test-000071,11,1.234981,1.217270,0.035632,0.812241,-4.770318,-8.070442,0.000e+00
DeepSets,ch4t-test-000072,11,0.329754,0.389774,0.619584,0.061413,-6.474459,-7.874983,0.000e+00
DeepSets,ch4t-test-000073,7,-0.150143,-0.785402,-0.038773,0.409582,-8.494533,-7.929797,1.110e-16
DeepSets,ch4t-test-000074,10,1.572882,-0.140806,0.714038,0.477725,-4.651997,-7.275835,0.000e+00
DeepSets,ch4t-test-000075,9,-1.967101,-1.574467,0.741061,-0.771393,-11.143055,-7.571155,0.000e+00
DeepSets,ch4t-test-000076,7,0.917845,0.156622,0.217667,0.422933,-6.055247,-7.770315,0.000e+00
DeepSets,ch4t-test-000077,5,0.734851,0.262901,-0.067879,0.542606,-6.206874,-7.679353,0.000e+00
DeepSets,ch4t-test-000078,11,1.240192,0.822903,0.526274,0.100035,-5.168038,-7.857442,4.441e-16
DeepSets,ch4t-test-000079,11,2.992636,0.035305,0.603006,0.392882,-3.936240,-7.960069,8.882e-16
DeepSets,ch4t-test-000080,6,2.083418,-1.207823,2.121428,-0.083943,-4.633728,-7.546808,4.441e-16
DeepSets,ch4t-test-000081,12,3.739051,-0.516611,0.795027,0.113356,-3.921237,-8.052059,8.882e-16
DeepSets,ch4t-test-000082,6,0.187870,-0.922613,0.996302,-0.132530,-7.788856,-7.917886,8.327e-17
DeepSets,ch4t-test-000083,12,1.930098,0.087794,0.862356,0.562416,-4.902348,-8.345012,4.441e-16
DeepSets,ch4t-test-000084,6,1.056854,0.569917,0.129172,0.971113,-5.257620,-7.984677,0.000e+00
DeepSets,ch4t-test-000085,6,3.980132,-0.004076,-1.066000,0.917983,-4.437029,-8.265069,0.000e+00
DeepSets,ch4t-test-000086,5,-0.493022,-0.821483,0.233399,0.648095,-7.907573,-7.474562,1.110e-16
DeepSets,ch4t-test-000087,5,0.785639,1.007970,0.735556,0.233981,-5.373672,-8.136819,0.000e+00
DeepSets,ch4t-test-000088,6,0.183269,0.037674,1.026103,-0.010440,-6.447416,-7.684022,2.220e-16
DeepSets,ch4t-test-000089,12,2.065305,-0.352853,-0.261412,0.528823,-6.073861,-8.053724,2.220e-16
DeepSets,ch4t-test-000090,4,-0.451705,-0.622436,0.781318,-0.718446,-9.072500,-8.061231,0.000e+00
DeepSets,ch4t-test-000091,8,-0.001593,0.506894,0.038668,0.091088,-7.358649,-7.993706,0.000e+00
DeepSets,ch4t-test-000092,5,0.187232,-0.104347,-0.009907,-0.082098,-8.284029,-8.274909,8.327e-17
DeepSets,ch4t-test-000093,8,3.984909,-0.793328,0.048404,0.583864,-4.435328,-8.259178,0.000e+00
DeepSets,ch4t-test-000094,7,0.332137,-0.865345,0.313987,-0.183749,-8.442126,-8.039155,5.551e-17
DeepSets,ch4t-test-000095,5,-0.068615,0.579907,-0.092420,0.151234,-7.173741,-7.743847,0.000e+00
DeepSets,ch4t-test-000096,10,1.557720,-0.052345,0.790175,0.124668,-5.488568,-7.908786,4.441e-16
DeepSets,ch4t-test-000097,9,2.195827,-0.435552,0.617287,0.573255,-4.728781,-7.679598,4.441e-16
DeepSets,ch4t-test-000098,11,0.032706,0.972219,-0.138820,-0.185642,-7.420295,-8.100759,1.110e-16
DeepSets,ch4t-test-000099,9,-0.070833,0.969066,-0.057734,-0.192253,-7.337098,-7.985343,0.000e+00
DeepSets,ch4t-test-000100,5,5.293348,-2.380818,-1.180082,0.378471,-5.926379,-8.037298,4.441e-16
DeepSets,ch4t-test-000101,6,-0.081673,0.937410,-0.170713,-0.046253,-7.954793,-8.593564,1.110e-16
DeepSets,ch4t-test-000102,4,1.793118,-0.066652,1.045654,0.376703,-4.501548,-7.650371,8.882e-16
DeepSets,ch4t-test-000103,6,4.591837,-1.557192,-0.655242,1.550688,-4.125348,-8.055439,0.000e+00
DeepSets,ch4t-test-000104,11,1.520211,-0.293410,1.355449,0.265940,-5.092086,-7.940274,0.000e+00
DeepSets,ch4t-test-000105,5,-0.017912,1.291628,-0.300789,0.177781,-6.712414,-7.863122,2.220e-16
DeepSets,ch4t-test-000106,7,-0.004810,1.852246,-0.137350,0.034015,-5.979432,-7.723532,0.000e+00
DeepSets,ch4t-test-000107,10,4.612332,-1.165240,-1.645491,1.292738,-4.627790,-7.722129,8.882e-16
DeepSets,ch4t-test-000108,6,0.805038,-1.028343,1.153374,-0.181071,-6.962251,-7.711250,2.220e-16
DeepSets,ch4t-test-000109,9,0.873569,0.760362,1.224952,0.490409,-4.463291,-7.812583,0.000e+00
DeepSets,ch4t-test-000110,5,-0.036595,-0.051363,-0.061049,0.232049,-7.420469,-7.503512,2.776e-17
DeepSets,ch4t-test-000111,5,0.704218,0.454755,0.480512,-0.139194,-6.802149,-8.302440,2.220e-16
DeepSets,ch4t-test-000112,5,-0.018259,0.207324,0.003243,0.082616,-8.577885,-8.852809,0.000e+00
DeepSets,ch4t-test-000113,5,-0.095710,-0.403609,0.466117,-0.425423,-8.665891,-8.207267,0.000e+00
DeepSets,ch4t-test-000114,9,2.902544,-0.071912,1.547015,0.179751,-3.350705,-7.908104,0.000e+00
DeepSets,ch4t-test-000115,10,2.384431,0.556637,0.602589,0.887297,-3.702864,-8.133818,0.000e+00
DeepSets,ch4t-test-000116,7,4.037710,-1.101537,-0.780116,1.292943,-3.946859,-7.395860,0.000e+00
DeepSets,ch4t-test-000117,6,3.706314,-0.696168,0.300762,0.161375,-4.407579,-7.879863,0.000e+00
DeepSets,ch4t-test-000118,4,1.521915,-0.009508,0.878141,0.907152,-4.776671,-8.074371,0.000e+00
DeepSets,ch4t-test-000119,12,0.153661,-0.737132,0.098469,0.013978,-8.346407,-7.875384,1.110e-16
DeepSets,ch4t-test-000120,5,1.268959,0.455171,0.104701,0.732214,-5.291083,-7.852129,0.000e+00
DeepSets,ch4t-test-000121,10,5.109672,-0.836486,-0.788485,0.945552,-3.488431,-7.918684,8.882e-16
DeepSets,ch4t-test-000122,11,1.270530,0.256997,0.836646,0.149978,-5.233686,-7.747837,0.000e+00
DeepSets,ch4t-test-000123,7,0.216621,1.385223,0.474974,0.226605,-5.441899,-7.745322,0.000e+00
DeepSets,ch4t-test-000124,10,0.198397,1.151701,0.298659,0.126851,-6.045370,-7.820978,2.220e-16
DeepSets,ch4t-test-000125,7,2.446476,-0.159716,0.762970,0.750258,-4.210309,-8.010296,4.441e-16
DeepSets,ch4t-test-000126,6,0.143338,0.497262,0.307574,0.092946,-6.623937,-7.665058,0.000e+00
DeepSets,ch4t-test-000127,6,-0.128850,1.010816,-0.055379,0.102674,-6.736353,-7.665613,0.000e+00
DeepSets,ch4t-test-000128,6,3.176638,-0.323324,-0.006605,0.966987,-4.184018,-7.997714,8.882e-16
DeepSets,ch4t-test-000129,5,4.077010,-1.070025,-0.699639,1.219435,-4.623647,-8.150428,0.000e+00
DeepSets,ch4t-test-000130,5,0.687628,0.713139,0.135881,0.696790,-6.021787,-8.255224,0.000e+00
DeepSets,ch4t-test-000131,12,-0.026185,1.082877,0.099468,-0.324301,-6.915746,-7.747606,1.110e-16
DeepSets,ch4t-test-000132,8,0.959975,1.230726,0.622212,-0.010689,-5.184497,-7.986721,0.000e+00
DeepSets,ch4t-test-000133,5,1.284481,0.347763,0.393285,0.599337,-6.135746,-8.760612,0.000e+00
DeepSets,ch4t-test-000134,6,1.945696,-0.454682,0.829826,0.630853,-5.129841,-8.081533,0.000e+00
DeepSets,ch4t-test-000135,7,0.037214,0.571952,-0.050899,-0.080573,-7.674278,-8.151973,5.551e-17
DeepSets,ch4t-test-000136,8,-0.026508,1.112361,-0.062500,0.074251,-6.875309,-7.972914,2.220e-16
DeepSets,ch4t-test-000137,12,-0.009730,0.631179,-0.011644,0.195437,-7.309208,-8.114451,1.110e-16
DeepSets,ch4t-test-000138,11,5.804677,-1.040161,-1.056199,1.369942,-3.048436,-8.126695,1.776e-15
DeepSets,ch4t-test-000139,12,2.170432,-0.747973,1.465340,-0.054827,-5.266961,-8.099934,4.441e-16
DeepSets,ch4t-test-000140,11,-0.010033,0.462429,1.184617,0.002009,-5.853831,-7.492853,2.220e-16
DeepSets,ch4t-test-000141,7,3.835617,-1.588438,-0.768108,0.352789,-6.245244,-8.077103,2.220e-16
DeepSets,ch4t-test-000142,10,-0.045030,1.087298,-0.064641,0.202626,-6.751324,-7.931577,2.220e-16
DeepSets,ch4t-test-000143,5,0.615295,-0.285853,0.823299,0.569585,-6.641979,-8.364305,2.220e-16
DeepSets,ch4t-test-000144,12,1.140291,0.200506,0.052787,1.165489,-5.598003,-8.157076,0.000e+00
DeepSets,ch4t-test-000145,10,2.270905,0.089310,0.927370,0.473397,-3.931753,-7.692736,0.000e+00
DeepSets,ch4t-test-000146,12,2.252368,-0.271126,1.195635,0.747631,-4.011143,-7.935650,4.441e-16
DeepSets,ch4t-test-000147,10,3.934598,-0.093254,-0.108650,0.819703,-3.348163,-7.900559,8.882e-16
DeepSets,ch4t-test-000148,12,2.367715,1.152799,0.579663,0.864053,-3.097045,-8.061275,0.000e+00
DeepSets,ch4t-test-000149,6,-0.080596,0.314324,-0.286264,0.131018,-8.176359,-8.254841,5.551e-17
DeepSets,ch4t-test-000150,10,4.084035,-1.177955,-0.748853,0.791937,-4.851592,-7.800755,0.000e+00
DeepSets,ch4t-test-000151,10,0.936763,0.462544,1.395198,0.277118,-4.843106,-7.914729,0.000e+00
DeepSets,ch4t-test-000152,7,0.694438,0.342859,0.779354,0.343350,-5.687227,-7.847228,0.000e+00
DeepSets,ch4t-test-000153,12,0.362292,-0.070045,1.897600,0.110805,-5.461535,-7.762186,0.000e+00
DeepSets,ch4t-test-000154,9,2.318378,1.052505,0.702092,0.583269,-3.020984,-7.677229,8.882e-16
DeepSets,ch4t-test-000155,8,1.000297,0.443382,1.370092,-0.092426,-4.940387,-7.661731,0.000e+00
DeepSets,ch4t-test-000156,6,0.040892,-0.459269,0.143978,-0.213782,-8.248202,-7.760021,0.000e+00
DeepSets,ch4t-test-000157,11,2.117514,-0.382649,1.519706,0.092790,-4.774161,-8.121521,8.882e-16
DeepSets,ch4t-test-000158,10,0.015843,1.142699,-0.054634,0.194683,-6.920564,-8.219156,0.000e+00
DeepSets,ch4t-test-000159,4,1.883253,0.653485,0.236452,0.471192,-5.137153,-8.381534,4.441e-16
DeepSets,ch4t-test-000160,9,1.635729,0.398371,0.427676,0.920485,-4.667073,-8.049334,0.000e+00
DeepSets,ch4t-test-000161,6,0.516444,0.720384,0.514865,0.283357,-6.174807,-8.209858,0.000e+00
DeepSets,ch4t-test-000162,8,1.822647,-0.377466,-0.087479,-0.289485,-6.626496,-7.694714,0.000e+00
DeepSets,ch4t-test-000163,11,1.302616,0.867899,0.520393,0.555982,-4.808458,-8.055349,0.000e+00
DeepSets,ch4t-test-000164,9,-0.083093,-0.803115,2.037855,-0.463905,-7.080480,-7.768222,1.110e-16
DeepSets,ch4t-test-000165,6,3.002112,-0.326280,-0.833359,0.520429,-5.858289,-8.221192,0.000e+00
DeepSets,ch4t-test-000166,8,0.114123,-0.924664,0.812068,-0.450916,-8.180733,-7.731343,1.110e-16
DeepSets,ch4t-test-000167,12,1.238802,1.370709,-0.003449,0.785728,-4.999447,-8.391237,0.000e+00
DeepSets,ch4t-test-000168,12,1.743754,-0.311734,1.413144,-0.186444,-4.942747,-7.601468,8.882e-16
DeepSets,ch4t-test-000169,4,1.072597,-0.125855,0.829927,0.580195,-5.750205,-8.107068,0.000e+00
DeepSets,ch4t-test-000170,10,2.394668,-0.085717,1.581208,-0.169715,-4.532485,-8.252929,4.441e-16
DeepSets,ch4t-test-000171,6,-0.160993,0.340835,-0.227554,0.112112,-8.375795,-8.440195,6.939e-17
DeepSets,ch4t-test-000172,5,1.838283,0.521999,0.048544,0.681191,-4.913265,-8.003281,4.441e-16
DeepSets,ch4t-test-000173,12,0.056409,-0.540518,0.358891,0.096330,-7.961405,-7.932517,2.776e-17
DeepSets,ch4t-test-000174,10,1.724477,0.756877,0.050135,0.936856,-4.724974,-8.193319,0.000e+00
DeepSets,ch4t-test-000175,10,-0.225690,0.744737,-0.163117,0.321824,-7.497019,-8.174772,0.000e+00
DeepSets,ch4t-test-000176,7,1.958037,-0.159129,0.403560,0.341649,-4.404457,-6.948574,4.441e-16
DeepSets,ch4t-test-000177,6,2.472883,-0.314380,0.450421,0.864551,-4.536076,-8.009551,0.000e+00
DeepSets,ch4t-test-000178,5,-0.085979,0.629311,-0.096614,0.188731,-7.438975,-8.074423,0.000e+00
DeepSets,ch4t-test-000179,12,-0.002398,1.833224,-0.191677,-0.008562,-6.205306,-7.835893,0.000e+00
DeepSets,ch4t-test-000180,12,0.375218,0.073686,0.414636,-0.220153,-7.145920,-7.789307,1.110e-16
DeepSets,ch4t-test-000181,10,-0.330980,1.648173,-0.691344,-0.043892,-7.326967,-7.908924,2.220e-16
DeepSets,ch4t-test-000182,10,1.886736,-0.388823,1.046179,0.234857,-5.312628,-8.091577,0.000e+00
DeepSets,ch4t-test-000183,4,1.026757,0.291505,0.488867,0.492564,-4.979959,-7.279652,0.000e+00
DeepSets,ch4t-test-000184,4,0.640877,-1.096029,0.374324,-0.282086,-8.687775,-8.324861,5.551e-17
DeepSets,ch4t-test-000185,6,3.390918,-0.960913,2.120609,0.047785,-3.267654,-7.866054,0.000e+00
DeepSets,ch4t-test-000186,8,0.736049,-0.406383,0.917371,-0.225415,-6.616590,-7.638212,2.220e-16
DeepSets,ch4t-test-000187,10,0.061263,1.746174,0.105607,-0.143547,-6.130950,-7.900446,0.000e+00
DeepSets,ch4t-test-000188,9,0.666478,-0.047003,0.799036,0.581265,-6.106979,-8.106755,0.000e+00
DeepSets,ch4t-test-000189,6,1.508798,-1.340289,1.772488,-0.275420,-6.534193,-8.199770,0.000e+00
DeepSets,ch4t-test-000190,7,1.744668,1.493459,-1.276939,0.854921,-4.881002,-7.697112,0.000e+00
DeepSets,ch4t-test-000191,8,1.745546,0.804019,0.796454,0.307446,-4.254621,-7.908085,0.000e+00
DeepSets,ch4t-test-000192,7,2.839687,0.682199,0.649911,0.254956,-3.432068,-7.858821,8.882e-16
DeepSets,ch4t-test-000193,4,0.835096,-1.033531,0.288455,0.237524,-7.795655,-8.123198,1.665e-16
DeepSets,ch4t-test-000194,7,1.934076,-0.055778,0.699859,-0.143974,-5.630515,-8.064698,0.000e+00
DeepSets,ch4t-test-000195,5,-0.101189,0.911297,-0.242478,0.402209,-6.567386,-7.537225,2.220e-16
DeepSets,ch4t-test-000196,7,-0.416784,0.304137,0.706397,0.253072,-7.259640,-8.106463,1.110e-16
DeepSets,ch4t-test-000197,5,-0.184248,2.010176,-0.358221,0.188694,-6.568419,-8.224821,2.220e-16
DeepSets,ch4t-test-000198,4,0.541948,-0.657072,1.407598,0.142963,-6.485604,-7.921040,0.000e+00
DeepSets,ch4t-test-000199,9,-0.200141,0.135910,-0.375596,0.370330,-7.799258,-7.729760,5.551e-17
DeepSets,ch4t-test-000200,8,4.886734,-0.512444,-0.254515,0.437150,-3.025840,-7.582765,8.882e-16
DeepSets,ch4t-test-000201,7,1.100373,-1.485485,1.693184,-0.605989,-7.259263,-7.961345,4.441e-16
DeepSets,ch4t-test-000202,9,4.386137,-0.084815,-0.773068,0.840628,-3.647350,-8.016233,0.000e+00
DeepSets,ch4t-test-000203,12,6.141520,-1.051989,-1.677828,0.266012,-4.388434,-8.066149,4.441e-16
DeepSets,ch4t-test-000204,12,-0.008547,1.182920,0.001617,0.140914,-6.569033,-7.885937,0.000e+00
DeepSets,ch4t-test-000205,11,-0.033506,1.003077,-0.148193,0.308665,-6.989011,-8.119054,0.000e+00
DeepSets,ch4t-test-000206,9,0.301954,0.414652,0.829323,0.328175,-6.327596,-8.201700,0.000e+00
DeepSets,ch4t-test-000207,12,5.636860,-0.674393,-1.355575,0.342761,-3.917239,-7.866893,4.441e-16
DeepSets,ch4t-test-000208,4,-2.512155,-1.683302,-0.377258,0.363438,-12.175595,-7.966317,0.000e+00
DeepSets,ch4t-test-000209,4,0.036296,0.009890,0.231350,-0.407204,-8.427286,-8.297619,5.551e-17
DeepSets,ch4t-test-000210,6,0.013979,0.776929,-0.144392,-0.327423,-7.358388,-7.677481,0.000e+00
DeepSets,ch4t-test-000211,7,1.868434,-1.516415,2.245524,-0.326285,-5.526920,-7.798179,4.441e-16
DeepSets,ch4t-test-000212,4,3.340636,0.184283,0.438478,0.761917,-3.217225,-7.942539,0.000e+00
DeepSets,ch4t-test-000213,9,2.133918,0.397071,0.505795,0.712350,-4.048382,-7.797516,0.000e+00
DeepSets,ch4t-test-000214,7,0.310839,0.031661,0.072684,-0.007708,-7.451358,-7.858835,5.551e-17
DeepSets,ch4t-test-000215,11,1.593646,0.870068,1.116567,0.227147,-3.963069,-7.770499,0.000e+00
DeepSets,ch4t-test-000216,9,0.537046,0.885135,0.379586,-0.114069,-6.085899,-7.773598,0.000e+00
DeepSets,ch4t-test-000217,6,1.260886,-0.933793,0.956036,-0.181065,-6.369847,-7.471911,0.000e+00
DeepSets,ch4t-test-000218,7,1.910073,-0.514240,0.846870,0.133894,-5.598734,-7.975331,0.000e+00
DeepSets,ch4t-test-000219,11,-0.085261,1.423588,-0.153848,-0.050693,-6.765057,-7.898843,2.220e-16
DeepSets,ch4t-test-000220,7,-0.113913,0.734260,-0.111305,0.178162,-7.073256,-7.760461,0.000e+00
DeepSets,ch4t-test-000221,10,1.369446,0.522373,0.920230,0.409979,-4.347156,-7.569184,0.000e+00
DeepSets,ch4t-test-000222,6,2.241319,0.114080,-0.053419,0.381144,-5.482758,-8.165882,0.000e+00
DeepSets,ch4t-test-000223,10,-0.030708,1.342449,-0.195476,0.120230,-6.847514,-8.084008,0.000e+00
DeepSets,ch4t-test-000224,10,0.995222,0.465336,0.675598,0.237674,-5.705246,-8.079076,0.000e+00
DeepSets,ch4t-test-000225,12,2.317886,0.021680,0.785116,0.709186,-3.917192,-7.751059,0.000e+00
DeepSets,ch4t-test-000226,11,1.163866,0.929912,0.703993,0.389000,-4.661990,-7.848761,0.000e+00
DeepSets,ch4t-test-000227,5,0.259335,-0.057824,0.464027,0.600387,-6.708753,-7.974678,0.000e+00
DeepSets,ch4t-test-000228,9,1.941922,-0.296639,0.810361,0.248413,-5.228265,-7.932322,0.000e+00
DeepSets,ch4t-test-000229,5,2.491999,0.527838,1.107605,0.740574,-3.317068,-8.185083,0.000e+00
DeepSets,ch4t-test-000230,11,0.797738,0.778741,-0.337256,-0.743969,-7.358563,-7.853817,0.000e+00
DeepSets,ch4t-test-000231,12,1.958334,-0.159688,1.297390,-0.121547,-5.008098,-7.982588,4.441e-16
DeepSets,ch4t-test-000232,6,2.428713,0.336776,0.714829,0.602716,-3.443177,-7.526211,0.000e+00
DeepSets,ch4t-test-000233,7,1.259340,0.673931,0.788449,0.369798,-4.986238,-8.077756,4.441e-16
DeepSets,ch4t-test-000234,6,-0.041307,1.059053,-0.087225,0.053412,-7.680616,-8.664550,1.110e-16
DeepSets,ch4t-test-000235,10,3.471632,0.283769,-1.071979,1.143668,-3.991794,-7.818884,0.000e+00
DeepSets,ch4t-test-000236,4,1.546635,0.310263,0.775255,0.434973,-4.992625,-8.059752,0.000e+00
DeepSets,ch4t-test-000237,6,-0.510262,-3.023323,1.076542,-0.179822,-10.946796,-8.309930,4.441e-16
DeepSets,ch4t-test-000238,12,5.765667,-1.025968,-2.692413,0.476640,-5.384337,-7.908263,8.882e-16
DeepSets,ch4t-test-000239,12,3.538120,-0.758763,-0.719370,0.518694,-5.187138,-7.765818,0.000e+00
DeepSets,ch4t-test-000240,11,2.393889,-1.465255,1.806931,0.363700,-4.682096,-7.781361,4.441e-16
DeepSets,ch4t-test-000241,4,1.154521,-0.034780,0.862783,-0.088201,-6.317332,-8.211655,0.000e+00
DeepSets,ch4t-test-000242,12,0.113217,-0.124837,1.045094,-0.399338,-7.373333,-8.007469,0.000e+00
DeepSets,ch4t-test-000243,12,1.854761,0.963159,0.203034,0.648018,-4.187513,-7.856486,0.000e+00
DeepSets,ch4t-test-000244,8,3.198805,-1.525686,-1.386390,1.391799,-5.922112,-7.600641,2.220e-16
DeepSets,ch4t-test-000245,6,0.054247,-0.090984,0.412226,-0.133995,-7.772298,-8.013791,5.551e-17
DeepSets,ch4t-test-000246,4,5.803642,-1.076398,-0.493752,0.705159,-2.959673,-7.898325,8.882e-16
DeepSets,ch4t-test-000247,12,5.521525,-0.283506,-2.578437,1.249314,-4.095435,-8.004331,0.000e+00
DeepSets,ch4t-test-000248,6,0.640466,0.793527,0.410777,0.118416,-6.233079,-8.196266,2.220e-16
DeepSets,ch4t-test-000249,12,2.078962,0.846774,0.462267,0.379376,-4.062423,-7.829802,4.441e-16
DeepSets,ch4t-test-000250,5,1.158078,-0.589256,1.578363,-0.368636,-6.757124,-8.535673,4.441e-16
DeepSets,ch4t-test-000251,4,-0.022919,0.449064,-0.074584,0.381703,-7.433763,-8.167026,0.000e+00
DeepSets,ch4t-test-000252,8,-0.022257,0.184094,0.249534,-0.041092,-7.610703,-7.980983,5.551e-17
DeepSets,ch4t-test-000253,8,3.889948,0.792754,-0.197787,0.366123,-3.202349,-8.053387,0.000e+00
DeepSets,ch4t-test-000254,12,1.463852,0.449989,0.524563,0.989035,-4.800177,-8.227615,0.000e+00
DeepSets,ch4t-test-000255,8,3.324475,-0.031111,1.344152,0.458228,-2.892769,-7.988513,0.000e+00
DeepSets,ch4t-test-000256,11,4.458683,-1.111491,-1.740886,1.110724,-5.031753,-7.748783,4.441e-16
DeepSets,ch4t-test-000257,4,0.418135,0.760865,0.530854,0.286763,-5.867634,-7.864251,0.000e+00
DeepSets,ch4t-test-000258,4,0.278506,-0.251725,0.442319,-0.079216,-7.597106,-7.986991,1.110e-16
DeepSets,ch4t-test-000259,4,1.939994,-0.223441,1.389274,0.181883,-4.819918,-8.107628,4.441e-16
DeepSets,ch4t-test-000260,6,0.708668,-0.134607,0.203301,0.573832,-6.053153,-7.404346,0.000e+00
DeepSets,ch4t-test-000261,9,4.301680,0.408485,-1.133046,0.617258,-3.847147,-8.041524,0.000e+00
DeepSets,ch4t-test-000262,10,5.039286,-1.289700,-1.290208,0.381262,-5.348876,-8.189516,8.882e-16
DeepSets,ch4t-test-000263,8,5.330648,-0.247802,-0.950776,0.861392,-3.067967,-8.061429,8.882e-16
DeepSets,ch4t-test-000264,12,-0.011245,0.751078,-0.016149,0.103801,-6.853358,-7.680844,0.000e+00
DeepSets,ch4t-test-000265,4,-0.065349,1.251692,0.118405,-0.445720,-7.091978,-7.951006,1.110e-16
DeepSets,ch4t-test-000266,12,6.178859,-1.585307,-0.974864,1.421658,-2.919917,-7.960264,8.882e-16
DeepSets,ch4t-test-000267,10,5.292045,-1.166602,-0.525744,1.338030,-2.918879,-7.856608,0.000e+00
DeepSets,ch4t-test-000268,12,5.277273,-0.892899,-0.066622,0.716276,-3.045606,-8.079635,0.000e+00
DeepSets,ch4t-test-000269,10,-0.001946,1.096484,-0.074459,0.041032,-6.713501,-7.774612,0.000e+00
DeepSets,ch4t-test-000270,9,-0.044398,1.718703,-0.091259,0.177597,-5.498151,-7.258794,0.000e+00
DeepSets,ch4t-test-000271,7,5.085944,-0.802365,-0.541083,0.529731,-3.534750,-7.806978,8.882e-16
DeepSets,ch4t-test-000272,4,5.946154,-1.157720,-1.187902,0.798330,-3.855198,-8.254060,0.000e+00
DeepSets,ch4t-test-000273,10,2.128549,0.008043,0.995246,0.290255,-4.731275,-8.153368,4.441e-16
DeepSets,ch4t-test-000274,5,0.045459,0.841045,-0.144431,0.178393,-7.629112,-8.549578,0.000e+00
DeepSets,ch4t-test-000275,4,1.698225,0.099373,0.336241,0.595464,-5.163828,-7.893130,0.000e+00
DeepSets,ch4t-test-000276,6,4.973758,-1.341937,-1.240685,1.317279,-4.437941,-8.146356,4.441e-16
DeepSets,ch4t-test-000277,11,0.954976,0.163097,0.558787,0.001312,-6.153764,-7.831936,2.220e-16
DeepSets,ch4t-test-000278,5,5.026867,-0.579986,-1.189485,0.791463,-4.171127,-8.219985,8.882e-16
DeepSets,ch4t-test-000279,11,4.979061,-0.506002,-0.988340,0.969994,-3.393534,-7.848247,0.000e+00
DeepSets,ch4t-test-000280,9,0.613966,-0.670964,1.061565,-0.460437,-7.566103,-8.110233,2.220e-16
DeepSets,ch4t-test-000281,5,1.451977,0.556795,0.734095,0.724336,-4.880951,-8.348153,0.000e+00
DeepSets,ch4t-test-000282,9,1.949213,-0.839431,1.519681,0.034374,-5.045940,-7.709777,0.000e+00
DeepSets,ch4t-test-000283,11,1.524186,0.671036,0.422156,-0.412924,-5.862910,-8.067364,0.000e+00
DeepSets,ch4t-test-000284,11,0.618312,0.008679,1.071075,-1.101940,-7.338825,-7.934951,0.000e+00
DeepSets,ch4t-test-000285,8,-0.136782,0.455555,-0.291510,0.335798,-7.493321,-7.856383,5.551e-17
DeepSets,ch4t-test-000286,8,5.099542,-2.247740,-0.795173,0.535534,-5.377521,-7.969684,0.000e+00
DeepSets,ch4t-test-000287,4,-0.086783,-2.838028,0.442082,-0.270713,-10.604739,-7.851297,0.000e+00
DeepSets,ch4t-test-000288,9,2.186910,0.516003,1.037523,0.431383,-3.576255,-7.748074,0.000e+00
DeepSets,ch4t-test-000289,7,1.687254,0.244198,0.417394,0.906537,-4.515794,-7.771177,4.441e-16
DeepSets,ch4t-test-000290,5,3.682116,-0.444781,1.239669,0.376231,-2.735109,-7.588344,8.882e-16
DeepSets,ch4t-test-000291,9,2.028093,0.698826,0.299836,0.716131,-4.238058,-7.980944,0.000e+00
DeepSets,ch4t-test-000292,7,1.783696,1.030884,0.691071,0.425229,-3.961873,-7.892753,0.000e+00
DeepSets,ch4t-test-000293,7,-0.084734,1.453465,-0.154203,0.296874,-6.522182,-8.033584,2.220e-16
DeepSets,ch4t-test-000294,11,2.488411,-0.035452,0.215586,0.578902,-4.702064,-7.949511,0.000e+00
DeepSets,ch4t-test-000295,9,2.715942,-0.849094,1.185464,0.653875,-4.108203,-7.814389,0.000e+00
DeepSets,ch4t-test-000296,5,0.210455,0.000287,0.541627,-0.557547,-8.659850,-8.854672,0.000e+00
DeepSets,ch4t-test-000297,6,2.302610,-0.261576,0.741721,-0.022319,-4.962463,-7.722899,4.441e-16
DeepSets,ch4t-test-000298,12,0.575077,-1.752467,1.260102,-0.165499,-7.805824,-7.723037,0.000e+00
DeepSets,ch4t-test-000299,12,2.257140,0.843551,0.284438,0.557202,-3.838342,-7.780674,0.000e+00
DeepSets,ch4t-test-000300,9,2.197699,0.733890,0.207621,0.195163,-4.567794,-7.902166,0.000e+00
DeepSets,ch4t-test-000301,6,1.083471,0.861729,0.251170,0.616615,-5.336501,-8.149486,0.000e+00
DeepSets,ch4t-test-000302,10,-0.071330,0.762091,-0.157402,0.068621,-6.871501,-7.473481,0.000e+00
DeepSets,ch4t-test-000303,5,1.602869,-0.351303,0.855977,-0.106897,-5.693383,-7.694028,4.441e-16
DeepSets,ch4t-test-000304,7,0.233819,-0.536502,0.355763,0.118593,-8.121700,-8.293373,8.327e-17
DeepSets,ch4t-test-000305,11,2.472457,0.271508,0.620692,0.873144,-4.002398,-8.240199,0.000e+00
DeepSets,ch4t-test-000306,9,2.796183,-0.764364,1.387408,0.547797,-3.857130,-7.824153,4.441e-16
DeepSets,ch4t-test-000307,10,1.833901,0.540163,0.476822,0.436711,-4.914290,-8.201887,0.000e+00
DeepSets,ch4t-test-000308,9,-0.163332,-1.059341,0.314906,-0.033596,-9.086835,-8.145472,0.000e+00
DeepSets,ch4t-test-000309,4,3.240501,-0.808732,2.181974,0.004205,-3.422701,-8.040649,8.882e-16
DeepSets,ch4t-test-000310,9,3.916734,0.607631,0.332886,0.819131,-2.220903,-7.897286,8.882e-16
DeepSets,ch4t-test-000311,7,2.319161,-0.403274,1.367463,0.181275,-4.811877,-8.276503,0.000e+00
DeepSets,ch4t-test-000312,7,1.667024,-0.543988,1.041742,-0.159517,-6.277617,-8.282879,0.000e+00
DeepSets,ch4t-test-000313,11,1.449314,-1.642913,1.003042,0.422561,-6.887413,-8.119416,4.441e-16
DeepSets,ch4t-test-000314,11,1.171045,0.577275,0.138757,0.572984,-5.600088,-8.060148,0.000e+00
DeepSets,ch4t-test-000315,10,2.039693,-1.091978,1.691926,0.290581,-5.135560,-8.065782,0.000e+00
DeepSets,ch4t-test-000316,11,2.501102,0.735626,0.646636,0.563561,-3.395315,-7.842240,0.000e+00
DeepSets,ch4t-test-000317,7,1.850143,0.057163,0.575463,0.965968,-4.383381,-7.832118,0.000e+00
DeepSets,ch4t-test-000318,5,0.088374,-0.904413,0.926990,-0.800872,-9.088895,-8.398973,0.000e+00
DeepSets,ch4t-test-000319,4,-0.119984,-0.667666,1.308618,-1.150091,-9.617389,-8.988266,1.110e-16
DeepSets,ch4t-test-000320,10,-0.124670,-0.152457,0.252323,-0.038638,-8.268673,-8.205231,1.388e-17
DeepSets,ch4t-test-000321,8,-0.129667,0.991383,-0.393557,-0.013882,-7.681332,-8.135608,5.551e-17
DeepSets,ch4t-test-000322,11,3.699401,-0.686987,-0.837421,-0.080081,-5.908645,-8.003558,4.441e-16
DeepSets,ch4t-test-000323,6,1.074398,0.136278,0.724030,-0.458530,-6.371725,-7.847901,2.220e-16
DeepSets,ch4t-test-000324,10,-0.327976,-0.452104,0.661927,0.119752,-7.827956,-7.829555,1.249e-16
DeepSets,ch4t-test-000325,6,5.264225,-0.887992,-1.354784,0.455661,-4.912072,-8.389182,4.441e-16
DeepSets,ch4t-test-000326,7,1.630511,-1.102938,0.283800,0.446076,-6.892261,-8.149710,0.000e+00
DeepSets,ch4t-test-000327,4,1.690094,0.094641,1.207264,0.067905,-4.602283,-7.662188,0.000e+00
DeepSets,ch4t-test-000328,11,1.052838,0.530097,0.753773,-0.330085,-6.031637,-8.038260,4.441e-16
DeepSets,ch4t-test-000329,5,1.247628,-1.206086,1.823841,-0.324338,-6.381364,-7.922409,0.000e+00
DeepSets,ch4t-test-000330,5,1.014645,-0.854999,1.217993,-0.911280,-7.183083,-7.649442,0.000e+00
DeepSets,ch4t-test-000331,6,2.325278,-0.298627,0.136094,0.292766,-5.805666,-8.261177,0.000e+00
DeepSets,ch4t-test-000332,5,1.997308,0.614103,0.420386,0.644741,-3.927212,-7.603751,4.441e-16
DeepSets,ch4t-test-000333,11,4.860583,-0.688800,0.193224,0.483237,-3.184121,-8.032365,8.882e-16
DeepSets,ch4t-test-000334,4,-0.003123,0.880226,-0.034883,0.036077,-7.738332,-8.616628,0.000e+00
DeepSets,ch4t-test-000335,4,0.863558,-0.894434,0.998167,0.427943,-7.018943,-8.414177,0.000e+00
DeepSets,ch4t-test-000336,11,0.450819,0.791966,0.084411,0.228810,-6.418715,-7.974722,0.000e+00
DeepSets,ch4t-test-000337,8,2.479624,0.175722,0.684226,0.807115,-3.968165,-8.114851,0.000e+00
DeepSets,ch4t-test-000338,6,3.083196,-0.901941,1.401618,0.371244,-3.623818,-7.577936,8.882e-16
DeepSets,ch4t-test-000339,11,1.462330,1.231354,0.288997,0.601534,-4.576668,-8.160884,0.000e+00
DeepSets,ch4t-test-000340,10,0.746845,0.106115,0.637283,0.634850,-5.829587,-7.954679,4.441e-16
DeepSets,ch4t-test-000341,11,3.065041,-0.522518,0.489983,-0.014443,-5.190291,-8.208355,8.882e-16
DeepSets,ch4t-test-000342,4,-0.031794,0.894255,-0.243989,-0.011272,-7.096992,-7.704190,1.110e-16
DeepSets,ch4t-test-000343,11,1.166021,-0.701933,1.099033,-0.317250,-6.499605,-7.745476,0.000e+00
DeepSets,ch4t-test-000344,8,5.546011,-0.664043,-2.015108,2.000879,-3.330926,-8.198665,0.000e+00
DeepSets,ch4t-test-000345,4,0.041569,0.338076,-0.149349,0.118822,-8.001058,-8.350176,0.000e+00
DeepSets,ch4t-test-000346,11,1.989546,-0.318490,0.086606,0.720458,-5.327119,-7.805239,0.000e+00
DeepSets,ch4t-test-000347,8,1.669535,0.899844,0.139382,0.798916,-4.666383,-8.174060,0.000e+00
DeepSets,ch4t-test-000348,6,0.628543,0.277136,0.332310,0.208382,-6.751294,-8.197665,2.220e-16
DeepSets,ch4t-test-000349,12,2.586564,0.486839,0.375438,0.295852,-4.089489,-7.834181,4.441e-16
DeepSets,ch4t-test-000350,11,0.452770,1.849517,0.393800,0.529072,-4.919377,-8.144535,0.000e+00
DeepSets,ch4t-test-000351,6,1.513582,0.401319,0.409483,0.763691,-4.963620,-8.051696,4.441e-16
DeepSets,ch4t-test-000352,6,0.712032,0.597495,0.477546,-0.285705,-6.661463,-8.162832,2.220e-16
DeepSets,ch4t-test-000353,5,-0.226187,1.234418,-0.412055,0.342386,-7.355381,-8.293943,0.000e+00
DeepSets,ch4t-test-000354,9,1.315966,0.501525,0.494994,0.424327,-5.539473,-8.276284,0.000e+00
DeepSets,ch4t-test-000355,8,1.541086,0.504421,0.533729,0.859519,-4.444042,-7.882798,0.000e+00
DeepSets,ch4t-test-000356,8,-0.727746,0.704331,-0.451921,-0.046190,-8.238117,-7.716591,1.110e-16
DeepSets,ch4t-test-000357,9,0.293579,-1.552187,0.358546,-0.216631,-8.627394,-7.510700,2.220e-16
DeepSets,ch4t-test-000358,4,-0.106661,0.432710,-0.165297,0.165832,-7.832805,-8.159389,1.110e-16
DeepSets,ch4t-test-000359,5,1.289627,-0.535911,1.108579,-0.024374,-6.383211,-8.221133,2.220e-16
DeepSets,ch4t-test-000360,11,1.039937,0.867287,0.210608,0.841764,-5.238710,-8.198306,0.000e+00
DeepSets,ch4t-test-000361,6,0.128308,-1.357351,0.520856,-0.149444,-8.739866,-7.882236,0.000e+00
DeepSets,ch4t-test-000362,10,2.081465,-0.789821,1.202716,0.237177,-5.299498,-8.031034,4.441e-16
DeepSets,ch4t-test-000363,11,1.366001,0.728491,0.432166,0.423624,-5.394294,-8.344575,0.000e+00
DeepSets,ch4t-test-000364,11,0.603223,-0.241084,0.957451,-0.640292,-7.460185,-8.139483,0.000e+00
DeepSets,ch4t-test-000365,11,-0.108057,0.261798,0.261166,-0.151592,-7.605431,-7.868745,0.000e+00
DeepSets,ch4t-test-000366,10,0.362961,-0.466653,1.248915,-0.385472,-7.214930,-7.974680,2.220e-16
DeepSets,ch4t-test-000367,7,1.144596,1.105982,0.982839,0.541578,-4.420377,-8.195372,0.000e+00
DeepSets,ch4t-test-000368,7,5.483684,-0.875894,-2.009630,1.157857,-4.382675,-8.138692,4.441e-16
DeepSets,ch4t-test-000369,11,1.795058,-0.786082,0.252470,0.489044,-6.445882,-8.196371,0.000e+00
DeepSets,ch4t-test-000370,4,2.254939,0.627385,0.093098,0.549217,-4.459296,-7.983935,4.441e-16
DeepSets,ch4t-test-000371,7,-0.012247,1.683489,-0.037295,-0.125087,-5.996036,-7.504896,0.000e+00
DeepSets,ch4t-test-000372,7,0.484661,0.393092,0.756590,0.054519,-6.520588,-8.209450,0.000e+00
DeepSets,ch4t-test-000373,6,4.283794,-0.396829,1.325303,0.232534,-2.580427,-8.025229,0.000e+00
DeepSets,ch4t-test-000374,10,4.858730,-0.526042,-1.117655,1.151911,-3.735324,-8.102267,8.882e-16
DeepSets,ch4t-test-000375,7,-0.137821,-0.281868,-0.246771,0.327849,-8.435028,-8.096417,5.551e-17
DeepSets,ch4t-test-000376,5,0.037556,0.644441,-0.234201,-0.208731,-7.839052,-8.078116,2.776e-17
DeepSets,ch4t-test-000377,8,3.260840,-0.706052,1.624782,0.265200,-3.514309,-7.959079,8.882e-16
DeepSets,ch4t-test-000378,4,-0.007941,1.127373,-0.029003,-0.429185,-7.121039,-7.782283,2.220e-16
DeepSets,ch4t-test-000379,5,4.548244,-1.435285,-1.573703,1.527137,-4.563192,-7.629585,4.441e-16
DeepSets,ch4t-test-000380,11,0.121146,1.125757,0.033996,-0.081371,-6.519113,-7.718642,0.000e+00
DeepSets,ch4t-test-000381,7,4.387527,-0.492840,-0.982576,1.469893,-3.528346,-7.910350,8.882e-16
DeepSets,ch4t-test-000382,12,-0.287924,1.916746,-0.353944,-0.190220,-6.728931,-7.813590,2.220e-16
DeepSets,ch4t-test-000383,10,0.887121,-0.502935,0.374127,0.222228,-6.907038,-7.887579,1.110e-16
DeepSets,ch4t-test-000384,10,1.767013,0.099541,1.009410,0.458590,-4.661316,-7.995871,4.441e-16
DeepSets,ch4t-test-000385,6,1.789184,0.747023,0.451398,0.127396,-4.165499,-7.280501,0.000e+00
DeepSets,ch4t-test-000386,9,2.329331,-0.712030,1.356518,0.300979,-4.666016,-7.940815,4.441e-16
DeepSets,ch4t-test-000387,8,-0.058324,0.644591,-0.088518,0.179342,-6.412319,-7.089410,0.000e+00
DeepSets,ch4t-test-000388,4,0.431222,0.846714,-0.062214,0.545863,-6.195628,-7.957212,2.220e-16
DeepSets,ch4t-test-000389,7,3.268319,-0.435070,0.916404,0.536920,-3.651357,-7.937930,8.882e-16
DeepSets,ch4t-test-000390,6,-0.003083,-0.268750,0.748070,-0.351995,-7.630201,-7.754443,0.000e+00
DeepSets,ch4t-test-000391,10,-0.062348,-0.680786,0.894731,-0.123416,-8.060044,-8.088224,1.527e-16
DeepSets,ch4t-test-000392,5,1.013336,-0.028387,0.579619,0.047868,-6.006764,-7.619200,2.220e-16
DeepSets,ch4t-test-000393,8,1.020476,0.663698,0.478634,0.311883,-5.275417,-7.750109,0.000e+00
DeepSets,ch4t-test-000394,10,-0.061390,-0.197422,0.580202,0.117718,-7.706421,-8.145530,0.000e+00
DeepSets,ch4t-test-000395,8,-0.006679,0.760741,0.000121,0.098711,-7.132615,-7.985509,0.000e+00
DeepSets,ch4t-test-000396,8,5.905517,-1.741159,-0.786826,0.714046,-3.660918,-7.752496,8.882e-16
DeepSets,ch4t-test-000397,8,2.074894,-0.800203,1.649583,0.201980,-4.741136,-7.867389,4.441e-16
DeepSets,ch4t-test-000398,7,-0.086902,0.966045,-0.233261,0.360398,-6.792794,-7.799073,0.000e+00
DeepSets,ch4t-test-000399,7,5.697166,-1.052425,-1.546931,1.190841,-3.447720,-7.736372,8.882e-16
DeepSets,ch4t-test-000400,7,1.411395,0.515704,0.932935,0.321066,-5.135444,-8.316544,0.000e+00
DeepSets,ch4t-test-000401,5,0.756402,1.001782,0.206181,-0.363395,-6.307508,-7.908478,0.000e+00
DeepSets,ch4t-test-000402,12,0.518991,-1.195465,1.413640,-0.368750,-7.469889,-7.838305,3.331e-16
DeepSets,ch4t-test-000403,9,1.375059,1.085740,0.143600,0.616743,-4.506026,-7.727168,0.000e+00
DeepSets,ch4t-test-000404,10,4.231107,0.492485,0.204183,0.622971,-2.337544,-7.888290,0.000e+00
DeepSets,ch4t-test-000405,11,0.089650,-0.144007,0.266258,-0.178294,-8.103306,-8.136913,5.551e-17
DeepSets,ch4t-test-000406,7,5.106991,-1.685963,-0.885618,0.679518,-4.743990,-7.958917,8.882e-16
DeepSets,ch4t-test-000407,7,1.349083,-0.036696,1.018431,-0.048100,-5.618878,-7.901596,0.000e+00
DeepSets,ch4t-test-000408,4,1.546888,-0.170643,0.117844,0.675255,-5.967654,-8.136997,0.000e+00
DeepSets,ch4t-test-000409,6,-0.295790,-1.355435,1.006087,-0.242428,-8.580183,-7.692616,2.220e-16
DeepSets,ch4t-test-000410,7,1.765196,-0.726718,1.151207,0.644204,-5.214004,-8.047893,0.000e+00
DeepSets,ch4t-test-000411,10,1.516271,0.832604,0.669960,0.608598,-4.131668,-7.759101,0.000e+00
DeepSets,ch4t-test-000412,11,2.978269,0.003296,0.971416,0.554999,-2.863388,-7.371368,8.882e-16
DeepSets,ch4t-test-000413,9,0.535998,0.819694,1.178644,0.151518,-5.396323,-8.082178,0.000e+00
DeepSets,ch4t-test-000414,4,1.376871,-0.053398,0.762995,0.923303,-4.870461,-7.880232,0.000e+00
DeepSets,ch4t-test-000415,5,-0.007942,0.186294,0.025339,0.079062,-7.463986,-7.746738,0.000e+00
DeepSets,ch4t-test-000416,5,-1.563301,-2.462416,-0.187086,0.747048,-11.580036,-8.114280,0.000e+00
DeepSets,ch4t-test-000417,11,0.896523,0.464461,0.558323,0.495004,-6.029669,-8.443982,0.000e+00
DeepSets,ch4t-test-000418,10,0.050685,0.926717,-0.127647,0.156183,-7.210868,-8.216807,0.000e+00
DeepSets,ch4t-test-000419,9,3.879239,-0.325803,1.512023,-0.055631,-2.730145,-7.739973,0.000e+00
DeepSets,ch4t-test-000420,5,1.798387,-0.087788,0.329772,0.351005,-5.525953,-7.917329,4.441e-16
DeepSets,ch4t-test-000421,4,-0.770086,-0.386862,0.878558,-1.108852,-9.295059,-7.907817,0.000e+00
DeepSets,ch4t-test-000422,12,4.420602,-0.778144,-0.388120,1.126425,-3.332034,-7.712797,8.882e-16
DeepSets,ch4t-test-000423,8,4.014170,0.134266,-1.159776,0.994712,-3.706831,-7.690204,8.882e-16
DeepSets,ch4t-test-000424,8,-0.269733,0.557626,-0.010283,0.096930,-6.791771,-7.166310,5.551e-17
DeepSets,ch4t-test-000425,7,4.944466,-1.026096,-0.164032,0.783001,-3.527055,-8.064393,0.000e+00
DeepSets,ch4t-test-000426,11,0.511660,0.336541,0.646042,0.083382,-6.102858,-7.680482,2.220e-16
DeepSets,ch4t-test-000427,4,-0.382334,-1.164125,0.173701,-0.013373,-9.096516,-7.710384,0.000e+00
DeepSets,ch4t-test-000428,10,5.526950,-1.664396,-1.585555,1.087391,-4.310359,-7.674749,4.441e-16
DeepSets,ch4t-test-000429,12,-0.047445,1.075104,0.156446,0.022497,-6.721153,-7.927754,2.220e-16
DeepSets,ch4t-test-000430,9,2.185024,-0.094629,0.782943,1.303867,-3.935861,-8.113066,0.000e+00
DeepSets,ch4t-test-000431,9,1.220700,-1.684128,3.113635,0.332084,-5.307604,-8.289895,4.441e-16
DeepSets,ch4t-test-000432,4,0.491629,-0.580954,0.708341,0.159579,-6.846627,-7.625223,0.000e+00
DeepSets,ch4t-test-000433,12,-0.029803,0.910453,0.115890,-0.193914,-7.096655,-7.899281,0.000e+00
DeepSets,ch4t-test-000434,10,2.086800,-0.572310,1.222949,0.622069,-4.460504,-7.820012,0.000e+00
DeepSets,ch4t-test-000435,10,1.527428,-0.117374,1.378607,-0.372169,-5.485791,-7.902282,0.000e+00
DeepSets,ch4t-test-000436,10,2.516677,-0.253115,0.175127,0.726638,-4.549818,-7.715145,0.000e+00
DeepSets,ch4t-test-000437,7,1.065812,0.034650,0.516825,0.667546,-6.124287,-8.409120,0.000e+00
DeepSets,ch4t-test-000438,8,1.682274,1.058365,0.820785,0.567792,-3.489329,-7.618544,0.000e+00
DeepSets,ch4t-test-000439,4,-0.136612,-0.016670,-0.006563,0.118002,-8.034916,-7.993073,0.000e+00
DeepSets,ch4t-test-000440,7,2.467180,-0.193566,1.467660,0.365352,-3.881708,-7.988335,0.000e+00
DeepSets,ch4t-test-000441,6,1.229817,0.963907,-0.135346,0.757955,-5.568827,-8.385161,0.000e+00
DeepSets,ch4t-test-000442,6,1.414787,0.365637,0.701217,0.321834,-4.952996,-7.756470,0.000e+00
DeepSets,ch4t-test-000443,10,-0.153059,0.998318,-0.278963,0.189106,-6.767803,-7.523204,0.000e+00
DeepSets,ch4t-test-000444,11,3.749886,0.479436,-0.022615,0.356646,-3.470811,-8.034164,0.000e+00
DeepSets,ch4t-test-000445,11,-0.018020,0.941165,-0.115853,-0.083928,-7.263603,-7.986968,0.000e+00
DeepSets,ch4t-test-000446,12,1.685219,-0.165238,0.996125,1.083355,-4.324797,-7.924257,4.441e-16
DeepSets,ch4t-test-000447,10,4.676280,0.102617,-0.080057,0.697212,-2.847735,-8.243787,8.882e-16
DeepSets,ch4t-test-000448,12,1.527140,0.742813,0.317033,0.467448,-5.177929,-8.232364,0.000e+00
DeepSets,ch4t-test-000449,12,1.373973,0.561683,1.137117,0.152916,-4.692781,-7.918470,0.000e+00
DeepSets,ch4t-test-000450,10,1.259015,0.612057,0.831127,0.579373,-4.206489,-7.488061,0.000e+00
DeepSets,ch4t-test-000451,7,-0.046775,1.144762,0.011350,0.192828,-6.632389,-7.934555,0.000e+00
DeepSets,ch4t-test-000452,8,3.314158,-0.454785,1.473484,0.061864,-3.710487,-8.105209,0.000e+00
DeepSets,ch4t-test-000453,6,1.289697,-0.242775,0.937304,-0.631413,-6.046092,-7.398905,2.220e-16
DeepSets,ch4t-test-000454,5,0.002739,0.008967,0.034491,0.069581,-7.565821,-7.681600,0.000e+00
DeepSets,ch4t-test-000455,8,2.795981,-0.424436,1.251771,0.554758,-3.939001,-8.117075,8.882e-16
DeepSets,ch4t-test-000456,8,1.792565,-0.206181,0.175838,0.394895,-6.089192,-8.246309,0.000e+00
DeepSets,ch4t-test-000457,10,2.957007,-0.013442,1.325183,0.673230,-3.213943,-8.155921,8.882e-16
DeepSets,ch4t-test-000458,6,3.119291,0.318412,0.318480,0.675270,-3.497395,-7.928847,0.000e+00
DeepSets,ch4t-test-000459,12,3.544671,-1.105512,0.678833,0.343193,-4.408182,-7.869367,0.000e+00
DeepSets,ch4t-test-000460,8,1.575516,-0.099207,0.056752,0.630972,-5.322296,-7.486329,0.000e+00
DeepSets,ch4t-test-000461,12,2.192388,0.348942,0.963649,0.740669,-3.489331,-7.734977,8.882e-16
DeepSets,ch4t-test-000462,11,2.173005,-0.491087,1.208645,0.926242,-4.052026,-7.868831,4.441e-16
DeepSets,ch4t-test-000463,5,0.195570,0.181380,0.327900,0.375249,-6.950986,-8.031085,2.220e-16
DeepSets,ch4t-test-000464,5,-0.114090,1.068819,-0.184345,-0.120299,-8.253874,-8.903961,1.110e-16
DeepSets,ch4t-test-000465,4,1.024671,0.750614,0.607456,0.592065,-4.927973,-7.902779,0.000e+00
DeepSets,ch4t-test-000466,5,5.736893,-1.583075,-2.469721,0.963755,-5.308491,-7.956341,0.000e+00
DeepSets,ch4t-test-000467,5,1.669695,-0.421718,0.610884,0.585978,-5.115984,-7.560821,0.000e+00
DeepSets,ch4t-test-000468,12,1.475553,0.620643,1.049818,0.952248,-3.864688,-7.962950,0.000e+00
DeepSets,ch4t-test-000469,6,-0.270190,1.357481,-0.047347,-0.140763,-6.681446,-7.580628,0.000e+00
DeepSets,ch4t-test-000470,4,1.519618,1.138278,-0.196151,-0.662004,-6.972201,-8.771941,0.000e+00
DeepSets,ch4t-test-000471,6,1.526580,0.574129,0.747171,0.024805,-4.881752,-7.754436,4.441e-16
DeepSets,ch4t-test-000472,12,-0.034278,1.053142,-0.327119,0.099800,-6.636620,-7.428164,2.220e-16
DeepSets,ch4t-test-000473,11,2.270757,0.313077,0.878733,0.508083,-3.681529,-7.652178,0.000e+00
DeepSets,ch4t-test-000474,9,1.514337,0.874633,0.392410,0.645927,-4.561469,-7.988776,4.441e-16
DeepSets,ch4t-test-000475,10,2.163321,1.122048,0.513950,0.603517,-3.607038,-8.009873,8.882e-16
DeepSets,ch4t-test-000476,7,4.361955,-0.956979,0.070268,0.740177,-3.299669,-7.515090,8.882e-16
DeepSets,ch4t-test-000477,12,0.026832,1.453903,-0.110365,-0.114461,-6.682283,-7.938191,2.220e-16
DeepSets,ch4t-test-000478,5,3.620760,0.006616,-1.148050,0.335373,-5.043671,-7.858371,8.882e-16
DeepSets,ch4t-test-000479,12,0.262991,-0.101612,0.738423,-0.249403,-7.350226,-8.000624,1.110e-16
DeepSets,ch4t-test-000480,4,-0.166834,1.160066,-0.228038,0.216246,-6.598336,-7.579775,2.220e-16
DeepSets,ch4t-test-000481,10,5.278043,-0.376131,-1.686863,1.573726,-3.002279,-7.791055,8.882e-16
DeepSets,ch4t-test-000482,4,-0.008390,-0.090073,-0.020142,0.214536,-8.564758,-8.660688,4.163e-17
DeepSets,ch4t-test-000483,11,4.507689,-0.485494,-0.258694,0.498767,-3.161903,-7.424170,8.882e-16
DeepSets,ch4t-test-000484,8,-0.166243,1.427672,0.137355,0.025497,-6.472554,-7.896835,0.000e+00
DeepSets,ch4t-test-000485,8,1.276702,0.171469,1.129938,-0.119973,-5.228730,-7.686866,0.000e+00
DeepSets,ch4t-test-000486,12,2.588285,0.784873,0.867547,0.446927,-3.314852,-8.002484,0.000e+00
DeepSets,ch4t-test-000487,4,-0.565452,-1.365924,0.850934,-0.866137,-10.321425,-8.374846,0.000e+00
DeepSets,ch4t-test-000488,4,1.287753,-0.397390,1.407555,-0.400866,-6.163402,-8.060454,0.000e+00
DeepSets,ch4t-test-000489,12,1.680977,0.345179,0.813658,0.047473,-5.403573,-8.290860,0.000e+00
DeepSets,ch4t-test-000490,7,1.108681,0.050837,0.991535,0.489266,-5.698816,-8.339135,4.441e-16
DeepSets,ch4t-test-000491,9,3.322068,-0.357207,1.132279,0.069696,-3.603877,-7.770714,0.000e+00
DeepSets,ch4t-test-000492,10,0.179520,-0.405727,0.054003,-0.121795,-8.254656,-7.960657,0.000e+00
DeepSets,ch4t-test-000493,8,1.842760,1.076159,0.644816,0.548181,-3.492172,-7.604089,0.000e+00
DeepSets,ch4t-test-000494,8,1.938952,-0.265435,1.338931,0.352459,-4.599495,-7.964402,4.441e-16
DeepSets,ch4t-test-000495,5,1.584496,0.698074,0.374474,0.613811,-5.086726,-8.357582,0.000e+00
DeepSets,ch4t-test-000496,10,3.774787,-0.244653,0.757300,0.180730,-3.310085,-7.778249,8.882e-16
DeepSets,ch4t-test-000497,10,5.886232,-1.423512,-1.393216,0.599199,-3.887954,-7.556657,0.000e+00
DeepSets,ch4t-test-000498,9,4.539744,-0.927176,0.649376,0.088929,-3.933835,-8.284708,8.882e-16
DeepSets,ch4t-test-000499,11,0.598599,0.711772,1.206159,0.046904,-5.515318,-8.078752,0.000e+00
DeepSets,ch4t-test-000500,11,3.957879,-0.841201,-1.741964,0.987911,-5.696650,-8.059273,4.441e-16
DeepSets,ch4t-test-000501,4,0.800832,0.446414,0.482737,0.652013,-5.686643,-8.068639,0.000e+00
DeepSets,ch4t-test-000502,5,0.893265,0.390262,0.202062,0.197030,-6.036139,-7.718757,0.000e+00
DeepSets,ch4t-test-000503,10,0.196217,-0.916689,0.329967,-0.148957,-8.284480,-7.745018,2.220e-16
DeepSets,ch4t-test-000504,10,1.246942,0.358691,0.195004,0.370010,-5.787476,-7.958122,4.441e-16
DeepSets,ch4t-test-000505,12,-0.177527,1.882196,-0.346066,0.439986,-6.558201,-8.356790,0.000e+00
DeepSets,ch4t-test-000506,11,0.832100,-0.063353,1.563387,0.493607,-5.212662,-8.038404,0.000e+00
DeepSets,ch4t-test-000507,8,1.991464,0.777351,0.418368,0.772750,-3.592729,-7.552660,0.000e+00
DeepSets,ch4t-test-000508,4,3.532865,-0.768855,0.296193,0.450534,-4.378034,-7.888772,4.441e-16
DeepSets,ch4t-test-000509,7,0.248573,-0.309053,0.680745,-0.238023,-7.696046,-8.078289,1.110e-16
DeepSets,ch4t-test-000510,12,-0.081593,0.836451,0.050487,-0.157926,-7.028420,-7.675839,1.110e-16
DeepSets,ch4t-test-000511,12,2.059401,0.152886,1.155201,0.298856,-3.866089,-7.532434,0.000e+00
DeepSets,ch4t-test-000512,11,1.979231,0.108772,0.573254,0.516433,-4.786713,-7.964402,0.000e+00
DeepSets,ch4t-test-000513,12,-0.204238,1.199577,-0.251811,0.393432,-6.564514,-7.701474,2.220e-16
DeepSets,ch4t-test-000514,11,0.672451,0.844329,0.156331,0.397001,-5.907134,-7.977246,0.000e+00
DeepSets,ch4t-test-000515,10,1.875335,0.014973,0.789768,0.968199,-4.239521,-7.887794,0.000e+00
DeepSets,ch4t-test-000516,8,5.132495,-0.251135,-1.288393,1.290561,-3.295214,-8.178743,8.882e-16
DeepSets,ch4t-test-000517,7,1.551595,0.324525,0.391794,-0.291988,-6.247638,-8.223563,4.441e-16
DeepSets,ch4t-test-000518,4,1.617194,-1.144891,1.084139,-0.294921,-6.792303,-8.053825,0.000e+00
DeepSets,ch4t-test-000519,4,0.060386,1.025150,-0.001733,-0.109406,-7.162984,-8.137380,0.000e+00
DeepSets,ch4t-test-000520,5,-0.063965,0.486238,0.067956,0.088668,-7.189754,-7.768651,0.000e+00
DeepSets,ch4t-test-000521,9,-0.030362,0.108115,0.060134,-0.115631,-7.648361,-7.670617,0.000e+00
DeepSets,ch4t-test-000522,10,0.909132,-1.532004,2.160616,0.156852,-6.346022,-8.040618,4.441e-16
DeepSets,ch4t-test-000523,12,2.038475,-0.072532,1.442875,0.193740,-4.276502,-7.879060,0.000e+00
DeepSets,ch4t-test-000524,4,-0.105530,0.777362,-0.172224,0.261971,-7.025978,-7.787558,0.000e+00
DeepSets,ch4t-test-000525,8,0.824438,0.296705,0.086656,0.315955,-6.655725,-8.179479,2.220e-16
DeepSets,ch4t-test-000526,4,-0.044915,0.264456,-0.050862,0.092266,-8.157750,-8.418696,5.551e-17
DeepSets,ch4t-test-000527,6,1.131312,-0.451924,0.421071,0.276411,-7.241233,-8.618102,2.220e-16
DeepSets,ch4t-test-000528,8,-0.047141,0.656652,-0.249916,0.243959,-7.324587,-7.928141,0.000e+00
DeepSets,ch4t-test-000529,12,-0.034904,-0.315937,0.040796,0.029315,-8.312112,-8.031382,0.000e+00
DeepSets,ch4t-test-000530,7,1.774826,-0.361520,1.465764,-0.050592,-4.942987,-7.771465,8.882e-16
DeepSets,ch4t-test-000531,5,-0.427461,1.306498,-0.643311,0.298279,-7.578730,-8.112734,0.000e+00
DeepSets,ch4t-test-000532,11,4.989183,-0.510425,-1.034791,1.320411,-2.775075,-7.539454,0.000e+00
DeepSets,ch4t-test-000533,6,1.169544,0.333676,0.816366,-0.070386,-6.048640,-8.297841,0.000e+00
DeepSets,ch4t-test-000534,9,3.746236,0.359362,0.295543,0.116469,-2.981968,-7.499578,0.000e+00
DeepSets,ch4t-test-000535,7,-0.218209,0.795963,-0.268696,0.251059,-7.383211,-7.943328,1.110e-16
DeepSets,ch4t-test-000536,6,5.640166,-1.471982,-1.497364,0.562405,-4.697147,-7.930371,4.441e-16
DeepSets,ch4t-test-000537,9,2.837498,-0.138669,-0.938615,1.157598,-5.032669,-7.950481,0.000e+00
DeepSets,ch4t-test-000538,6,1.977098,0.471761,0.763197,0.235501,-4.585710,-8.033267,0.000e+00
DeepSets,ch4t-test-000539,12,2.242325,0.709070,0.885232,0.513263,-3.385856,-7.735746,0.000e+00
DeepSets,ch4t-test-000540,7,5.490450,-1.327215,-0.631434,1.391521,-3.131312,-8.054634,0.000e+00
DeepSets,ch4t-test-000541,11,3.108569,0.517773,0.362624,-0.225426,-4.223646,-7.987186,4.441e-16
DeepSets,ch4t-test-000542,8,3.127242,-0.502815,-0.682078,1.663050,-4.242979,-7.848377,8.882e-16
DeepSets,ch4t-test-000543,8,0.686191,-1.251993,3.497756,-0.188821,-5.247195,-7.990328,4.441e-16
DeepSets,ch4t-test-000544,11,0.709971,0.223944,0.603368,-0.118132,-6.342673,-7.761823,0.000e+00
DeepSets,ch4t-test-000545,5,1.220989,0.807979,0.839715,-0.009180,-4.465348,-7.324850,0.000e+00
DeepSets,ch4t-test-000546,9,2.257469,0.046848,0.615955,0.012991,-5.015605,-7.948868,4.441e-16
DeepSets,ch4t-test-000547,12,1.368467,0.443715,0.593753,0.728000,-5.091260,-8.225196,0.000e+00
DeepSets,ch4t-test-000548,4,1.746565,-0.816657,1.377598,0.679126,-4.583591,-7.570223,0.000e+00
DeepSets,ch4t-test-000549,4,-0.033216,0.063810,-0.068966,-0.061643,-7.884240,-7.784225,0.000e+00
DeepSets,ch4t-test-000550,6,-0.081583,1.020522,-0.085300,0.100666,-7.070242,-8.024547,0.000e+00
DeepSets,ch4t-test-000551,11,1.448634,0.569628,0.518757,0.485608,-5.004360,-8.026987,0.000e+00
DeepSets,ch4t-test-000552,11,1.886311,-0.394742,0.860130,0.554797,-4.936133,-7.842630,4.441e-16
DeepSets,ch4t-test-000553,6,1.956737,0.232362,0.766331,1.001379,-4.622254,-8.579063,0.000e+00
DeepSets,ch4t-test-000554,7,2.450502,0.247305,1.168457,-0.011945,-4.672081,-8.526400,4.441e-16
DeepSets,ch4t-test-000555,8,-0.011989,1.624562,-0.127425,0.037964,-6.295959,-7.819071,4.441e-16
DeepSets,ch4t-test-000556,4,0.148687,-1.214748,0.505597,-0.456430,-8.615789,-7.598896,0.000e+00
DeepSets,ch4t-test-000557,11,-0.513005,-0.097485,0.740145,-0.756056,-8.438839,-7.812438,0.000e+00
DeepSets,ch4t-test-000558,4,0.253144,0.017137,0.209712,-0.197446,-7.807537,-8.090083,1.110e-16
DeepSets,ch4t-test-000559,11,2.044186,-0.880795,0.998767,0.408546,-5.159627,-7.730331,4.441e-16
DeepSets,ch4t-test-000560,9,-0.077880,0.942961,-0.140370,0.406097,-7.072743,-8.203551,0.000e+00
DeepSets,ch4t-test-000561,7,0.671937,0.396759,-0.087035,-0.816586,-7.967108,-8.132183,1.110e-16
DeepSets,ch4t-test-000562,4,2.758396,-0.129917,0.217080,0.213339,-4.822597,-7.881495,4.441e-16
DeepSets,ch4t-test-000563,8,0.948982,-1.387997,1.153781,0.639774,-6.466340,-7.820879,2.220e-16
DeepSets,ch4t-test-000564,6,0.331365,-0.968294,1.379712,-0.370843,-7.714338,-8.086279,1.110e-16
DeepSets,ch4t-test-000565,5,2.664852,-0.289822,1.238020,0.769718,-3.793821,-8.176589,8.882e-16
DeepSets,ch4t-test-000566,12,0.432811,0.585031,0.524300,0.019097,-5.986964,-7.548205,0.000e+00
DeepSets,ch4t-test-000567,7,4.873416,-1.338236,-0.560120,1.802251,-3.233510,-8.010822,8.882e-16
DeepSets,ch4t-test-000568,8,-0.247689,-0.203912,0.247415,0.199773,-8.259250,-8.254837,2.776e-17
DeepSets,ch4t-test-000569,12,1.850346,0.448749,0.775743,0.301277,-4.543790,-7.919906,0.000e+00
DeepSets,ch4t-test-000570,9,0.152369,0.281392,0.595756,-0.601543,-6.796245,-7.224219,0.000e+00
DeepSets,ch4t-test-000571,11,0.523886,-1.121042,1.251065,-0.389525,-7.517046,-7.781430,2.220e-16
DeepSets,ch4t-test-000572,11,1.224878,-0.475373,1.511364,0.198745,-5.024647,-7.484260,4.441e-16
DeepSets,ch4t-test-000573,6,-0.490245,-1.308495,0.199885,0.120156,-9.473536,-7.994837,2.220e-16
DeepSets,ch4t-test-000574,12,1.506451,-0.720451,1.542267,0.004891,-5.743563,-8.076722,0.000e+00
DeepSets,ch4t-test-000575,4,0.699256,-1.346775,1.351612,-0.593532,-7.834864,-7.945426,0.000e+00
DeepSets,ch4t-test-000576,5,-0.118678,0.193670,0.040672,0.092635,-7.722274,-7.930574,0.000e+00
DeepSets,ch4t-test-000577,8,1.557996,0.257560,1.279917,0.579142,-4.527751,-8.202365,0.000e+00
DeepSets,ch4t-test-000578,5,-0.066195,0.895139,-0.094708,-0.171744,-7.731356,-8.293849,1.110e-16
DeepSets,ch4t-test-000579,4,0.021619,0.034158,-0.006069,0.050050,-7.547917,-7.647676,0.000e+00
DeepSets,ch4t-test-000580,8,4.166542,-0.056586,-0.785241,0.092890,-4.413966,-7.831571,4.441e-16
DeepSets,ch4t-test-000581,7,1.773405,0.633292,0.447489,0.808268,-4.106981,-7.769435,0.000e+00
DeepSets,ch4t-test-000582,12,-0.074553,1.933220,-0.107747,0.002582,-6.109912,-7.863414,0.000e+00
DeepSets,ch4t-test-000583,5,0.606158,0.304844,1.545795,-0.247147,-6.081276,-8.290927,4.441e-16
DeepSets,ch4t-test-000584,7,1.839018,-0.747827,1.244964,0.030766,-5.619739,-7.986659,0.000e+00
DeepSets,ch4t-test-000585,8,0.680668,0.234389,0.636020,0.505129,-6.301801,-8.358007,0.000e+00
DeepSets,ch4t-test-000586,12,1.617758,0.153374,0.960687,0.051428,-5.010132,-7.793379,0.000e+00
DeepSets,ch4t-test-000587,12,0.770239,1.864673,-0.461060,0.604308,-4.918827,-7.696985,0.000e+00
DeepSets,ch4t-test-000588,6,0.060550,0.480830,-0.162356,0.156180,-7.109430,-7.644634,0.000e+00
DeepSets,ch4t-test-000589,10,1.476193,-0.274445,1.193733,0.075462,-5.345043,-7.815987,0.000e+00
DeepSets,ch4t-test-000590,12,3.097472,0.025389,1.825557,-0.158719,-3.503809,-8.293508,0.000e+00
DeepSets,ch4t-test-000591,6,2.407446,-0.436173,0.641888,0.693071,-4.489355,-7.795587,4.441e-16
DeepSets,ch4t-test-000592,6,1.626120,0.371154,0.813195,0.347505,-4.545155,-7.703129,0.000e+00
DeepSets,ch4t-test-000593,8,1.692502,-0.640256,0.582812,-0.088212,-6.171558,-7.718405,2.220e-16
DeepSets,ch4t-test-000594,12,1.907587,-0.623836,1.163833,-0.107338,-5.908168,-8.248414,4.441e-16
DeepSets,ch4t-test-000595,8,2.326043,0.701038,0.439551,0.688785,-4.185204,-8.340622,0.000e+00
DeepSets,ch4t-test-000596,8,1.076574,1.127147,0.438926,0.405565,-4.782125,-7.830338,0.000e+00
DeepSets,ch4t-test-000597,5,0.115004,-0.376909,0.218740,0.020420,-8.167304,-8.144559,3.469e-18
DeepSets,ch4t-test-000598,7,1.265759,-1.146870,2.777793,0.011838,-4.679105,-7.587625,4.441e-16
DeepSets,ch4t-test-000599,4,0.553940,-0.685722,1.059892,0.054235,-6.992318,-7.974662,1.110e-16
DeepSets,ch4t-test-000600,10,2.848756,0.566211,0.159451,0.561548,-3.740915,-7.876881,0.000e+00
DeepSets,ch4t-test-000601,6,2.154149,0.551697,0.541405,0.685017,-3.755810,-7.688078,0.000e+00
DeepSets,ch4t-test-000602,5,0.381744,-0.359685,1.003523,-0.207199,-7.607965,-8.426348,3.331e-16
DeepSets,ch4t-test-000603,7,2.166615,-0.034887,0.527039,0.386340,-5.584847,-8.629954,0.000e+00
DeepSets,ch4t-test-000604,9,0.037171,0.644907,-0.033702,0.157783,-7.054004,-7.860163,0.000e+00
DeepSets,ch4t-test-000605,12,0.249943,-0.235049,0.530444,-0.165169,-7.797791,-8.177960,1.110e-16
DeepSets,ch4t-test-000606,6,3.563007,-0.931406,-1.181697,0.483542,-5.999137,-7.932584,4.441e-16
DeepSets,ch4t-test-000607,7,0.363801,-0.267319,0.628044,0.233181,-6.811817,-7.769524,0.000e+00
DeepSets,ch4t-test-000608,10,1.437994,0.297655,0.429940,0.506329,-5.010769,-7.682687,0.000e+00
DeepSets,ch4t-test-000609,12,1.265210,0.585186,0.900582,0.080840,-5.154356,-7.986174,8.882e-16
DeepSets,ch4t-test-000610,8,5.660691,-1.316044,-1.024278,1.326231,-3.302683,-7.949282,8.882e-16
DeepSets,ch4t-test-000611,7,0.966540,1.024964,0.413909,0.616104,-5.278564,-8.300082,0.000e+00
DeepSets,ch4t-test-000612,12,5.494568,-0.771891,-0.966564,1.433226,-3.105099,-8.294438,0.000e+00
DeepSets,ch4t-test-000613,10,0.000311,1.410031,-0.277168,0.299453,-6.656699,-8.089326,0.000e+00
DeepSets,ch4t-test-000614,6,0.690816,1.916283,1.179558,0.121736,-3.962355,-7.870748,4.441e-16
DeepSets,ch4t-test-000615,10,2.042526,-0.845052,0.911104,-0.317964,-6.462247,-8.252861,2.220e-16
DeepSets,ch4t-test-000616,8,2.286244,0.197849,1.346115,0.458247,-3.850254,-8.138709,8.882e-16
DeepSets,ch4t-test-000617,5,0.895527,-1.600708,1.727325,0.118269,-6.591917,-7.732330,0.000e+00
DeepSets,ch4t-test-000618,7,2.026008,-0.916695,1.661185,-0.434751,-5.851365,-8.187112,0.000e+00
DeepSets,ch4t-test-000619,5,-0.041907,0.588564,-0.094625,0.199955,-7.466325,-8.118313,0.000e+00
DeepSets,ch4t-test-000620,11,0.032961,0.556859,0.767286,-0.622885,-7.133059,-7.867281,0.000e+00
DeepSets,ch4t-test-000621,7,1.605538,-0.622646,1.741513,-0.200080,-5.341736,-7.866061,0.000e+00
DeepSets,ch4t-test-000622,9,5.801455,-1.548330,-1.926729,1.231539,-4.304590,-7.862525,4.441e-16
DeepSets,ch4t-test-000623,6,4.376340,-0.831523,-0.961360,1.324572,-4.145347,-8.053377,0.000e+00
DeepSets,ch4t-test-000624,6,-0.015383,0.591295,-0.069103,0.070909,-7.357845,-7.935562,1.110e-16
DeepSets,ch4t-test-000625,10,0.894540,0.519441,1.328017,0.296738,-4.815983,-7.854719,0.000e+00
DeepSets,ch4t-test-000626,8,0.444196,0.886790,0.339870,0.181653,-6.365120,-8.217629,2.220e-16
DeepSets,ch4t-test-000627,10,2.009959,0.521424,0.249236,0.448141,-4.733472,-7.962232,0.000e+00
DeepSets,ch4t-test-000628,8,0.032148,-0.008442,0.001425,-0.097830,-7.947858,-7.875159,2.776e-17
DeepSets,ch4t-test-000629,10,0.302236,0.052659,0.124351,-0.050006,-7.417630,-7.846871,5.551e-17
DeepSets,ch4t-test-000630,10,4.321519,-1.021627,-1.841990,-0.288071,-6.957309,-8.127140,2.220e-16
DeepSets,ch4t-test-000631,6,2.386528,-0.154750,0.261169,0.776583,-4.155035,-7.424566,0.000e+00
DeepSets,ch4t-test-000632,4,0.365744,-0.462575,1.527898,0.063206,-6.544517,-8.038790,2.220e-16
DeepSets,ch4t-test-000633,11,1.432138,0.186803,1.093375,0.343700,-4.574699,-7.630715,0.000e+00
DeepSets,ch4t-test-000634,11,2.255559,-0.105528,0.212666,0.894129,-5.026099,-8.282925,4.441e-16
DeepSets,ch4t-test-000635,12,0.304386,-0.048441,0.057428,-0.077212,-7.710475,-7.946635,5.551e-17
DeepSets,ch4t-test-000636,10,2.677499,-0.372693,-0.400188,0.440731,-5.580481,-7.925830,0.000e+00
DeepSets,ch4t-test-000637,5,0.498766,-1.001901,1.227269,-0.634240,-8.301251,-8.391145,2.220e-16
DeepSets,ch4t-test-000638,6,-0.012119,0.650880,0.015740,0.219459,-6.725579,-7.599540,0.000e+00
DeepSets,ch4t-test-000639,8,2.022950,-0.450608,1.097577,0.159996,-5.115767,-7.945683,0.000e+00
DeepSets,ch4t-test-000640,11,4.835245,-0.929821,-1.327409,1.541768,-3.858950,-7.978733,8.882e-16
DeepSets,ch4t-test-000641,6,1.980553,-0.438739,1.757240,0.265005,-4.675367,-8.239426,4.441e-16
DeepSets,ch4t-test-000642,7,5.532139,-1.310175,-0.393183,1.235961,-3.466451,-8.531192,8.882e-16
DeepSets,ch4t-test-000643,12,0.259871,-0.990719,1.261064,-0.048554,-7.144505,-7.626167,1.665e-16
DeepSets,ch4t-test-000644,7,3.033825,-1.222494,-1.154508,0.948451,-6.371568,-7.976842,2.220e-16
DeepSets,ch4t-test-000645,10,1.586550,0.007358,0.367400,0.537160,-5.935145,-8.433613,0.000e+00
DeepSets,ch4t-test-000646,6,1.450299,-0.116704,-0.006543,0.489456,-6.170428,-7.986935,2.220e-16
DeepSets,ch4t-test-000647,4,1.481210,0.077468,0.084572,0.475329,-5.697527,-7.816105,0.000e+00
DeepSets,ch4t-test-000648,12,4.376030,-1.647018,-1.531940,1.352105,-5.219820,-7.768998,4.441e-16
DeepSets,ch4t-test-000649,9,1.848923,-0.595433,1.701559,0.156303,-4.573642,-7.684995,0.000e+00
DeepSets,ch4t-test-000650,8,0.794137,1.015848,0.085716,0.676945,-6.097506,-8.670152,0.000e+00
DeepSets,ch4t-test-000651,10,2.334595,-0.978860,1.202095,1.347341,-3.656017,-7.561188,0.000e+00
DeepSets,ch4t-test-000652,11,2.159356,0.986829,0.918785,0.401021,-3.648741,-8.114732,8.882e-16
DeepSets,ch4t-test-000653,7,6.742723,-1.782484,-1.086250,1.531581,-3.494491,-8.900061,0.000e+00
DeepSets,ch4t-test-000654,5,1.172249,-1.584293,1.256670,-0.912189,-7.539255,-7.471692,0.000e+00
DeepSets,ch4t-test-000655,8,0.815368,0.693874,0.044847,0.117505,-6.089972,-7.761567,0.000e+00
DeepSets,ch4t-test-000656,6,-0.016046,1.331155,-0.055132,0.099118,-6.573272,-7.932367,0.000e+00
DeepSets,ch4t-test-000657,5,0.585710,0.199537,0.384822,0.324336,-6.935162,-8.429568,0.000e+00
DeepSets,ch4t-test-000658,8,0.485191,0.352611,0.312321,0.451691,-6.835525,-8.437338,0.000e+00
DeepSets,ch4t-test-000659,4,-0.005446,0.284938,0.003844,0.062206,-7.091601,-7.437145,0.000e+00
DeepSets,ch4t-test-000660,4,0.846645,0.404072,2.024262,0.095177,-4.677370,-8.047528,4.441e-16
DeepSets,ch4t-test-000661,12,-0.343661,-2.996620,0.731949,-0.463922,-11.289560,-8.217305,0.000e+00
DeepSets,ch4t-test-000662,7,1.015094,0.271972,1.255958,-0.360810,-5.508316,-7.690530,0.000e+00
DeepSets,ch4t-test-000663,10,2.244475,-0.620905,1.629306,-0.078208,-5.034102,-8.208769,0.000e+00
DeepSets,ch4t-test-000664,5,0.757915,0.256277,0.590019,0.291492,-6.285672,-8.181376,0.000e+00
DeepSets,ch4t-test-000665,6,-0.003580,0.357067,-0.044156,0.093079,-7.373126,-7.775536,0.000e+00
DeepSets,ch4t-test-000666,10,3.118007,-1.284039,-0.765876,1.347337,-5.826636,-8.242064,0.000e+00
DeepSets,ch4t-test-000667,7,-0.020831,1.669777,-0.026310,0.167055,-6.659730,-8.449422,2.220e-16
DeepSets,ch4t-test-000668,4,-0.471349,0.344551,-0.340345,-0.271252,-8.758504,-8.020109,2.220e-16
DeepSets,ch4t-test-000669,10,0.587391,0.686628,0.564575,0.282862,-6.233183,-8.354639,0.000e+00
DeepSets,ch4t-test-000670,11,0.506241,-0.212309,0.902213,-0.082716,-7.193403,-8.306832,2.220e-16
DeepSets,ch4t-test-000671,10,3.075498,0.633536,0.365963,0.525852,-2.931255,-7.532103,0.000e+00
DeepSets,ch4t-test-000672,10,4.716791,0.021594,-0.359138,0.652525,-2.924114,-7.955886,8.882e-16
DeepSets,ch4t-test-000673,10,4.214140,-0.763598,-1.448373,1.120496,-5.050319,-8.172984,0.000e+00
DeepSets,ch4t-test-000674,6,4.283179,-1.400600,1.871462,0.056542,-3.083419,-7.894001,0.000e+00
DeepSets,ch4t-test-000675,12,-0.162683,0.715273,-0.237506,0.271100,-7.087857,-7.674041,0.000e+00
DeepSets,ch4t-test-000676,5,-0.356307,-0.281202,0.259158,0.047338,-8.390378,-8.059365,5.551e-17
DeepSets,ch4t-test-000677,7,0.019987,0.611277,-0.100964,0.138732,-7.138704,-7.807736,0.000e+00
DeepSets,ch4t-test-000678,11,1.460596,0.611285,0.869658,0.103562,-5.013171,-8.058272,0.000e+00
DeepSets,ch4t-test-000679,4,0.677239,0.326458,0.417008,0.451236,-5.886317,-7.758257,2.220e-16
DeepSets,ch4t-test-000680,12,0.860262,0.716234,1.107864,-0.398926,-5.848923,-8.134357,4.441e-16
DeepSets,ch4t-test-000681,12,-0.470302,-0.349637,1.204272,-0.779836,-8.327340,-7.931838,5.551e-17
DeepSets,ch4t-test-000682,8,-0.012870,1.295092,0.053811,-0.289693,-6.615195,-7.661537,0.000e+00
DeepSets,ch4t-test-000683,7,1.067012,0.382835,0.151707,1.204596,-5.372431,-8.178581,0.000e+00
DeepSets,ch4t-test-000684,8,2.243552,-1.023700,2.085009,0.016828,-4.835676,-8.157364,4.441e-16
DeepSets,ch4t-test-000685,5,0.648764,-0.956372,0.595699,-0.318895,-7.543383,-7.512578,5.551e-17
DeepSets,ch4t-test-000686,4,0.079216,-0.302327,0.087653,-0.049980,-8.697674,-8.512236,5.551e-17
DeepSets,ch4t-test-000687,7,1.054506,0.624740,0.318956,0.229341,-6.103591,-8.331134,0.000e+00
DeepSets,ch4t-test-000688,11,0.103810,1.891095,-0.283125,-0.111407,-5.822391,-7.422765,2.220e-16
DeepSets,ch4t-test-000689,10,2.787294,0.585161,0.250359,0.623532,-3.790003,-8.036349,0.000e+00
DeepSets,ch4t-test-000690,12,1.766957,-0.162060,0.804585,1.203795,-4.536965,-8.150242,4.441e-16
DeepSets,ch4t-test-000691,6,-0.019186,1.116900,-0.012017,0.280656,-7.199139,-8.565493,0.000e+00
DeepSets,ch4t-test-000692,12,2.872329,-0.117359,0.699365,0.117188,-4.375466,-7.946990,0.000e+00
DeepSets,ch4t-test-000693,7,0.755078,-0.411788,0.844435,0.012401,-6.808316,-8.008444,0.000e+00
DeepSets,ch4t-test-000694,4,-0.073585,-0.668297,0.343734,-0.243314,-8.236773,-7.595312,1.110e-16
DeepSets,ch4t-test-000695,6,-0.504351,-2.816133,0.344837,-0.200667,-10.984544,-7.808231,4.441e-16
DeepSets,ch4t-test-000696,5,0.611309,0.010819,0.264341,0.024460,-7.383135,-8.294064,0.000e+00
DeepSets,ch4t-test-000697,7,-0.211969,-0.035231,-0.052019,0.180916,-8.362955,-8.244651,2.776e-17
DeepSets,ch4t-test-000698,7,1.525899,-0.235326,1.155933,0.321267,-5.061041,-7.828814,0.000e+00
DeepSets,ch4t-test-000699,11,0.731626,-0.172440,1.395260,0.329804,-5.631907,-7.916157,0.000e+00
DeepSets,ch4t-test-000700,7,1.205815,1.050582,0.217063,0.470899,-5.218392,-8.162751,4.441e-16
DeepSets,ch4t-test-000701,4,0.237283,-1.037686,0.301588,-0.060341,-8.464143,-7.904987,0.000e+00
DeepSets,ch4t-test-000702,6,1.510524,0.279408,0.545212,0.723455,-4.942129,-8.000728,0.000e+00
DeepSets,ch4t-test-000703,10,0.198902,0.979919,-0.121362,-0.067657,-7.213397,-8.203199,0.000e+00
DeepSets,ch4t-test-000704,4,1.870341,0.907988,0.575575,0.672986,-3.805168,-7.832058,0.000e+00
DeepSets,ch4t-test-000705,6,3.581876,-0.428171,-1.786417,0.140146,-6.664672,-8.172106,2.220e-16
DeepSets,ch4t-test-000706,4,2.572776,-0.304109,1.824071,0.213648,-3.169303,-7.475689,8.882e-16
DeepSets,ch4t-test-000707,9,5.133755,-1.611596,-0.794169,1.601965,-3.215548,-7.545503,0.000e+00
DeepSets,ch4t-test-000708,6,-0.012446,0.260978,0.098106,0.079314,-7.559758,-7.985710,1.110e-16
DeepSets,ch4t-test-000709,10,1.853744,-0.239643,0.650565,0.556024,-4.958904,-7.779596,0.000e+00
DeepSets,ch4t-test-000710,10,4.006048,-1.091477,-0.731428,0.287298,-5.261564,-7.732006,4.441e-16
DeepSets,ch4t-test-000711,4,-0.624067,-1.602134,0.920866,0.055016,-9.557550,-8.307231,2.220e-16
DeepSets,ch4t-test-000712,7,4.689015,-1.344557,-1.775392,1.217036,-4.841928,-7.628031,4.441e-16
DeepSets,ch4t-test-000713,5,-0.046148,0.570604,-0.038206,-0.258385,-7.890717,-8.118582,0.000e+00
DeepSets,ch4t-test-000714,9,1.496753,1.753879,1.087838,0.221050,-3.193972,-7.753492,0.000e+00
DeepSets,ch4t-test-000715,7,2.514698,-1.259195,1.391572,0.325166,-5.034474,-8.006715,0.000e+00
DeepSets,ch4t-test-000716,9,0.434053,0.795589,-0.015156,0.366980,-6.305799,-7.887266,0.000e+00
DeepSets,ch4t-test-000717,11,1.955681,1.049620,0.466965,0.925097,-3.440544,-7.837907,8.882e-16
DeepSets,ch4t-test-000718,7,0.053211,0.475216,0.107962,-0.056767,-7.415147,-7.994770,0.000e+00
DeepSets,ch4t-test-000719,7,0.192169,0.389466,0.651128,-0.055240,-6.704928,-7.882452,0.000e+00
DeepSets,ch4t-test-000720,10,2.392476,-0.770942,-0.703278,1.937439,-4.854259,-7.709955,0.000e+00
DeepSets,ch4t-test-000721,12,1.368477,0.942286,0.764004,0.247318,-4.573614,-7.895698,4.441e-16
DeepSets,ch4t-test-000722,11,6.381539,-1.845476,-0.702281,0.791937,-3.073584,-7.699303,1.776e-15
DeepSets,ch4t-test-000723,9,0.545082,-0.533085,1.381629,-0.251745,-6.835405,-7.977286,0.000e+00
DeepSets,ch4t-test-000724,6,1.762710,0.042229,-0.555998,0.170844,-6.156272,-7.576057,2.220e-16
DeepSets,ch4t-test-000725,8,-0.038258,1.479392,-0.089895,-0.071282,-6.638462,-7.918420,2.220e-16
DeepSets,ch4t-test-000726,11,3.041907,-1.703490,-0.426457,1.148016,-5.683428,-7.743405,0.000e+00
DeepSets,ch4t-test-000727,12,0.325668,-0.267456,0.308816,0.154862,-7.570506,-8.092395,1.110e-16
DeepSets,ch4t-test-000728,10,0.818633,1.306890,1.718367,0.330942,-4.275860,-8.450692,0.000e+00
DeepSets,ch4t-test-000729,5,5.373790,-1.305128,-0.392106,0.567875,-3.230599,-7.475030,8.882e-16
DeepSets,ch4t-test-000730,4,1.043956,0.126511,0.777612,0.009218,-5.974518,-7.931815,2.220e-16
DeepSets,ch4t-test-000731,7,1.911046,0.415518,0.109372,0.173991,-5.506969,-8.116896,4.441e-16
DeepSets,ch4t-test-000732,9,0.910222,-0.009769,0.889218,-0.316825,-6.443916,-7.916762,2.220e-16
DeepSets,ch4t-test-000733,10,2.068109,1.383273,0.849811,0.629276,-3.103594,-8.034064,0.000e+00
DeepSets,ch4t-test-000734,4,3.844238,-1.126591,0.558521,-0.052298,-4.741365,-7.965234,8.882e-16
DeepSets,ch4t-test-000735,11,4.381573,-0.899997,-1.376302,0.421727,-5.406038,-7.933039,0.000e+00
DeepSets,ch4t-test-000736,11,1.295718,0.292406,0.491659,0.489347,-5.256003,-7.825133,4.441e-16
DeepSets,ch4t-test-000737,6,0.103068,1.061119,-0.225700,0.272315,-6.370893,-7.581694,0.000e+00
DeepSets,ch4t-test-000738,8,3.951972,0.104927,1.607418,-0.030923,-2.654148,-8.287542,0.000e+00
DeepSets,ch4t-test-000739,10,0.920099,0.330318,0.658136,0.486116,-5.465127,-7.859796,4.441e-16
DeepSets,ch4t-test-000740,9,0.658705,0.436729,1.171808,0.299058,-5.455716,-8.022016,0.000e+00
DeepSets,ch4t-test-000741,12,2.678050,0.063562,0.716233,0.516670,-4.163120,-8.137634,4.441e-16
DeepSets,ch4t-test-000742,6,3.216348,0.056897,0.725428,0.420593,-3.694265,-8.113529,0.000e+00
DeepSets,ch4t-test-000743,10,4.143409,-0.378269,-0.685624,0.963134,-3.584765,-7.627415,0.000e+00
DeepSets,ch4t-test-000744,9,1.103555,0.531581,0.433666,0.828821,-4.848562,-7.746185,0.000e+00
DeepSets,ch4t-test-000745,8,5.970528,-0.877147,-0.334760,0.770252,-2.704405,-8.233278,0.000e+00
DeepSets,ch4t-test-000746,8,0.723953,0.358433,0.737296,-0.104563,-6.611431,-8.326551,0.000e+00
DeepSets,ch4t-test-000747,10,1.956524,0.530931,0.730130,0.802051,-4.061823,-8.081459,0.000e+00
DeepSets,ch4t-test-000748,7,-0.137168,0.510331,-0.379109,0.226739,-7.971623,-8.192416,2.776e-17
DeepSets,ch4t-test-000749,9,-0.105900,0.461933,0.000310,-0.149747,-7.515443,-7.722039,2.776e-17
DeepSets,ch4t-test-000750,11,1.621343,0.237394,0.617782,-0.115761,-5.490360,-7.851117,0.000e+00
DeepSets,ch4t-test-000751,7,0.896270,0.108417,0.798856,0.114119,-5.888582,-7.806243,2.220e-16
DeepSets,ch4t-test-000752,8,1.006533,0.141438,0.441688,-0.331300,-6.597711,-7.856070,2.220e-16
DeepSets,ch4t-test-000753,10,1.220892,-0.501954,0.345894,0.432545,-6.299546,-7.796923,0.000e+00
DeepSets,ch4t-test-000754,12,0.027222,1.866349,-0.014740,0.062806,-6.035481,-7.977118,0.000e+00
DeepSets,ch4t-test-000755,5,0.012591,0.989676,0.165935,0.052005,-6.027377,-7.247584,0.000e+00
DeepSets,ch4t-test-000756,11,3.364081,0.150259,-0.421839,0.491635,-4.011091,-7.595227,4.441e-16
DeepSets,ch4t-test-000757,5,1.447189,-0.707789,1.383899,-0.481207,-6.160333,-7.802425,2.220e-16
DeepSets,ch4t-test-000758,6,-0.072644,-0.987627,1.255893,-0.316826,-7.748856,-7.627652,0.000e+00
DeepSets,ch4t-test-000759,6,1.488575,0.755728,0.824904,0.492278,-3.532914,-7.094398,0.000e+00
DeepSets,ch4t-test-000760,4,1.303991,1.292786,0.778948,0.259312,-4.062109,-7.697146,4.441e-16
DeepSets,ch4t-test-000761,12,0.330692,1.508769,0.181579,-0.053908,-5.878996,-7.846128,0.000e+00
DeepSets,ch4t-test-000762,8,3.298224,1.002605,-0.541785,0.769333,-3.073637,-7.602014,0.000e+00
DeepSets,ch4t-test-000763,12,1.447597,0.803684,1.175564,-0.153210,-5.119341,-8.392976,4.441e-16
DeepSets,ch4t-test-000764,7,0.333719,-0.270860,0.662041,0.439972,-6.243897,-7.408769,2.220e-16
DeepSets,ch4t-test-000765,11,1.251610,1.726322,0.309305,0.512883,-4.188556,-7.988676,0.000e+00
DeepSets,ch4t-test-000766,5,-0.014310,0.829666,-0.042869,0.040748,-7.468387,-8.281622,1.110e-16
DeepSets,ch4t-test-000767,6,2.418179,0.001028,-0.122691,0.272786,-5.349753,-7.919056,8.882e-16
DeepSets,ch4t-test-000768,7,0.182246,0.954910,0.502082,-0.153590,-6.614655,-8.100303,2.220e-16
DeepSets,ch4t-test-000769,8,2.956406,0.395728,-0.593901,0.093737,-5.214862,-8.066832,0.000e+00
DeepSets,ch4t-test-000770,7,5.209742,-1.827885,-1.319031,0.678098,-5.075645,-7.816570,4.441e-16
DeepSets,ch4t-test-000771,11,2.884865,0.440143,0.155484,0.650392,-3.589156,-7.720040,8.882e-16
DeepSets,ch4t-test-000772,4,0.041419,-0.180234,0.132452,-0.087819,-7.850235,-7.756054,1.388e-17
DeepSets,ch4t-test-000773,4,-0.026293,0.103195,-0.182847,0.138801,-8.206232,-8.239089,0.000e+00
DeepSets,ch4t-test-000774,9,2.420249,-1.000968,2.408550,-0.002085,-3.799781,-7.625527,4.441e-16
DeepSets,ch4t-test-000775,12,6.892261,-1.991427,-1.736179,1.087626,-3.389684,-7.641965,0.000e+00
DeepSets,ch4t-test-000776,11,-0.093907,1.266144,-0.278730,0.327017,-6.115894,-7.336418,0.000e+00
DeepSets,ch4t-test-000777,12,3.225858,0.037930,1.027125,0.093649,-3.950346,-8.334909,8.882e-16
DeepSets,ch4t-test-000778,11,1.894295,0.881116,0.972202,0.607068,-3.618575,-7.973255,8.882e-16
DeepSets,ch4t-test-000779,12,0.186286,0.054254,0.764946,-0.452750,-7.278160,-7.830896,1.110e-16
DeepSets,ch4t-test-000780,6,-0.130159,-0.977597,1.044194,-0.157977,-8.663064,-8.441526,1.110e-16
DeepSets,ch4t-test-000781,7,1.072374,2.159068,0.799145,0.218501,-3.621898,-7.870987,0.000e+00
DeepSets,ch4t-test-000782,10,0.575388,1.069044,0.392176,0.461049,-5.901015,-8.398671,0.000e+00
DeepSets,ch4t-test-000783,12,2.069192,-0.370808,1.326465,0.856150,-4.242977,-8.123976,4.441e-16
DeepSets,ch4t-test-000784,10,1.495280,-0.724077,1.658770,-0.268750,-5.932670,-8.093893,4.441e-16
DeepSets,ch4t-test-000785,5,-0.001102,0.709668,0.019233,0.100409,-7.073727,-7.901935,0.000e+00
DeepSets,ch4t-test-000786,4,-0.056289,-0.462907,-0.042348,0.022360,-8.451414,-7.912230,1.110e-16
DeepSets,ch4t-test-000787,12,2.235293,0.781794,0.215093,0.646823,-3.947883,-7.826887,8.882e-16
DeepSets,ch4t-test-000788,10,0.289753,0.344804,0.436187,-0.038744,-6.738967,-7.770967,2.220e-16
DeepSets,ch4t-test-000789,6,0.042578,0.771853,0.452119,-0.051049,-7.015690,-8.231190,0.000e+00
DeepSets,ch4t-test-000790,10,1.531275,0.416463,1.596813,0.107469,-4.509094,-8.161114,4.441e-16
DeepSets,ch4t-test-000791,11,4.172073,0.761100,-1.227279,-0.125091,-4.548207,-8.129008,0.000e+00
DeepSets,ch4t-test-000792,7,2.213032,-0.116142,1.342265,0.349258,-3.824096,-7.612509,0.000e+00
DeepSets,ch4t-test-000793,10,3.872651,-1.038485,-1.330696,1.603555,-4.678317,-7.785341,0.000e+00
DeepSets,ch4t-test-000794,8,1.488776,0.543533,0.960782,0.123607,-4.813775,-7.930473,4.441e-16
DeepSets,ch4t-test-000795,4,-0.016356,0.388981,0.067672,0.151584,-6.335534,-6.927414,0.000e+00
DeepSets,ch4t-test-000796,11,4.329857,-0.339498,-0.117167,0.615818,-3.950512,-8.439521,0.000e+00
DeepSets,ch4t-test-000797,10,1.184290,1.124651,0.233864,0.622145,-5.083642,-8.248592,0.000e+00
DeepSets,ch4t-test-000798,12,2.473222,1.495437,0.620430,0.336687,-3.113237,-8.039012,0.000e+00
DeepSets,ch4t-test-000799,9,0.481249,0.029466,0.873276,0.019778,-6.450420,-7.854189,2.220e-16
DeepSets,ch4t-test-000800,4,0.045631,0.896880,0.361234,0.339374,-6.108820,-7.751939,0.000e+00
DeepSets,ch4t-test-000801,4,4.444311,-1.049175,-0.286741,1.096153,-3.556158,-7.760707,0.000e+00
DeepSets,ch4t-test-000802,9,-0.142085,0.101261,0.096980,0.019316,-7.716557,-7.792030,0.000e+00
DeepSets,ch4t-test-000803,6,1.717165,0.078164,0.787959,0.438673,-4.981703,-8.003664,0.000e+00
DeepSets,ch4t-test-000804,5,0.224539,-0.500527,1.417614,-1.115272,-7.954922,-7.981275,4.441e-16
DeepSets,ch4t-test-000805,5,-0.124793,0.635983,-0.162092,-0.101647,-8.614183,-8.861633,8.327e-17
DeepSets,ch4t-test-000806,8,2.215052,0.229725,0.400110,0.967885,-4.307997,-8.120769,0.000e+00
DeepSets,ch4t-test-000807,4,-0.312355,0.844521,-0.556276,0.248745,-8.269531,-8.494165,2.776e-17
DeepSets,ch4t-test-000808,9,2.000252,0.594648,0.636946,0.480266,-4.274185,-7.986297,0.000e+00
DeepSets,ch4t-test-000809,11,0.003782,1.012322,-0.017562,0.168634,-6.301296,-7.468473,0.000e+00
DeepSets,ch4t-test-000810,10,2.643824,-0.126507,0.247276,0.635770,-4.620381,-8.020743,0.000e+00
DeepSets,ch4t-test-000811,6,-0.079822,0.931897,-0.209658,-0.044029,-7.431084,-8.029473,1.110e-16
DeepSets,ch4t-test-000812,4,1.070308,-0.068436,1.446547,0.186282,-5.711660,-8.346360,0.000e+00
DeepSets,ch4t-test-000813,4,1.531780,0.354226,0.242542,0.826910,-5.366361,-8.321819,0.000e+00
DeepSets,ch4t-test-000814,10,2.565175,0.229041,0.963085,0.521095,-3.399110,-7.677506,0.000e+00
DeepSets,ch4t-test-000815,12,1.191999,0.643208,0.393329,0.278302,-5.217056,-7.723893,0.000e+00
DeepSets,ch4t-test-000816,6,-1.576397,-1.801936,1.180146,1.311287,-8.824277,-7.937376,4.441e-16
DeepSets,ch4t-test-000817,4,0.215793,1.470769,-0.219498,-0.036964,-6.737612,-8.167711,0.000e+00
DeepSets,ch4t-test-000818,9,0.830392,0.591872,0.280784,0.646964,-5.600304,-7.950317,0.000e+00
DeepSets,ch4t-test-000819,9,3.539069,-0.127404,-0.684658,1.352296,-3.727969,-7.807273,8.882e-16
DeepSets,ch4t-test-000820,6,1.461564,0.607871,0.078077,0.770854,-4.936206,-7.854572,0.000e+00
DeepSets,ch4t-test-000821,6,0.832677,0.860556,1.008052,0.196927,-4.810798,-7.709011,0.000e+00
DeepSets,ch4t-test-000822,6,0.750960,0.352078,0.128047,0.547216,-6.115876,-7.894178,0.000e+00
DeepSets,ch4t-test-000823,9,1.997061,-0.216227,0.578031,0.717093,-4.395455,-7.471415,0.000e+00
DeepSets,ch4t-test-000824,9,2.306617,0.801582,1.163242,0.227596,-3.745393,-8.244431,0.000e+00
DeepSets,ch4t-test-000825,4,2.740151,-0.474600,1.534304,0.601814,-3.827978,-8.229647,8.882e-16
DeepSets,ch4t-test-000826,12,3.178686,-0.848638,1.625746,0.336293,-3.305202,-7.597290,0.000e+00
DeepSets,ch4t-test-000827,12,6.089563,-1.214734,-1.827478,0.905321,-4.117632,-8.070303,4.441e-16
DeepSets,ch4t-test-000828,8,0.650817,0.131144,0.403349,-0.413999,-7.751186,-8.522497,0.000e+00
DeepSets,ch4t-test-000829,11,4.063088,-1.206510,0.837862,0.391410,-3.631198,-7.717048,8.882e-16
DeepSets,ch4t-test-000830,12,1.660642,-0.584054,1.409828,-0.248228,-5.963328,-8.201516,0.000e+00
DeepSets,ch4t-test-000831,12,0.458339,-0.853695,0.727947,-0.585955,-8.302866,-8.049502,1.110e-16
DeepSets,ch4t-test-000832,6,2.238031,0.551186,0.893570,0.139192,-4.145130,-7.967109,0.000e+00
DeepSets,ch4t-test-000833,7,1.978122,1.005018,0.332999,0.591049,-4.217600,-8.124788,4.441e-16
DeepSets,ch4t-test-000834,10,-0.065403,-0.316440,0.179192,-0.141445,-8.317961,-7.973865,0.000e+00
DeepSets,ch4t-test-000835,12,-0.069946,1.259178,-0.079048,-0.280365,-6.749176,-7.578997,2.220e-16
DeepSets,ch4t-test-000836,7,0.467505,0.380479,0.380014,0.098885,-6.304257,-7.631140,0.000e+00
DeepSets,ch4t-test-000837,12,1.131428,-0.295135,0.825334,-0.301820,-6.611112,-7.970918,0.000e+00
DeepSets,ch4t-test-000838,5,1.608879,-0.537490,0.623499,0.284847,-6.027540,-8.007274,2.220e-16
DeepSets,ch4t-test-000839,11,6.479642,-1.622561,-1.532183,0.958453,-3.517257,-7.800607,8.882e-16
DeepSets,ch4t-test-000840,10,1.203481,0.325001,1.290952,0.166424,-4.786947,-7.772804,0.000e+00
DeepSets,ch4t-test-000841,6,1.257074,0.107610,0.705651,0.536160,-5.452311,-8.058806,4.441e-16
DeepSets,ch4t-test-000842,4,1.377612,-0.329255,1.377263,-0.326737,-5.562950,-7.661833,8.882e-16
DeepSets,ch4t-test-000843,5,2.122132,0.363472,0.726044,0.413947,-4.712685,-8.338280,4.441e-16
DeepSets,ch4t-test-000844,8,0.956454,1.000477,0.674657,0.729926,-5.069642,-8.431157,0.000e+00
DeepSets,ch4t-test-000845,10,5.737484,-0.924614,-1.503201,1.723880,-3.046486,-8.080035,0.000e+00
DeepSets,ch4t-test-000846,6,0.126672,-0.843794,0.151560,-0.117291,-8.586704,-7.903852,0.000e+00
DeepSets,ch4t-test-000847,9,2.635563,-0.414580,1.004161,-0.078653,-4.905630,-8.052121,4.441e-16
DeepSets,ch4t-test-000848,5,5.110861,-1.067030,-1.045489,0.663787,-4.252671,-7.914800,0.000e+00
DeepSets,ch4t-test-000849,8,1.490802,-1.608232,2.265719,-0.449910,-6.503223,-8.201601,0.000e+00
DeepSets,ch4t-test-000850,9,3.127784,-0.252993,0.640899,0.133146,-4.264649,-7.913486,0.000e+00
DeepSets,ch4t-test-000851,9,-0.224300,1.170676,-0.276381,0.336162,-6.664798,-7.670954,0.000e+00
DeepSets,ch4t-test-000852,7,-0.016100,0.527067,0.006969,0.149433,-6.853713,-7.521081,1.110e-16
DeepSets,ch4t-test-000853,9,0.666564,1.253024,0.011444,0.519663,-5.619508,-8.070203,0.000e+00
DeepSets,ch4t-test-000854,7,2.029578,0.305050,0.088431,0.775320,-4.766819,-7.965198,4.441e-16
DeepSets,ch4t-test-000855,11,5.533882,-1.197134,-1.196167,1.528795,-3.338722,-8.008098,8.882e-16
DeepSets,ch4t-test-000856,7,0.831306,-0.230658,0.784607,0.303799,-6.306844,-7.995899,0.000e+00
DeepSets,ch4t-test-000857,6,2.674631,0.620643,1.037217,-0.226672,-3.888889,-7.994708,8.882e-16
DeepSets,ch4t-test-000858,10,2.228845,0.159173,0.889724,0.511557,-4.487159,-8.276458,0.000e+00
DeepSets,ch4t-test-000859,5,1.170243,-0.607789,0.837118,0.184980,-6.243275,-7.827826,2.220e-16
DeepSets,ch4t-test-000860,11,0.764681,1.533275,1.198655,0.200222,-4.007383,-7.704216,0.000e+00
DeepSets,ch4t-test-000861,6,4.257830,-1.102470,-1.036656,1.335852,-4.774578,-8.229133,0.000e+00
DeepSets,ch4t-test-000862,6,0.489728,-0.061009,0.562236,-0.280265,-6.894014,-7.604704,0.000e+00
DeepSets,ch4t-test-000863,11,2.275484,-0.355960,1.011398,0.813221,-3.997798,-7.741940,0.000e+00
DeepSets,ch4t-test-000864,4,-0.000892,0.087589,-0.004040,0.366512,-7.550629,-7.999798,0.000e+00
DeepSets,ch4t-test-000865,9,2.001481,-0.106605,0.315923,0.322873,-5.203547,-7.737218,8.882e-16
DeepSets,ch4t-test-000866,12,2.347459,0.512771,0.307239,0.852664,-3.582524,-7.602656,8.882e-16
DeepSets,ch4t-test-000867,7,3.241811,-1.095310,1.587167,0.020455,-4.073714,-7.827837,0.000e+00
DeepSets,ch4t-test-000868,12,4.741459,-0.202526,-1.926028,0.871759,-4.286050,-7.770714,8.882e-16
DeepSets,ch4t-test-000869,6,3.332804,0.033517,0.964350,0.644164,-2.856815,-7.831650,0.000e+00
DeepSets,ch4t-test-000870,11,-0.045651,2.294444,-0.062750,-0.082824,-5.760564,-7.863783,4.441e-16
DeepSets,ch4t-test-000871,6,-0.215219,0.692855,-0.164157,0.158394,-7.616328,-8.088200,5.551e-17
DeepSets,ch4t-test-000872,10,4.856871,-1.549673,-1.307309,0.305364,-5.513238,-7.818491,0.000e+00
DeepSets,ch4t-test-000873,4,0.812137,0.621963,0.494357,0.127242,-6.226643,-8.282343,0.000e+00
DeepSets,ch4t-test-000874,5,-0.705661,-0.154530,0.149501,-0.828289,-8.992864,-7.453885,0.000e+00
DeepSets,ch4t-test-000875,5,1.835579,-1.058965,1.645676,-0.055831,-5.046122,-7.412581,0.000e+00
DeepSets,ch4t-test-000876,9,1.621144,1.263942,1.339251,0.027191,-3.625575,-7.877103,0.000e+00
DeepSets,ch4t-test-000877,9,-1.677329,-2.347980,1.300978,0.663196,-10.210715,-8.149581,0.000e+00
DeepSets,ch4t-test-000878,9,2.927062,-0.876067,-0.815421,1.724553,-4.845342,-7.805469,4.441e-16
DeepSets,ch4t-test-000879,8,4.288768,-0.622254,1.479567,-0.122912,-2.609663,-7.632831,8.882e-16
DeepSets,ch4t-test-000880,5,0.548278,-0.213260,0.944663,-0.232822,-7.205333,-8.252191,4.441e-16
DeepSets,ch4t-test-000881,5,4.690362,-0.951617,-0.943433,1.054179,-3.919271,-7.768762,0.000e+00
DeepSets,ch4t-test-000882,8,-0.044662,0.315796,-0.031270,0.022980,-7.122899,-7.385743,5.551e-17
DeepSets,ch4t-test-000883,10,-0.427909,-1.750453,-0.155959,-0.072530,-9.860391,-7.453541,0.000e+00
DeepSets,ch4t-test-000884,9,3.710548,0.196840,-0.099556,0.542665,-2.946748,-7.297245,8.882e-16
DeepSets,ch4t-test-000885,6,3.302397,-0.157006,0.330624,0.433628,-4.147462,-8.057105,0.000e+00
DeepSets,ch4t-test-000886,4,0.006462,0.202497,-0.033304,0.184908,-7.463135,-7.823699,0.000e+00
DeepSets,ch4t-test-000887,10,2.493766,0.427190,0.423433,0.151661,-4.627072,-8.123121,0.000e+00
DeepSets,ch4t-test-000888,10,1.472968,-0.526485,0.796255,0.693782,-5.478746,-7.915265,4.441e-16
DeepSets,ch4t-test-000889,10,2.691001,0.454885,0.338209,0.761442,-3.749794,-7.995331,0.000e+00
DeepSets,ch4t-test-000890,4,0.087751,1.149550,-0.041822,0.363769,-6.037275,-7.596523,0.000e+00
DeepSets,ch4t-test-000891,11,6.066086,-1.325281,-0.751291,0.925256,-2.896267,-7.811036,8.882e-16
DeepSets,ch4t-test-000892,6,0.768512,1.307492,0.262313,0.700198,-4.808996,-7.847510,4.441e-16
DeepSets,ch4t-test-000893,6,-0.390765,0.382789,0.306088,-0.430522,-7.720074,-7.587665,5.551e-17
DeepSets,ch4t-test-000894,6,3.575635,-1.078809,-0.513197,1.779148,-4.177098,-7.939876,0.000e+00
DeepSets,ch4t-test-000895,12,-0.098153,0.457404,0.927470,-0.182134,-6.944133,-8.048720,2.220e-16
DeepSets,ch4t-test-000896,6,1.858481,-0.303987,0.946716,-0.373301,-5.514636,-7.642545,8.882e-16
DeepSets,ch4t-test-000897,5,-0.020595,1.293403,-0.153693,0.398572,-6.248633,-7.766320,0.000e+00
DeepSets,ch4t-test-000898,11,1.042372,-0.437046,1.287955,-0.759296,-6.994379,-8.128365,2.220e-16
DeepSets,ch4t-test-000899,10,1.244806,0.197549,0.529468,0.196203,-5.629193,-7.797219,4.441e-16
DeepSets,ch4t-test-000900,11,0.392679,-0.803615,1.412309,-0.137788,-7.086318,-7.949904,0.000e+00
DeepSets,ch4t-test-000901,11,-0.108412,1.527426,-0.310924,0.456192,-6.084872,-7.649153,0.000e+00
DeepSets,ch4t-test-000902,9,0.132101,0.844303,0.257535,-0.185431,-7.029711,-8.078219,0.000e+00
DeepSets,ch4t-test-000903,10,-0.178197,0.688528,0.111736,0.594638,-6.489882,-7.706587,0.000e+00
DeepSets,ch4t-test-000904,11,3.049066,0.025462,-0.304036,0.585257,-4.284000,-7.639750,4.441e-16
DeepSets,ch4t-test-000905,5,-0.025717,0.986798,-0.107383,0.402476,-6.318740,-7.574914,0.000e+00
DeepSets,ch4t-test-000906,4,0.000518,0.628897,-0.066138,0.217562,-6.935789,-7.716628,0.000e+00
DeepSets,ch4t-test-000907,10,-0.022053,2.232769,-0.201354,0.000513,-5.860576,-7.870450,0.000e+00
DeepSets,ch4t-test-000908,7,1.627386,-0.597100,0.701619,0.572971,-5.972343,-8.277218,4.441e-16
DeepSets,ch4t-test-000909,4,-0.070987,0.192184,-0.194558,0.184926,-7.608561,-7.720125,0.000e+00
DeepSets,ch4t-test-000910,4,0.154526,-0.977782,0.399091,-0.284223,-8.777556,-8.069167,1.110e-16
DeepSets,ch4t-test-000911,12,2.973059,-0.280277,0.137791,0.358086,-4.893894,-8.082554,4.441e-16
DeepSets,ch4t-test-000912,9,5.127295,-0.988782,-1.631357,1.009453,-4.727163,-8.243773,0.000e+00
DeepSets,ch4t-test-000913,5,2.256262,-0.068743,1.076717,0.930587,-3.643249,-7.838072,0.000e+00
DeepSets,ch4t-test-000914,10,3.108573,-1.075858,0.669832,0.039132,-4.893768,-7.635446,0.000e+00
DeepSets,ch4t-test-000915,12,2.330664,0.754084,0.790570,0.417596,-4.027361,-8.320275,0.000e+00
DeepSets,ch4t-test-000916,9,3.730832,-0.916925,1.705938,0.230671,-3.138369,-7.888885,0.000e+00
DeepSets,ch4t-test-000917,5,0.814290,1.733903,0.631243,0.330190,-4.163691,-7.673318,4.441e-16
DeepSets,ch4t-test-000918,11,1.138905,-0.113864,0.637439,0.038889,-6.123078,-7.824448,0.000e+00
DeepSets,ch4t-test-000919,10,2.086225,0.562092,1.148228,0.067345,-3.844315,-7.708205,0.000e+00
DeepSets,ch4t-test-000920,5,0.680197,1.169790,0.599192,0.325795,-5.430516,-8.205490,0.000e+00
DeepSets,ch4t-test-000921,9,0.789471,0.269763,-0.010264,0.284599,-6.513128,-7.846697,2.220e-16
DeepSets,ch4t-test-000922,5,1.127868,-0.277098,1.235215,0.189422,-5.798712,-8.074119,0.000e+00
DeepSets,ch4t-test-000923,4,0.002651,0.127421,0.031648,0.026971,-7.952081,-8.140773,5.551e-17
DeepSets,ch4t-test-000924,6,2.601381,0.537510,0.100922,0.567765,-3.841001,-7.648577,4.441e-16
DeepSets,ch4t-test-000925,11,1.317384,0.711045,0.027611,0.566094,-5.418903,-8.041038,0.000e+00
DeepSets,ch4t-test-000926,4,2.295846,0.344859,0.229823,0.569251,-4.163944,-7.603722,0.000e+00
DeepSets,ch4t-test-000927,8,0.760269,-1.217724,1.479360,-0.265847,-6.942088,-7.698146,0.000e+00
DeepSets,ch4t-test-000928,8,-0.092895,-1.254387,2.228512,0.099915,-7.003396,-7.984540,1.110e-16
DeepSets,ch4t-test-000929,5,0.548670,-1.340434,1.275645,0.461353,-7.759216,-8.704451,3.331e-16
DeepSets,ch4t-test-000930,12,1.220447,-0.054447,1.617812,0.099970,-4.767908,-7.651690,4.441e-16
DeepSets,ch4t-test-000931,4,1.806520,-1.001943,0.416533,-0.139431,-7.221382,-8.303061,2.220e-16
DeepSets,ch4t-test-000932,7,1.746811,0.787647,0.159664,0.591565,-4.502648,-7.788335,0.000e+00
DeepSets,ch4t-test-000933,4,-0.210862,-0.868059,0.301270,-0.003532,-8.925642,-8.144459,1.110e-16
DeepSets,ch4t-test-000934,7,2.078646,-0.072759,0.176430,0.155350,-5.683459,-8.021126,4.441e-16
DeepSets,ch4t-test-000935,12,1.101725,0.191365,0.432102,0.562321,-5.301700,-7.589212,0.000e+00
DeepSets,ch4t-test-000936,10,1.994345,1.034393,1.191765,0.278103,-3.345724,-7.844331,0.000e+00
DeepSets,ch4t-test-000937,7,1.470675,0.439067,0.298186,0.554506,-4.859710,-7.622144,0.000e+00
DeepSets,ch4t-test-000938,5,0.463714,0.584075,0.337604,0.058941,-6.636009,-8.080343,2.220e-16
DeepSets,ch4t-test-000939,11,1.944281,-0.257005,1.249550,-0.213451,-5.626230,-8.349605,4.441e-16
DeepSets,ch4t-test-000940,6,0.049669,1.031826,-0.176265,0.254440,-6.866781,-8.026451,0.000e+00
DeepSets,ch4t-test-000941,12,2.917069,0.714287,0.391456,0.680134,-3.088647,-7.791593,8.882e-16
DeepSets,ch4t-test-000942,9,1.378393,-1.100129,1.276060,0.028381,-6.053316,-7.636022,2.220e-16
DeepSets,ch4t-test-000943,5,2.066208,0.800982,0.587759,0.385806,-4.295274,-8.136029,4.441e-16
DeepSets,ch4t-test-000944,4,0.924839,0.612508,0.201326,0.199819,-6.108852,-8.047344,0.000e+00
DeepSets,ch4t-test-000945,5,1.760388,-0.660902,1.802578,-0.704571,-6.157575,-8.355067,0.000e+00
DeepSets,ch4t-test-000946,8,1.877273,0.281704,0.638950,0.198460,-5.349264,-8.345652,0.000e+00
DeepSets,ch4t-test-000947,5,1.885759,0.061565,0.466379,0.336059,-4.811480,-7.561242,0.000e+00
DeepSets,ch4t-test-000948,11,1.911873,0.531663,0.878266,-0.011213,-4.707340,-8.017929,4.441e-16
DeepSets,ch4t-test-000949,8,2.050631,0.334762,0.413227,0.669756,-4.799068,-8.267444,0.000e+00
DeepSets,ch4t-test-000950,9,-0.189072,-0.242391,0.334147,-0.037304,-8.389768,-8.255147,2.776e-17
DeepSets,ch4t-test-000951,5,1.488724,1.426087,0.546299,0.320059,-3.359899,-7.141069,0.000e+00
DeepSets,ch4t-test-000952,11,0.310642,0.721777,-0.043667,0.325691,-6.667713,-7.982156,0.000e+00
DeepSets,ch4t-test-000953,10,1.063307,1.352897,0.180675,0.700500,-4.601362,-7.898741,0.000e+00
DeepSets,ch4t-test-000954,6,0.557815,0.118930,0.355347,-0.004675,-7.087301,-8.114717,0.000e+00
DeepSets,ch4t-test-000955,10,0.174037,0.488939,0.033212,-0.067629,-6.855189,-7.483748,0.000e+00
DeepSets,ch4t-test-000956,6,2.583574,-1.068158,1.531303,0.095395,-5.204597,-8.346711,4.441e-16
DeepSets,ch4t-test-000957,8,-0.215717,1.004996,-0.046571,-0.070184,-7.236624,-7.909147,1.110e-16
DeepSets,ch4t-test-000958,5,1.989508,0.351466,0.809638,0.858751,-4.368322,-8.377685,0.000e+00
DeepSets,ch4t-test-000959,5,0.987765,0.678241,0.105539,0.618381,-5.607359,-7.997285,0.000e+00
DeepSets,ch4t-test-000960,9,0.044207,1.277623,-0.170402,0.196150,-6.386983,-7.734561,2.220e-16
DeepSets,ch4t-test-000961,4,2.344335,0.412012,0.216951,0.664428,-4.340102,-7.977828,4.441e-16
DeepSets,ch4t-test-000962,5,0.882207,-0.720727,1.353256,-0.126638,-6.887461,-8.275559,2.220e-16
DeepSets,ch4t-test-000963,6,0.350221,-0.033649,0.632428,-0.004861,-7.269668,-8.213808,1.110e-16
DeepSets,ch4t-test-000964,12,3.381232,-0.423426,0.156763,0.383081,-4.319671,-7.817321,0.000e+00
DeepSets,ch4t-test-000965,10,-0.126013,-0.926813,0.329813,0.047321,-8.416984,-7.741293,0.000e+00
DeepSets,ch4t-test-000966,7,1.142086,0.356604,0.069331,0.674330,-6.234098,-8.476449,0.000e+00
DeepSets,ch4t-test-000967,4,1.614727,0.016649,0.517450,0.424766,-6.089744,-8.663335,0.000e+00
DeepSets,ch4t-test-000968,5,-0.007716,0.144833,0.369557,0.053118,-7.357533,-7.917324,0.000e+00
DeepSets,ch4t-test-000969,12,0.255290,0.544421,0.542411,-0.183910,-6.983983,-8.142195,0.000e+00
DeepSets,ch4t-test-000970,9,1.188076,-0.165907,0.589218,0.154742,-6.383570,-8.149700,2.220e-16
DeepSets,ch4t-test-000971,5,-0.025434,0.913400,-0.029929,0.246719,-6.433033,-7.537789,0.000e+00
DeepSets,ch4t-test-000972,12,0.427587,0.672716,0.189535,0.663711,-5.850525,-7.804075,2.220e-16
DeepSets,ch4t-test-000973,8,1.680525,0.838380,0.228255,0.227532,-5.188963,-8.163656,4.441e-16
DeepSets,ch4t-test-000974,8,6.549610,-1.687997,-1.375350,0.443731,-4.183249,-8.113244,0.000e+00
DeepSets,ch4t-test-000975,12,2.962685,0.095290,0.179810,0.238055,-4.224600,-7.700439,4.441e-16
DeepSets,ch4t-test-000976,11,2.798702,-0.274098,0.987666,0.847736,-3.601206,-7.961212,0.000e+00
DeepSets,ch4t-test-000977,12,1.537925,0.563363,0.824204,0.953445,-3.992056,-7.870993,0.000e+00
DeepSets,ch4t-test-000978,7,0.274864,0.521236,-0.016160,0.079902,-7.355277,-8.215118,1.110e-16
DeepSets,ch4t-test-000979,12,1.226668,-0.382905,1.544700,0.228369,-5.041836,-7.658668,0.000e+00
DeepSets,ch4t-test-000980,6,1.537357,0.496214,0.695067,0.059315,-5.757963,-8.545915,0.000e+00
DeepSets,ch4t-test-000981,5,1.562253,1.127865,1.410955,-0.117022,-4.829477,-8.813527,4.441e-16
DeepSets,ch4t-test-000982,8,0.960832,-0.717831,0.541103,1.824708,-5.556391,-8.165203,0.000e+00
DeepSets,ch4t-test-000983,11,0.044107,0.657373,0.293059,-0.264557,-7.037832,-7.767814,0.000e+00
DeepSets,ch4t-test-000984,8,0.450783,0.229528,1.154274,-0.097733,-6.361374,-8.098225,2.220e-16
DeepSets,ch4t-test-000985,11,2.875218,0.176711,0.911467,0.463414,-3.262289,-7.689100,0.000e+00
DeepSets,ch4t-test-000986,6,1.634831,0.142297,0.732550,0.668145,-4.635650,-7.813471,4.441e-16
DeepSets,ch4t-test-000987,9,-0.540936,-0.152016,0.212042,-0.018433,-8.284295,-7.784953,5.551e-17
DeepSets,ch4t-test-000988,10,0.014488,1.928616,0.119292,-0.217295,-6.053866,-7.898967,0.000e+00
DeepSets,ch4t-test-000989,4,-0.013115,0.218653,-0.127235,0.117618,-7.570654,-7.766576,2.776e-17
DeepSets,ch4t-test-000990,12,2.280333,-1.050260,1.984556,0.703749,-3.956331,-7.874708,0.000e+00
DeepSets,ch4t-test-000991,10,1.667408,0.038438,0.002274,0.546302,-5.518386,-7.772809,0.000e+00
DeepSets,ch4t-test-000992,12,3.043308,-1.821630,-1.345079,0.177498,-8.235153,-8.289250,2.776e-16
DeepSets,ch4t-test-000993,6,-2.743055,-2.418814,1.443257,-0.789587,-12.854404,-8.346205,8.882e-16
DeepSets,ch4t-test-000994,12,1.872970,-0.189911,0.507117,0.673055,-5.172209,-8.035440,0.000e+00
DeepSets,ch4t-test-000995,5,0.305615,-0.107846,0.128366,0.835643,-6.704392,-7.866170,0.000e+00
DeepSets,ch4t-test-000996,6,2.817429,0.079701,0.954835,0.731651,-4.264871,-8.848487,0.000e+00
DeepSets,ch4t-test-000997,9,3.448898,0.209250,-0.268995,0.665273,-3.651775,-7.706200,0.000e+00
DeepSets,ch4t-test-000998,11,2.007770,1.488570,0.464958,0.472837,-2.977571,-7.411706,8.882e-16
DeepSets,ch4t-test-000999,12,4.395254,-0.912641,-1.283116,1.835033,-3.817068,-7.851598,0.000e+00
DeepSets,ch4t-test-001000,5,-0.028077,0.442452,-0.082041,0.054762,-7.391919,-7.779015,5.551e-17
DeepSets,ch4t-test-001001,9,-0.018282,1.881673,-0.382980,0.102385,-6.313332,-7.896129,4.441e-16
DeepSets,ch4t-test-001002,7,0.022604,1.163720,-0.093600,0.253045,-6.828737,-8.174506,0.000e+00
DeepSets,ch4t-test-001003,6,0.262304,1.770408,-0.107180,0.162525,-5.838300,-7.926357,0.000e+00
DeepSets,ch4t-test-001004,6,1.139863,0.615794,0.356515,0.763933,-4.708534,-7.584638,0.000e+00
DeepSets,ch4t-test-001005,7,1.138091,0.568466,1.072495,0.005148,-5.016736,-7.800937,4.441e-16
DeepSets,ch4t-test-001006,4,1.545168,-0.030058,0.767737,0.576937,-4.644207,-7.503991,0.000e+00
DeepSets,ch4t-test-001007,8,1.581667,0.643856,0.513527,0.670968,-4.554834,-7.964852,0.000e+00
DeepSets,ch4t-test-001008,11,0.509401,1.408453,-0.064418,0.535219,-5.339452,-7.728108,0.000e+00
DeepSets,ch4t-test-001009,5,0.019887,-0.182127,0.192224,-0.349934,-8.742764,-8.422814,0.000e+00
DeepSets,ch4t-test-001010,5,-0.125599,1.059350,-0.152986,0.066619,-6.800754,-7.648138,0.000e+00
DeepSets,ch4t-test-001011,11,5.350878,-0.853351,-0.408728,0.693714,-3.219936,-8.002449,0.000e+00
DeepSets,ch4t-test-001012,11,-0.009916,1.328976,0.030701,0.252129,-6.389705,-7.991595,0.000e+00
DeepSets,ch4t-test-001013,4,0.008196,-1.516231,0.327168,-0.109491,-9.569699,-8.279341,0.000e+00
DeepSets,ch4t-test-001014,12,-0.001275,0.576512,0.039540,0.117254,-6.957074,-7.689105,0.000e+00
DeepSets,ch4t-test-001015,9,2.321336,-0.700088,1.394754,0.488792,-4.083537,-7.588330,0.000e+00
DeepSets,ch4t-test-001016,12,0.490844,0.716148,1.095244,0.326515,-5.492619,-8.121369,0.000e+00
DeepSets,ch4t-test-001017,9,-0.232569,0.864213,-0.355168,0.197325,-8.056133,-8.529933,1.110e-16
DeepSets,ch4t-test-001018,10,2.706010,0.084641,0.813191,0.202732,-4.232359,-8.038932,0.000e+00
DeepSets,ch4t-test-001019,11,1.694403,-0.086105,1.624109,0.120984,-5.085371,-8.438763,8.882e-16
DeepSets,ch4t-test-001020,6,2.540040,-1.708518,-0.862388,0.901207,-6.672847,-7.543188,4.441e-16
DeepSets,ch4t-test-001021,8,1.423236,0.473069,0.350592,0.894116,-4.934869,-8.075881,4.441e-16
DeepSets,ch4t-test-001022,6,1.330264,0.417064,0.644434,0.291520,-5.287274,-7.970557,0.000e+00
DeepSets,ch4t-test-001023,7,1.116736,-0.056452,0.578470,0.742539,-5.403642,-7.784935,0.000e+00
DeepSets,ch4t-test-001024,6,-0.382527,1.130881,-0.426580,0.218154,-7.381496,-7.921424,0.000e+00
DeepSets,ch4t-test-001025,12,3.989379,-0.026583,-0.747793,1.007053,-4.029724,-8.251780,0.000e+00
DeepSets,ch4t-test-001026,6,1.351954,0.239708,0.740491,0.574023,-5.177355,-8.083531,4.441e-16
DeepSets,ch4t-test-001027,4,3.478605,0.478760,0.216582,0.450810,-3.543651,-8.168408,8.882e-16
DeepSets,ch4t-test-001028,11,1.379922,0.235917,1.513381,0.015672,-4.890129,-8.035022,4.441e-16
DeepSets,ch4t-test-001029,12,2.460522,-0.166289,1.316693,0.105107,-4.471776,-8.187808,4.441e-16
DeepSets,ch4t-test-001030,7,-0.129277,0.424450,-0.221889,-0.369209,-8.144856,-7.848931,0.000e+00
DeepSets,ch4t-test-001031,6,5.684515,-1.476729,-0.712032,1.057357,-3.210297,-7.763407,0.000e+00
DeepSets,ch4t-test-001032,4,3.233937,0.223134,0.372495,0.407290,-3.869466,-8.106321,0.000e+00
DeepSets,ch4t-test-001033,9,1.280427,-0.047460,1.100379,-0.493313,-6.151362,-7.991394,2.220e-16
DeepSets,ch4t-test-001034,6,0.521460,0.789906,0.115053,0.629384,-6.195548,-8.251351,0.000e+00
DeepSets,ch4t-test-001035,9,2.658687,-0.864166,1.727307,-0.424051,-4.946377,-8.044155,4.441e-16
DeepSets,ch4t-test-001036,7,2.867443,-0.686316,1.429202,0.623864,-4.080585,-8.314778,0.000e+00
DeepSets,ch4t-test-001037,8,5.203682,-1.072968,-1.069390,0.632414,-4.327101,-8.020839,0.000e+00
DeepSets,ch4t-test-001038,7,1.776575,0.050046,0.643311,1.009149,-4.222778,-7.701859,4.441e-16
DeepSets,ch4t-test-001039,7,1.913395,-0.659578,1.280824,0.400288,-4.942430,-7.877358,0.000e+00
DeepSets,ch4t-test-001040,6,-0.369940,0.358835,-0.612686,0.455020,-8.759194,-8.590423,0.000e+00
DeepSets,ch4t-test-001041,12,2.885503,0.592194,0.332371,0.691040,-2.886558,-7.387667,8.882e-16
DeepSets,ch4t-test-001042,7,1.515326,0.699316,0.565073,0.134254,-5.251554,-8.165524,0.000e+00
DeepSets,ch4t-test-001043,12,2.528074,-0.710068,1.156231,0.538478,-4.326807,-7.839522,8.882e-16
DeepSets,ch4t-test-001044,4,3.054275,0.214647,0.916971,0.534797,-2.616368,-7.337058,0.000e+00
DeepSets,ch4t-test-001045,5,2.198151,0.367413,1.048749,0.072213,-4.788856,-8.475383,0.000e+00
DeepSets,ch4t-test-001046,6,-0.167006,0.811260,-0.059961,-0.009926,-7.404909,-7.979277,1.110e-16
DeepSets,ch4t-test-001047,4,2.437048,-0.726708,1.696420,-0.150059,-3.940996,-7.197697,4.441e-16
DeepSets,ch4t-test-001048,10,-0.066657,0.613747,-0.115875,0.316752,-7.232126,-7.980093,1.110e-16
DeepSets,ch4t-test-001049,8,0.805582,-0.948708,1.122546,0.316934,-6.912468,-8.208822,0.000e+00
DeepSets,ch4t-test-001050,10,-0.006700,1.596366,-0.263375,-0.142824,-6.824642,-8.008109,4.441e-16
DeepSets,ch4t-test-001051,8,0.835394,0.435537,0.583015,0.431032,-5.632484,-7.917462,4.441e-16
DeepSets,ch4t-test-001052,4,0.074143,1.132979,0.032603,-0.120024,-7.365653,-8.485354,0.000e+00
DeepSets,ch4t-test-001053,7,1.786402,-0.059644,1.032827,-0.305668,-5.270685,-7.724602,4.441e-16
DeepSets,ch4t-test-001054,9,1.010311,-0.360387,0.994540,0.314297,-5.194590,-7.153351,0.000e+00
DeepSets,ch4t-test-001055,9,1.059839,1.013369,0.711030,0.364718,-4.399581,-7.548537,4.441e-16
DeepSets,ch4t-test-001056,10,2.227408,-0.412741,0.341918,0.542269,-5.353269,-8.052122,4.441e-16
DeepSets,ch4t-test-001057,10,-0.003158,0.978951,-0.032244,-0.350745,-7.252620,-7.845425,1.110e-16
DeepSets,ch4t-test-001058,12,0.816642,1.412042,0.727319,0.532914,-5.040899,-8.529816,0.000e+00
DeepSets,ch4t-test-001059,8,0.719767,0.866493,0.217189,0.599964,-5.951102,-8.354515,0.000e+00
DeepSets,ch4t-test-001060,9,0.560056,0.756375,0.373345,0.653377,-5.849763,-8.192915,0.000e+00
DeepSets,ch4t-test-001061,7,6.267868,-1.260585,-2.270699,1.123854,-4.097382,-7.957820,0.000e+00
DeepSets,ch4t-test-001062,8,2.699552,0.300965,0.733590,0.665226,-3.272851,-7.672184,0.000e+00
DeepSets,ch4t-test-001063,10,-0.068694,0.403556,-0.078432,-0.059332,-7.814678,-8.011777,5.551e-17
DeepSets,ch4t-test-001064,5,4.491553,-1.070766,-0.686713,1.420922,-4.465938,-8.620933,0.000e+00
DeepSets,ch4t-test-001065,5,-0.012608,0.341829,0.023062,0.095751,-7.662851,-8.110885,5.551e-17
DeepSets,ch4t-test-001066,8,-0.298405,-0.424898,1.154766,-0.278102,-7.686757,-7.840119,5.551e-17
DeepSets,ch4t-test-001067,11,1.676556,0.042118,0.835999,0.263832,-5.205713,-8.024218,0.000e+00
DeepSets,ch4t-test-001068,6,0.895477,-0.433933,0.336542,0.366912,-6.673709,-7.838708,0.000e+00
DeepSets,ch4t-test-001069,7,2.657251,-1.866322,-0.439719,1.029244,-6.523631,-7.904086,2.220e-16
DeepSets,ch4t-test-001070,7,1.884354,0.181288,1.393129,-0.330504,-4.529596,-7.657864,0.000e+00
DeepSets,ch4t-test-001071,6,-0.064585,0.615105,-0.134516,0.146021,-7.506349,-8.068374,1.110e-16
DeepSets,ch4t-test-001072,9,1.549448,0.040680,0.700907,0.623830,-5.039602,-7.954467,4.441e-16
DeepSets,ch4t-test-001073,10,-0.285813,-0.309567,0.472120,-0.473899,-8.490542,-7.893383,0.000e+00
DeepSets,ch4t-test-001074,6,0.172809,0.965702,-0.151112,-0.033429,-7.033819,-7.987789,1.110e-16
DeepSets,ch4t-test-001075,4,3.762533,1.191044,-1.160039,1.332353,-2.585442,-7.711333,8.882e-16
DeepSets,ch4t-test-001076,10,2.743507,0.518403,1.159389,0.384145,-3.293200,-8.098645,0.000e+00
DeepSets,ch4t-test-001077,5,0.906358,-0.462927,1.136661,-0.063754,-5.827780,-7.344117,0.000e+00
DeepSets,ch4t-test-001078,6,-0.119510,0.452942,-0.199760,0.142111,-7.336699,-7.612481,0.000e+00
DeepSets,ch4t-test-001079,4,0.783608,0.216152,0.272713,0.358724,-6.844872,-8.476069,2.220e-16
DeepSets,ch4t-test-001080,7,1.911885,1.324672,0.481452,0.434918,-3.918671,-8.071597,0.000e+00
DeepSets,ch4t-test-001081,5,1.441224,-0.687394,1.721733,-0.178362,-5.880253,-8.177453,0.000e+00
DeepSets,ch4t-test-001082,4,0.988519,0.595493,0.211200,0.246646,-6.037837,-8.079697,0.000e+00
DeepSets,ch4t-test-001083,10,-0.046295,1.484187,0.027738,0.073275,-6.367822,-7.906726,2.220e-16
DeepSets,ch4t-test-001084,6,-0.053870,-0.991730,0.105391,-0.015397,-9.077244,-8.121638,0.000e+00
DeepSets,ch4t-test-001085,4,-0.075428,0.922597,0.159222,-0.117262,-6.672345,-7.561474,1.110e-16
DeepSets,ch4t-test-001086,5,2.180298,-0.214991,0.249417,0.503460,-5.134554,-7.852737,0.000e+00
DeepSets,ch4t-test-001087,6,0.328556,0.113734,0.899038,-0.274007,-6.667809,-7.735130,0.000e+00
DeepSets,ch4t-test-001088,10,6.289365,0.058159,-1.579107,1.081571,-2.587538,-8.437527,8.882e-16
DeepSets,ch4t-test-001089,12,2.483507,-0.541242,1.794050,0.298072,-4.478057,-8.512444,8.882e-16
DeepSets,ch4t-test-001090,12,1.710157,1.276177,0.767177,0.446290,-3.722992,-7.922793,8.882e-16
DeepSets,ch4t-test-001091,9,5.435055,-1.265339,-1.721750,1.649178,-3.587675,-7.684819,0.000e+00
DeepSets,ch4t-test-001092,7,0.272877,-0.350461,0.669779,0.255098,-7.120001,-7.967294,0.000e+00
DeepSets,ch4t-test-001093,8,1.540568,0.691937,1.006678,0.180371,-4.948019,-8.367574,0.000e+00
DeepSets,ch4t-test-001094,11,1.471790,-1.262384,1.299297,-0.200147,-6.200489,-7.509046,0.000e+00
DeepSets,ch4t-test-001095,10,0.636682,-0.710020,0.439550,0.439709,-7.186859,-7.992779,0.000e+00
DeepSets,ch4t-test-001096,4,-0.261500,1.047084,-0.182636,-0.173192,-7.424199,-7.853954,1.665e-16
DeepSets,ch4t-test-001097,4,-0.031909,0.484095,-0.157481,0.212935,-6.711460,-7.219099,0.000e+00
DeepSets,ch4t-test-001098,4,0.007063,0.035908,0.233589,-0.134014,-7.993020,-8.135566,0.000e+00
DeepSets,ch4t-test-001099,8,-0.002877,0.890394,-0.069927,-0.102844,-7.227085,-7.941831,0.000e+00
DeepSets,ch4t-test-001100,10,-0.023103,1.538468,-0.034835,0.102230,-6.442458,-8.025218,0.000e+00
DeepSets,ch4t-test-001101,4,1.301459,-0.407030,0.796845,0.091555,-6.249808,-8.032636,2.220e-16
DeepSets,ch4t-test-001102,6,0.010506,1.477962,-0.053778,-0.025076,-6.464816,-7.874429,0.000e+00
DeepSets,ch4t-test-001103,7,2.102247,-0.316617,1.045215,0.086850,-4.966927,-7.884623,4.441e-16
DeepSets,ch4t-test-001104,11,0.595607,1.324848,0.517004,0.323892,-4.908075,-7.669426,4.441e-16
DeepSets,ch4t-test-001105,8,3.258037,-0.581566,1.442900,0.669156,-3.248248,-8.036776,8.882e-16
DeepSets,ch4t-test-001106,8,1.109779,1.322398,0.422176,0.612130,-4.436224,-7.902707,0.000e+00
DeepSets,ch4t-test-001107,4,0.057678,0.765138,-0.263955,0.072287,-7.599068,-8.230216,0.000e+00
DeepSets,ch4t-test-001108,11,4.724466,-0.707956,0.494478,0.559482,-2.258569,-7.329039,0.000e+00
DeepSets,ch4t-test-001109,11,-0.177189,1.731802,-0.308993,0.123565,-6.642952,-8.012138,2.220e-16
DeepSets,ch4t-test-001110,4,1.998876,0.636593,0.044530,0.792472,-4.676293,-8.148764,0.000e+00
DeepSets,ch4t-test-001111,11,3.043244,-0.041415,0.957194,0.554392,-3.106984,-7.620399,0.000e+00
DeepSets,ch4t-test-001112,4,2.538127,-0.894383,1.131840,0.143862,-5.213089,-8.132536,4.441e-16
DeepSets,ch4t-test-001113,10,0.948665,0.905354,1.254724,0.247581,-4.620984,-7.977309,0.000e+00
DeepSets,ch4t-test-001114,7,0.935491,0.937066,0.097212,0.401649,-5.574870,-7.946289,0.000e+00
DeepSets,ch4t-test-001115,8,0.005702,-2.126871,0.848293,-0.224582,-9.247637,-7.750178,0.000e+00
DeepSets,ch4t-test-001116,11,-0.282046,0.966292,-0.534835,0.278675,-7.784399,-8.212483,5.551e-17
DeepSets,ch4t-test-001117,10,1.815117,-0.268999,0.975184,0.010248,-5.517274,-8.048823,4.441e-16
DeepSets,ch4t-test-001118,4,0.397954,0.775021,0.088950,0.414145,-5.701166,-7.377236,2.220e-16
DeepSets,ch4t-test-001119,10,0.800926,0.007919,1.511053,-0.415702,-5.540640,-7.444836,2.220e-16
DeepSets,ch4t-test-001120,12,-0.062469,-0.286755,0.189828,-0.196217,-8.662231,-8.306618,0.000e+00
DeepSets,ch4t-test-001121,7,6.083603,-1.213991,-1.348645,0.885885,-3.699577,-8.106428,0.000e+00
DeepSets,ch4t-test-001122,10,2.040136,1.314737,0.280877,0.506884,-4.091815,-8.234449,8.882e-16
DeepSets,ch4t-test-001123,12,1.734280,0.165115,0.334326,0.787905,-4.815827,-7.837453,0.000e+00
DeepSets,ch4t-test-001124,11,0.600137,0.818790,-0.068155,0.003148,-6.664527,-8.018447,0.000e+00
DeepSets,ch4t-test-001125,10,0.859016,-0.843392,1.451036,-0.864252,-7.545667,-8.148077,2.220e-16
DeepSets,ch4t-test-001126,11,5.338088,-1.082465,-0.934609,0.842733,-4.048804,-8.212551,0.000e+00
DeepSets,ch4t-test-001127,6,0.086470,-0.263079,0.145390,-0.222229,-8.077512,-7.824064,0.000e+00
DeepSets,ch4t-test-001128,4,1.658010,-0.637671,1.005338,0.186946,-5.131212,-7.343837,0.000e+00
DeepSets,ch4t-test-001129,6,0.967644,0.814293,0.273225,0.490915,-5.022451,-7.568529,0.000e+00
DeepSets,ch4t-test-001130,12,3.862486,-1.131163,-1.483119,1.412921,-5.173475,-7.834600,0.000e+00
DeepSets,ch4t-test-001131,4,-0.152122,0.306539,-0.139651,0.214364,-7.218957,-7.448087,0.000e+00
DeepSets,ch4t-test-001132,11,3.123937,-0.013874,0.860473,0.306327,-3.765263,-8.042126,0.000e+00
DeepSets,ch4t-test-001133,9,1.161683,0.903745,0.176556,0.392636,-5.228674,-7.863294,0.000e+00
DeepSets,ch4t-test-001134,10,6.205131,-1.279847,-0.985692,1.442386,-3.012140,-8.394118,0.000e+00
DeepSets,ch4t-test-001135,6,1.197426,0.602749,0.232112,0.754256,-5.202750,-7.989292,4.441e-16
DeepSets,ch4t-test-001136,9,4.985839,-1.549133,-1.499968,1.097079,-4.824934,-7.858751,0.000e+00
DeepSets,ch4t-test-001137,11,1.643907,0.173368,0.544759,0.647509,-5.064089,-8.073632,4.441e-16
DeepSets,ch4t-test-001138,12,1.681990,1.021132,1.490363,0.150091,-3.759727,-8.103303,0.000e+00
DeepSets,ch4t-test-001139,8,-0.111550,1.356461,-0.143950,-0.174961,-7.698970,-8.624971,2.220e-16
DeepSets,ch4t-test-001140,8,1.753224,1.144344,0.203809,0.729474,-4.214859,-8.045710,0.000e+00
DeepSets,ch4t-test-001141,5,-0.000554,0.468450,0.060468,0.115500,-6.456810,-7.100673,1.110e-16
DeepSets,ch4t-test-001142,7,3.936085,-1.033548,-1.300285,1.400442,-4.848679,-7.851374,0.000e+00
DeepSets,ch4t-test-001143,11,1.194837,1.274441,0.521341,0.739739,-3.897107,-7.627464,4.441e-16
DeepSets,ch4t-test-001144,8,2.855143,0.815915,-0.165748,0.136914,-3.976816,-7.619041,0.000e+00
DeepSets,ch4t-test-001145,5,3.542565,-0.752556,0.647234,0.474175,-4.698668,-8.610087,0.000e+00
DeepSets,ch4t-test-001146,7,1.288555,0.906621,0.726175,0.309422,-4.859480,-8.090253,4.441e-16
DeepSets,ch4t-test-001147,9,-0.080698,-0.714848,0.026844,0.454664,-8.760483,-8.446444,1.110e-16
DeepSets,ch4t-test-001148,9,2.398763,-0.429157,1.628249,0.424986,-3.970550,-7.993391,0.000e+00
DeepSets,ch4t-test-001149,10,0.976776,-0.477268,1.086656,-0.042421,-6.399316,-7.943058,2.220e-16
DeepSets,ch4t-test-001150,4,1.677609,0.510842,0.699982,0.583532,-4.285801,-7.757765,0.000e+00
DeepSets,ch4t-test-001151,10,0.039416,1.722307,-0.012071,-0.094954,-6.526938,-8.181637,2.220e-16
DeepSets,ch4t-test-001152,12,-0.000974,0.879487,-0.006202,0.149667,-7.231368,-8.253346,0.000e+00
DeepSets,ch4t-test-001153,5,0.303466,-0.215710,0.338577,-0.040284,-7.581979,-7.968028,5.551e-17
DeepSets,ch4t-test-001154,11,-0.739492,-0.201303,0.964266,-0.998361,-8.994719,-8.019828,0.000e+00
DeepSets,ch4t-test-001155,4,-0.124530,0.045540,-0.072604,0.098311,-7.797801,-7.744518,0.000e+00
DeepSets,ch4t-test-001156,11,2.840910,-0.599144,1.451622,0.717271,-3.047285,-7.457944,0.000e+00
DeepSets,ch4t-test-001157,9,0.271814,0.749638,0.738350,-0.271728,-6.502765,-7.990839,0.000e+00
DeepSets,ch4t-test-001158,9,0.239572,-0.542724,2.023779,-0.329187,-6.531438,-7.922879,0.000e+00
DeepSets,ch4t-test-001159,8,2.525050,-1.054009,0.451305,0.026654,-6.071392,-8.020393,0.000e+00
DeepSets,ch4t-test-001160,8,0.014632,1.450585,-0.026365,0.255421,-5.998720,-7.692992,2.220e-16
DeepSets,ch4t-test-001161,4,0.565351,0.509084,-0.031927,0.510378,-6.494742,-8.047627,0.000e+00
DeepSets,ch4t-test-001162,7,1.515118,0.229401,0.920392,0.029969,-5.429478,-8.124358,4.441e-16
DeepSets,ch4t-test-001163,11,1.117247,0.983606,0.301697,0.264369,-5.377115,-8.044034,0.000e+00
DeepSets,ch4t-test-001164,9,-0.034298,0.568788,-0.249842,0.237693,-7.618293,-8.140633,1.110e-16
DeepSets,ch4t-test-001165,9,1.225327,0.647637,-0.084127,0.547462,-5.898900,-8.235200,4.441e-16
DeepSets,ch4t-test-001166,12,1.144616,0.262843,0.972845,-0.540665,-6.023247,-7.862885,4.441e-16
DeepSets,ch4t-test-001167,11,1.015535,0.871778,0.394068,-0.277897,-5.895603,-7.899088,4.441e-16
DeepSets,ch4t-test-001168,6,3.399982,0.782877,-0.280253,0.346249,-3.775689,-8.024544,0.000e+00
DeepSets,ch4t-test-001169,8,1.972278,0.585717,0.968576,0.700031,-3.662303,-7.888905,8.882e-16
DeepSets,ch4t-test-001170,9,0.277080,-1.444721,0.192481,-0.401182,-9.026380,-7.650037,0.000e+00
DeepSets,ch4t-test-001171,8,3.265882,-0.091432,0.304122,0.185391,-4.644967,-8.308929,4.441e-16
DeepSets,ch4t-test-001172,12,1.199783,0.104453,0.859615,0.441322,-5.537472,-8.142645,4.441e-16
DeepSets,ch4t-test-001173,12,1.350098,0.320822,0.602155,0.461769,-5.265249,-8.000093,0.000e+00
DeepSets,ch4t-test-001174,6,3.378095,-0.950944,-0.079850,1.099422,-4.778992,-8.225715,0.000e+00
DeepSets,ch4t-test-001175,12,1.907068,-0.019245,0.931971,0.482000,-4.526993,-7.828787,0.000e+00
DeepSets,ch4t-test-001176,9,1.664714,0.570356,1.157070,0.285470,-4.199618,-7.877230,0.000e+00
DeepSets,ch4t-test-001177,10,-0.031842,0.720799,-0.031343,0.134063,-7.236373,-8.028050,0.000e+00
DeepSets,ch4t-test-001178,7,-0.122986,1.083884,0.074424,-0.297458,-7.042415,-7.780278,0.000e+00
DeepSets,ch4t-test-001179,10,1.013463,-0.431016,1.038204,0.275286,-6.141758,-8.037695,0.000e+00
DeepSets,ch4t-test-001180,10,1.189674,0.584985,0.672449,-0.224776,-5.719665,-7.941997,0.000e+00
DeepSets,ch4t-test-001181,10,1.896483,-0.697548,1.569672,-0.602309,-5.711393,-7.877691,4.441e-16
DeepSets,ch4t-test-001182,6,5.064591,0.135615,-1.280481,0.843095,-3.601497,-8.364317,8.882e-16
DeepSets,ch4t-test-001183,10,0.566941,0.164338,0.291831,-0.048734,-7.064238,-8.038614,1.110e-16
DeepSets,ch4t-test-001184,5,5.449714,-1.450845,-0.104863,0.755072,-3.387796,-8.036874,8.882e-16
DeepSets,ch4t-test-001185,5,-0.007949,0.231234,0.014791,0.076780,-8.289728,-8.604583,0.000e+00
DeepSets,ch4t-test-001186,9,1.911462,0.025770,0.788964,0.687285,-4.542114,-7.955595,0.000e+00
DeepSets,ch4t-test-001187,12,1.135741,0.602822,1.771400,-0.519267,-5.216673,-8.207369,0.000e+00
DeepSets,ch4t-test-001188,5,1.130531,0.062237,0.502411,0.920216,-5.539012,-8.154407,0.000e+00
DeepSets,ch4t-test-001189,4,-0.004484,-0.029339,0.012369,0.057152,-7.890915,-7.926613,6.939e-18
DeepSets,ch4t-test-001190,6,0.379955,-0.098103,-0.669298,-0.318960,-8.496400,-7.789994,1.110e-16
DeepSets,ch4t-test-001191,8,2.631305,-0.093978,-0.291124,0.923616,-4.931599,-8.101418,0.000e+00
DeepSets,ch4t-test-001192,5,3.356250,0.096646,0.427431,0.688113,-3.340999,-7.909439,0.000e+00
DeepSets,ch4t-test-001193,12,1.747649,0.045719,0.859669,0.351698,-4.969864,-7.974599,0.000e+00
DeepSets,ch4t-test-001194,12,3.108689,0.203293,0.264381,0.476131,-3.706823,-7.759317,8.882e-16
DeepSets,ch4t-test-001195,12,1.817165,0.733763,1.225416,0.529129,-3.693576,-7.999049,8.882e-16
DeepSets,ch4t-test-001196,4,-0.364975,0.385808,-0.474270,0.077082,-8.247903,-7.871547,0.000e+00
DeepSets,ch4t-test-001197,8,1.822787,0.029409,0.729483,0.779895,-4.924246,-8.285820,0.000e+00
DeepSets,ch4t-test-001198,8,-0.357934,-0.333113,-0.092930,0.183565,-8.561824,-7.961412,0.000e+00
DeepSets,ch4t-test-001199,4,0.589356,-0.104680,1.214158,-0.425488,-6.795695,-8.069041,2.220e-16
DeepSets,ch4t-test-001200,12,0.887303,0.156989,-0.167142,0.596768,-6.673164,-8.147083,0.000e+00
DeepSets,ch4t-test-001201,10,4.529689,-0.356892,-0.684413,0.978622,-3.707224,-8.174229,0.000e+00
DeepSets,ch4t-test-001202,5,1.197702,0.998013,0.828452,-0.250454,-5.539294,-8.313007,0.000e+00
DeepSets,ch4t-test-001203,9,0.002714,1.729404,0.042218,-0.165394,-6.440528,-8.049470,0.000e+00
DeepSets,ch4t-test-001204,7,2.377767,-0.655532,0.332480,-0.082872,-6.834640,-8.806484,2.220e-16
DeepSets,ch4t-test-001205,9,-0.357039,1.090539,0.467186,0.158239,-7.305448,-8.664373,2.220e-16
DeepSets,ch4t-test-001206,7,0.109175,-0.108774,0.186458,0.003984,-8.256649,-8.447492,5.551e-17
DeepSets,ch4t-test-001207,8,0.185841,0.323239,0.123084,-0.085190,-7.439631,-7.986605,0.000e+00
DeepSets,ch4t-test-001208,10,0.852888,0.405364,0.882801,-0.237099,-6.203008,-8.106963,2.220e-16
DeepSets,ch4t-test-001209,7,2.152084,0.103927,-0.101261,0.641294,-5.333681,-8.129725,4.441e-16
DeepSets,ch4t-test-001210,5,-0.119602,0.606473,-0.109736,0.440651,-6.682103,-7.499889,0.000e+00
DeepSets,ch4t-test-001211,9,1.590056,-0.392001,1.029061,0.088700,-5.722895,-8.038711,4.441e-16
DeepSets,ch4t-test-001212,10,0.681188,1.466168,0.101789,0.075901,-5.535466,-7.860512,0.000e+00
DeepSets,ch4t-test-001213,10,0.994000,0.924658,-0.000592,0.460641,-5.380589,-7.759296,4.441e-16
DeepSets,ch4t-test-001214,7,1.196576,0.763850,0.111168,0.674698,-5.252673,-7.998963,0.000e+00
DeepSets,ch4t-test-001215,11,-0.058060,0.552693,0.576256,-0.335443,-6.819245,-7.554691,0.000e+00
DeepSets,ch4t-test-001216,10,3.983010,-0.489110,0.610611,-0.068763,-4.069507,-8.105256,8.882e-16
DeepSets,ch4t-test-001217,5,5.487967,-1.526761,-1.982898,1.214805,-5.034138,-8.227251,0.000e+00
DeepSets,ch4t-test-001218,10,2.144264,0.154375,-0.393297,-0.265244,-6.179550,-7.819648,0.000e+00
DeepSets,ch4t-test-001219,8,1.307234,-0.535032,1.027677,-0.221753,-6.032095,-7.610221,2.220e-16
DeepSets,ch4t-test-001220,7,-0.546713,-0.142784,0.487581,-0.023717,-7.703599,-7.477965,2.776e-17
DeepSets,ch4t-test-001221,11,0.751975,0.877405,0.190786,0.315649,-5.781223,-7.917039,0.000e+00
DeepSets,ch4t-test-001222,9,2.911160,-0.842987,1.098040,-0.019319,-5.112201,-8.259094,0.000e+00
DeepSets,ch4t-test-001223,12,0.457649,-0.234966,0.895150,-0.052898,-6.399166,-7.464101,2.220e-16
DeepSets,ch4t-test-001224,4,0.033670,0.635115,-0.173309,-0.020756,-7.481585,-7.956305,0.000e+00
DeepSets,ch4t-test-001225,9,1.147520,0.056957,0.948134,-0.337715,-6.223434,-8.038330,2.220e-16
DeepSets,ch4t-test-001226,12,0.008263,0.892266,-0.072323,0.315944,-7.050081,-8.194230,0.000e+00
DeepSets,ch4t-test-001227,6,2.243549,-0.052200,0.752776,0.382706,-5.028667,-8.355499,4.441e-16
DeepSets,ch4t-test-001228,6,0.660091,0.157551,0.122589,0.202904,-6.932249,-8.075383,0.000e+00
DeepSets,ch4t-test-001229,4,-0.147948,0.944306,-0.113558,0.325755,-6.814553,-7.823108,0.000e+00
DeepSets,ch4t-test-001230,9,2.242802,-1.379624,2.480438,0.219973,-4.030233,-7.593821,0.000e+00
DeepSets,ch4t-test-001231,6,2.782841,0.554283,1.003522,0.228301,-3.324638,-7.893585,8.882e-16
DeepSets,ch4t-test-001232,9,2.260114,0.556981,0.286999,0.841154,-4.061058,-8.006305,0.000e+00
DeepSets,ch4t-test-001233,6,4.106574,-0.386544,-1.072812,0.643743,-4.277695,-7.568656,0.000e+00
DeepSets,ch4t-test-001234,8,0.736934,-0.018765,0.441359,0.097284,-6.826351,-8.083163,2.220e-16
DeepSets,ch4t-test-001235,8,4.441163,-1.706187,-0.436471,1.514411,-4.191509,-8.004426,0.000e+00
DeepSets,ch4t-test-001236,12,2.575979,0.206842,0.462375,0.932026,-3.517854,-7.695076,0.000e+00
DeepSets,ch4t-test-001237,7,1.931863,1.619806,0.838613,0.534570,-3.207102,-8.131955,0.000e+00
DeepSets,ch4t-test-001238,9,0.892947,0.719167,0.045657,0.611911,-5.762705,-8.032386,0.000e+00
DeepSets,ch4t-test-001239,9,4.448937,-0.850305,-0.836479,1.501472,-3.343782,-7.607408,8.882e-16
DeepSets,ch4t-test-001240,12,-0.039458,0.232038,-0.267622,0.036509,-7.855651,-7.817118,4.163e-17
DeepSets,ch4t-test-001241,5,2.791580,-0.793546,1.914464,0.193150,-4.095159,-8.200806,0.000e+00
DeepSets,ch4t-test-001242,4,4.497361,-1.483368,-0.220080,1.037727,-3.860287,-7.691927,0.000e+00
DeepSets,ch4t-test-001243,4,0.713375,0.262222,0.069260,0.589165,-6.077357,-7.711379,0.000e+00
DeepSets,ch4t-test-001244,12,2.365019,0.228767,0.110361,0.615838,-4.354954,-7.674940,8.882e-16
DeepSets,ch4t-test-001245,11,3.690025,-0.752779,-0.991940,0.568818,-5.463553,-7.977678,0.000e+00
DeepSets,ch4t-test-001246,9,4.819527,-0.949010,-0.598606,0.511542,-4.253507,-8.036959,4.441e-16
DeepSets,ch4t-test-001247,5,-0.052435,1.491782,-0.103464,-0.134906,-6.297047,-7.498023,0.000e+00
DeepSets,ch4t-test-001248,12,1.894401,1.131017,0.163537,0.029356,-4.705093,-7.923403,0.000e+00
DeepSets,ch4t-test-001249,4,0.363883,-0.392905,0.436706,-0.394630,-7.540101,-7.553156,0.000e+00
DeepSets,ch4t-test-001250,5,3.307472,-1.275473,-0.437614,0.808042,-5.567099,-7.969526,0.000e+00
DeepSets,ch4t-test-001251,5,3.846468,-1.128080,0.252508,0.517381,-4.739047,-8.227325,4.441e-16
DeepSets,ch4t-test-001252,5,0.002044,0.610588,-0.029059,0.298851,-6.671987,-7.554410,0.000e+00
DeepSets,ch4t-test-001253,10,3.163998,-0.271596,1.626819,0.380230,-2.885822,-7.785273,0.000e+00
DeepSets,ch4t-test-001254,8,2.692570,-0.156788,0.752851,0.936309,-3.778278,-8.003219,0.000e+00
DeepSets,ch4t-test-001255,4,-0.534135,-1.680708,2.088872,0.245415,-7.800935,-7.920379,0.000e+00
DeepSets,ch4t-test-001256,6,1.959653,-0.334201,1.303641,-0.257997,-4.894818,-7.565914,0.000e+00
DeepSets,ch4t-test-001257,9,3.945740,0.692323,-1.262241,0.748720,-3.673848,-7.798389,8.882e-16
DeepSets,ch4t-test-001258,4,0.047416,0.637440,-0.135124,0.103453,-8.237473,-8.890658,0.000e+00
DeepSets,ch4t-test-001259,12,3.282790,-0.314058,1.952035,0.142318,-3.044956,-8.108042,8.882e-16
DeepSets,ch4t-test-001260,12,1.229263,-0.092652,1.322177,0.079098,-5.221954,-7.759839,4.441e-16
DeepSets,ch4t-test-001261,8,1.992383,0.142119,0.910491,0.527989,-4.300983,-7.873965,0.000e+00
DeepSets,ch4t-test-001262,8,2.102774,0.422158,0.470004,0.771802,-4.604327,-8.371065,4.441e-16
DeepSets,ch4t-test-001263,4,2.469600,-1.142770,1.495074,0.596096,-4.833356,-8.251357,4.441e-16
DeepSets,ch4t-test-001264,8,-0.064979,1.627924,-0.274421,0.252053,-6.650290,-8.190868,2.220e-16
DeepSets,ch4t-test-001265,12,-0.119768,1.233737,0.612152,-0.137476,-6.273756,-7.862401,0.000e+00
DeepSets,ch4t-test-001266,12,0.664898,-0.719599,0.614316,-0.721399,-7.889200,-7.727415,1.110e-16
DeepSets,ch4t-test-001267,8,0.135058,-0.257239,1.429710,-0.203441,-6.691939,-7.796026,0.000e+00
DeepSets,ch4t-test-001268,11,-0.030555,1.723845,-0.149087,0.271945,-5.998059,-7.814207,0.000e+00
DeepSets,ch4t-test-001269,8,3.882599,-0.276431,-0.854366,1.009330,-4.263574,-8.024706,4.441e-16
DeepSets,ch4t-test-001270,10,-0.045256,1.355843,-0.184295,0.053598,-6.884639,-8.064528,0.000e+00
DeepSets,ch4t-test-001271,9,1.385830,-0.992366,0.857251,0.087314,-7.053679,-8.391708,2.220e-16
DeepSets,ch4t-test-001272,5,1.452723,0.554821,0.534363,-0.287340,-6.183466,-8.438033,0.000e+00
DeepSets,ch4t-test-001273,12,1.463278,-0.382525,1.130105,0.573495,-5.428359,-8.212710,0.000e+00
DeepSets,ch4t-test-001274,4,0.014980,0.933021,-0.142709,-0.169606,-7.744415,-8.380100,1.110e-16
DeepSets,ch4t-test-001275,10,1.176685,0.907405,0.374639,0.167884,-5.000742,-7.627356,0.000e+00
DeepSets,ch4t-test-001276,5,-0.013322,1.208795,-0.205208,0.235802,-7.051424,-8.277491,0.000e+00
DeepSets,ch4t-test-001277,9,0.370311,-1.736214,2.876110,-0.062376,-6.451761,-7.899592,4.441e-16
DeepSets,ch4t-test-001278,8,0.792571,2.023726,1.275460,-0.018241,-3.902688,-7.976203,0.000e+00
DeepSets,ch4t-test-001279,11,0.892239,-0.765669,0.752259,-0.131661,-7.376504,-8.123672,0.000e+00
DeepSets,ch4t-test-001280,10,-0.040513,2.477319,-0.290238,0.013803,-6.125233,-8.285604,4.441e-16
DeepSets,ch4t-test-001281,6,0.500573,-1.038596,0.089306,-0.053036,-8.227421,-7.725668,2.220e-16
DeepSets,ch4t-test-001282,6,4.935572,-1.137930,-0.562294,1.217897,-3.538079,-7.991323,8.882e-16
DeepSets,ch4t-test-001283,6,0.567005,-0.671436,0.954562,0.674239,-6.139561,-7.663931,0.000e+00
DeepSets,ch4t-test-001284,6,1.925547,0.853425,0.607283,0.707680,-4.447191,-8.541126,0.000e+00
DeepSets,ch4t-test-001285,11,2.191719,0.814432,1.030417,0.030378,-3.841302,-7.908248,8.882e-16
DeepSets,ch4t-test-001286,9,0.016456,0.519585,-0.036232,0.107364,-7.559477,-8.166651,0.000e+00
DeepSets,ch4t-test-001287,6,2.779148,-0.917450,1.705861,0.348442,-4.211121,-8.127123,8.882e-16
DeepSets,ch4t-test-001288,12,-0.187678,2.489960,-0.149232,0.104710,-5.582349,-7.840110,0.000e+00
DeepSets,ch4t-test-001289,10,3.305979,-0.333603,0.168080,0.611751,-4.271236,-8.023443,8.882e-16
DeepSets,ch4t-test-001290,8,0.168115,0.501784,0.587023,-0.067896,-7.044618,-8.233643,2.220e-16
DeepSets,ch4t-test-001291,9,0.763289,0.028812,0.350850,-0.131708,-6.859809,-7.871051,0.000e+00
DeepSets,ch4t-test-001292,9,-0.036221,0.649846,-0.055217,0.304041,-7.081652,-7.944101,0.000e+00
DeepSets,ch4t-test-001293,7,1.998514,-0.478702,1.070767,0.250764,-5.046656,-7.887999,0.000e+00
DeepSets,ch4t-test-001294,8,2.132094,0.994321,0.747045,0.357996,-3.741933,-7.973389,0.000e+00
DeepSets,ch4t-test-001295,8,2.161595,0.606113,0.370975,0.525668,-3.963952,-7.628302,4.441e-16
DeepSets,ch4t-test-001296,11,4.573092,-1.201098,0.202642,0.480467,-3.888800,-7.943904,1.776e-15
DeepSets,ch4t-test-001297,6,5.360828,-2.002357,-0.872076,1.694138,-3.788109,-7.968641,0.000e+00
DeepSets,ch4t-test-001298,9,1.950142,1.112026,0.488922,0.783457,-3.759083,-8.093630,0.000e+00
DeepSets,ch4t-test-001299,12,5.549759,-1.067773,-1.813615,0.614410,-4.581276,-7.864056,4.441e-16
DeepSets,ch4t-test-001300,6,4.862885,-0.638104,-0.960336,-0.046638,-4.665665,-7.883472,4.441e-16
DeepSets,ch4t-test-001301,7,0.554135,-0.548696,0.150253,0.126893,-7.859872,-8.142458,1.110e-16
DeepSets,ch4t-test-001302,7,2.994943,0.268346,0.952855,0.151188,-3.351094,-7.718426,8.882e-16
DeepSets,ch4t-test-001303,8,4.150692,-1.349532,-1.632624,1.139975,-5.553275,-7.861786,4.441e-16
DeepSets,ch4t-test-001304,10,2.853412,0.033172,0.123885,0.543205,-4.001659,-7.555333,0.000e+00
DeepSets,ch4t-test-001305,5,-0.058310,0.828866,0.113350,0.085452,-6.205560,-7.174917,0.000e+00
DeepSets,ch4t-test-001306,7,4.842981,-1.284601,-0.880914,0.891580,-4.330088,-7.899134,4.441e-16
DeepSets,ch4t-test-001307,9,4.502968,0.276289,-0.069711,0.873838,-2.160526,-7.743910,0.000e+00
DeepSets,ch4t-test-001308,12,-0.197683,1.767350,-0.172413,0.235299,-6.326089,-7.958642,0.000e+00
DeepSets,ch4t-test-001309,5,0.953815,0.366428,0.231168,0.355524,-6.194750,-8.101685,0.000e+00
DeepSets,ch4t-test-001310,4,2.472001,-0.526887,1.201258,-0.398207,-5.125949,-7.874112,4.441e-16
DeepSets,ch4t-test-001311,10,0.577540,-1.271343,-0.208156,0.851640,-7.998111,-7.947792,2.220e-16
DeepSets,ch4t-test-001312,8,0.044132,1.425759,-0.175439,-0.065997,-7.016349,-8.244804,2.220e-16
DeepSets,ch4t-test-001313,9,0.607474,-0.780160,1.291396,-0.740525,-7.398274,-7.776459,0.000e+00
DeepSets,ch4t-test-001314,4,-0.025997,0.969359,-0.053413,0.196234,-6.396718,-7.482900,0.000e+00
DeepSets,ch4t-test-001315,7,1.770102,0.209175,0.853911,0.228969,-5.053044,-8.115200,0.000e+00
DeepSets,ch4t-test-001316,6,0.390280,-0.882925,0.986730,0.009085,-8.082575,-8.585744,0.000e+00
DeepSets,ch4t-test-001317,10,1.023765,0.323735,0.212268,0.144863,-6.043364,-7.747995,2.220e-16
DeepSets,ch4t-test-001318,10,-0.055766,1.035503,-0.096294,0.063587,-6.697329,-7.644359,1.110e-16
DeepSets,ch4t-test-001319,10,1.949043,0.107700,0.341957,0.752112,-4.802167,-7.952978,4.441e-16
DeepSets,ch4t-test-001320,10,7.187728,-1.164274,-2.119884,1.220911,-3.032977,-8.157459,0.000e+00
DeepSets,ch4t-test-001321,8,2.194050,-0.955987,1.786762,0.206016,-4.798485,-8.029327,0.000e+00
DeepSets,ch4t-test-001322,9,-0.202491,-1.343801,0.439862,-0.049478,-9.096754,-7.940846,2.220e-16
DeepSets,ch4t-test-001323,4,2.006365,0.424322,0.586007,0.821317,-4.223638,-8.061649,0.000e+00
DeepSets,ch4t-test-001324,12,3.894450,-1.092464,-1.267672,2.244872,-4.099327,-7.878513,0.000e+00
DeepSets,ch4t-test-001325,7,3.749423,-0.676457,1.065295,0.266814,-4.022218,-8.427294,0.000e+00
DeepSets,ch4t-test-001326,11,2.426368,-0.355866,1.174272,0.308938,-4.419344,-7.973055,0.000e+00
DeepSets,ch4t-test-001327,11,1.896491,0.620927,0.687535,0.379200,-4.172114,-7.756267,0.000e+00
DeepSets,ch4t-test-001328,5,1.574841,0.313071,0.592179,0.453534,-4.982651,-7.916275,0.000e+00
DeepSets,ch4t-test-001329,7,1.933273,0.363383,0.740624,0.350522,-4.326790,-7.714593,0.000e+00
DeepSets,ch4t-test-001330,11,2.441055,1.152144,0.278691,0.599059,-3.481538,-7.952488,0.000e+00
DeepSets,ch4t-test-001331,10,4.095229,-0.329565,0.808448,0.514934,-2.916367,-8.005413,8.882e-16
DeepSets,ch4t-test-001332,11,1.393673,0.128220,0.718347,-0.012111,-5.753760,-7.981888,4.441e-16
DeepSets,ch4t-test-001333,5,-0.442106,0.675029,-1.729799,0.496455,-9.155290,-8.154869,0.000e+00
DeepSets,ch4t-test-001334,7,2.309535,0.115706,0.556740,0.974158,-3.856580,-7.812720,4.441e-16
DeepSets,ch4t-test-001335,6,-0.608113,-1.665687,0.283968,-0.304452,-10.076141,-7.781856,0.000e+00
DeepSets,ch4t-test-001336,11,3.441331,-0.424620,-1.068777,0.931865,-4.983683,-7.863482,0.000e+00
DeepSets,ch4t-test-001337,5,-0.262922,1.241033,-0.465695,0.286516,-7.576034,-8.374967,1.110e-16
DeepSets,ch4t-test-001338,9,1.264933,-0.095234,0.691229,0.264375,-5.821819,-7.947122,4.441e-16
DeepSets,ch4t-test-001339,7,1.372467,0.128548,0.722609,-0.241309,-5.241132,-7.223447,4.441e-16
DeepSets,ch4t-test-001340,8,1.647693,-0.060645,1.376694,0.239690,-4.570826,-7.774258,0.000e+00
DeepSets,ch4t-test-001341,10,2.724045,-0.085780,2.536008,-0.123370,-2.931431,-7.982336,0.000e+00
DeepSets,ch4t-test-001342,6,-0.019391,1.269845,-0.063378,-0.217407,-7.394130,-8.363799,2.220e-16
DeepSets,ch4t-test-001343,10,1.909113,0.295514,0.270684,0.861955,-4.435490,-7.772756,0.000e+00
DeepSets,ch4t-test-001344,12,5.235669,-0.180692,-0.697484,0.766700,-3.056416,-8.180609,1.776e-15
DeepSets,ch4t-test-001345,4,4.064706,-1.258400,-1.014480,1.126682,-5.227492,-8.145999,0.000e+00
DeepSets,ch4t-test-001346,11,1.686537,-0.050363,1.220476,0.161045,-5.094319,-8.112013,0.000e+00
DeepSets,ch4t-test-001347,9,-0.051644,1.197684,-0.166095,0.364164,-6.626691,-7.970800,0.000e+00
DeepSets,ch4t-test-001348,10,2.283713,1.056179,1.152570,0.325651,-2.978749,-7.796862,0.000e+00
DeepSets,ch4t-test-001349,6,0.000721,0.249724,0.025179,0.082659,-6.765808,-7.124091,0.000e+00
DeepSets,ch4t-test-001350,9,2.005507,0.639173,0.085734,0.625761,-4.514098,-7.870273,0.000e+00
DeepSets,ch4t-test-001351,4,0.783414,0.461146,0.423079,0.587815,-5.987050,-8.242505,0.000e+00
DeepSets,ch4t-test-001352,9,0.054722,1.995152,0.017470,-0.184297,-6.475931,-8.358977,0.000e+00
DeepSets,ch4t-test-001353,5,1.631542,-0.127114,0.914993,0.746111,-4.631288,-7.796821,0.000e+00
DeepSets,ch4t-test-001354,4,0.483286,-0.717918,1.832598,0.112091,-6.391074,-8.101131,0.000e+00
DeepSets,ch4t-test-001355,4,0.043838,0.571482,-0.060391,-0.353740,-8.191620,-8.392810,1.110e-16
DeepSets,ch4t-test-001356,9,-0.020427,0.813409,0.034121,0.124576,-7.340855,-8.292533,0.000e+00
DeepSets,ch4t-test-001357,6,-0.011630,0.630502,-0.192856,0.196578,-6.965648,-7.588242,0.000e+00
DeepSets,ch4t-test-001358,4,1.629951,0.313179,0.101509,0.696845,-5.607597,-8.349081,0.000e+00
DeepSets,ch4t-test-001359,8,1.470896,-1.119298,1.624344,-0.012217,-6.431159,-8.394884,4.441e-16
DeepSets,ch4t-test-001360,9,1.327163,-0.170652,1.245513,0.251813,-5.388997,-8.042835,0.000e+00
DeepSets,ch4t-test-001361,12,0.535799,0.648357,1.075646,0.139703,-5.381693,-7.781197,0.000e+00
DeepSets,ch4t-test-001362,7,1.795816,-0.225592,0.640917,0.269110,-5.720113,-8.200364,0.000e+00
DeepSets,ch4t-test-001363,8,2.626995,0.433452,0.364671,0.609733,-3.579771,-7.614622,0.000e+00
DeepSets,ch4t-test-001364,11,0.031446,1.425867,-0.133560,0.008729,-6.511567,-7.844050,0.000e+00
DeepSets,ch4t-test-001365,5,0.166574,1.438070,-0.100507,0.131395,-6.589957,-8.225489,0.000e+00
DeepSets,ch4t-test-001366,4,0.713038,0.456257,0.319499,0.165180,-6.323205,-7.977179,2.220e-16
DeepSets,ch4t-test-001367,6,2.655095,0.012903,1.331017,0.183579,-3.639387,-7.821982,0.000e+00
DeepSets,ch4t-test-001368,4,4.108012,-0.393804,-0.655376,0.634095,-3.630989,-7.323916,0.000e+00
DeepSets,ch4t-test-001369,12,1.079002,0.508565,1.434549,0.069094,-5.068012,-8.159222,0.000e+00
DeepSets,ch4t-test-001370,6,0.542480,1.626916,0.548951,-0.127535,-4.943958,-7.534770,4.441e-16
DeepSets,ch4t-test-001371,4,1.304710,-0.121328,0.819012,-0.009447,-5.342257,-7.335205,2.220e-16
DeepSets,ch4t-test-001372,8,0.893938,0.778948,0.263425,0.856723,-5.568016,-8.361050,0.000e+00
DeepSets,ch4t-test-001373,7,1.542674,-0.160839,1.555089,-0.345170,-5.193024,-7.784776,4.441e-16
DeepSets,ch4t-test-001374,12,3.119079,0.756543,-1.129084,0.398774,-5.017009,-8.162320,0.000e+00
DeepSets,ch4t-test-001375,4,-0.025827,0.555519,0.038231,0.072651,-7.351080,-7.991654,1.110e-16
DeepSets,ch4t-test-001376,5,1.496622,0.254129,0.583091,0.188085,-5.482008,-8.003936,0.000e+00
DeepSets,ch4t-test-001377,9,2.354489,0.137843,1.592894,-0.068549,-4.287529,-8.304206,0.000e+00
DeepSets,ch4t-test-001378,6,-0.041724,0.396362,-0.064018,0.142586,-7.854766,-8.287971,0.000e+00
DeepSets,ch4t-test-001379,5,0.064200,1.646639,-0.436779,0.239734,-6.857987,-8.371781,0.000e+00
DeepSets,ch4t-test-001380,6,2.310623,0.511130,0.790916,0.440577,-3.933232,-7.986476,8.882e-16
DeepSets,ch4t-test-001381,5,-0.075842,1.052390,-0.255497,-0.019595,-6.625634,-7.327090,2.220e-16
DeepSets,ch4t-test-001382,9,1.358969,0.087087,1.004711,-0.070397,-5.908516,-8.288886,0.000e+00
DeepSets,ch4t-test-001383,5,0.331266,-0.541609,0.827215,-0.388434,-7.263035,-7.491473,2.220e-16
DeepSets,ch4t-test-001384,8,1.243844,-0.115823,1.298429,-0.244176,-5.610817,-7.793091,4.441e-16
DeepSets,ch4t-test-001385,12,4.817148,-1.267720,-1.513690,1.316098,-4.355631,-7.707466,4.441e-16
DeepSets,ch4t-test-001386,6,0.280783,0.382909,0.589541,0.235605,-6.085872,-7.574710,0.000e+00
DeepSets,ch4t-test-001387,12,2.683545,0.160680,0.658176,0.546998,-3.965003,-8.014403,0.000e+00
DeepSets,ch4t-test-001388,5,-0.077114,0.966656,0.077219,-0.039911,-6.812781,-7.739631,0.000e+00
DeepSets,ch4t-test-001389,9,1.569014,0.800548,1.014535,0.021565,-4.321291,-7.726954,0.000e+00
DeepSets,ch4t-test-001390,7,0.139426,0.529999,0.342146,-0.060659,-7.042250,-7.993162,2.220e-16
DeepSets,ch4t-test-001391,10,0.073925,1.065106,-0.077782,0.123632,-6.725995,-7.910876,2.220e-16
DeepSets,ch4t-test-001392,6,0.890279,-1.052169,0.880721,-0.052845,-6.802190,-7.468176,1.110e-16
DeepSets,ch4t-test-001393,7,0.389964,-0.013021,1.139213,-0.832428,-7.716241,-8.399968,1.110e-16
DeepSets,ch4t-test-001394,4,4.692414,-1.031701,-0.852856,1.487732,-3.670908,-7.966497,8.882e-16
DeepSets,ch4t-test-001395,12,1.584645,1.186830,0.596121,0.309597,-4.136319,-7.813511,0.000e+00
DeepSets,ch4t-test-001396,10,3.886765,-1.247279,-0.424675,1.703394,-4.107469,-8.025674,0.000e+00
DeepSets,ch4t-test-001397,10,1.041670,-0.246757,0.759154,1.076547,-5.081840,-7.712454,0.000e+00
DeepSets,ch4t-test-001398,10,2.418304,0.022889,0.513333,0.355669,-4.539525,-7.849720,4.441e-16
DeepSets,ch4t-test-001399,12,3.407633,-0.251540,1.225271,0.357364,-3.509974,-8.248701,0.000e+00
DeepSets,ch4t-test-001400,10,2.147461,0.634955,0.648316,0.528732,-4.154521,-8.113986,0.000e+00
DeepSets,ch4t-test-001401,12,2.205620,0.627002,0.596052,0.116133,-4.685291,-8.230098,0.000e+00
DeepSets,ch4t-test-001402,11,1.202710,0.833684,0.240787,0.690349,-4.932551,-7.900082,0.000e+00
DeepSets,ch4t-test-001403,7,0.581345,0.976222,0.303679,-0.031513,-5.891614,-7.721346,2.220e-16
DeepSets,ch4t-test-001404,11,1.988720,-0.764088,1.724312,0.039881,-4.982009,-7.970835,0.000e+00
DeepSets,ch4t-test-001405,12,-0.234079,1.267079,-0.256324,0.213593,-6.944779,-7.935048,0.000e+00
DeepSets,ch4t-test-001406,9,1.680654,-0.215934,1.454565,0.017898,-4.750891,-7.688074,0.000e+00
DeepSets,ch4t-test-001407,6,5.610644,-1.082387,-1.082927,0.684940,-3.847921,-7.978192,0.000e+00
DeepSets,ch4t-test-001408,6,-0.285286,2.245957,-0.503390,0.054438,-6.747418,-8.259137,0.000e+00
DeepSets,ch4t-test-001409,11,4.385518,0.249160,-0.951854,0.535032,-3.730670,-7.948526,0.000e+00
DeepSets,ch4t-test-001410,5,-0.096106,0.519904,-0.415665,-0.049390,-8.005013,-7.963756,8.327e-17
DeepSets,ch4t-test-001411,6,2.348841,-0.104342,0.827503,0.393091,-4.516609,-7.981703,0.000e+00
DeepSets,ch4t-test-001412,9,3.478362,0.621866,-1.006920,0.923519,-3.876431,-7.893259,0.000e+00
DeepSets,ch4t-test-001413,12,2.083434,0.126903,1.966286,0.076759,-3.546168,-7.799550,8.882e-16
DeepSets,ch4t-test-001414,11,2.484585,-0.276916,-0.058480,0.097713,-5.892160,-8.139061,4.441e-16
DeepSets,ch4t-test-001415,5,1.802162,0.859812,1.051971,0.032931,-3.678468,-7.425344,4.441e-16
DeepSets,ch4t-test-001416,8,0.032406,1.008784,-0.126548,0.138701,-6.756689,-7.810032,0.000e+00
DeepSets,ch4t-test-001417,9,2.529905,0.431936,0.079558,0.927110,-3.930475,-7.898984,4.441e-16
DeepSets,ch4t-test-001418,7,-0.118974,1.707469,-0.422078,0.439286,-6.185426,-7.791130,0.000e+00
DeepSets,ch4t-test-001419,7,5.836038,-1.465396,-1.475467,1.242796,-4.047467,-8.185439,0.000e+00
DeepSets,ch4t-test-001420,4,1.350173,-1.322989,1.328237,0.144685,-5.990498,-7.490604,4.441e-16
DeepSets,ch4t-test-001421,9,-0.205045,-1.449654,0.775257,-0.354062,-8.798306,-7.564802,4.441e-16
DeepSets,ch4t-test-001422,12,1.225363,1.703770,1.061791,-0.078537,-4.077762,-7.990149,0.000e+00
DeepSets,ch4t-test-001423,10,1.579989,-0.585905,1.245971,0.327785,-5.458469,-8.026308,0.000e+00
DeepSets,ch4t-test-001424,7,0.179770,-0.878239,0.935789,0.396090,-7.135973,-7.769384,1.110e-16
DeepSets,ch4t-test-001425,5,1.126499,-0.783954,1.823545,0.142350,-5.418008,-7.726448,0.000e+00
DeepSets,ch4t-test-001426,10,0.950683,0.661732,0.716462,0.532806,-5.324471,-8.186153,0.000e+00
DeepSets,ch4t-test-001427,4,-0.018133,0.654368,0.557400,-0.210060,-7.059298,-8.042873,2.220e-16
DeepSets,ch4t-test-001428,12,4.497926,-0.905832,-1.946201,1.024818,-5.517254,-8.187965,0.000e+00
DeepSets,ch4t-test-001429,6,0.600210,-0.326232,0.245859,-0.046620,-7.448897,-7.922114,0.000e+00
DeepSets,ch4t-test-001430,12,2.834463,-0.022503,1.213931,0.408646,-3.699411,-8.133948,8.882e-16
DeepSets,ch4t-test-001431,10,5.309145,-1.559465,-0.709276,1.013364,-3.750078,-7.803847,0.000e+00
DeepSets,ch4t-test-001432,8,1.092511,-0.883697,2.308546,-0.549472,-6.668894,-8.636781,6.661e-16
DeepSets,ch4t-test-001433,4,0.411180,-0.555917,1.386210,0.444240,-6.873704,-8.559417,0.000e+00
DeepSets,ch4t-test-001434,6,-0.002715,0.722251,-0.023781,0.169141,-7.022126,-7.887022,1.110e-16
DeepSets,ch4t-test-001435,4,1.196970,-0.131000,0.659212,0.443080,-5.573244,-7.741506,0.000e+00
DeepSets,ch4t-test-001436,8,0.193731,0.458191,-0.115322,0.028529,-7.533490,-8.098619,0.000e+00
DeepSets,ch4t-test-001437,5,0.997993,0.342931,-0.116758,0.723358,-5.732126,-7.679651,0.000e+00
DeepSets,ch4t-test-001438,4,0.891480,0.201976,0.152501,0.846390,-5.474969,-7.567315,0.000e+00
DeepSets,ch4t-test-001439,8,1.633197,0.683897,0.130633,0.882183,-4.632271,-7.962181,4.441e-16
DeepSets,ch4t-test-001440,10,2.364332,-1.269264,1.403197,-0.042681,-5.698754,-8.154338,1.332e-15
DeepSets,ch4t-test-001441,9,1.671145,-0.544678,1.339667,-0.364676,-5.691511,-7.792969,0.000e+00
DeepSets,ch4t-test-001442,11,3.887944,-0.690207,0.463719,0.455021,-4.175777,-8.292254,0.000e+00
DeepSets,ch4t-test-001443,6,3.296167,-0.537675,0.854185,0.141906,-4.052281,-7.806864,8.882e-16
DeepSets,ch4t-test-001444,12,2.821690,-0.349086,0.533106,1.303985,-3.471755,-7.781449,0.000e+00
DeepSets,ch4t-test-001445,10,0.263714,1.498252,1.094055,0.096367,-4.908847,-7.861235,0.000e+00
DeepSets,ch4t-test-001446,4,-0.001267,0.137585,0.005622,0.054315,-7.795141,-7.991396,0.000e+00
DeepSets,ch4t-test-001447,11,3.199155,-0.247795,0.311092,0.301471,-4.042553,-7.606477,4.441e-16
DeepSets,ch4t-test-001448,10,0.331507,-0.723989,0.370132,-0.051178,-7.986449,-7.912922,6.939e-17
DeepSets,ch4t-test-001449,5,1.349454,0.668929,0.235635,0.744722,-5.239420,-8.238160,0.000e+00
DeepSets,ch4t-test-001450,4,1.256663,0.917801,0.633892,-0.020148,-5.466576,-8.254784,0.000e+00
DeepSets,ch4t-test-001451,4,1.418112,-0.033333,0.206141,0.814808,-5.393397,-7.799125,0.000e+00
DeepSets,ch4t-test-001452,4,1.266020,-0.795768,0.788376,-0.103283,-7.316073,-8.471417,0.000e+00
DeepSets,ch4t-test-001453,5,0.551568,0.500999,0.007464,0.490130,-6.710174,-8.260336,0.000e+00
DeepSets,ch4t-test-001454,10,0.614066,-0.099651,0.858671,-0.463985,-6.995781,-7.904882,2.220e-16
DeepSets,ch4t-test-001455,5,1.234441,-0.715485,1.629490,-1.009322,-6.355990,-7.495114,4.441e-16
DeepSets,ch4t-test-001456,9,1.383026,0.201864,0.456504,0.746049,-4.926272,-7.713715,4.441e-16
DeepSets,ch4t-test-001457,9,0.343474,-1.355627,0.455908,-0.786084,-8.844224,-7.501896,0.000e+00
DeepSets,ch4t-test-001458,8,0.283858,-1.077442,0.767052,-0.079683,-8.253579,-8.147364,1.388e-17
DeepSets,ch4t-test-001459,6,0.823840,0.326341,-0.285184,0.622534,-6.644636,-8.132167,2.220e-16
DeepSets,ch4t-test-001460,6,0.034974,-0.707278,0.058851,-0.093081,-8.688430,-7.981896,0.000e+00
DeepSets,ch4t-test-001461,7,0.992589,1.310464,0.490061,0.505715,-4.744409,-8.043237,0.000e+00
DeepSets,ch4t-test-001462,8,5.920875,-2.202820,-0.901750,0.791217,-4.104283,-7.711805,8.882e-16
DeepSets,ch4t-test-001463,12,1.222412,0.785764,0.618113,0.544323,-5.222865,-8.393477,4.441e-16
DeepSets,ch4t-test-001464,9,6.058700,-1.655372,-1.100519,0.830498,-4.002080,-8.135386,8.882e-16
DeepSets,ch4t-test-001465,5,-0.340556,0.861584,-0.471226,0.076502,-8.129815,-8.256119,1.665e-16
DeepSets,ch4t-test-001466,8,2.443070,0.741827,1.336215,-0.364204,-4.283313,-8.440220,0.000e+00
DeepSets,ch4t-test-001467,5,-0.011940,0.124282,0.014195,-0.118450,-7.953748,-7.961834,0.000e+00
DeepSets,ch4t-test-001468,11,1.127168,0.446152,1.196031,0.204913,-5.007249,-7.981514,4.441e-16
DeepSets,ch4t-test-001469,5,2.042553,0.549530,0.016768,0.640826,-5.782016,-9.031692,0.000e+00
DeepSets,ch4t-test-001470,6,2.385994,0.028681,-0.422835,1.008814,-4.788662,-7.789316,0.000e+00
DeepSets,ch4t-test-001471,11,3.744331,-0.006968,-0.264990,0.459036,-3.783933,-7.715341,8.882e-16
DeepSets,ch4t-test-001472,10,0.924871,0.593990,0.374982,0.032520,-5.915068,-7.841432,0.000e+00
DeepSets,ch4t-test-001473,5,0.317199,-0.096392,0.804128,-0.178944,-7.378047,-8.224038,1.110e-16
DeepSets,ch4t-test-001474,6,1.139793,-0.408358,1.119099,-0.200906,-6.633358,-8.282986,2.220e-16
DeepSets,ch4t-test-001475,4,0.158523,-0.184358,0.225147,-0.207733,-7.890592,-7.882171,2.776e-17
DeepSets,ch4t-test-001476,8,0.061803,1.134978,-0.339391,0.382274,-6.938777,-8.178441,2.220e-16
DeepSets,ch4t-test-001477,9,2.907095,0.316075,0.000168,0.467018,-4.389516,-8.079873,4.441e-16
DeepSets,ch4t-test-001478,10,1.427917,0.568264,0.332379,0.198788,-5.298490,-7.825838,4.441e-16
DeepSets,ch4t-test-001479,11,2.126937,-1.136152,0.662899,0.808290,-5.350790,-7.812764,4.441e-16
DeepSets,ch4t-test-001480,4,-0.165153,0.189029,-0.049715,-0.096020,-8.331726,-8.209865,1.388e-17
DeepSets,ch4t-test-001481,11,0.927114,-0.255051,0.561314,-0.499421,-7.186668,-7.920624,1.110e-16
DeepSets,ch4t-test-001482,4,1.668759,-0.490336,1.028311,0.522482,-5.431800,-8.161015,4.441e-16
DeepSets,ch4t-test-001483,7,1.533531,-0.725100,1.412877,-0.071737,-5.608298,-7.757869,0.000e+00
DeepSets,ch4t-test-001484,8,3.297636,-0.025835,1.623439,-0.073381,-3.101448,-7.923308,8.882e-16
DeepSets,ch4t-test-001485,7,3.725724,0.334638,1.826806,0.398873,-2.166177,-8.452218,0.000e+00
DeepSets,ch4t-test-001486,8,1.024318,0.145052,0.123696,0.330330,-6.556105,-8.179501,2.220e-16
DeepSets,ch4t-test-001487,10,1.941335,0.444790,1.207225,0.643557,-3.590833,-7.827740,8.882e-16
DeepSets,ch4t-test-001488,6,0.015752,0.581760,-0.055546,0.254335,-7.623411,-8.419712,0.000e+00
DeepSets,ch4t-test-001489,10,3.577695,-1.260368,0.498932,0.296294,-4.903842,-8.016395,4.441e-16
DeepSets,ch4t-test-001490,11,4.993936,-0.358879,-2.714192,0.249902,-5.884370,-8.055137,0.000e+00
DeepSets,ch4t-test-001491,4,0.166119,-0.145689,0.627387,-0.553460,-8.157762,-8.252120,1.110e-16
DeepSets,ch4t-test-001492,7,1.559066,-0.152234,0.357953,0.842427,-5.304345,-7.911558,0.000e+00
DeepSets,ch4t-test-001493,6,-0.057762,0.826819,-0.012132,0.152245,-6.871388,-7.780557,1.110e-16
DeepSets,ch4t-test-001494,7,-0.210940,-0.022955,0.296445,-0.016392,-7.467603,-7.513761,3.469e-17
DeepSets,ch4t-test-001495,7,2.711993,-0.362629,0.370015,0.375564,-4.242663,-7.337607,4.441e-16
DeepSets,ch4t-test-001496,7,2.449932,-0.104422,0.570130,0.157714,-4.551168,-7.624522,0.000e+00
DeepSets,ch4t-test-001497,7,4.545613,-0.934468,-1.746549,0.287990,-6.027033,-8.179619,4.441e-16
DeepSets,ch4t-test-001498,6,-0.164400,0.957628,-0.210305,0.231378,-7.648928,-8.463229,0.000e+00
DeepSets,ch4t-test-001499,11,1.856920,0.138425,0.867946,0.061396,-5.628277,-8.552962,0.000e+00
DeepSets,ch4t-test-001500,11,4.318680,-0.002189,-0.552712,0.417435,-3.620499,-7.801712,0.000e+00
DeepSets,ch4t-test-001501,4,1.242930,0.496118,0.527325,0.030958,-5.799605,-8.096935,0.000e+00
DeepSets,ch4t-test-001502,6,5.535178,-0.889203,-0.462416,0.790454,-3.601120,-8.575132,0.000e+00
DeepSets,ch4t-test-001503,10,0.636483,-1.607676,1.894166,-0.825920,-7.547974,-7.645026,2.220e-16
DeepSets,ch4t-test-001504,11,4.972487,-1.457228,-1.430136,0.606751,-5.183674,-7.875548,8.882e-16
DeepSets,ch4t-test-001505,9,2.504726,-0.568624,1.184423,0.381231,-4.146469,-7.648226,4.441e-16
DeepSets,ch4t-test-001506,8,4.724383,-1.269710,-0.762253,1.442080,-3.720234,-7.854734,8.882e-16
DeepSets,ch4t-test-001507,12,1.829297,1.076827,-0.538538,0.562502,-5.097937,-8.028026,0.000e+00
DeepSets,ch4t-test-001508,6,0.082071,1.144203,-0.271130,0.324956,-6.779821,-8.059921,2.220e-16
DeepSets,ch4t-test-001509,5,-0.030579,0.370074,0.016117,0.002447,-7.467105,-7.825164,0.000e+00
DeepSets,ch4t-test-001510,10,1.329265,0.943002,-0.049059,0.609553,-5.115830,-7.948589,0.000e+00
DeepSets,ch4t-test-001511,12,5.572687,-0.878689,-1.516035,1.026211,-3.420022,-7.624196,8.882e-16
DeepSets,ch4t-test-001512,11,5.166749,-1.586464,-1.208893,0.283595,-5.292847,-7.947833,0.000e+00
DeepSets,ch4t-test-001513,7,-0.058875,1.020347,-0.078972,-0.290321,-7.778838,-8.371016,0.000e+00
DeepSets,ch4t-test-001514,5,-0.000763,0.137581,0.025324,0.212372,-7.503056,-7.877570,0.000e+00
DeepSets,ch4t-test-001515,9,2.068276,0.488530,0.653853,0.463636,-4.195274,-7.869570,0.000e+00
DeepSets,ch4t-test-001516,4,1.785799,-0.613189,0.847628,0.456978,-6.037283,-8.514499,0.000e+00
DeepSets,ch4t-test-001517,4,2.981616,0.308275,1.055016,-0.090120,-3.578339,-7.833127,8.882e-16
DeepSets,ch4t-test-001518,10,0.494061,0.640565,-0.093479,-0.051358,-7.450134,-8.439924,0.000e+00
DeepSets,ch4t-test-001519,6,0.205671,-0.583582,0.213868,0.321172,-7.675921,-7.833051,0.000e+00
DeepSets,ch4t-test-001520,4,0.281103,1.130964,0.386545,0.095157,-6.246723,-8.140492,0.000e+00
DeepSets,ch4t-test-001521,8,1.767625,-1.363782,0.605435,0.444469,-6.663700,-8.117447,4.441e-16
DeepSets,ch4t-test-001522,8,1.361977,-1.501925,1.640940,-0.098522,-6.498469,-7.900938,4.441e-16
DeepSets,ch4t-test-001523,11,0.670991,-0.154451,1.063716,-0.097629,-6.173281,-7.655908,0.000e+00
DeepSets,ch4t-test-001524,11,1.352208,1.227889,0.288243,0.480526,-4.293019,-7.641885,4.441e-16
DeepSets,ch4t-test-001525,8,2.878882,-2.335034,0.103341,0.364442,-6.656185,-7.667816,6.661e-16
DeepSets,ch4t-test-001526,9,5.434682,-1.453470,-0.609107,0.642761,-3.690948,-7.705814,0.000e+00
DeepSets,ch4t-test-001527,7,1.075400,-0.130912,0.654704,-0.120910,-6.253192,-7.731473,0.000e+00
DeepSets,ch4t-test-001528,4,-0.184055,-1.638937,1.535668,-0.107272,-8.618453,-8.223857,1.110e-16
DeepSets,ch4t-test-001529,6,-0.047072,-0.073531,0.328386,-0.198545,-7.974757,-7.983994,5.551e-17
DeepSets,ch4t-test-001530,12,5.225469,-0.761798,-0.553030,0.846002,-2.985029,-7.741672,8.882e-16
DeepSets,ch4t-test-001531,6,2.666618,-0.205728,1.481220,0.155767,-3.926971,-8.024848,0.000e+00
DeepSets,ch4t-test-001532,6,5.018807,-1.711968,-0.860713,1.826178,-3.729768,-8.002071,0.000e+00
DeepSets,ch4t-test-001533,5,0.941060,-0.449747,1.259958,0.485694,-5.748962,-7.985927,4.441e-16
DeepSets,ch4t-test-001534,12,2.996979,0.220081,0.171066,0.525511,-3.626076,-7.539713,0.000e+00
DeepSets,ch4t-test-001535,11,2.454521,-0.041465,1.682567,0.022054,-3.799782,-7.917459,0.000e+00
DeepSets,ch4t-test-001536,9,1.822475,-1.253330,1.425326,-1.281441,-7.170196,-7.883226,0.000e+00
DeepSets,ch4t-test-001537,9,1.223990,-0.379037,0.706625,-0.110262,-6.769629,-8.210945,2.220e-16
DeepSets,ch4t-test-001538,10,0.664879,1.181448,0.637456,0.195253,-5.494778,-8.173813,0.000e+00
DeepSets,ch4t-test-001539,12,-0.025037,0.137985,0.692944,0.136149,-7.383019,-8.325059,1.110e-16
DeepSets,ch4t-test-001540,12,3.148980,0.166032,0.983337,0.423027,-3.150096,-7.871470,0.000e+00
DeepSets,ch4t-test-001541,7,2.029937,0.187362,0.853524,0.422475,-4.335055,-7.828353,4.441e-16
DeepSets,ch4t-test-001542,11,3.220221,-0.041611,1.697021,0.121973,-2.900169,-7.897773,0.000e+00
DeepSets,ch4t-test-001543,10,0.635166,0.421658,0.398872,-0.365327,-6.876568,-7.966938,0.000e+00
DeepSets,ch4t-test-001544,9,4.937954,-0.653210,-1.281815,1.315575,-3.908894,-8.227398,0.000e+00
DeepSets,ch4t-test-001545,10,1.126595,-0.918174,1.240130,1.026291,-5.539944,-8.014785,0.000e+00
DeepSets,ch4t-test-001546,5,-0.026147,1.302352,-0.062228,-0.245696,-7.180218,-8.148499,1.110e-16
DeepSets,ch4t-test-001547,5,5.278610,-0.679677,-1.883932,1.551766,-3.701935,-7.968703,0.000e+00
DeepSets,ch4t-test-001548,8,0.833366,-0.613505,1.102999,-0.117177,-7.123557,-8.329240,4.441e-16
DeepSets,ch4t-test-001549,7,-0.055508,0.884422,0.126062,-0.059004,-7.445091,-8.341062,1.110e-16
DeepSets,ch4t-test-001550,12,-0.314713,-1.297510,-0.009417,0.361506,-9.071464,-7.811329,2.220e-16
DeepSets,ch4t-test-001551,4,-0.110598,0.221882,-0.053041,0.087978,-8.063471,-8.209693,2.776e-17
DeepSets,ch4t-test-001552,9,1.345583,0.465877,-0.006822,0.381259,-5.946433,-8.132330,0.000e+00
DeepSets,ch4t-test-001553,11,4.799367,-0.950590,-0.309215,1.180685,-3.175312,-7.895559,8.882e-16
DeepSets,ch4t-test-001554,9,2.508202,-0.947875,1.878909,0.083267,-4.865068,-8.387571,8.882e-16
DeepSets,ch4t-test-001555,7,3.075254,-0.701362,-0.173008,0.521227,-4.995333,-7.717444,0.000e+00
DeepSets,ch4t-test-001556,7,1.485297,-0.456449,1.085267,1.055405,-4.482072,-7.651591,0.000e+00
DeepSets,ch4t-test-001557,12,5.263014,-1.749466,-1.252695,0.420496,-5.662130,-8.343479,0.000e+00
DeepSets,ch4t-test-001558,4,0.889281,0.233120,0.722761,-0.152653,-6.210890,-7.903398,0.000e+00
DeepSets,ch4t-test-001559,8,0.265540,-0.004404,1.288275,0.029785,-6.512288,-8.091484,2.220e-16
DeepSets,ch4t-test-001560,6,-0.171699,1.075129,-0.301844,0.457915,-7.688296,-8.747798,0.000e+00
DeepSets,ch4t-test-001561,5,-0.006719,0.220373,-0.045881,0.060157,-7.751920,-7.979850,0.000e+00
DeepSets,ch4t-test-001562,12,1.214142,0.494570,0.970299,0.222734,-5.200920,-8.102664,4.441e-16
DeepSets,ch4t-test-001563,7,5.236864,-1.685475,-1.467409,1.309227,-4.299841,-7.693048,8.882e-16
DeepSets,ch4t-test-001564,7,0.335350,0.499896,0.143466,-0.076880,-7.184350,-8.086181,1.110e-16
DeepSets,ch4t-test-001565,12,4.898686,-1.496568,-0.635224,1.532570,-3.655609,-7.955073,1.776e-15
DeepSets,ch4t-test-001566,6,1.484587,-2.249715,2.402132,-0.111708,-6.093900,-7.619196,0.000e+00
DeepSets,ch4t-test-001567,5,0.471362,1.214447,-0.088173,0.358448,-5.671650,-7.627735,0.000e+00
DeepSets,ch4t-test-001568,10,0.180601,-0.679084,-0.047139,-0.100820,-8.669169,-8.022727,0.000e+00
DeepSets,ch4t-test-001569,4,2.310229,0.828555,-0.763149,0.397877,-5.474541,-8.248052,4.441e-16
DeepSets,ch4t-test-001570,7,1.131915,0.219563,1.207648,0.286649,-5.016608,-7.862382,0.000e+00
DeepSets,ch4t-test-001571,12,2.087813,0.603935,0.756817,0.272742,-4.051344,-7.772650,4.441e-16
DeepSets,ch4t-test-001572,6,0.524186,-1.147968,1.220405,-0.000523,-7.650098,-8.246198,2.220e-16
DeepSets,ch4t-test-001573,9,-0.311044,0.940392,-0.229461,-0.350696,-7.744731,-7.793921,1.110e-16
DeepSets,ch4t-test-001574,12,2.285692,-0.411337,0.677573,0.691890,-4.627041,-7.870858,8.882e-16
DeepSets,ch4t-test-001575,4,-0.034763,0.409880,-0.020570,0.140799,-7.349113,-7.844459,5.551e-17
DeepSets,ch4t-test-001576,6,1.477216,-1.342429,1.073613,0.110722,-6.264347,-7.583469,0.000e+00
DeepSets,ch4t-test-001577,4,1.824776,0.573846,-0.051362,0.108364,-5.326884,-7.782507,0.000e+00
DeepSets,ch4t-test-001578,10,1.557345,0.508918,1.786072,0.224528,-3.593814,-7.670677,0.000e+00
DeepSets,ch4t-test-001579,10,-0.043474,-0.541653,0.033210,0.012751,-8.520324,-7.981157,1.110e-16
DeepSets,ch4t-test-001580,5,0.057747,0.623519,-0.092818,-0.221335,-7.737397,-8.104510,5.551e-17
DeepSets,ch4t-test-001581,7,0.067099,-0.785871,0.757269,-0.428213,-8.617534,-8.227819,1.110e-16
DeepSets,ch4t-test-001582,11,4.910795,-0.557140,-1.486848,1.592697,-3.840091,-8.299595,0.000e+00
DeepSets,ch4t-test-001583,10,2.534486,0.470459,0.581416,0.416718,-3.939452,-7.942530,0.000e+00
DeepSets,ch4t-test-001584,11,1.499298,0.960019,0.437783,0.578018,-4.405118,-7.880236,0.000e+00
DeepSets,ch4t-test-001585,8,-0.084767,0.483765,0.307719,-0.117069,-8.099754,-8.689403,0.000e+00
DeepSets,ch4t-test-001586,4,3.431105,-0.636948,0.301531,0.869067,-3.806477,-7.771232,0.000e+00
DeepSets,ch4t-test-001587,8,0.012642,1.411763,-0.063802,-0.307983,-6.853748,-7.906369,0.000e+00
DeepSets,ch4t-test-001588,6,-0.029699,0.391527,0.160332,-0.161381,-8.290485,-8.651263,0.000e+00
DeepSets,ch4t-test-001589,7,0.075274,0.759415,-0.099012,-0.182271,-7.880637,-8.434043,1.110e-16
DeepSets,ch4t-test-001590,10,-0.109640,1.788214,-0.403906,0.442832,-5.910705,-7.628204,0.000e+00
DeepSets,ch4t-test-001591,6,2.208390,0.150507,0.377619,0.649722,-4.872848,-8.259086,0.000e+00
DeepSets,ch4t-test-001592,6,0.983500,-1.414393,0.189672,0.448236,-7.827295,-8.034311,1.665e-16
DeepSets,ch4t-test-001593,10,2.164961,1.438267,-0.183097,0.624755,-3.858436,-7.903323,0.000e+00
DeepSets,ch4t-test-001594,10,0.164913,1.845688,-0.352017,0.160470,-6.751087,-8.570141,0.000e+00
DeepSets,ch4t-test-001595,12,0.391367,0.251320,1.020845,-0.191438,-6.715649,-8.187743,2.220e-16
DeepSets,ch4t-test-001596,7,1.414671,-0.299413,0.443627,0.464142,-5.786419,-7.809446,0.000e+00
DeepSets,ch4t-test-001597,5,1.596334,0.768874,0.429431,0.516030,-4.674298,-7.984966,0.000e+00
DeepSets,ch4t-test-001598,10,2.099555,-1.163658,2.150673,-0.284660,-4.884000,-7.685910,8.882e-16
DeepSets,ch4t-test-001599,8,0.787589,-1.004005,0.849318,0.164113,-7.475135,-8.272149,4.441e-16
DeepSets,ch4t-test-001600,6,0.185587,1.388668,-0.319159,-0.122950,-6.939844,-8.071990,0.000e+00
DeepSets,ch4t-test-001601,4,1.594358,-0.468987,0.804153,0.023420,-6.123975,-8.076919,4.441e-16
DeepSets,ch4t-test-001602,5,2.188852,0.988215,0.115089,0.739831,-4.466662,-8.498649,8.882e-16
DeepSets,ch4t-test-001603,10,1.404959,0.506737,0.838034,0.546280,-4.578666,-7.874676,0.000e+00
DeepSets,ch4t-test-001604,6,4.779548,-1.489648,-1.445353,0.892385,-4.867705,-7.604637,0.000e+00
DeepSets,ch4t-test-001605,5,1.393024,0.940091,0.494814,0.412147,-5.247729,-8.487804,0.000e+00
DeepSets,ch4t-test-001606,7,2.034523,-0.603363,1.018687,0.453086,-5.214288,-8.117221,0.000e+00
DeepSets,ch4t-test-001607,4,2.173081,0.133389,0.128696,0.750093,-3.881032,-7.066291,0.000e+00
DeepSets,ch4t-test-001608,10,0.502155,1.005575,0.246295,-0.058218,-6.428449,-8.124257,2.220e-16
DeepSets,ch4t-test-001609,4,-0.056015,0.563617,-0.089180,0.231988,-7.365943,-8.016354,0.000e+00
DeepSets,ch4t-test-001610,6,-0.611633,-0.255892,0.955887,0.495348,-7.547282,-8.130991,0.000e+00
DeepSets,ch4t-test-001611,7,0.674924,0.179246,0.347503,0.120983,-6.090575,-7.413232,2.220e-16
DeepSets,ch4t-test-001612,6,1.961299,0.907216,-0.413604,0.318571,-5.075009,-7.848492,4.441e-16
DeepSets,ch4t-test-001613,11,1.955193,-0.792314,-0.056406,-0.103438,-6.810547,-7.813582,2.220e-16
DeepSets,ch4t-test-001614,5,1.617068,-0.295822,0.303723,0.668324,-6.565488,-8.858781,4.441e-16
DeepSets,ch4t-test-001615,9,1.701157,-0.645273,1.241824,0.749419,-4.974462,-8.021588,4.441e-16
DeepSets,ch4t-test-001616,8,2.842146,0.710996,0.646879,0.410751,-3.502884,-8.113655,8.882e-16
DeepSets,ch4t-test-001617,4,-0.227506,0.448281,-0.290620,0.369170,-7.696528,-7.995853,0.000e+00
DeepSets,ch4t-test-001618,9,0.596754,0.092111,0.760307,-0.710413,-7.220403,-7.959161,0.000e+00
DeepSets,ch4t-test-001619,6,1.776875,-1.070117,1.769759,0.051366,-5.930874,-8.458757,0.000e+00
DeepSets,ch4t-test-001620,11,3.519669,0.197120,0.810267,0.341134,-2.814691,-7.682881,8.882e-16
DeepSets,ch4t-test-001621,11,-0.215972,0.995680,-0.310330,0.258015,-6.946818,-7.674210,0.000e+00
DeepSets,ch4t-test-001622,10,2.801321,-0.104651,1.104539,0.507969,-3.396038,-7.705216,8.882e-16
DeepSets,ch4t-test-001623,4,1.430478,-0.473095,0.877106,0.115104,-6.392432,-8.342025,2.220e-16
DeepSets,ch4t-test-001624,5,0.095089,0.963480,-0.137539,0.138793,-6.894807,-7.954630,0.000e+00
DeepSets,ch4t-test-001625,9,2.810265,-0.640270,1.120625,0.468785,-4.462816,-8.222220,0.000e+00
DeepSets,ch4t-test-001626,11,4.042800,0.028556,-0.269386,0.346605,-3.768385,-7.916961,0.000e+00
DeepSets,ch4t-test-001627,6,3.781246,0.426204,0.244655,0.856828,-2.703549,-8.012482,0.000e+00
DeepSets,ch4t-test-001628,7,0.469529,0.799372,1.317695,0.438571,-4.533646,-7.558813,0.000e+00
DeepSets,ch4t-test-001629,12,0.005988,1.088178,-0.058562,0.322537,-6.309478,-7.667618,2.220e-16
DeepSets,ch4t-test-001630,10,0.066613,0.753299,-0.168495,0.230939,-6.726190,-7.608546,0.000e+00
DeepSets,ch4t-test-001631,4,1.159669,-0.006620,0.431730,0.710130,-6.074806,-8.369715,0.000e+00
DeepSets,ch4t-test-001632,10,1.859968,-0.258997,-0.764240,-0.368677,-7.678344,-8.146398,2.776e-16
DeepSets,ch4t-test-001633,6,0.010042,0.469744,-0.022346,0.212247,-7.124444,-7.794132,0.000e+00
DeepSets,ch4t-test-001634,4,-0.019540,-0.355277,-0.077600,0.199816,-7.500966,-7.248365,0.000e+00
DeepSets,ch4t-test-001635,12,2.798217,0.749059,0.374672,0.837019,-2.985290,-7.744257,0.000e+00
DeepSets,ch4t-test-001636,5,-0.034978,0.618246,0.124200,-0.134541,-7.495175,-8.068103,0.000e+00
DeepSets,ch4t-test-001637,11,0.019579,1.159942,-0.366767,0.240232,-6.898152,-7.951138,2.220e-16
DeepSets,ch4t-test-001638,11,0.796546,-1.030927,1.404500,-0.104234,-6.841868,-7.907752,2.220e-16
DeepSets,ch4t-test-001639,10,2.106304,-0.885985,1.672082,-0.119647,-5.134833,-7.907587,0.000e+00
DeepSets,ch4t-test-001640,11,4.500723,-1.295395,-1.139212,1.415519,-4.229542,-7.711178,8.882e-16
DeepSets,ch4t-test-001641,7,2.607898,0.383843,0.293046,0.758998,-3.731367,-7.775152,0.000e+00
DeepSets,ch4t-test-001642,6,1.198899,0.829763,0.485407,-0.020382,-5.727031,-8.220717,4.441e-16
DeepSets,ch4t-test-001643,4,1.148425,0.331187,0.522098,-0.034714,-5.842480,-7.809475,2.220e-16
DeepSets,ch4t-test-001644,9,0.890927,-0.402147,1.484170,-1.592433,-7.495028,-7.875546,2.220e-16
DeepSets,ch4t-test-001645,11,5.403008,-1.152413,-0.838455,0.446491,-4.190087,-8.048719,8.882e-16
DeepSets,ch4t-test-001646,7,0.891261,-1.578927,0.540985,0.414945,-7.583627,-7.851890,5.551e-17
DeepSets,ch4t-test-001647,5,0.323914,0.187293,0.342622,-0.018866,-7.559596,-8.394560,1.110e-16
DeepSets,ch4t-test-001648,4,-0.095667,0.643447,-0.343568,0.449817,-7.868228,-8.522257,0.000e+00
DeepSets,ch4t-test-001649,5,2.311563,-0.048550,0.227622,1.078800,-5.320644,-8.890078,4.441e-16
DeepSets,ch4t-test-001650,12,2.436393,0.223185,0.684454,0.417883,-3.971264,-7.733178,0.000e+00
DeepSets,ch4t-test-001651,7,1.251616,0.008475,0.533018,-0.243467,-6.276189,-7.825830,0.000e+00
DeepSets,ch4t-test-001652,8,1.714041,0.330457,0.306160,0.441385,-4.781174,-7.573218,0.000e+00
DeepSets,ch4t-test-001653,7,1.521913,-1.111656,0.677157,0.580630,-6.302364,-7.970409,0.000e+00
DeepSets,ch4t-test-001654,6,-0.098428,1.363928,-0.226086,-0.044518,-6.911320,-7.906216,3.331e-16
DeepSets,ch4t-test-001655,11,0.631009,0.946531,0.216638,0.261724,-5.768488,-7.824390,0.000e+00
DeepSets,ch4t-test-001656,4,-0.158323,-0.929897,0.360233,-0.323693,-9.615483,-8.563803,0.000e+00
DeepSets,ch4t-test-001657,7,0.449374,0.670762,0.454086,-0.129384,-6.547850,-7.992688,2.220e-16
DeepSets,ch4t-test-001658,10,2.162307,0.804446,0.735139,0.610119,-3.405079,-7.717090,8.882e-16
DeepSets,ch4t-test-001659,11,-1.261408,-2.976514,-0.352587,1.161684,-11.306451,-7.877627,0.000e+00
DeepSets,ch4t-test-001660,6,2.112331,-0.853786,1.228262,-0.013078,-5.801633,-8.275362,0.000e+00
DeepSets,ch4t-test-001661,4,0.127452,0.801851,-0.462118,0.033294,-7.427946,-7.928426,2.220e-16
DeepSets,ch4t-test-001662,9,1.231438,-0.172201,1.129096,0.842291,-5.264878,-8.295501,0.000e+00
DeepSets,ch4t-test-001663,8,0.906282,0.110889,0.925294,-0.059494,-5.738882,-7.621853,4.441e-16
DeepSets,ch4t-test-001664,8,5.581996,-1.700590,-0.595720,0.905729,-3.519460,-7.710874,8.882e-16
DeepSets,ch4t-test-001665,6,1.258820,0.439115,0.459164,0.573269,-4.953165,-7.683533,0.000e+00
DeepSets,ch4t-test-001666,8,-0.037316,0.420144,0.036292,0.004090,-7.707863,-8.131074,0.000e+00
DeepSets,ch4t-test-001667,12,-0.079619,-0.379147,0.257709,-0.161278,-8.101931,-7.739596,0.000e+00
DeepSets,ch4t-test-001668,7,-0.037203,0.267180,-0.033302,0.275810,-7.196555,-7.669040,0.000e+00
DeepSets,ch4t-test-001669,7,2.590892,-0.074896,0.721514,0.664838,-4.415696,-8.318044,0.000e+00
DeepSets,ch4t-test-001670,10,-0.003731,2.162116,-0.121531,-0.094539,-6.079368,-8.021682,2.220e-16
DeepSets,ch4t-test-001671,8,1.185004,0.578693,0.082582,0.736006,-5.230924,-7.813209,0.000e+00
DeepSets,ch4t-test-001672,8,-0.019599,0.523787,-0.014615,0.100936,-7.034198,-7.624707,0.000e+00
DeepSets,ch4t-test-001673,6,2.499244,-0.037740,1.243292,0.382029,-4.348422,-8.435248,0.000e+00
DeepSets,ch4t-test-001674,7,-0.077671,1.931187,-0.326568,0.070445,-6.107635,-7.705027,2.220e-16
DeepSets,ch4t-test-001675,8,4.445186,-0.650721,-0.923071,1.233215,-4.050398,-8.155006,8.882e-16
DeepSets,ch4t-test-001676,10,-0.355718,-0.665086,-0.019425,0.269456,-9.105490,-8.334716,1.110e-16
DeepSets,ch4t-test-001677,6,1.326911,0.564670,0.974928,0.142819,-4.535407,-7.544735,0.000e+00
DeepSets,ch4t-test-001678,4,3.073329,-0.521131,1.208115,0.790728,-3.487588,-8.038628,8.882e-16
DeepSets,ch4t-test-001679,10,1.370237,-1.103871,0.794853,-0.052258,-6.864712,-7.873673,2.220e-16
DeepSets,ch4t-test-001680,10,2.736962,-0.561213,1.277043,0.660979,-3.543873,-7.657643,8.882e-16
DeepSets,ch4t-test-001681,5,1.780742,-0.479184,0.400144,0.425717,-5.539116,-7.666534,0.000e+00
DeepSets,ch4t-test-001682,9,3.035781,0.490514,0.715106,0.575821,-3.371845,-8.189068,0.000e+00
DeepSets,ch4t-test-001683,9,1.074668,0.917335,0.374045,0.532754,-5.047987,-7.946789,0.000e+00
DeepSets,ch4t-test-001684,5,0.668326,0.075883,1.460998,0.132177,-5.390216,-7.727600,4.441e-16
DeepSets,ch4t-test-001685,11,1.557544,0.341311,0.926831,0.019807,-5.109836,-7.955328,8.882e-16
DeepSets,ch4t-test-001686,11,1.601928,-0.531486,0.104752,-0.299278,-7.082366,-7.958282,1.110e-16
DeepSets,ch4t-test-001687,5,0.271642,0.556100,-0.105353,0.395900,-6.675724,-7.794013,0.000e+00
DeepSets,ch4t-test-001688,4,-0.106691,0.753284,0.220590,0.121595,-6.816899,-7.805677,0.000e+00
DeepSets,ch4t-test-001689,10,2.194038,-0.639616,1.221251,0.541599,-5.032701,-8.349973,0.000e+00
DeepSets,ch4t-test-001690,8,-0.019368,1.199390,-0.022817,-0.306230,-7.130156,-7.981132,1.110e-16
DeepSets,ch4t-test-001691,6,0.290271,-0.383839,0.406307,-0.017581,-7.599540,-7.894699,0.000e+00
DeepSets,ch4t-test-001692,9,1.475865,-0.083288,0.674642,0.416217,-5.885418,-8.368853,0.000e+00
DeepSets,ch4t-test-001693,6,-0.751427,-0.249226,1.308620,-0.199848,-7.431161,-7.539280,1.665e-16
DeepSets,ch4t-test-001694,4,4.677614,-1.663222,-1.011548,1.256094,-4.143258,-7.402196,0.000e+00
DeepSets,ch4t-test-001695,4,0.209225,-0.414704,0.349453,-0.221658,-7.422365,-7.344682,0.000e+00
DeepSets,ch4t-test-001696,4,1.796483,-1.151226,1.283337,0.371706,-6.666605,-8.966905,0.000e+00
DeepSets,ch4t-test-001697,12,0.067023,1.923135,-0.327234,0.075251,-6.103486,-7.841661,0.000e+00
DeepSets,ch4t-test-001698,7,3.426059,-1.814723,0.674682,0.030707,-5.733409,-8.050133,4.441e-16
DeepSets,ch4t-test-001699,4,1.509017,0.641381,0.511700,0.351682,-4.933851,-7.947632,0.000e+00
DeepSets,ch4t-test-001700,11,0.646298,-0.121849,0.792404,-0.348104,-7.388694,-8.357442,0.000e+00
DeepSets,ch4t-test-001701,6,0.284110,0.714422,0.283818,0.242846,-6.452988,-7.978183,2.220e-16
DeepSets,ch4t-test-001702,6,-0.000185,0.281569,0.024160,0.153412,-7.238356,-7.697313,5.551e-17
DeepSets,ch4t-test-001703,9,1.788346,0.014254,1.465045,0.601461,-3.842115,-7.711221,0.000e+00
DeepSets,ch4t-test-001704,5,-0.040241,2.008394,-0.235345,-0.209848,-6.101375,-7.624334,0.000e+00
DeepSets,ch4t-test-001705,12,2.626657,-0.253535,1.234665,0.017656,-4.187583,-7.813026,4.441e-16
DeepSets,ch4t-test-001706,5,1.868732,0.142921,0.484289,0.673163,-5.188924,-8.358028,0.000e+00
DeepSets,ch4t-test-001707,7,1.621059,-0.620235,1.158450,0.326187,-5.194929,-7.680391,0.000e+00
DeepSets,ch4t-test-001708,8,-0.007221,0.673480,-0.001390,0.145064,-7.069810,-7.879743,1.110e-16
DeepSets,ch4t-test-001709,8,4.042682,0.581863,-0.059084,-0.065743,-3.494336,-7.994054,0.000e+00
DeepSets,ch4t-test-001710,8,-0.035677,1.333632,-0.424352,0.211306,-6.670707,-7.755617,2.220e-16
DeepSets,ch4t-test-001711,9,2.093446,-0.432532,-1.279131,1.283541,-5.858551,-7.523875,4.441e-16
DeepSets,ch4t-test-001712,4,0.994801,0.332954,0.194190,0.709656,-6.323517,-8.555117,0.000e+00
DeepSets,ch4t-test-001713,7,0.572815,-0.036801,-0.075264,0.202016,-7.451410,-8.114177,2.220e-16
DeepSets,ch4t-test-001714,8,1.193337,0.254478,0.828012,-0.255217,-5.823537,-7.844147,0.000e+00
DeepSets,ch4t-test-001715,9,0.128018,-0.854275,0.674585,-0.065358,-8.040440,-7.923409,1.110e-16
DeepSets,ch4t-test-001716,10,0.277007,-0.556049,1.826568,0.245915,-5.839941,-7.633382,4.441e-16
DeepSets,ch4t-test-001717,5,2.380387,-0.862616,0.742142,0.097873,-5.517341,-7.875127,0.000e+00
DeepSets,ch4t-test-001718,7,4.803057,-0.660121,-1.937243,1.404194,-5.033378,-8.643265,0.000e+00
DeepSets,ch4t-test-001719,6,5.932546,-0.155696,-2.184897,0.926941,-3.445112,-7.964006,8.882e-16
DeepSets,ch4t-test-001720,9,-0.034796,0.888952,-0.018731,0.247902,-6.730884,-7.814211,0.000e+00
DeepSets,ch4t-test-001721,4,0.032145,0.433713,-0.072464,0.146155,-7.684720,-8.224269,0.000e+00
DeepSets,ch4t-test-001722,12,0.778997,0.492405,-0.027660,-0.541696,-7.235629,-7.937674,2.220e-16
DeepSets,ch4t-test-001723,12,4.598738,-0.513106,0.174752,0.683539,-2.808635,-7.752558,0.000e+00
DeepSets,ch4t-test-001724,7,1.121422,1.293720,0.450861,0.428244,-4.511202,-7.805450,4.441e-16
DeepSets,ch4t-test-001725,7,1.533752,-0.447733,0.588061,-0.167819,-6.563046,-8.069306,4.441e-16
DeepSets,ch4t-test-001726,6,0.906607,0.254541,1.489572,-0.314727,-5.504889,-7.840882,4.441e-16
DeepSets,ch4t-test-001727,11,2.257132,0.149322,1.365771,-0.109396,-4.212401,-7.875230,0.000e+00
DeepSets,ch4t-test-001728,4,-0.015982,0.264769,-0.059047,0.226856,-7.361288,-7.777885,0.000e+00
DeepSets,ch4t-test-001729,5,4.697893,0.186028,1.548724,-0.038568,-2.007670,-8.401747,8.882e-16
DeepSets,ch4t-test-001730,9,0.458704,0.580980,0.404788,0.615526,-6.101815,-8.161814,0.000e+00
DeepSets,ch4t-test-001731,11,-2.347308,-1.874949,1.433445,-0.813696,-11.622512,-8.020004,0.000e+00
DeepSets,ch4t-test-001732,10,2.928770,0.131223,0.885351,0.802865,-2.980335,-7.728544,0.000e+00
DeepSets,ch4t-test-001733,6,2.165419,-0.394391,1.216227,0.129373,-4.731975,-7.848603,8.882e-16
DeepSets,ch4t-test-001734,4,1.064872,-0.599585,1.122529,0.228744,-5.938917,-7.755476,0.000e+00
DeepSets,ch4t-test-001735,7,2.832867,-0.739665,1.240478,0.015594,-4.745880,-8.095153,0.000e+00
DeepSets,ch4t-test-001736,9,1.577289,0.081910,0.484294,0.724054,-4.960157,-7.827703,4.441e-16
DeepSets,ch4t-test-001737,7,0.384850,-0.458315,0.199529,-0.041171,-7.936741,-8.021635,0.000e+00
DeepSets,ch4t-test-001738,7,1.473519,0.766775,0.346639,0.301507,-5.272412,-8.160852,0.000e+00
DeepSets,ch4t-test-001739,11,-0.576678,0.242671,-0.403115,0.218600,-8.569499,-8.050977,0.000e+00
DeepSets,ch4t-test-001740,12,5.462842,-1.111377,-0.928864,1.095322,-3.419496,-7.937418,0.000e+00
DeepSets,ch4t-test-001741,12,2.362437,-0.128995,0.880265,0.364925,-4.189427,-7.668059,0.000e+00
DeepSets,ch4t-test-001742,9,-0.364386,-1.250787,1.282631,-0.385085,-8.372766,-7.655140,2.220e-16
DeepSets,ch4t-test-001743,12,-0.112819,1.417751,0.055035,-0.049487,-6.752062,-8.062542,2.220e-16
DeepSets,ch4t-test-001744,4,1.133054,-0.392330,1.094228,0.429140,-5.565262,-7.829353,4.441e-16
DeepSets,ch4t-test-001745,10,-0.067415,1.455758,-0.064310,0.175627,-6.034749,-7.534409,2.220e-16
DeepSets,ch4t-test-001746,7,0.789305,0.075577,0.796591,-0.326919,-7.149564,-8.484118,2.220e-16
DeepSets,ch4t-test-001747,12,3.995962,-1.185085,-1.440440,1.893286,-4.776161,-8.039885,4.441e-16
DeepSets,ch4t-test-001748,11,2.184388,-0.280447,0.827991,1.088274,-4.100999,-7.921205,0.000e+00
DeepSets,ch4t-test-001749,11,1.272979,0.116831,1.371356,-0.200590,-5.758140,-8.318716,0.000e+00
DeepSets,ch4t-test-001750,8,0.064659,-0.104506,0.194006,-0.077940,-7.663954,-7.740172,2.776e-17
DeepSets,ch4t-test-001751,9,-0.243853,1.158804,0.095223,0.290338,-6.537596,-7.838108,0.000e+00
DeepSets,ch4t-test-001752,7,4.821065,-0.068863,-1.041048,0.787336,-3.556152,-8.054641,0.000e+00
DeepSets,ch4t-test-001753,11,2.827994,0.203944,-0.400157,0.401055,-4.929204,-7.962039,0.000e+00
DeepSets,ch4t-test-001754,5,-0.205794,-0.759028,1.411227,-0.339641,-7.948267,-8.055032,1.665e-16
DeepSets,ch4t-test-001755,6,3.588519,-1.029090,-1.383093,1.291287,-5.267569,-7.735192,4.441e-16
DeepSets,ch4t-test-001756,7,-0.186847,-0.219126,0.495003,-0.433881,-8.263364,-7.918513,0.000e+00
DeepSets,ch4t-test-001757,12,2.098560,0.785303,0.574828,0.689936,-3.559271,-7.707898,0.000e+00
DeepSets,ch4t-test-001758,11,-0.258899,-0.511962,0.333916,-0.157010,-8.240109,-7.646155,0.000e+00
DeepSets,ch4t-test-001759,11,3.860779,-1.037298,-0.598603,0.759571,-4.446776,-7.431226,4.441e-16
DeepSets,ch4t-test-001760,4,0.456452,0.653155,0.542071,-0.048108,-6.399520,-8.003091,2.220e-16
DeepSets,ch4t-test-001761,9,1.805624,-0.403734,1.291594,0.122367,-5.354283,-8.170135,0.000e+00
DeepSets,ch4t-test-001762,9,1.624889,-1.152063,1.426064,0.829456,-5.443586,-8.171930,4.441e-16
DeepSets,ch4t-test-001763,10,4.309889,-0.147570,0.033433,0.290444,-3.336185,-7.822382,8.882e-16
DeepSets,ch4t-test-001764,12,5.975051,-1.602309,-2.194017,1.739141,-4.236548,-8.154414,0.000e+00
DeepSets,ch4t-test-001765,4,2.716056,-0.090245,0.745325,0.227846,-4.291813,-7.890794,4.441e-16
DeepSets,ch4t-test-001766,12,2.574387,-0.608972,1.300754,0.165368,-4.227047,-7.658584,4.441e-16
DeepSets,ch4t-test-001767,4,0.294464,-0.302012,0.474865,-0.054376,-7.537688,-7.950629,1.665e-16
DeepSets,ch4t-test-001768,9,-0.299386,-0.470501,0.246810,-0.232867,-8.439224,-7.683281,2.220e-16
DeepSets,ch4t-test-001769,7,5.782403,-1.314037,-1.837659,1.338821,-3.807254,-7.776781,0.000e+00
DeepSets,ch4t-test-001770,7,1.206178,-1.375374,1.748315,-0.040398,-6.373576,-7.912297,0.000e+00
DeepSets,ch4t-test-001771,7,0.931588,0.194235,0.394515,0.542237,-5.958070,-8.020646,0.000e+00
DeepSets,ch4t-test-001772,9,-0.141616,0.783241,-0.338951,-0.012673,-7.789470,-8.079471,5.551e-17
DeepSets,ch4t-test-001773,12,3.092890,0.054453,0.747357,0.295924,-3.801621,-7.992245,8.882e-16
DeepSets,ch4t-test-001774,4,1.024180,0.077578,0.481286,0.073049,-6.276947,-7.933040,0.000e+00
DeepSets,ch4t-test-001775,7,1.676752,0.577669,0.732334,0.762096,-4.350589,-8.099440,0.000e+00
DeepSets,ch4t-test-001776,6,5.420988,-1.639891,-1.432705,1.093429,-4.573494,-8.015314,4.441e-16
DeepSets,ch4t-test-001777,8,1.044773,0.579783,0.499156,0.357675,-5.531680,-8.013067,0.000e+00
DeepSets,ch4t-test-001778,9,0.054462,1.846156,-0.279453,0.075454,-6.047213,-7.743833,0.000e+00
DeepSets,ch4t-test-001779,11,0.680322,0.727239,0.195827,0.278521,-5.983791,-7.865700,0.000e+00
DeepSets,ch4t-test-001780,4,-0.025793,0.544449,-0.072528,-0.005730,-7.929674,-8.370072,5.551e-17
DeepSets,ch4t-test-001781,5,-0.008036,0.244619,0.025413,0.029912,-8.154286,-8.446194,0.000e+00
DeepSets,ch4t-test-001782,10,1.859778,0.993911,0.999751,0.290401,-3.984586,-8.128427,8.882e-16
DeepSets,ch4t-test-001783,4,-0.820310,-1.374908,1.592256,-0.900389,-9.351937,-7.848586,4.441e-16
DeepSets,ch4t-test-001784,8,1.113253,0.216328,1.478901,0.154866,-5.095550,-8.058897,4.441e-16
DeepSets,ch4t-test-001785,8,1.843463,0.219021,0.265657,0.386491,-5.674033,-8.388665,0.000e+00
DeepSets,ch4t-test-001786,5,-0.011120,-0.430259,0.093158,-0.047952,-8.620883,-8.224710,0.000e+00
DeepSets,ch4t-test-001787,5,2.101860,0.271673,-0.079247,-0.941796,-6.256417,-7.608909,6.661e-16
DeepSets,ch4t-test-001788,9,-0.157830,0.915099,-0.277774,0.171891,-7.071540,-7.722927,1.110e-16
DeepSets,ch4t-test-001789,8,1.525002,1.588126,0.286838,0.720741,-3.749430,-7.870138,0.000e+00
DeepSets,ch4t-test-001790,4,0.428884,0.524417,0.750533,0.290054,-6.177097,-8.170985,0.000e+00
DeepSets,ch4t-test-001791,9,0.851610,1.216880,1.412003,0.252891,-4.232334,-7.965717,0.000e+00
DeepSets,ch4t-test-001792,5,1.739615,-0.042407,1.097931,-0.227420,-4.914394,-7.482112,0.000e+00
DeepSets,ch4t-test-001793,6,-0.141440,0.605759,-0.136644,0.174595,-7.333963,-7.836234,0.000e+00
DeepSets,ch4t-test-001794,6,2.009340,-0.233080,1.545543,0.223676,-3.784673,-7.330153,4.441e-16
DeepSets,ch4t-test-001795,10,0.234875,0.140022,0.916724,-0.264307,-6.921750,-7.949063,0.000e+00
DeepSets,ch4t-test-001796,10,5.241793,-0.977761,-1.176610,0.280950,-4.354652,-7.723024,0.000e+00
DeepSets,ch4t-test-001797,4,0.547088,0.709453,0.346219,0.211013,-6.199968,-8.013741,0.000e+00
DeepSets,ch4t-test-001798,9,-0.035686,0.763307,-0.017356,0.269666,-6.538836,-7.518767,0.000e+00
DeepSets,ch4t-test-001799,4,0.000232,0.035018,0.005324,0.049198,-7.359562,-7.449333,0.000e+00
DeepSets,ch4t-test-001800,11,3.599272,-0.913031,1.644324,0.282815,-3.021708,-7.635088,0.000e+00
DeepSets,ch4t-test-001801,4,-0.038644,1.131951,-0.097787,-0.124947,-6.737257,-7.607830,0.000e+00
DeepSets,ch4t-test-001802,4,2.822059,0.072626,0.222442,0.667312,-4.162355,-7.946794,4.441e-16
DeepSets,ch4t-test-001803,5,0.413298,0.148675,0.589066,0.223524,-6.435858,-7.810420,2.220e-16
DeepSets,ch4t-test-001804,8,2.139993,0.667568,0.824667,0.643798,-3.400445,-7.676471,0.000e+00
DeepSets,ch4t-test-001805,7,1.142565,-0.452130,0.919000,-0.501226,-7.096807,-8.205017,0.000e+00
DeepSets,ch4t-test-001806,5,3.142536,-0.365107,-0.931758,0.643181,-4.992408,-7.481259,0.000e+00
DeepSets,ch4t-test-001807,6,1.107551,0.449708,0.679211,0.490395,-5.260671,-7.987537,0.000e+00
DeepSets,ch4t-test-001808,5,1.543654,0.707351,-0.071664,0.771524,-5.103045,-8.053910,4.441e-16
DeepSets,ch4t-test-001809,7,0.599880,-0.291139,2.396703,-0.180974,-5.543029,-8.067499,0.000e+00
DeepSets,ch4t-test-001810,5,1.788939,0.734630,0.872959,0.102502,-5.265696,-8.764725,0.000e+00
DeepSets,ch4t-test-001811,8,1.566371,0.500034,0.204848,0.731748,-4.852481,-7.855481,0.000e+00
DeepSets,ch4t-test-001812,4,0.642155,-0.115274,1.109048,-0.022256,-6.543634,-8.157308,0.000e+00
DeepSets,ch4t-test-001813,9,3.813367,-1.076618,-1.432277,1.208583,-5.657281,-8.170335,4.441e-16
DeepSets,ch4t-test-001814,7,0.863225,-0.100664,0.557140,0.086195,-6.276858,-7.682754,2.220e-16
DeepSets,ch4t-test-001815,5,-0.012516,0.521642,0.000789,0.136126,-7.919476,-8.565517,0.000e+00
DeepSets,ch4t-test-001816,5,0.912482,-0.484329,1.036398,-1.078104,-8.003322,-8.389769,2.220e-16
DeepSets,ch4t-test-001817,7,3.451294,0.411773,-1.141897,-0.612156,-5.846753,-7.955767,0.000e+00
DeepSets,ch4t-test-001818,11,-0.133842,2.122304,-0.366425,0.051401,-6.300897,-7.974336,0.000e+00
DeepSets,ch4t-test-001819,7,1.786090,0.291395,1.438798,-0.188737,-4.976704,-8.304249,0.000e+00
DeepSets,ch4t-test-001820,6,0.875474,-0.717659,1.472982,-0.586442,-6.877066,-7.921421,0.000e+00
DeepSets,ch4t-test-001821,7,6.269107,-1.600417,-1.723382,0.663281,-4.283030,-7.891620,4.441e-16
DeepSets,ch4t-test-001822,12,1.706062,0.690848,0.405295,0.544283,-4.761286,-8.107774,0.000e+00
DeepSets,ch4t-test-001823,7,0.045647,1.281023,-0.126636,-0.134944,-6.926322,-7.991412,2.220e-16
DeepSets,ch4t-test-001824,9,-0.065145,0.125478,0.595299,-0.231856,-7.475843,-7.899619,0.000e+00
DeepSets,ch4t-test-001825,11,3.531403,-0.797500,-0.936958,0.588836,-5.173148,-7.558929,4.441e-16
DeepSets,ch4t-test-001826,10,2.799043,-0.556051,1.219910,0.357937,-4.127102,-7.947941,8.882e-16
DeepSets,ch4t-test-001827,4,-0.043289,0.547244,0.126463,-0.365225,-7.411793,-7.676986,5.551e-17
DeepSets,ch4t-test-001828,7,-0.115372,0.217537,0.029097,-0.269827,-8.379096,-8.240532,0.000e+00
DeepSets,ch4t-test-001829,9,4.200804,1.024447,-1.463733,0.985605,-2.766344,-7.513467,0.000e+00
DeepSets,ch4t-test-001830,5,0.935855,-1.596750,1.974388,-0.343218,-6.998440,-7.968714,1.110e-16
DeepSets,ch4t-test-001831,9,2.673021,1.109886,-0.369347,0.923373,-3.664530,-8.001463,0.000e+00
DeepSets,ch4t-test-001832,7,0.327384,0.719501,0.876433,0.212165,-5.601816,-7.737299,0.000e+00
DeepSets,ch4t-test-001833,12,5.183892,-1.124644,-0.715124,0.668523,-4.208386,-8.221032,0.000e+00
DeepSets,ch4t-test-001834,12,4.554402,-1.384367,0.242608,0.440347,-3.837137,-7.690127,0.000e+00
DeepSets,ch4t-test-001835,7,5.483924,-1.239179,-1.491520,1.474652,-3.468683,-7.696561,8.882e-16
DeepSets,ch4t-test-001836,8,2.549988,0.373237,-1.212187,0.128272,-6.297099,-8.136409,4.441e-16
DeepSets,ch4t-test-001837,6,-0.507118,-0.243749,-0.200848,-0.198863,-9.026665,-7.876087,0.000e+00
DeepSets,ch4t-test-001838,6,1.235089,0.870053,0.370175,0.276296,-5.393549,-8.145162,0.000e+00
DeepSets,ch4t-test-001839,5,0.000488,0.886781,-0.174543,0.086550,-7.279556,-8.078832,0.000e+00
DeepSets,ch4t-test-001840,5,0.059045,1.247875,-0.354061,0.067669,-7.193347,-8.213875,0.000e+00
DeepSets,ch4t-test-001841,10,-0.082167,1.127948,-0.246291,0.386411,-6.439016,-7.624918,2.220e-16
DeepSets,ch4t-test-001842,5,1.328392,0.381925,0.461934,0.223035,-6.004508,-8.399795,0.000e+00
DeepSets,ch4t-test-001843,7,-0.123488,0.865663,-0.063448,-0.015950,-7.549824,-8.212602,0.000e+00
DeepSets,ch4t-test-001844,10,4.533179,-0.470731,-0.208799,0.623336,-3.628636,-8.105621,0.000e+00
DeepSets,ch4t-test-001845,6,-0.005700,0.273587,0.021022,0.074690,-7.737184,-8.100782,0.000e+00
DeepSets,ch4t-test-001846,8,4.475958,-1.037417,-0.406915,0.492395,-4.263811,-7.787832,4.441e-16
DeepSets,ch4t-test-001847,11,1.532291,0.897517,0.131776,0.710433,-4.331222,-7.603238,4.441e-16
DeepSets,ch4t-test-001848,4,1.798168,-0.284263,0.743194,0.142735,-4.529545,-6.929379,4.441e-16
DeepSets,ch4t-test-001849,9,1.108070,-0.459063,1.509735,0.115074,-6.264761,-8.538577,0.000e+00
DeepSets,ch4t-test-001850,11,-0.003527,1.574598,-0.000085,0.279629,-6.072607,-7.923222,0.000e+00
DeepSets,ch4t-test-001851,12,2.483498,1.234877,1.633290,0.287411,-2.399879,-8.038955,8.882e-16
DeepSets,ch4t-test-001852,7,5.942929,-1.839601,-0.709077,0.847241,-3.809333,-8.050826,8.882e-16
DeepSets,ch4t-test-001853,11,1.287206,0.687455,0.462064,0.140392,-5.310321,-7.887439,0.000e+00
DeepSets,ch4t-test-001854,10,1.278502,0.153039,0.593389,1.064210,-4.549470,-7.638611,0.000e+00
DeepSets,ch4t-test-001855,4,1.448646,0.312800,0.935716,-0.133005,-5.570689,-8.134844,4.441e-16
DeepSets,ch4t-test-001856,4,0.973539,0.262186,0.744781,0.288120,-5.935328,-8.203954,0.000e+00
DeepSets,ch4t-test-001857,9,1.164268,0.823400,0.161278,0.638087,-5.127665,-7.914697,4.441e-16
DeepSets,ch4t-test-001858,11,3.667451,0.101030,0.379532,0.228778,-3.677688,-8.054479,0.000e+00
DeepSets,ch4t-test-001859,6,1.373336,-0.348117,1.165365,-0.341453,-6.570650,-8.419780,2.220e-16
DeepSets,ch4t-test-001860,10,2.638813,-0.917932,1.295901,0.368435,-4.630902,-8.016120,4.441e-16
DeepSets,ch4t-test-001861,6,1.756152,0.124188,1.676592,0.025756,-3.950045,-7.532733,0.000e+00
DeepSets,ch4t-test-001862,7,0.001818,0.324266,-0.059902,-0.043253,-7.893533,-8.116461,2.776e-17
DeepSets,ch4t-test-001863,6,2.497631,0.607071,0.816897,0.769440,-2.633392,-7.324431,0.000e+00
DeepSets,ch4t-test-001864,4,0.030484,0.472542,-0.078236,0.300281,-8.224241,-8.949311,0.000e+00
DeepSets,ch4t-test-001865,10,3.109018,-0.970901,1.330239,-0.025646,-4.236615,-7.679325,4.441e-16
DeepSets,ch4t-test-001866,12,0.792311,0.099115,0.228416,-0.538814,-7.074500,-7.655527,1.110e-16
DeepSets,ch4t-test-001867,9,2.259176,-0.645904,1.443916,0.362627,-4.582491,-8.002308,0.000e+00
DeepSets,ch4t-test-001868,4,-0.548261,-0.414009,0.603003,-1.299762,-8.898874,-7.239846,0.000e+00
DeepSets,ch4t-test-001869,12,0.138139,0.284362,0.093427,-0.128935,-7.343697,-7.730690,1.110e-16
DeepSets,ch4t-test-001870,10,2.054074,-0.113009,0.634438,0.485211,-4.638348,-7.699062,4.441e-16
DeepSets,ch4t-test-001871,7,1.627470,-0.118233,0.211396,0.652418,-5.825275,-8.198326,0.000e+00
DeepSets,ch4t-test-001872,4,0.049306,0.976977,-0.156854,-0.072063,-7.038842,-7.836208,0.000e+00
DeepSets,ch4t-test-001873,8,1.546934,0.936641,0.065932,0.736436,-4.391126,-7.677070,0.000e+00
DeepSets,ch4t-test-001874,7,1.939153,0.371154,1.418086,0.309022,-3.770343,-7.807757,8.882e-16
DeepSets,ch4t-test-001875,7,0.880596,0.176984,0.696853,-0.071978,-6.150640,-7.833095,2.220e-16
DeepSets,ch4t-test-001876,4,1.215425,0.257826,0.412415,0.215759,-6.546164,-8.647588,0.000e+00
DeepSets,ch4t-test-001877,7,1.377896,0.483911,0.640000,0.435166,-4.791446,-7.728419,0.000e+00
DeepSets,ch4t-test-001878,10,0.322579,0.581192,0.211080,0.234375,-7.068561,-8.417787,0.000e+00
DeepSets,ch4t-test-001879,6,1.854969,-0.273068,0.825884,0.793989,-4.999970,-8.201744,0.000e+00
DeepSets,ch4t-test-001880,9,2.077832,0.070593,0.938732,0.845052,-4.366285,-8.298493,4.441e-16
DeepSets,ch4t-test-001881,11,0.727784,1.589182,1.149890,0.175891,-4.437089,-8.079837,0.000e+00
DeepSets,ch4t-test-001882,11,2.113204,-0.647786,1.070337,0.134534,-5.162587,-7.832875,4.441e-16
DeepSets,ch4t-test-001883,5,2.280871,0.239841,1.064313,0.428416,-3.987633,-8.001074,0.000e+00
DeepSets,ch4t-test-001884,7,1.507701,0.223630,0.729734,0.354085,-5.560637,-8.375787,0.000e+00
DeepSets,ch4t-test-001885,5,1.450835,0.554078,0.907086,0.170766,-5.060668,-8.143432,0.000e+00
DeepSets,ch4t-test-001886,11,2.349496,-1.093590,1.484112,0.338991,-4.547916,-7.626925,0.000e+00
DeepSets,ch4t-test-001887,12,-0.140390,1.086046,-0.089643,0.306371,-6.656165,-7.818550,0.000e+00
DeepSets,ch4t-test-001888,6,0.668144,0.302396,0.600366,0.388579,-5.752165,-7.711650,0.000e+00
DeepSets,ch4t-test-001889,10,2.759236,-0.184746,1.080306,0.999164,-2.970884,-7.624843,0.000e+00
DeepSets,ch4t-test-001890,5,-0.084162,0.447871,-0.078197,0.228802,-7.527900,-8.042215,0.000e+00
DeepSets,ch4t-test-001891,12,1.783080,0.646803,0.346581,0.536629,-4.282568,-7.595660,0.000e+00
DeepSets,ch4t-test-001892,12,-0.455093,-0.784193,1.395573,-0.209795,-8.239196,-8.185687,2.776e-17
DeepSets,ch4t-test-001893,9,0.159568,0.436330,0.099807,0.249630,-7.097002,-8.042338,0.000e+00
DeepSets,ch4t-test-001894,9,0.240572,0.081547,0.932472,-0.599752,-7.351128,-8.005967,2.220e-16
DeepSets,ch4t-test-001895,6,-0.032578,0.478437,-0.148725,0.361772,-7.296645,-7.955552,0.000e+00
DeepSets,ch4t-test-001896,7,-0.014922,0.553640,0.032952,0.081419,-7.222982,-7.876071,0.000e+00
DeepSets,ch4t-test-001897,5,4.714545,-1.045141,-1.444036,1.065422,-4.753985,-8.044775,4.441e-16
DeepSets,ch4t-test-001898,8,2.008912,-0.137433,0.357084,0.296784,-5.623456,-8.148803,0.000e+00
DeepSets,ch4t-test-001899,12,2.221268,0.618480,0.591147,0.420501,-4.256954,-8.108350,8.882e-16
DeepSets,ch4t-test-001900,12,-0.048707,1.139842,0.120005,-0.139741,-6.923115,-7.994514,0.000e+00
DeepSets,ch4t-test-001901,7,3.343551,-1.325944,-0.769724,1.677260,-5.022277,-7.947420,0.000e+00
DeepSets,ch4t-test-001902,5,-0.011817,0.399938,0.008470,0.195438,-7.040593,-7.632622,0.000e+00
DeepSets,ch4t-test-001903,4,0.688977,-0.298171,-0.085157,-0.037834,-7.438345,-7.706159,5.551e-17
DeepSets,ch4t-test-001904,12,0.026899,1.321733,-0.117761,0.126720,-6.960526,-8.318118,2.220e-16
DeepSets,ch4t-test-001905,7,0.058492,-0.009504,0.009705,-0.047130,-7.978543,-7.990106,0.000e+00
DeepSets,ch4t-test-001906,9,5.189188,-1.621750,-2.331689,0.225741,-6.244715,-7.706207,6.661e-16
DeepSets,ch4t-test-001907,9,1.420064,0.307889,0.131119,0.629916,-5.204116,-7.693103,0.000e+00
DeepSets,ch4t-test-001908,5,1.646241,0.212101,1.344626,-0.260063,-4.914176,-7.857081,4.441e-16
DeepSets,ch4t-test-001909,8,0.969176,0.768798,0.530912,0.468190,-5.894290,-8.631366,4.441e-16
DeepSets,ch4t-test-001910,4,1.787483,-0.463990,1.285343,0.624222,-4.494766,-7.727824,0.000e+00
DeepSets,ch4t-test-001911,7,0.677488,-0.301897,0.562476,0.507573,-6.811609,-8.257248,2.220e-16
DeepSets,ch4t-test-001912,12,2.125051,0.504769,0.225278,0.730667,-4.149113,-7.734878,4.441e-16
DeepSets,ch4t-test-001913,8,1.362582,-0.435954,0.498166,0.375301,-6.196278,-7.996373,0.000e+00
DeepSets,ch4t-test-001914,6,2.744101,-0.641346,1.827617,0.651168,-3.660510,-8.242050,8.882e-16
DeepSets,ch4t-test-001915,12,-0.026260,2.247138,-0.130394,0.281602,-5.778949,-8.151034,0.000e+00
DeepSets,ch4t-test-001916,6,1.022207,-0.958938,1.330561,0.002782,-6.672729,-8.069341,0.000e+00
DeepSets,ch4t-test-001917,7,2.455771,-0.249273,0.567175,0.245535,-5.030188,-8.049396,4.441e-16
DeepSets,ch4t-test-001918,11,0.199580,-1.608218,2.212875,-0.628020,-7.683380,-7.859597,1.110e-16
DeepSets,ch4t-test-001919,10,-0.099746,0.869977,-0.176957,0.287783,-6.923459,-7.804516,0.000e+00
DeepSets,ch4t-test-001920,9,2.214870,-0.019637,1.302369,-0.132935,-4.353505,-7.718171,0.000e+00
DeepSets,ch4t-test-001921,5,-0.065250,0.442941,-0.274305,0.121664,-7.651313,-7.876363,0.000e+00
DeepSets,ch4t-test-001922,4,0.253852,0.678018,0.430976,0.087094,-6.219238,-7.669179,0.000e+00
DeepSets,ch4t-test-001923,10,1.493707,0.839167,0.421837,0.460919,-4.817006,-8.032636,4.441e-16
DeepSets,ch4t-test-001924,4,4.206138,0.119608,0.558818,-0.079099,-2.496828,-7.302293,8.882e-16
DeepSets,ch4t-test-001925,9,2.016810,-0.363864,1.422611,0.278412,-4.551173,-7.905143,0.000e+00
DeepSets,ch4t-test-001926,9,-0.186881,1.743194,-0.268617,0.154198,-6.628088,-8.069982,0.000e+00
DeepSets,ch4t-test-001927,12,0.848487,0.164914,1.068949,-0.017458,-5.896885,-7.961776,4.441e-16
DeepSets,ch4t-test-001928,11,2.714576,1.872903,0.907664,0.351311,-2.467649,-8.314103,0.000e+00
DeepSets,ch4t-test-001929,6,1.866488,0.741944,0.385946,0.394552,-4.621870,-8.010800,0.000e+00
DeepSets,ch4t-test-001930,6,0.047567,0.293273,-0.127991,-0.042600,-7.536224,-7.706472,2.776e-17
DeepSets,ch4t-test-001931,11,4.813678,-0.806277,-1.682443,2.143113,-3.203542,-7.671613,8.882e-16
DeepSets,ch4t-test-001932,9,2.483079,-0.307171,1.418298,0.129692,-3.779845,-7.503743,4.441e-16
DeepSets,ch4t-test-001933,10,0.753913,0.222366,1.209258,-0.235775,-6.388966,-8.338728,2.220e-16
DeepSets,ch4t-test-001934,6,0.267472,-0.039481,-0.043865,-0.036904,-7.631463,-7.778685,0.000e+00
DeepSets,ch4t-test-001935,11,0.669211,0.288615,0.410556,0.145490,-6.282594,-7.796466,2.220e-16
DeepSets,ch4t-test-001936,11,1.006032,-0.762886,1.144619,0.438791,-6.005497,-7.832053,2.220e-16
DeepSets,ch4t-test-001937,8,1.503711,-0.410077,0.209561,0.628459,-5.920409,-7.852064,0.000e+00
DeepSets,ch4t-test-001938,11,1.999324,-0.161741,1.339367,0.337060,-4.340773,-7.854784,4.441e-16
DeepSets,ch4t-test-001939,8,1.334532,-0.305120,1.020855,1.158197,-4.593698,-7.802163,0.000e+00
DeepSets,ch4t-test-001940,7,1.423903,2.014549,0.796332,0.350925,-2.733142,-7.318851,0.000e+00
DeepSets,ch4t-test-001941,9,0.030550,0.967191,-0.105329,0.185067,-6.942921,-8.020400,0.000e+00
DeepSets,ch4t-test-001942,8,1.647983,0.449720,0.968143,0.012357,-5.106346,-8.184549,4.441e-16
DeepSets,ch4t-test-001943,11,1.624682,1.654788,0.629755,-0.004650,-4.530102,-8.434677,0.000e+00
DeepSets,ch4t-test-001944,8,2.647095,0.481397,-0.327203,0.373342,-4.824446,-7.999076,4.441e-16
DeepSets,ch4t-test-001945,10,0.140853,-0.075236,0.625762,-0.437504,-7.670620,-7.924495,0.000e+00
DeepSets,ch4t-test-001946,6,1.721651,0.483568,0.116646,0.617279,-4.875143,-7.814286,4.441e-16
DeepSets,ch4t-test-001947,8,1.640217,-0.325730,0.818626,0.036478,-5.749694,-7.919285,4.441e-16
DeepSets,ch4t-test-001948,8,0.471588,0.599282,0.129441,0.005441,-6.680621,-7.886372,2.220e-16
DeepSets,ch4t-test-001949,6,0.023614,-0.936503,0.262863,0.078100,-8.124311,-7.552385,1.110e-16
DeepSets,ch4t-test-001950,7,-0.028871,-0.079379,-0.212286,0.432172,-8.369808,-8.481443,5.551e-17
DeepSets,ch4t-test-001951,10,-0.070161,1.998532,-0.187278,-0.020703,-5.871464,-7.591853,0.000e+00
DeepSets,ch4t-test-001952,10,2.169441,-0.769816,1.739662,-0.491450,-4.821519,-7.469357,4.441e-16
DeepSets,ch4t-test-001953,7,0.136483,-1.083067,0.534636,-0.334292,-8.829967,-8.083727,1.110e-16
DeepSets,ch4t-test-001954,4,-0.014795,0.425240,0.025686,0.019945,-7.676274,-8.132350,0.000e+00
DeepSets,ch4t-test-001955,7,0.169748,-0.325735,0.777173,-0.817968,-7.646904,-7.450123,0.000e+00
DeepSets,ch4t-test-001956,10,2.926035,-0.839649,-0.871520,1.114283,-5.301208,-7.630356,0.000e+00
DeepSets,ch4t-test-001957,11,-0.111504,1.587437,-0.313961,0.363264,-6.404463,-7.929700,0.000e+00
DeepSets,ch4t-test-001958,12,1.679426,0.143220,1.219952,-0.165302,-4.934555,-7.811851,4.441e-16
DeepSets,ch4t-test-001959,7,1.810821,0.500514,0.439055,0.775128,-4.519671,-8.045189,4.441e-16
DeepSets,ch4t-test-001960,4,-0.008690,0.125003,-0.035635,0.224713,-7.705976,-8.011368,0.000e+00
DeepSets,ch4t-test-001961,9,-0.119107,1.084874,0.392913,-0.137477,-6.829754,-8.050957,0.000e+00
DeepSets,ch4t-test-001962,12,2.006396,0.582410,0.495116,0.868648,-4.201429,-8.154000,4.441e-16
DeepSets,ch4t-test-001963,11,1.059565,0.469300,0.741607,0.708011,-4.746339,-7.724822,0.000e+00
DeepSets,ch4t-test-001964,10,1.013456,0.357673,0.514866,0.492854,-5.434218,-7.813067,0.000e+00
DeepSets,ch4t-test-001965,12,3.713302,-0.431730,-0.113533,1.072576,-3.685594,-7.926209,8.882e-16
DeepSets,ch4t-test-001966,10,2.148428,1.631425,0.032253,0.538079,-3.775197,-8.125381,8.882e-16
DeepSets,ch4t-test-001967,11,1.362576,0.554136,0.212526,0.529458,-4.730322,-7.389018,0.000e+00
DeepSets,ch4t-test-001968,8,-0.298832,-0.349013,0.719628,-0.188828,-8.245183,-8.128138,1.388e-16
DeepSets,ch4t-test-001969,4,1.275313,-0.102091,1.355015,-0.380996,-6.259927,-8.407167,0.000e+00
DeepSets,ch4t-test-001970,7,-0.235618,0.969345,-0.232665,0.233412,-7.233012,-7.967486,0.000e+00
DeepSets,ch4t-test-001971,4,-0.036230,0.600498,-0.056928,0.101887,-7.671421,-8.280648,1.110e-16
DeepSets,ch4t-test-001972,10,1.917022,0.380943,0.726574,0.935639,-4.229400,-8.189577,0.000e+00
DeepSets,ch4t-test-001973,5,-0.096028,0.920347,-0.387379,0.498455,-6.781912,-7.717307,0.000e+00
DeepSets,ch4t-test-001974,5,-0.085106,1.343159,-0.122979,0.266733,-6.420931,-7.822738,0.000e+00
DeepSets,ch4t-test-001975,4,1.052130,-1.426297,1.018205,-0.351382,-7.536813,-7.829469,0.000e+00
DeepSets,ch4t-test-001976,8,1.338375,0.098539,1.352506,0.445563,-4.992668,-8.227651,4.441e-16
DeepSets,ch4t-test-001977,7,2.791559,-0.204711,0.973389,0.558140,-3.806150,-7.924527,8.882e-16
DeepSets,ch4t-test-001978,4,1.645860,-0.121443,1.737998,-0.279494,-4.802409,-7.785330,4.441e-16
DeepSets,ch4t-test-001979,10,4.535714,-0.504985,-1.926306,1.465603,-4.317274,-7.887300,0.000e+00
DeepSets,ch4t-test-001980,7,1.776698,-0.601768,1.189834,0.028174,-5.159175,-7.552113,0.000e+00
DeepSets,ch4t-test-001981,5,2.000833,0.652765,0.325364,0.670047,-4.230917,-7.879925,8.882e-16
DeepSets,ch4t-test-001982,5,0.037554,0.573482,-0.092924,0.156085,-7.163793,-7.837989,1.110e-16
DeepSets,ch4t-test-001983,5,0.940821,0.729239,0.267112,0.323655,-6.169795,-8.430621,0.000e+00
DeepSets,ch4t-test-001984,11,2.731831,-0.047027,0.520936,0.810083,-3.266749,-7.282573,0.000e+00
DeepSets,ch4t-test-001985,7,1.186619,0.055881,1.032801,0.508082,-4.866417,-7.649799,0.000e+00
DeepSets,ch4t-test-001986,10,4.039716,-0.513483,1.604597,-0.031701,-2.751162,-7.850290,0.000e+00
DeepSets,ch4t-test-001987,11,1.799504,-1.149466,1.798044,0.098021,-5.369910,-7.916014,4.441e-16
DeepSets,ch4t-test-001988,8,1.651179,0.490179,0.865821,0.326064,-4.293235,-7.626478,4.441e-16
DeepSets,ch4t-test-001989,4,0.204905,-0.002832,0.683009,-0.356665,-7.178655,-7.707072,1.110e-16
DeepSets,ch4t-test-001990,9,5.036843,-0.700685,-0.309978,0.386879,-3.549819,-7.962879,0.000e+00
DeepSets,ch4t-test-001991,4,3.894910,-0.607594,-0.334993,0.176851,-5.056382,-8.185556,0.000e+00
DeepSets,ch4t-test-001992,11,1.032783,1.231013,0.362385,0.704553,-4.204050,-7.534784,0.000e+00
DeepSets,ch4t-test-001993,4,-0.287848,1.101196,-0.095932,0.086086,-7.099304,-7.902807,1.110e-16
DeepSets,ch4t-test-001994,11,-0.024404,0.758594,-0.195140,0.071902,-7.302571,-7.913522,1.110e-16
DeepSets,ch4t-test-001995,6,4.015968,-0.602747,-0.197388,1.013168,-4.241019,-8.470021,8.882e-16
DeepSets,ch4t-test-001996,9,1.419438,-1.205856,1.527344,0.237108,-5.833426,-7.811460,2.220e-16
DeepSets,ch4t-test-001997,8,0.419395,-0.301030,0.739750,0.138672,-7.130292,-8.127078,0.000e+00
DeepSets,ch4t-test-001998,12,1.354790,0.602597,0.969179,0.425120,-4.626314,-7.977999,4.441e-16
DeepSets,ch4t-test-001999,9,1.678372,0.087589,0.422329,0.319028,-5.295736,-7.803054,0.000e+00
GNN,ch4t-test-000000,7,1.681661,-0.021210,1.115437,0.392779,-5.062324,-8.230992,4.441e-16
GNN,ch4t-test-000001,5,1.608004,-2.121280,1.620467,-0.179816,-7.295548,-8.222922,2.220e-16
GNN,ch4t-test-000002,8,6.345390,-1.971555,-0.977301,0.207342,-4.580546,-8.184422,4.441e-16
GNN,ch4t-test-000003,5,3.396217,-1.488619,2.026224,-0.039358,-3.935711,-7.830174,4.441e-16
GNN,ch4t-test-000004,7,2.100113,0.798431,1.151936,0.287727,-3.220603,-7.558811,0.000e+00
GNN,ch4t-test-000005,8,1.286043,-0.764899,1.340133,-0.052646,-5.799302,-7.607933,2.220e-16
GNN,ch4t-test-000006,12,3.907688,-0.003778,1.440494,-0.120671,-2.879508,-8.103241,8.882e-16
GNN,ch4t-test-000007,5,5.888408,-0.919009,0.396858,0.164690,-1.966009,-7.496956,0.000e+00
GNN,ch4t-test-000008,9,-0.081515,0.412752,0.001982,-0.058395,-7.088851,-7.363674,0.000e+00
GNN,ch4t-test-000009,5,1.895565,-0.777433,1.625655,-0.606330,-5.934756,-8.072213,0.000e+00
GNN,ch4t-test-000010,8,1.552937,0.254695,0.949760,0.178251,-4.970108,-7.905751,0.000e+00
GNN,ch4t-test-000011,9,0.082457,-1.577576,0.524474,-0.120907,-8.919585,-7.828033,0.000e+00
GNN,ch4t-test-000012,7,0.563804,0.186127,0.604359,-0.239232,-6.784723,-7.899780,0.000e+00
GNN,ch4t-test-000013,7,3.257951,-0.833081,-0.588639,1.556469,-3.700106,-7.092806,0.000e+00
GNN,ch4t-test-000014,4,0.427406,-0.596770,1.070315,-0.578866,-7.927705,-8.249790,1.110e-16
GNN,ch4t-test-000015,7,0.155313,1.447713,0.351332,-0.057177,-6.051695,-7.948876,4.441e-16
GNN,ch4t-test-000016,7,-0.394382,-0.437290,-0.082641,0.715178,-8.178958,-7.979822,0.000e+00
GNN,ch4t-test-000017,4,-0.236094,-0.072139,-0.035630,0.576390,-7.669848,-7.902376,0.000e+00
GNN,ch4t-test-000018,9,4.140119,-1.181941,1.124710,-0.101651,-4.159943,-8.141180,0.000e+00
GNN,ch4t-test-000019,4,-0.111881,0.361626,-0.011070,0.166025,-7.592136,-7.996836,0.000e+00
GNN,ch4t-test-000020,4,0.672001,0.624644,0.116166,0.064498,-5.789396,-7.266706,0.000e+00
GNN,ch4t-test-000021,8,1.834583,0.334998,0.442510,0.051548,-5.265647,-7.929287,4.441e-16
GNN,ch4t-test-000022,12,3.467049,-0.890982,-0.264995,0.393069,-5.362863,-8.067003,0.000e+00
GNN,ch4t-test-000023,5,0.770995,-1.220800,1.778557,-0.000328,-6.538225,-7.866649,2.220e-16
GNN,ch4t-test-000024,8,0.429767,0.769125,0.356744,-0.207092,-6.670254,-8.018798,0.000e+00
GNN,ch4t-test-000025,10,3.688715,0.490700,0.057737,0.163987,-3.581731,-7.982871,8.882e-16
GNN,ch4t-test-000026,9,2.171415,0.168417,-1.432375,-0.847163,-7.979882,-8.040176,1.110e-16
GNN,ch4t-test-000027,9,-0.295878,1.133224,0.179423,-0.035264,-6.773993,-7.755499,1.110e-16
GNN,ch4t-test-000028,8,0.428675,-1.371662,1.722429,-0.117853,-7.055943,-7.717533,3.331e-16
GNN,ch4t-test-000029,10,3.450189,0.165449,1.025145,0.275994,-2.797303,-7.714080,0.000e+00
GNN,ch4t-test-000030,12,1.974381,-0.547120,1.236678,0.003490,-5.440848,-8.108276,4.441e-16
GNN,ch4t-test-000031,8,-0.006226,-2.925484,0.818091,-0.048565,-9.993275,-7.831089,0.000e+00
GNN,ch4t-test-000032,4,-0.041686,0.926861,-0.301914,-0.247171,-7.561535,-7.897624,5.551e-17
GNN,ch4t-test-000033,8,3.263386,0.009742,0.654037,0.511775,-3.698643,-8.137583,8.882e-16
GNN,ch4t-test-000034,5,-0.023354,0.830120,-0.179108,-0.066558,-7.384714,-7.945814,1.110e-16
GNN,ch4t-test-000035,9,0.248323,-1.642653,2.058692,-0.458131,-7.692511,-7.898743,4.441e-16
GNN,ch4t-test-000036,7,1.685404,0.059978,0.636872,-0.294660,-5.865032,-7.952626,0.000e+00
GNN,ch4t-test-000037,4,4.807074,-0.642586,-0.385976,0.534991,-3.271852,-7.585356,0.000e+00
GNN,ch4t-test-000038,9,1.227510,0.687799,-0.013846,0.643473,-4.962222,-7.507159,0.000e+00
GNN,ch4t-test-000039,11,0.216813,0.478859,0.194081,-0.158393,-6.951329,-7.682689,0.000e+00
GNN,ch4t-test-000040,11,4.248977,-1.216197,-0.078042,0.826793,-4.220537,-8.002069,4.441e-16
GNN,ch4t-test-000041,5,2.126585,-0.281781,0.605642,0.309962,-5.301364,-8.061772,4.441e-16
GNN,ch4t-test-000042,11,2.007450,1.099536,0.505226,0.217501,-4.112306,-7.942019,4.441e-16
GNN,ch4t-test-000043,5,1.323661,0.202065,0.102914,0.398405,-5.410036,-7.437081,0.000e+00
GNN,ch4t-test-000044,11,2.254724,0.366135,0.731701,0.088023,-4.751888,-8.192471,8.882e-16
GNN,ch4t-test-000045,11,4.943273,0.151757,-1.347428,0.395884,-4.000261,-8.143747,8.882e-16
GNN,ch4t-test-000046,7,2.173960,0.411511,0.179138,-0.074788,-5.334836,-8.024657,0.000e+00
GNN,ch4t-test-000047,7,2.993248,0.394712,0.878014,0.626121,-2.825020,-7.717116,8.882e-16
GNN,ch4t-test-000048,5,-0.065621,1.035672,-0.166450,-0.056503,-7.216600,-7.963698,1.110e-16
GNN,ch4t-test-000049,9,-0.038890,-1.246139,0.624515,0.010360,-8.096060,-7.445905,1.110e-16
GNN,ch4t-test-000050,5,0.090832,1.834876,-0.289383,0.161848,-6.400556,-8.198729,0.000e+00
GNN,ch4t-test-000051,10,2.116278,-0.233602,0.935258,0.351670,-4.862494,-8.032098,4.441e-16
GNN,ch4t-test-000052,11,-0.279044,1.795943,-0.483634,-0.019216,-6.765835,-7.779884,2.220e-16
GNN,ch4t-test-000053,4,-0.009778,1.066166,-0.096874,-0.221503,-7.137917,-7.875928,2.220e-16
GNN,ch4t-test-000054,12,2.443051,0.274558,0.309999,0.684275,-4.036538,-7.748420,0.000e+00
GNN,ch4t-test-000055,5,5.679647,-1.398152,-1.130699,0.525743,-4.416476,-8.093016,4.441e-16
GNN,ch4t-test-000056,6,1.219278,-0.123723,0.372077,0.212165,-6.030845,-7.710642,2.220e-16
GNN,ch4t-test-000057,4,0.650747,0.569004,1.668269,0.320586,-4.575883,-7.784488,0.000e+00
GNN,ch4t-test-000058,6,4.853122,-1.078115,-1.536765,0.362996,-5.533844,-8.135082,0.000e+00
GNN,ch4t-test-000059,4,-0.198009,0.239751,-0.160261,-0.043329,-8.410505,-8.248657,5.551e-17
GNN,ch4t-test-000060,8,-0.351373,-0.948530,-0.304198,0.312930,-8.999746,-7.708575,0.000e+00
GNN,ch4t-test-000061,7,0.584266,-0.417143,0.855360,-0.068954,-7.536724,-8.490253,1.110e-16
GNN,ch4t-test-000062,11,1.545584,0.121726,0.376914,0.662021,-5.171901,-7.878145,0.000e+00
GNN,ch4t-test-000063,6,0.489423,-0.344795,1.824780,-0.352822,-6.741844,-8.358430,0.000e+00
GNN,ch4t-test-000064,7,3.398520,-0.556169,0.486244,0.481608,-4.091675,-7.901877,0.000e+00
GNN,ch4t-test-000065,6,0.385038,-0.041525,0.000117,-0.155909,-7.685145,-7.872866,2.776e-17
GNN,ch4t-test-000066,6,-0.124505,-1.689930,1.986397,-0.674864,-8.171185,-7.668283,2.220e-16
GNN,ch4t-test-000067,5,2.359905,-0.082755,0.649723,0.414529,-4.450273,-7.791675,0.000e+00
GNN,ch4t-test-000068,11,1.607920,-0.447914,1.224945,0.320521,-5.241380,-7.946853,0.000e+00
GNN,ch4t-test-000069,8,3.501135,-0.656624,0.696518,0.242569,-3.736122,-7.519721,0.000e+00
GNN,ch4t-test-000070,6,1.515377,-0.142994,0.540054,0.327802,-6.077603,-8.317843,4.441e-16
GNN,ch4t-test-000071,11,1.828787,1.133517,0.035965,0.390526,-4.858316,-8.247111,0.000e+00
GNN,ch4t-test-000072,11,0.458929,0.362612,0.693011,-0.065963,-6.728922,-8.177511,0.000e+00
GNN,ch4t-test-000073,7,-0.133761,-1.119124,-0.082903,0.227616,-9.212370,-8.104198,0.000e+00
GNN,ch4t-test-000074,10,1.325309,0.068308,1.245326,0.370851,-5.020989,-8.030782,0.000e+00
GNN,ch4t-test-000075,9,-2.360772,-0.887723,0.841385,-0.682929,-10.721854,-7.631814,4.441e-16
GNN,ch4t-test-000076,7,1.221321,0.035992,0.257489,-0.018724,-6.762426,-8.258504,0.000e+00
GNN,ch4t-test-000077,5,1.238434,0.087509,-0.035904,0.259471,-6.294438,-7.843948,0.000e+00
GNN,ch4t-test-000078,11,1.629560,0.538446,0.650302,-0.106335,-5.693067,-8.405040,4.441e-16
GNN,ch4t-test-000079,11,2.892499,0.066028,1.050548,0.424967,-4.122488,-8.556529,0.000e+00
GNN,ch4t-test-000080,6,2.985954,-1.901280,2.012415,-0.069229,-4.938005,-7.965865,4.441e-16
GNN,ch4t-test-000081,12,3.702813,-0.370468,0.789834,0.059157,-3.917204,-8.098540,8.882e-16
GNN,ch4t-test-000082,6,-0.237878,-1.324047,1.689489,-0.238712,-8.081086,-7.969937,4.441e-16
GNN,ch4t-test-000083,12,2.278473,0.059547,0.849219,0.429103,-4.341347,-7.957689,0.000e+00
GNN,ch4t-test-000084,6,1.250461,0.435879,0.188852,0.705463,-5.248669,-7.829323,0.000e+00
GNN,ch4t-test-000085,6,3.156640,0.299570,-0.638779,0.650826,-4.914135,-8.382393,0.000e+00
GNN,ch4t-test-000086,5,0.360748,-0.564560,0.087071,0.460561,-7.950107,-8.293928,0.000e+00
GNN,ch4t-test-000087,5,0.912097,1.024119,0.810433,0.015366,-5.327043,-8.089057,0.000e+00
GNN,ch4t-test-000088,6,0.244075,0.022735,0.928136,-0.061064,-6.562693,-7.696575,0.000e+00
GNN,ch4t-test-000089,12,1.330310,0.259656,0.186971,0.289769,-5.742956,-7.809661,0.000e+00
GNN,ch4t-test-000090,4,-0.469472,-0.449443,0.883984,-0.510323,-8.744608,-8.199354,0.000e+00
GNN,ch4t-test-000091,8,-0.001051,0.585177,0.042309,0.056054,-7.206089,-7.888578,0.000e+00
GNN,ch4t-test-000092,5,0.293346,-0.236662,0.014204,-0.184594,-8.316669,-8.202963,5.551e-17
GNN,ch4t-test-000093,8,3.798000,-0.878895,0.031150,0.472787,-4.338059,-7.761102,0.000e+00
GNN,ch4t-test-000094,7,0.427190,-0.945374,0.235531,-0.082481,-8.430072,-8.064939,0.000e+00
GNN,ch4t-test-000095,5,-0.096097,0.516354,-0.067408,0.364987,-7.268270,-7.986105,0.000e+00
GNN,ch4t-test-000096,10,1.655082,0.200751,0.783621,0.048722,-5.958105,-8.646280,4.441e-16
GNN,ch4t-test-000097,9,1.879118,-0.318790,0.704433,0.461555,-4.891068,-7.617383,4.441e-16
GNN,ch4t-test-000098,11,0.026163,0.978215,-0.051404,-0.233135,-7.230232,-7.950070,0.000e+00
GNN,ch4t-test-000099,9,-0.035127,0.950898,-0.018890,-0.077562,-7.043832,-7.863151,2.220e-16
GNN,ch4t-test-000100,5,4.361959,-1.930123,-0.783076,0.321135,-5.655887,-7.625782,6.661e-16
GNN,ch4t-test-000101,6,-0.048681,1.028871,-0.118757,-0.163975,-7.467602,-8.165060,2.220e-16
GNN,ch4t-test-000102,4,2.334368,-0.300361,0.929612,0.229983,-5.642922,-8.836524,0.000e+00
GNN,ch4t-test-000103,6,4.623316,-1.560958,-0.631125,1.414912,-3.500880,-7.347026,4.441e-16
GNN,ch4t-test-000104,11,2.208989,-0.595804,1.308303,0.166306,-4.873430,-7.961224,0.000e+00
GNN,ch4t-test-000105,5,0.002477,1.488496,-0.221369,-0.091070,-6.584333,-7.762866,0.000e+00
GNN,ch4t-test-000106,7,-0.020242,1.877575,-0.028099,-0.034331,-5.992761,-7.787664,2.220e-16
GNN,ch4t-test-000107,10,3.632226,-0.485525,-1.045135,1.039710,-4.722301,-7.863578,4.441e-16
GNN,ch4t-test-000108,6,0.922750,-1.266577,1.244132,-0.103184,-6.663848,-7.460969,2.220e-16
GNN,ch4t-test-000109,9,1.226383,0.665390,1.529425,-0.111929,-4.661946,-7.971216,0.000e+00
GNN,ch4t-test-000110,5,-0.055109,-0.079898,-0.046390,0.226286,-8.101158,-8.146047,0.000e+00
GNN,ch4t-test-000111,5,1.119847,0.384454,0.618296,-0.332460,-6.900632,-8.690769,2.220e-16
GNN,ch4t-test-000112,5,-0.014380,0.233611,0.004265,0.052173,-7.799887,-8.075556,0.000e+00
GNN,ch4t-test-000113,5,-0.062236,-0.636704,0.472451,-0.362057,-8.316351,-7.727805,0.000e+00
GNN,ch4t-test-000114,9,3.690627,-0.457026,1.437351,0.116025,-3.110039,-7.897016,8.882e-16
GNN,ch4t-test-000115,10,2.489332,0.491524,0.680625,0.679189,-3.481272,-7.821942,8.882e-16
GNN,ch4t-test-000116,7,3.854927,-0.801091,-0.794231,1.230656,-4.041645,-7.531906,8.882e-16
GNN,ch4t-test-000117,6,3.060762,-0.354656,1.071766,0.255275,-3.892207,-7.925354,0.000e+00
GNN,ch4t-test-000118,4,2.221307,-0.408398,0.801969,0.685165,-4.900308,-8.200351,0.000e+00
GNN,ch4t-test-000119,12,0.124833,-0.725729,0.028624,-0.001057,-8.090143,-7.516815,1.110e-16
GNN,ch4t-test-000120,5,1.760634,0.190943,0.147188,0.414247,-5.377236,-7.890248,0.000e+00
GNN,ch4t-test-000121,10,5.044234,-0.616189,-0.745041,0.796056,-3.395784,-7.874844,0.000e+00
GNN,ch4t-test-000122,11,1.649141,-0.058208,1.105647,-0.062002,-5.023019,-7.657597,0.000e+00
GNN,ch4t-test-000123,7,0.320653,1.322978,0.540509,-0.058966,-5.693150,-7.818324,0.000e+00
GNN,ch4t-test-000124,10,0.381493,1.089711,0.301217,-0.172787,-6.304479,-7.904113,2.220e-16
GNN,ch4t-test-000125,7,2.185356,-0.164059,1.080755,0.676181,-4.064786,-7.843019,8.882e-16
GNN,ch4t-test-000126,6,0.196150,0.558954,0.596879,-0.002837,-6.932239,-8.281385,0.000e+00
GNN,ch4t-test-000127,6,-0.113303,1.111781,-0.012891,-0.050309,-6.469445,-7.404722,1.110e-16
GNN,ch4t-test-000128,6,2.605327,-0.119702,0.404792,0.824650,-5.287123,-9.002190,4.441e-16
GNN,ch4t-test-000129,5,3.981794,-0.889912,-0.628531,1.042673,-4.319768,-7.825793,4.441e-16
GNN,ch4t-test-000130,5,1.058871,0.734929,0.272113,0.181083,-5.785609,-8.032605,0.000e+00
GNN,ch4t-test-000131,12,-0.077986,0.838327,0.204110,-0.054481,-7.033951,-7.943920,1.110e-16
GNN,ch4t-test-000132,8,1.160684,1.320535,0.668161,-0.203589,-5.213824,-8.159615,0.000e+00
GNN,ch4t-test-000133,5,1.282196,0.336251,0.383774,0.434315,-5.424279,-7.860815,0.000e+00
GNN,ch4t-test-000134,6,1.597844,-0.508489,1.152081,0.508767,-5.447992,-8.198195,0.000e+00
GNN,ch4t-test-000135,7,0.032775,0.568893,-0.044592,-0.046765,-7.550043,-8.060355,0.000e+00
GNN,ch4t-test-000136,8,-0.016483,1.032750,-0.033788,0.135490,-6.614436,-7.732406,0.000e+00
GNN,ch4t-test-000137,12,-0.008464,0.675934,0.029415,0.147967,-6.998881,-7.843733,0.000e+00
GNN,ch4t-test-000138,11,5.541705,-0.828392,-1.010684,1.100423,-3.562142,-8.365194,0.000e+00
GNN,ch4t-test-000139,12,2.610733,-1.166143,1.366904,-0.017521,-5.223670,-8.017643,4.441e-16
GNN,ch4t-test-000140,11,0.004079,0.258003,1.229316,-0.062343,-6.686306,-8.115361,2.220e-16
GNN,ch4t-test-000141,7,3.242787,-1.079569,-0.770656,0.222559,-6.195015,-7.810136,4.441e-16
GNN,ch4t-test-000142,10,-0.048965,1.269606,-0.016032,0.081318,-6.364503,-7.650430,0.000e+00
GNN,ch4t-test-000143,5,0.825621,-0.458087,0.893429,0.465034,-6.406480,-8.132478,0.000e+00
GNN,ch4t-test-000144,12,1.201713,0.541174,0.163397,0.944170,-5.192006,-8.042459,0.000e+00
GNN,ch4t-test-000145,10,2.480238,0.401105,0.881433,0.300761,-3.669030,-7.732567,0.000e+00
GNN,ch4t-test-000146,12,2.617894,-0.629810,1.146686,0.632430,-4.049982,-7.817181,8.882e-16
GNN,ch4t-test-000147,10,3.391357,0.256042,0.299806,0.760145,-3.568892,-8.276242,8.882e-16
GNN,ch4t-test-000148,12,2.419662,1.006546,0.680643,0.642390,-2.885765,-7.635006,8.882e-16
GNN,ch4t-test-000149,6,-0.133579,0.467388,-0.220076,0.197232,-8.410587,-8.721553,5.551e-17
GNN,ch4t-test-000150,10,3.950992,-1.085440,-0.697611,0.637371,-4.655945,-7.461256,0.000e+00
GNN,ch4t-test-000151,10,1.105066,0.393405,1.409216,0.202389,-4.835511,-7.945587,0.000e+00
GNN,ch4t-test-000152,7,0.932311,0.260067,0.834377,0.188548,-5.729457,-7.944759,0.000e+00
GNN,ch4t-test-000153,12,0.463797,-0.157460,2.145349,-0.012693,-5.529472,-7.968465,0.000e+00
GNN,ch4t-test-000154,9,3.280434,0.520109,0.537156,0.379673,-3.242334,-7.959705,8.882e-16
GNN,ch4t-test-000155,8,1.175209,0.264651,1.471502,-0.168216,-5.203770,-7.946916,4.441e-16
GNN,ch4t-test-000156,6,0.070844,-0.692837,0.119032,0.180374,-8.145892,-7.823305,1.110e-16
GNN,ch4t-test-000157,11,2.912445,-0.850535,1.247753,0.052691,-4.562467,-7.924821,4.441e-16
GNN,ch4t-test-000158,10,-0.008713,1.211984,0.007105,0.078682,-7.188473,-8.477532,0.000e+00
GNN,ch4t-test-000159,4,1.473660,0.876831,0.490705,0.319633,-4.845789,-8.006619,0.000e+00
GNN,ch4t-test-000160,9,1.970988,0.425799,0.437213,0.691281,-4.574359,-8.099641,0.000e+00
GNN,ch4t-test-000161,6,0.875096,0.441786,0.715944,0.051027,-6.055447,-8.139301,4.441e-16
GNN,ch4t-test-000162,8,1.150707,0.135081,0.356989,-0.479364,-6.531740,-7.695153,0.000e+00
GNN,ch4t-test-000163,11,1.729509,0.647461,0.646252,0.195901,-4.869801,-8.088924,0.000e+00
GNN,ch4t-test-000164,9,-0.307018,-0.750741,2.069329,-0.286175,-6.928451,-7.653845,3.331e-16
GNN,ch4t-test-000165,6,1.228640,0.336137,0.212847,0.392923,-5.472010,-7.642557,0.000e+00
GNN,ch4t-test-000166,8,0.129036,-1.380228,0.573500,-0.004528,-8.371156,-7.688936,0.000e+00
GNN,ch4t-test-000167,12,1.942949,1.001034,0.062539,0.474743,-4.924499,-8.405764,4.441e-16
GNN,ch4t-test-000168,12,2.208211,-0.822764,1.333175,-0.227354,-4.785804,-7.277072,0.000e+00
GNN,ch4t-test-000169,4,1.436579,-0.347909,0.839297,0.374639,-5.598527,-7.901133,0.000e+00
GNN,ch4t-test-000170,10,2.754513,-0.617431,1.637458,-0.272067,-4.434507,-7.936979,4.441e-16
GNN,ch4t-test-000171,6,-0.169749,0.568899,-0.188051,0.044360,-7.648678,-7.904137,5.551e-17
GNN,ch4t-test-000172,5,2.402606,0.239088,0.100533,0.369014,-4.921461,-8.032702,0.000e+00
GNN,ch4t-test-000173,12,-0.029048,-0.644749,0.167475,0.105330,-8.214134,-7.813142,1.110e-16
GNN,ch4t-test-000174,10,2.215427,0.303622,0.122102,0.672633,-4.852152,-8.165936,4.441e-16
GNN,ch4t-test-000175,10,-0.256021,0.932636,-0.114742,0.135058,-7.752564,-8.449496,0.000e+00
GNN,ch4t-test-000176,7,2.230471,-0.502960,0.468018,0.174399,-5.744909,-8.114837,4.441e-16
GNN,ch4t-test-000177,6,3.166164,-0.809757,0.481093,0.698816,-4.457267,-7.993584,0.000e+00
GNN,ch4t-test-000178,5,-0.054009,0.880308,-0.033352,0.003287,-7.155830,-7.952063,0.000e+00
GNN,ch4t-test-000179,12,-0.022577,1.939233,-0.044270,-0.118862,-6.303415,-8.056939,2.220e-16
GNN,ch4t-test-000180,12,0.476734,-0.162803,0.533468,-0.157321,-7.241886,-7.931963,2.220e-16
GNN,ch4t-test-000181,10,-0.378096,1.955785,-0.729588,-0.054186,-7.008610,-7.802524,2.220e-16
GNN,ch4t-test-000182,10,1.513190,0.017086,1.178809,0.139605,-4.866744,-7.715433,4.441e-16
GNN,ch4t-test-000183,4,1.142347,0.249107,0.843770,0.326832,-5.317941,-7.879998,4.441e-16
GNN,ch4t-test-000184,4,0.080101,-1.202382,0.940985,-0.270778,-8.828146,-8.376072,1.110e-16
GNN,ch4t-test-000185,6,4.033265,-1.128734,1.627328,-0.076604,-3.126658,-7.581913,0.000e+00
GNN,ch4t-test-000186,8,0.712566,-0.464130,0.968982,-0.215445,-6.838584,-7.840557,0.000e+00
GNN,ch4t-test-000187,10,0.061947,1.241081,0.066602,-0.082304,-6.606801,-7.894126,2.220e-16
GNN,ch4t-test-000188,9,0.975249,-0.328409,0.915707,0.145735,-6.349209,-8.057492,0.000e+00
GNN,ch4t-test-000189,6,2.273932,-1.529993,1.965875,-0.161300,-5.633272,-8.181785,4.441e-16
GNN,ch4t-test-000190,7,0.969529,1.963796,-0.780264,0.529350,-4.648931,-7.331342,0.000e+00
GNN,ch4t-test-000191,8,2.316348,0.347834,0.769716,0.053839,-4.544624,-8.032361,4.441e-16
GNN,ch4t-test-000192,7,3.445575,0.388836,0.715359,0.001908,-3.143171,-7.694849,0.000e+00
GNN,ch4t-test-000193,4,1.030324,-1.221835,0.373393,-0.046716,-7.432797,-7.567963,8.327e-17
GNN,ch4t-test-000194,7,1.699627,0.025087,0.719131,-0.236926,-5.707072,-7.913991,0.000e+00
GNN,ch4t-test-000195,5,-0.140508,1.047683,-0.238560,0.305082,-7.377017,-8.350714,0.000e+00
GNN,ch4t-test-000196,7,-0.481653,0.173447,0.976168,0.185903,-6.986540,-7.840404,0.000e+00
GNN,ch4t-test-000197,5,-0.037262,2.225216,-0.259921,-0.020045,-6.055189,-7.963176,4.441e-16
GNN,ch4t-test-000198,4,0.526258,-0.979791,1.723363,0.163275,-5.856309,-7.289415,2.220e-16
GNN,ch4t-test-000199,9,-0.289995,0.461221,-0.326276,0.163665,-8.182113,-8.190728,5.551e-17
GNN,ch4t-test-000200,8,5.128658,-0.706464,-0.110218,0.325542,-3.158817,-7.796336,0.000e+00
GNN,ch4t-test-000201,7,0.770361,-1.941083,2.550549,-0.461626,-7.181080,-8.099281,1.110e-16
GNN,ch4t-test-000202,9,3.548001,0.382226,-0.347440,0.717169,-3.774732,-8.074688,8.882e-16
GNN,ch4t-test-000203,12,4.626639,-0.044088,-1.231197,-0.012494,-4.645507,-7.984367,4.441e-16
GNN,ch4t-test-000204,12,-0.001865,1.262546,0.045905,0.063796,-6.212696,-7.583078,2.220e-16
GNN,ch4t-test-000205,11,-0.047470,1.019380,-0.083529,0.212772,-7.159720,-8.260873,0.000e+00
GNN,ch4t-test-000206,9,0.354870,0.322416,1.052593,0.038605,-6.521965,-8.290450,2.220e-16
GNN,ch4t-test-000207,12,4.782568,-0.051230,-1.001686,0.211623,-4.035967,-7.977242,4.441e-16
GNN,ch4t-test-000208,4,-3.772619,-1.140102,0.128519,0.472651,-12.024084,-7.712533,0.000e+00
GNN,ch4t-test-000209,4,0.031261,0.087684,0.073480,-0.304718,-8.177841,-8.065548,2.776e-17
GNN,ch4t-test-000210,6,-0.034491,0.779039,-0.086298,-0.050937,-7.471187,-8.078500,0.000e+00
GNN,ch4t-test-000211,7,2.133307,-2.085810,2.053396,-0.202602,-5.639386,-7.537678,0.000e+00
GNN,ch4t-test-000212,4,4.099586,-0.369323,0.483814,0.554165,-3.277569,-8.045811,0.000e+00
GNN,ch4t-test-000213,9,2.027321,0.573145,0.745638,0.523747,-3.920361,-7.790212,0.000e+00
GNN,ch4t-test-000214,7,0.436080,-0.098881,0.087647,-0.190739,-7.623017,-7.857125,0.000e+00
GNN,ch4t-test-000215,11,2.645466,0.425464,0.693654,0.035894,-3.895606,-7.696084,4.441e-16
GNN,ch4t-test-000216,9,0.724086,0.659035,0.429910,-0.311816,-6.384040,-7.885256,0.000e+00
GNN,ch4t-test-000217,6,2.612143,-0.925418,0.453677,-0.224980,-6.239381,-8.154804,0.000e+00
GNN,ch4t-test-000218,7,1.672022,-0.444999,0.996383,0.094570,-5.705431,-8.023408,4.441e-16
GNN,ch4t-test-000219,11,-0.036343,1.482622,-0.134841,-0.095082,-6.836636,-8.052993,2.220e-16
GNN,ch4t-test-000220,7,-0.123083,0.952655,-0.079672,0.104566,-7.111424,-7.965889,1.110e-16
GNN,ch4t-test-000221,10,1.841243,0.277450,0.979364,0.176524,-4.699597,-7.974178,0.000e+00
GNN,ch4t-test-000222,6,1.381182,0.549195,0.656415,0.153680,-4.727195,-7.467666,4.441e-16
GNN,ch4t-test-000223,10,-0.029661,1.370574,-0.127895,0.029606,-6.754054,-7.996677,0.000e+00
GNN,ch4t-test-000224,10,1.386066,0.127757,0.446521,0.072864,-5.825379,-7.858586,0.000e+00
GNN,ch4t-test-000225,12,2.503480,0.185689,0.653265,0.506573,-3.994515,-7.843522,4.441e-16
GNN,ch4t-test-000226,11,1.493747,0.815555,0.897049,0.055099,-5.010858,-8.272308,0.000e+00
GNN,ch4t-test-000227,5,0.909130,-0.180842,0.279603,0.448200,-6.557981,-8.014073,0.000e+00
GNN,ch4t-test-000228,9,2.484816,-0.845482,1.009884,0.011214,-4.953835,-7.614267,4.441e-16
GNN,ch4t-test-000229,5,2.663459,0.507838,1.051059,0.567303,-3.133918,-7.923577,0.000e+00
GNN,ch4t-test-000230,11,0.380643,1.184984,0.038733,-0.941337,-7.246428,-7.909452,2.220e-16
GNN,ch4t-test-000231,12,2.623290,-0.349974,1.023076,-0.249641,-4.895253,-7.942003,4.441e-16
GNN,ch4t-test-000232,6,2.795149,0.163306,0.806388,0.439824,-3.513853,-7.718520,0.000e+00
GNN,ch4t-test-000233,7,1.589046,0.534202,0.754005,0.190203,-5.163498,-8.230954,0.000e+00
GNN,ch4t-test-000234,6,-0.024692,1.270921,-0.026556,-0.066783,-6.832780,-7.985670,0.000e+00
GNN,ch4t-test-000235,10,2.566591,0.716069,-0.534218,0.832434,-4.208545,-7.789422,0.000e+00
GNN,ch4t-test-000236,4,2.049493,-0.019149,0.730717,0.333921,-4.739471,-7.834453,4.441e-16
GNN,ch4t-test-000237,6,-0.625357,-3.367496,0.855062,0.132329,-11.111450,-8.105987,0.000e+00
GNN,ch4t-test-000238,12,4.540164,-0.246883,-2.293368,0.232588,-5.443622,-7.676123,8.882e-16
GNN,ch4t-test-000239,12,4.826243,-0.622142,-0.343647,0.264699,-4.058403,-8.183555,0.000e+00
GNN,ch4t-test-000240,11,3.079855,-1.951707,2.107057,0.365600,-4.213616,-7.814421,0.000e+00
GNN,ch4t-test-000241,4,1.464247,-0.332402,1.026657,-0.229675,-5.953813,-7.882640,2.220e-16
GNN,ch4t-test-000242,12,0.244698,-0.269654,1.239494,-0.424951,-7.265461,-8.055048,0.000e+00
GNN,ch4t-test-000243,12,2.437550,0.503489,0.286995,0.363299,-4.191576,-7.782909,0.000e+00
GNN,ch4t-test-000244,8,3.212700,-1.515721,-1.133570,1.214450,-6.225793,-8.003652,4.441e-16
GNN,ch4t-test-000245,6,0.091705,-0.286044,0.352981,0.054496,-7.923607,-8.136744,2.776e-17
GNN,ch4t-test-000246,4,4.627081,-0.688741,-0.161530,0.718685,-3.248686,-7.744180,8.882e-16
GNN,ch4t-test-000247,12,5.101607,0.356355,-2.449947,0.902572,-3.777962,-7.688549,4.441e-16
GNN,ch4t-test-000248,6,0.880395,0.847924,0.540856,-0.140042,-5.846249,-7.975382,0.000e+00
GNN,ch4t-test-000249,12,1.837846,1.299475,0.160387,0.155153,-4.175884,-7.628744,0.000e+00
GNN,ch4t-test-000250,5,1.376363,-0.815121,1.762306,-0.426201,-6.211404,-8.108751,4.441e-16
GNN,ch4t-test-000251,4,-0.047443,0.564992,-0.051553,0.289089,-7.324159,-8.079243,0.000e+00
GNN,ch4t-test-000252,8,-0.019414,0.043198,0.193119,0.060819,-7.907147,-8.184869,0.000e+00
GNN,ch4t-test-000253,8,2.753949,1.415371,0.568418,0.258703,-3.200526,-8.196968,0.000e+00
GNN,ch4t-test-000254,12,1.688061,0.569099,0.773570,0.779763,-4.053448,-7.863941,0.000e+00
GNN,ch4t-test-000255,8,4.834348,-0.660837,0.879449,0.236365,-2.886298,-8.175623,0.000e+00
GNN,ch4t-test-000256,11,4.190351,-0.670896,-1.669206,0.897681,-5.666040,-8.413970,0.000e+00
GNN,ch4t-test-000257,4,0.566608,0.702123,0.825952,0.081052,-5.738762,-7.914498,0.000e+00
GNN,ch4t-test-000258,4,0.400272,-0.633304,0.420163,-0.285204,-8.191735,-8.093662,1.665e-16
GNN,ch4t-test-000259,4,2.228913,-0.486396,1.361051,0.096459,-4.397535,-7.597563,4.441e-16
GNN,ch4t-test-000260,6,0.956523,-0.358438,0.221873,0.315407,-6.787174,-7.922538,0.000e+00
GNN,ch4t-test-000261,9,3.810040,0.973171,-0.942532,0.388778,-4.118275,-8.347731,0.000e+00
GNN,ch4t-test-000262,10,3.597675,-0.525396,-0.549861,0.294468,-6.858637,-9.675523,8.882e-16
GNN,ch4t-test-000263,8,4.235946,0.316451,-0.247365,0.625662,-3.423748,-8.354443,0.000e+00
GNN,ch4t-test-000264,12,-0.006470,0.896112,-0.021485,0.014131,-7.073300,-7.955588,0.000e+00
GNN,ch4t-test-000265,4,-0.008054,1.356579,0.355854,-0.424974,-6.725862,-8.005267,0.000e+00
GNN,ch4t-test-000266,12,6.007944,-1.284097,-1.003964,1.345724,-2.855258,-7.920865,0.000e+00
GNN,ch4t-test-000267,10,5.268153,-1.097051,-0.493938,1.262171,-2.922017,-7.861353,0.000e+00
GNN,ch4t-test-000268,12,3.983481,-0.262245,0.383444,0.673544,-2.873662,-7.651885,8.882e-16
GNN,ch4t-test-000269,10,-0.001399,1.335906,-0.019341,-0.064116,-6.850664,-8.101715,0.000e+00
GNN,ch4t-test-000270,9,-0.042180,1.909738,-0.048442,0.081816,-5.944968,-7.845900,2.220e-16
GNN,ch4t-test-000271,7,3.964470,0.017301,-0.162038,0.344839,-3.547879,-7.712450,0.000e+00
GNN,ch4t-test-000272,4,5.298395,-0.964028,-0.789033,0.522864,-4.359621,-8.427819,8.882e-16
GNN,ch4t-test-000273,10,2.631561,-0.581415,0.847156,0.243282,-4.796521,-7.937106,4.441e-16
GNN,ch4t-test-000274,5,0.039322,1.017405,-0.088964,-0.056606,-7.118805,-8.029962,0.000e+00
GNN,ch4t-test-000275,4,2.290026,-0.305577,0.451520,0.352616,-4.966046,-7.754631,0.000e+00
GNN,ch4t-test-000276,6,4.521230,-1.117902,-0.914494,1.267035,-4.218749,-7.974618,0.000e+00
GNN,ch4t-test-000277,11,1.455108,-0.109974,0.662951,-0.135920,-5.998949,-7.871115,2.220e-16
GNN,ch4t-test-000278,5,3.919752,-0.126728,-1.031982,0.496240,-4.068918,-7.326200,4.441e-16
GNN,ch4t-test-000279,11,3.879703,0.152546,-0.552843,0.762369,-3.455160,-7.696936,0.000e+00
GNN,ch4t-test-000280,9,0.391097,-1.103676,1.694299,-0.153773,-7.279665,-8.107611,0.000e+00
GNN,ch4t-test-000281,5,1.974823,0.300070,0.781395,0.457817,-4.514756,-8.028862,0.000e+00
GNN,ch4t-test-000282,9,2.641953,-0.894426,1.203807,0.026628,-4.928559,-7.906520,4.441e-16
GNN,ch4t-test-000283,11,1.475331,0.991200,0.340277,-0.600905,-5.994803,-8.200706,0.000e+00
GNN,ch4t-test-000284,11,0.657176,-0.246793,1.334181,-1.088976,-7.362097,-8.017686,4.441e-16
GNN,ch4t-test-000285,8,-0.197162,0.745869,-0.298202,0.256820,-7.313518,-7.820843,0.000e+00
GNN,ch4t-test-000286,8,4.651178,-1.970026,-0.761106,0.368846,-5.939887,-8.228779,4.441e-16
GNN,ch4t-test-000287,4,-0.108769,-3.087372,0.324035,0.131493,-10.307486,-7.566872,0.000e+00
GNN,ch4t-test-000288,9,2.174095,0.624763,0.946117,0.310308,-3.990112,-8.045394,0.000e+00
GNN,ch4t-test-000289,7,2.130223,-0.185852,0.581679,0.680841,-4.639067,-7.845958,4.441e-16
GNN,ch4t-test-000290,5,3.419812,-0.357751,1.282019,0.411567,-3.043286,-7.798932,8.882e-16
GNN,ch4t-test-000291,9,2.675175,0.272139,0.422524,0.411296,-3.964304,-7.745437,4.441e-16
GNN,ch4t-test-000292,7,2.230640,0.756938,0.772485,0.137769,-3.997374,-7.895205,0.000e+00
GNN,ch4t-test-000293,7,-0.040231,1.471297,-0.020910,0.056132,-6.386989,-7.853277,2.220e-16
GNN,ch4t-test-000294,11,2.049423,0.626428,0.312364,0.366903,-4.637758,-7.992875,0.000e+00
GNN,ch4t-test-000295,9,2.354677,-0.896036,1.681265,0.615664,-3.865899,-7.621469,4.441e-16
GNN,ch4t-test-000296,5,0.356672,-0.137046,0.574074,-0.579750,-7.917724,-8.131673,0.000e+00
GNN,ch4t-test-000297,6,2.304003,-0.115881,0.517752,-0.146631,-5.063826,-7.623068,0.000e+00
GNN,ch4t-test-000298,12,0.953354,-2.218647,1.713694,-0.186420,-7.612372,-7.874352,4.996e-16
GNN,ch4t-test-000299,12,2.719631,0.337307,0.415030,0.327022,-3.980646,-7.779636,4.441e-16
GNN,ch4t-test-000300,9,2.709487,0.296276,0.337305,-0.115346,-4.515818,-7.743541,0.000e+00
GNN,ch4t-test-000301,6,1.544885,0.552123,0.381091,0.277534,-5.378756,-8.134390,0.000e+00
GNN,ch4t-test-000302,10,-0.055117,1.187012,-0.072867,-0.115268,-6.826612,-7.770371,1.110e-16
GNN,ch4t-test-000303,5,1.950870,-0.394996,1.113262,-0.056917,-5.071612,-7.683830,0.000e+00
GNN,ch4t-test-000304,7,0.065910,-0.342399,0.622593,0.045270,-7.208399,-7.599773,1.110e-16
GNN,ch4t-test-000305,11,2.267401,0.534240,0.837050,0.620166,-4.125185,-8.384042,0.000e+00
GNN,ch4t-test-000306,9,3.778996,-1.091882,1.184563,0.399310,-3.790782,-8.061768,8.882e-16
GNN,ch4t-test-000307,10,2.473709,0.469702,0.573547,-0.060317,-4.843517,-8.300158,4.441e-16
GNN,ch4t-test-000308,9,-0.182433,-1.168033,0.197268,0.080755,-8.738915,-7.666473,0.000e+00
GNN,ch4t-test-000309,4,3.219321,-1.135698,1.936660,0.061253,-3.550175,-7.631711,8.882e-16
GNN,ch4t-test-000310,9,3.182272,1.016282,0.703840,0.592281,-2.302600,-7.797275,8.882e-16
GNN,ch4t-test-000311,7,3.122602,-0.723020,1.268081,0.078295,-3.986427,-7.732384,4.441e-16
GNN,ch4t-test-000312,7,1.802243,-0.450214,1.196807,-0.172787,-5.498137,-7.874186,0.000e+00
GNN,ch4t-test-000313,11,1.557653,-1.385205,0.962073,0.254000,-6.467942,-7.856463,2.220e-16
GNN,ch4t-test-000314,11,1.577892,0.511932,0.204051,0.071522,-5.189839,-7.555235,0.000e+00
GNN,ch4t-test-000315,10,2.642147,-1.599422,1.679599,0.289207,-5.190190,-8.201721,4.441e-16
GNN,ch4t-test-000316,11,3.421258,0.069432,0.750266,0.293223,-3.507283,-8.041462,0.000e+00
GNN,ch4t-test-000317,7,2.200114,-0.162571,0.696874,0.705418,-4.055190,-7.495025,0.000e+00
GNN,ch4t-test-000318,5,0.071495,-0.969326,1.180739,-0.830785,-8.552821,-8.004944,1.110e-16
GNN,ch4t-test-000319,4,0.053388,-1.171675,1.899900,-0.887144,-7.944152,-7.838621,2.220e-16
GNN,ch4t-test-000320,10,-0.170268,-0.286434,0.202025,0.074038,-8.279846,-8.099208,2.776e-17
GNN,ch4t-test-000321,8,-0.127917,1.149756,-0.315172,-0.070782,-7.357702,-7.993587,0.000e+00
GNN,ch4t-test-000322,11,2.852706,0.023596,-0.285881,-0.266996,-5.624666,-7.948091,0.000e+00
GNN,ch4t-test-000323,6,1.350491,-0.180384,0.863723,-0.511421,-6.348167,-7.870575,2.220e-16
GNN,ch4t-test-000324,10,-0.286304,-0.773650,1.184206,0.163291,-7.622811,-7.910354,2.220e-16
GNN,ch4t-test-000325,6,3.625356,-0.233229,-0.454312,0.207160,-4.658680,-7.803655,0.000e+00
GNN,ch4t-test-000326,7,1.075987,-0.992426,0.397633,0.412178,-7.143409,-8.036783,1.110e-16
GNN,ch4t-test-000327,4,2.387583,-0.403757,1.176563,-0.065685,-5.003057,-8.097761,0.000e+00
GNN,ch4t-test-000328,11,1.204996,0.405361,0.765777,-0.380234,-5.798442,-7.794342,2.220e-16
GNN,ch4t-test-000329,5,1.250778,-1.361372,1.895434,-0.209927,-6.671753,-8.246666,4.441e-16
GNN,ch4t-test-000330,5,1.330800,-1.041679,1.650304,-0.721617,-6.816520,-8.034328,2.220e-16
GNN,ch4t-test-000331,6,2.758387,-0.570211,0.174200,-0.008322,-5.624567,-7.978621,0.000e+00
GNN,ch4t-test-000332,5,2.719370,0.373015,0.423061,0.232304,-4.203337,-7.951087,0.000e+00
GNN,ch4t-test-000333,11,3.404436,-0.302426,0.988669,0.299852,-3.647370,-8.037901,8.882e-16
GNN,ch4t-test-000334,4,0.000254,0.954921,0.002235,-0.013940,-7.177327,-8.120797,1.110e-16
GNN,ch4t-test-000335,4,0.864895,-0.711974,0.996370,0.362348,-5.903357,-7.414997,0.000e+00
GNN,ch4t-test-000336,11,0.703062,0.734928,0.173385,-0.097161,-6.519333,-8.033546,0.000e+00
GNN,ch4t-test-000337,8,2.268471,0.276594,0.910550,0.718815,-4.156229,-8.330659,0.000e+00
GNN,ch4t-test-000338,6,3.452497,-0.793922,1.197984,0.223885,-3.813450,-7.893893,0.000e+00
GNN,ch4t-test-000339,11,1.978904,1.297562,0.365253,0.126102,-4.439913,-8.207734,4.441e-16
GNN,ch4t-test-000340,10,1.444275,-0.070249,0.382707,0.450737,-5.678505,-7.885976,0.000e+00
GNN,ch4t-test-000341,11,2.997624,-0.375754,0.109009,-0.041373,-5.181434,-7.870941,0.000e+00
GNN,ch4t-test-000342,4,-0.052806,0.971982,-0.181147,0.000694,-7.455026,-8.193749,1.110e-16
GNN,ch4t-test-000343,11,1.484003,-0.837718,1.237352,-0.303193,-6.616953,-8.197397,0.000e+00
GNN,ch4t-test-000344,8,5.400498,-0.232467,-1.924798,1.735280,-3.406677,-8.385190,0.000e+00
GNN,ch4t-test-000345,4,0.027520,0.453543,-0.100218,0.007860,-7.356352,-7.745058,0.000e+00
GNN,ch4t-test-000346,11,1.490409,0.019170,0.429352,0.608598,-5.682205,-8.229735,4.441e-16
GNN,ch4t-test-000347,8,2.273841,0.527230,0.208364,0.510270,-4.440660,-7.960364,4.441e-16
GNN,ch4t-test-000348,6,0.831860,0.297032,0.499715,-0.144461,-6.779053,-8.263199,0.000e+00
GNN,ch4t-test-000349,12,2.561556,0.724000,0.537189,0.106200,-4.113146,-8.042091,0.000e+00
GNN,ch4t-test-000350,11,0.643534,1.939439,0.654071,0.193784,-4.768204,-8.199032,4.441e-16
GNN,ch4t-test-000351,6,2.020538,0.051949,0.546364,0.474322,-4.654989,-7.748161,4.441e-16
GNN,ch4t-test-000352,6,0.749026,0.556468,0.587826,-0.369941,-6.306306,-7.829685,2.220e-16
GNN,ch4t-test-000353,5,-0.215176,1.612802,-0.285918,0.150560,-7.028927,-8.291195,0.000e+00
GNN,ch4t-test-000354,9,1.661802,0.184017,0.691184,0.179176,-5.291681,-8.007860,0.000e+00
GNN,ch4t-test-000355,8,2.158529,0.093959,0.599525,0.586433,-4.924340,-8.362787,0.000e+00
GNN,ch4t-test-000356,8,-0.784512,0.978134,-0.424685,-0.097543,-8.260496,-7.931891,0.000e+00
GNN,ch4t-test-000357,9,0.294544,-1.737159,0.097804,-0.050870,-8.984997,-7.589317,2.220e-16
GNN,ch4t-test-000358,4,-0.092686,0.740840,-0.078844,-0.024736,-7.328980,-7.873555,0.000e+00
GNN,ch4t-test-000359,5,1.546510,-0.787493,1.206755,-0.101324,-6.428793,-8.293241,0.000e+00
GNN,ch4t-test-000360,11,1.525171,0.658527,0.306632,0.526419,-5.056950,-8.073700,0.000e+00
GNN,ch4t-test-000361,6,0.348873,-1.557367,0.664475,-0.262585,-8.850233,-8.043629,3.331e-16
GNN,ch4t-test-000362,10,2.437744,-0.733163,1.085826,0.217202,-4.618481,-7.626090,0.000e+00
GNN,ch4t-test-000363,11,1.855084,0.679241,0.333375,0.261129,-5.074232,-8.203061,0.000e+00
GNN,ch4t-test-000364,11,1.225306,-0.652684,0.944356,-0.591534,-6.928543,-7.853987,2.220e-16
GNN,ch4t-test-000365,11,-0.201586,0.125894,0.133977,0.185296,-7.571127,-7.814709,2.776e-17
GNN,ch4t-test-000366,10,0.168446,-0.798666,1.640978,-0.215071,-6.964959,-7.760645,3.331e-16
GNN,ch4t-test-000367,7,1.411803,0.910638,1.113514,0.258212,-4.289857,-7.984024,4.441e-16
GNN,ch4t-test-000368,7,5.051388,-0.261808,-1.829744,0.908366,-4.202972,-8.071174,4.441e-16
GNN,ch4t-test-000369,11,1.743869,-0.240965,0.445791,0.284092,-5.853157,-8.085945,0.000e+00
GNN,ch4t-test-000370,4,2.918443,0.354955,0.121760,0.117353,-4.520676,-8.033188,0.000e+00
GNN,ch4t-test-000371,7,0.001226,1.795175,-0.003320,0.043391,-5.928116,-7.764588,2.220e-16
GNN,ch4t-test-000372,7,0.599911,0.396957,0.888327,-0.061890,-6.331644,-8.154948,0.000e+00
GNN,ch4t-test-000373,6,2.674364,0.270585,1.856501,0.101101,-2.661912,-7.564463,8.882e-16
GNN,ch4t-test-000374,10,4.486452,-0.065304,-1.019726,0.983680,-3.822100,-8.207202,0.000e+00
GNN,ch4t-test-000375,7,-0.173344,-0.326013,-0.179271,0.628753,-8.148944,-8.099069,0.000e+00
GNN,ch4t-test-000376,5,0.024890,0.596490,-0.135518,-0.106944,-7.829449,-8.208367,1.110e-16
GNN,ch4t-test-000377,8,4.330224,-1.071980,0.831479,0.183321,-3.227908,-7.500951,0.000e+00
GNN,ch4t-test-000378,4,0.003521,1.021288,-0.026533,-0.126403,-6.963106,-7.834980,2.220e-16
GNN,ch4t-test-000379,5,4.154051,-1.149298,-1.365601,1.254466,-4.861844,-7.755461,4.441e-16
GNN,ch4t-test-000380,11,0.176782,1.166824,0.041987,-0.146338,-6.644829,-7.884085,2.220e-16
GNN,ch4t-test-000381,7,3.801420,0.006950,-0.951824,1.293883,-3.846386,-7.996815,0.000e+00
GNN,ch4t-test-000382,12,-0.285311,1.816772,-0.301273,-0.036402,-6.814719,-8.008506,2.220e-16
GNN,ch4t-test-000383,10,1.093288,-0.566610,0.404984,-0.068609,-6.954386,-7.817440,1.110e-16
GNN,ch4t-test-000384,10,2.067944,-0.150558,0.863289,0.350318,-4.557748,-7.688742,4.441e-16
GNN,ch4t-test-000385,6,2.213921,0.498138,0.563511,-0.200352,-4.721960,-7.797177,4.441e-16
GNN,ch4t-test-000386,9,2.973900,-0.957163,1.160282,0.257969,-4.676909,-8.111898,4.441e-16
GNN,ch4t-test-000387,8,-0.065621,0.666980,-0.038462,0.177804,-7.349408,-8.090108,0.000e+00
GNN,ch4t-test-000388,4,0.629759,0.720560,0.009165,0.018659,-6.408211,-7.786353,0.000e+00
GNN,ch4t-test-000389,7,3.912677,-0.385653,0.035480,0.197395,-4.155942,-7.915841,0.000e+00
GNN,ch4t-test-000390,6,0.006957,-0.025993,0.844249,-0.330300,-7.775375,-8.270289,1.110e-16
GNN,ch4t-test-000391,10,-0.073595,-0.949590,0.759613,-0.016435,-8.350425,-8.070419,2.220e-16
GNN,ch4t-test-000392,5,1.413765,-0.238484,0.625037,-0.114708,-6.046445,-7.732056,0.000e+00
GNN,ch4t-test-000393,8,1.358083,0.319324,0.533358,0.059289,-5.159144,-7.429198,4.441e-16
GNN,ch4t-test-000394,10,-0.152193,-0.522511,0.583610,0.037074,-7.985295,-7.931274,3.469e-17
GNN,ch4t-test-000395,8,-0.010349,0.755315,0.042911,0.054599,-7.345406,-8.187883,0.000e+00
GNN,ch4t-test-000396,8,5.266109,-1.555199,-0.517462,0.675642,-3.982914,-7.852003,8.882e-16
GNN,ch4t-test-000397,8,2.160127,-0.685976,1.694409,0.178439,-4.860390,-8.207390,0.000e+00
GNN,ch4t-test-000398,7,-0.140998,1.141084,-0.150148,0.115150,-6.939614,-7.904702,0.000e+00
GNN,ch4t-test-000399,7,5.312311,-0.640102,-1.328753,0.943209,-3.777276,-8.063939,0.000e+00
GNN,ch4t-test-000400,7,2.026406,0.070915,0.778508,0.092061,-4.714726,-7.682616,0.000e+00
GNN,ch4t-test-000401,5,0.805450,0.744721,0.216295,-0.421297,-6.542007,-7.887176,2.220e-16
GNN,ch4t-test-000402,12,1.549819,-1.540306,0.995680,-0.545190,-7.524909,-7.984913,2.220e-16
GNN,ch4t-test-000403,9,1.866268,1.086799,0.262189,0.211491,-4.408591,-7.835339,0.000e+00
GNN,ch4t-test-000404,10,3.540472,0.788367,0.558869,0.421492,-2.982073,-8.291273,8.882e-16
GNN,ch4t-test-000405,11,0.096923,-0.364519,0.241076,0.068234,-7.902723,-7.944437,2.776e-17
GNN,ch4t-test-000406,7,4.543902,-1.555284,-0.596505,0.716068,-4.798242,-7.906422,0.000e+00
GNN,ch4t-test-000407,7,1.768203,0.019770,1.205095,-0.085677,-4.593454,-7.500844,4.441e-16
GNN,ch4t-test-000408,4,2.076843,-0.312543,0.155602,0.251740,-5.714599,-7.886241,0.000e+00
GNN,ch4t-test-000409,6,-0.263224,-1.120364,0.839300,-0.256599,-8.467363,-7.666475,2.220e-16
GNN,ch4t-test-000410,7,2.334259,-1.090671,1.372688,0.537646,-4.680541,-7.834463,4.441e-16
GNN,ch4t-test-000411,10,2.007214,0.673919,0.672257,0.228510,-4.493740,-8.075640,4.441e-16
GNN,ch4t-test-000412,11,2.427422,0.497631,1.156191,0.368694,-2.931835,-7.381772,8.882e-16
GNN,ch4t-test-000413,9,0.832322,0.496273,1.415250,-0.073264,-5.267150,-7.937731,0.000e+00
GNN,ch4t-test-000414,4,1.899586,-0.265660,0.629245,0.692691,-4.574740,-7.530602,0.000e+00
GNN,ch4t-test-000415,5,-0.012608,0.216896,-0.004118,0.069055,-7.533911,-7.803136,0.000e+00
GNN,ch4t-test-000416,5,0.124105,-2.336446,0.255173,0.569252,-9.712053,-8.324136,4.441e-16
GNN,ch4t-test-000417,11,1.485228,0.173130,0.516378,0.313189,-5.453431,-7.941357,0.000e+00
GNN,ch4t-test-000418,10,0.003079,1.221114,-0.052743,0.033727,-6.633980,-7.839158,0.000e+00
GNN,ch4t-test-000419,9,3.104358,-0.215201,1.756651,-0.092169,-3.300574,-7.854212,8.882e-16
GNN,ch4t-test-000420,5,2.147699,-0.295163,0.369618,0.109856,-5.679376,-8.011386,0.000e+00
GNN,ch4t-test-000421,4,-1.099642,-0.407265,0.950577,-0.936446,-9.284358,-7.791582,0.000e+00
GNN,ch4t-test-000422,12,4.388688,-0.562774,-0.488905,1.013387,-3.715241,-8.065637,0.000e+00
GNN,ch4t-test-000423,8,2.986257,0.856627,0.163300,0.772687,-2.958746,-7.737616,0.000e+00
GNN,ch4t-test-000424,8,-0.330383,0.338701,-0.001733,0.479702,-7.113660,-7.599947,0.000e+00
GNN,ch4t-test-000425,7,4.057042,-0.798531,0.089821,0.773605,-3.569553,-7.691491,0.000e+00
GNN,ch4t-test-000426,11,0.767627,0.166397,0.888488,-0.100970,-5.788240,-7.509782,0.000e+00
GNN,ch4t-test-000427,4,-0.382319,-1.377203,0.135475,0.215460,-9.250957,-7.842370,2.220e-16
GNN,ch4t-test-000428,10,5.063310,-1.073977,-1.336569,0.905536,-4.224804,-7.783104,8.882e-16
GNN,ch4t-test-000429,12,-0.041250,1.003144,0.105663,0.251616,-6.499518,-7.818691,0.000e+00
GNN,ch4t-test-000430,9,1.554167,0.470830,0.560948,1.149628,-4.360267,-8.095841,4.441e-16
GNN,ch4t-test-000431,9,2.186725,-1.470897,1.981483,0.202863,-5.209378,-8.109552,4.441e-16
GNN,ch4t-test-000432,4,0.745775,-0.859948,0.808632,-0.069827,-7.430216,-8.054848,1.110e-16
GNN,ch4t-test-000433,12,-0.125293,0.420947,0.219558,0.108977,-7.236173,-7.860361,0.000e+00
GNN,ch4t-test-000434,10,2.238842,-0.477234,1.344193,0.515016,-4.652349,-8.273166,0.000e+00
GNN,ch4t-test-000435,10,2.002296,-0.637268,1.476150,-0.417187,-5.175701,-7.599691,0.000e+00
GNN,ch4t-test-000436,10,3.047150,-0.495960,0.154926,0.468085,-4.250890,-7.425092,0.000e+00
GNN,ch4t-test-000437,7,1.437331,-0.155591,0.484995,0.531575,-6.075785,-8.374095,0.000e+00
GNN,ch4t-test-000438,8,2.107824,0.666329,0.987908,0.346995,-3.959961,-8.069019,8.882e-16
GNN,ch4t-test-000439,4,-0.191102,-0.224446,0.011533,0.375506,-7.671915,-7.643408,5.551e-17
GNN,ch4t-test-000440,7,3.309741,-0.657665,1.101360,0.341212,-4.072769,-8.167416,8.882e-16
GNN,ch4t-test-000441,6,1.741043,0.784995,-0.139126,0.414485,-5.606908,-8.408304,0.000e+00
GNN,ch4t-test-000442,6,1.375876,-0.075665,1.050174,0.237303,-5.293180,-7.880868,0.000e+00
GNN,ch4t-test-000443,10,-0.235973,1.302586,-0.300188,0.113824,-7.026538,-7.906787,1.110e-16
GNN,ch4t-test-000444,11,3.144313,1.227663,-0.120730,0.048020,-3.376360,-7.675626,0.000e+00
GNN,ch4t-test-000445,11,-0.011728,1.109753,-0.091801,-0.060652,-7.247374,-8.192947,1.110e-16
GNN,ch4t-test-000446,12,2.532202,-0.175797,0.625633,0.754812,-4.098059,-7.834909,0.000e+00
GNN,ch4t-test-000447,10,3.692510,0.440573,0.776450,0.411598,-2.937937,-8.259068,8.882e-16
GNN,ch4t-test-000448,12,1.984519,0.729693,0.335964,0.073230,-4.920402,-8.043808,0.000e+00
GNN,ch4t-test-000449,12,1.815976,0.363314,1.378303,-0.168618,-4.852722,-8.241697,0.000e+00
GNN,ch4t-test-000450,10,1.646979,0.423496,0.803576,0.364175,-4.994276,-8.232502,8.882e-16
GNN,ch4t-test-000451,7,-0.076031,0.603757,0.245185,-0.059136,-7.423380,-8.137156,0.000e+00
GNN,ch4t-test-000452,8,3.663609,-0.190901,0.952944,-0.106520,-3.384469,-7.703601,8.882e-16
GNN,ch4t-test-000453,6,1.167084,-0.037884,0.952365,-0.696529,-6.334948,-7.719985,0.000e+00
GNN,ch4t-test-000454,5,0.001399,0.025718,0.028584,0.052640,-8.027996,-8.136337,1.388e-17
GNN,ch4t-test-000455,8,2.880048,-0.526065,1.145720,0.493166,-3.943112,-7.935982,4.441e-16
GNN,ch4t-test-000456,8,2.285106,-0.530398,0.194190,0.232289,-6.106100,-8.287287,0.000e+00
GNN,ch4t-test-000457,10,3.823476,-0.378052,1.134657,0.548060,-3.108348,-8.236490,8.882e-16
GNN,ch4t-test-000458,6,3.959094,-0.118518,0.365551,0.299194,-3.394848,-7.900169,0.000e+00
GNN,ch4t-test-000459,12,4.171618,-0.979616,0.538636,0.147890,-3.771118,-7.649646,0.000e+00
GNN,ch4t-test-000460,8,2.178952,-0.394492,0.057461,0.382294,-5.624892,-7.849107,4.441e-16
GNN,ch4t-test-000461,12,2.315604,0.095116,0.714371,0.626200,-3.734531,-7.485822,4.441e-16
GNN,ch4t-test-000462,11,2.648358,-0.457243,1.007070,0.723377,-4.209504,-8.131066,8.882e-16
GNN,ch4t-test-000463,5,0.346236,0.009406,0.429311,0.065754,-7.439334,-8.290041,0.000e+00
GNN,ch4t-test-000464,5,-0.087988,1.185155,-0.147211,-0.120897,-7.576926,-8.405984,0.000e+00
GNN,ch4t-test-000465,4,1.540813,0.550039,0.602270,0.304280,-4.463951,-7.461353,4.441e-16
GNN,ch4t-test-000466,5,5.101974,-1.123609,-2.167925,0.767564,-5.149892,-7.727896,4.441e-16
GNN,ch4t-test-000467,5,2.312461,-0.605732,0.763633,0.119034,-5.272370,-7.861767,0.000e+00
GNN,ch4t-test-000468,12,1.799829,0.388280,1.188144,0.628913,-3.895394,-7.900560,0.000e+00
GNN,ch4t-test-000469,6,-0.304493,1.439988,-0.047240,0.048617,-6.460983,-7.597853,0.000e+00
GNN,ch4t-test-000470,4,0.721915,1.342827,0.598000,-0.714160,-6.652892,-8.601474,0.000e+00
GNN,ch4t-test-000471,6,1.782248,0.515987,0.711092,-0.150923,-4.724353,-7.582757,0.000e+00
GNN,ch4t-test-000472,12,-0.059760,1.244398,-0.203779,0.013174,-6.966682,-7.960715,1.110e-16
GNN,ch4t-test-000473,11,2.731078,0.227592,0.767567,0.285343,-3.657183,-7.668763,0.000e+00
GNN,ch4t-test-000474,9,2.130373,0.465889,0.519108,0.343751,-4.173372,-7.632492,0.000e+00
GNN,ch4t-test-000475,10,2.877838,0.848040,0.574006,0.296652,-3.265900,-7.862436,8.882e-16
GNN,ch4t-test-000476,7,4.779951,-0.026914,-0.187152,0.473540,-3.347892,-8.387317,8.882e-16
GNN,ch4t-test-000477,12,-0.002548,1.477138,-0.060530,0.035217,-6.565121,-8.014398,0.000e+00
GNN,ch4t-test-000478,5,2.694841,0.991467,-0.680329,0.053889,-5.176312,-8.236179,0.000e+00
GNN,ch4t-test-000479,12,0.414128,-0.051200,0.633479,-0.256290,-7.109532,-7.849649,1.110e-16
GNN,ch4t-test-000480,4,-0.173456,1.454611,-0.156928,-0.015581,-6.510826,-7.619472,2.220e-16
GNN,ch4t-test-000481,10,4.954995,0.064874,-1.515341,1.315492,-2.592921,-7.412940,8.882e-16
GNN,ch4t-test-000482,4,-0.010572,0.073947,0.015925,-0.000234,-8.147310,-8.226377,1.388e-17
GNN,ch4t-test-000483,11,3.396160,-0.012797,0.252993,0.313197,-3.858197,-7.807750,4.441e-16
GNN,ch4t-test-000484,8,-0.344891,1.126910,0.142081,0.314537,-6.689492,-7.928128,0.000e+00
GNN,ch4t-test-000485,8,1.923949,0.007618,0.783368,-0.198429,-5.402791,-7.919297,0.000e+00
GNN,ch4t-test-000486,12,2.931004,0.609149,1.012725,0.246644,-3.355470,-8.154991,0.000e+00
GNN,ch4t-test-000487,4,-1.574284,-0.926355,1.161846,-0.572638,-9.279622,-7.368190,0.000e+00
GNN,ch4t-test-000488,4,1.676482,-0.769258,1.518546,-0.351721,-6.154668,-8.228718,0.000e+00
GNN,ch4t-test-000489,12,2.188762,0.584212,0.461079,-0.191192,-5.078390,-8.121252,0.000e+00
GNN,ch4t-test-000490,7,1.261845,0.201929,0.959748,0.385155,-5.166842,-7.975520,4.441e-16
GNN,ch4t-test-000491,9,4.176428,-0.271775,0.793475,-0.176226,-3.404517,-7.926418,0.000e+00
GNN,ch4t-test-000492,10,0.207548,-0.558062,0.080725,0.164409,-8.349494,-8.244114,8.327e-17
GNN,ch4t-test-000493,8,2.565340,0.579991,0.626908,0.314022,-3.891773,-7.978034,0.000e+00
GNN,ch4t-test-000494,8,2.163341,-0.422393,1.088759,0.233924,-4.986624,-8.050255,8.882e-16
GNN,ch4t-test-000495,5,2.251957,0.482411,0.394999,0.123192,-4.691838,-7.944398,4.441e-16
GNN,ch4t-test-000496,10,3.778725,-0.261745,0.752375,0.153261,-3.614774,-8.037390,0.000e+00
GNN,ch4t-test-000497,10,5.493596,-1.080922,-1.145527,0.428102,-4.066347,-7.761595,4.441e-16
GNN,ch4t-test-000498,9,3.756722,-0.448886,1.340675,0.022472,-3.463631,-8.134614,0.000e+00
GNN,ch4t-test-000499,11,0.972704,0.842968,1.225867,-0.108817,-5.217923,-8.150645,0.000e+00
GNN,ch4t-test-000500,11,3.313875,-0.245673,-1.573423,0.763573,-5.565312,-7.823664,4.441e-16
GNN,ch4t-test-000501,4,1.145643,0.222766,0.478117,0.427480,-5.589272,-7.863278,0.000e+00
GNN,ch4t-test-000502,5,1.192293,0.213850,0.241428,-0.007883,-6.155455,-7.795143,2.220e-16
GNN,ch4t-test-000503,10,0.293019,-1.326030,0.208113,-0.083428,-8.651229,-7.742903,1.110e-16
GNN,ch4t-test-000504,10,1.682083,0.213104,0.233785,-0.055301,-5.495563,-7.569233,4.441e-16
GNN,ch4t-test-000505,12,-0.180992,2.267004,-0.398729,0.179118,-6.825143,-8.691542,0.000e+00
GNN,ch4t-test-000506,11,1.847145,-0.598085,1.425589,0.483126,-4.761768,-7.919544,4.441e-16
GNN,ch4t-test-000507,8,2.171127,0.598197,0.464779,0.560004,-4.191816,-7.985922,0.000e+00
GNN,ch4t-test-000508,4,3.157766,-0.248502,0.477004,0.314277,-4.990752,-8.691297,0.000e+00
GNN,ch4t-test-000509,7,0.387429,-0.466735,0.734897,-0.262022,-7.364652,-7.758221,0.000e+00
GNN,ch4t-test-000510,12,-0.089920,0.693816,0.048720,0.061837,-7.142525,-7.856979,0.000e+00
GNN,ch4t-test-000511,12,2.560076,-0.317472,1.439572,0.076921,-4.382620,-8.141717,4.441e-16
GNN,ch4t-test-000512,11,2.379254,-0.271447,0.752100,0.271502,-4.235922,-7.367331,4.441e-16
GNN,ch4t-test-000513,12,-0.257447,1.531646,-0.214463,0.187199,-6.658933,-7.905868,0.000e+00
GNN,ch4t-test-000514,11,1.046792,0.678526,0.213375,0.043461,-5.619162,-7.601317,0.000e+00
GNN,ch4t-test-000515,10,2.523756,-0.356066,0.578827,0.776073,-4.363884,-7.886475,4.441e-16
GNN,ch4t-test-000516,8,4.874416,-0.007561,-1.152895,1.059182,-3.093763,-7.866906,1.776e-15
GNN,ch4t-test-000517,7,0.079026,1.155877,0.912811,-0.403900,-6.141307,-7.885121,0.000e+00
GNN,ch4t-test-000518,4,2.047181,-1.386117,1.181876,-0.378930,-6.605815,-8.069826,0.000e+00
GNN,ch4t-test-000519,4,0.144848,1.075483,0.021817,-0.187267,-6.699405,-7.754286,2.220e-16
GNN,ch4t-test-000520,5,-0.031951,0.553722,0.050542,-0.001670,-7.524217,-8.094859,0.000e+00
GNN,ch4t-test-000521,9,-0.055303,0.081258,0.023337,0.073086,-7.653865,-7.776242,0.000e+00
GNN,ch4t-test-000522,10,1.355308,-2.025177,2.230720,0.186327,-5.807604,-7.554781,2.220e-16
GNN,ch4t-test-000523,12,2.692299,-0.330531,1.292207,0.124925,-4.180588,-7.959488,8.882e-16
GNN,ch4t-test-000524,4,-0.109661,0.889371,-0.101708,0.159203,-6.595070,-7.432276,2.220e-16
GNN,ch4t-test-000525,8,0.670453,0.693576,-0.098281,0.135330,-6.669549,-8.070627,0.000e+00
GNN,ch4t-test-000526,4,-0.031414,0.319117,-0.010024,-0.028103,-7.991625,-8.241200,2.776e-17
GNN,ch4t-test-000527,6,1.199191,-0.371348,0.427404,0.016305,-7.167124,-8.438675,2.220e-16
GNN,ch4t-test-000528,8,-0.053427,0.865465,-0.193673,0.054088,-7.271086,-7.943539,1.110e-16
GNN,ch4t-test-000529,12,-0.128831,-0.423340,-0.029329,0.149094,-8.304728,-7.872322,0.000e+00
GNN,ch4t-test-000530,7,2.522565,-0.841401,1.361776,-0.091990,-5.298862,-8.249811,0.000e+00
GNN,ch4t-test-000531,5,-0.526304,1.457805,-0.603391,0.214278,-7.385265,-7.927653,0.000e+00
GNN,ch4t-test-000532,11,5.013263,-0.248226,-1.024112,1.143502,-3.302569,-8.186997,0.000e+00
GNN,ch4t-test-000533,6,1.569092,0.126773,0.910362,-0.067499,-5.416525,-7.955254,4.441e-16
GNN,ch4t-test-000534,9,3.649733,0.324646,0.967775,0.043804,-2.813673,-7.799631,0.000e+00
GNN,ch4t-test-000535,7,-0.212036,1.030152,-0.164076,0.140935,-6.965782,-7.760757,1.110e-16
GNN,ch4t-test-000536,6,4.780831,-0.920249,-1.248429,0.322775,-5.059266,-7.994195,4.441e-16
GNN,ch4t-test-000537,9,2.730401,0.009590,-0.776305,1.064103,-4.903404,-7.931192,0.000e+00
GNN,ch4t-test-000538,6,2.459589,0.106330,0.741625,-0.022710,-4.653012,-7.937846,4.441e-16
GNN,ch4t-test-000539,12,3.280092,0.162762,0.740737,0.293558,-3.540155,-8.017305,8.882e-16
GNN,ch4t-test-000540,7,5.298746,-1.096939,-0.689804,1.281402,-3.152622,-7.946026,8.882e-16
GNN,ch4t-test-000541,11,3.600850,0.576564,-0.018179,-0.247372,-3.781985,-7.693848,4.441e-16
GNN,ch4t-test-000542,8,2.358307,0.009539,-0.232175,1.391843,-4.032127,-7.559641,0.000e+00
GNN,ch4t-test-000543,8,0.756979,-1.596776,3.459299,-0.043614,-4.894124,-7.470012,4.441e-16
GNN,ch4t-test-000544,11,0.948527,0.054826,0.612477,-0.172111,-6.114017,-7.557736,2.220e-16
GNN,ch4t-test-000545,5,1.628419,0.517287,0.838475,-0.054738,-5.655195,-8.584639,4.441e-16
GNN,ch4t-test-000546,9,2.067527,0.180440,0.744757,-0.102155,-5.001676,-7.892245,0.000e+00
GNN,ch4t-test-000547,12,1.691426,0.145434,0.661823,0.492955,-4.318046,-7.309684,0.000e+00
GNN,ch4t-test-000548,4,2.249613,-1.133499,1.293562,0.505285,-4.853039,-7.767999,0.000e+00
GNN,ch4t-test-000549,4,-0.049284,-0.045382,-0.074624,0.062617,-8.119272,-8.012599,0.000e+00
GNN,ch4t-test-000550,6,-0.102880,0.949275,-0.071305,0.314856,-6.626158,-7.716104,0.000e+00
GNN,ch4t-test-000551,11,1.916483,0.327830,0.597242,0.278483,-5.016446,-8.136483,0.000e+00
GNN,ch4t-test-000552,11,2.024143,-0.457529,0.934671,0.450213,-4.993509,-7.945006,4.441e-16
GNN,ch4t-test-000553,6,2.544914,0.127327,0.623288,0.803404,-4.050443,-8.149375,0.000e+00
GNN,ch4t-test-000554,7,1.933205,0.988049,1.086624,-0.284604,-4.446342,-8.169617,8.882e-16
GNN,ch4t-test-000555,8,-0.003057,1.323023,0.098175,-0.018176,-6.433051,-7.833016,0.000e+00
GNN,ch4t-test-000556,4,0.183127,-1.698578,0.404654,-0.105899,-9.395086,-8.178389,2.220e-16
GNN,ch4t-test-000557,11,-0.285526,-0.080242,0.755024,-0.789138,-8.491842,-8.091961,0.000e+00
GNN,ch4t-test-000558,4,0.534057,-0.057899,0.400394,-0.332802,-7.469480,-8.013230,1.110e-16
GNN,ch4t-test-000559,11,1.535689,-0.402731,1.178576,0.295997,-5.265834,-7.873366,0.000e+00
GNN,ch4t-test-000560,9,-0.099104,1.248128,-0.175100,0.144929,-6.490428,-7.609280,0.000e+00
GNN,ch4t-test-000561,7,0.439127,0.691898,0.328675,-0.675222,-7.169871,-7.954349,0.000e+00
GNN,ch4t-test-000562,4,1.944908,0.165966,1.046768,0.187772,-4.785327,-8.130740,0.000e+00
GNN,ch4t-test-000563,8,0.988132,-1.808160,1.471001,0.575731,-6.102505,-7.329209,0.000e+00
GNN,ch4t-test-000564,6,0.307859,-1.155856,1.513187,-0.197374,-7.684185,-8.152001,1.110e-16
GNN,ch4t-test-000565,5,4.314343,-0.319860,0.084992,0.522903,-3.344526,-7.946904,0.000e+00
GNN,ch4t-test-000566,12,0.754277,0.509119,0.897216,-0.247459,-6.124301,-8.037454,2.220e-16
GNN,ch4t-test-000567,7,4.565214,-1.067509,-0.698559,1.816115,-3.657578,-8.272839,0.000e+00
GNN,ch4t-test-000568,8,-0.473904,-0.512109,0.175079,0.576403,-8.014694,-7.780163,0.000e+00
GNN,ch4t-test-000569,12,2.434287,0.101328,0.859702,-0.002092,-4.592855,-7.986079,4.441e-16
GNN,ch4t-test-000570,9,0.297255,0.175858,0.765720,-0.715838,-7.291078,-7.814074,0.000e+00
GNN,ch4t-test-000571,11,0.522691,-1.257326,1.283845,-0.289793,-7.736116,-7.995533,0.000e+00
GNN,ch4t-test-000572,11,1.707412,-0.919628,1.265813,0.067968,-5.553361,-7.674925,0.000e+00
GNN,ch4t-test-000573,6,-0.549925,-1.588371,0.149301,0.411232,-9.598191,-8.020428,0.000e+00
GNN,ch4t-test-000574,12,1.969082,-0.985672,1.600593,-0.034450,-5.371600,-7.921153,0.000e+00
GNN,ch4t-test-000575,4,0.991770,-1.547201,1.483261,-0.559090,-8.013111,-8.381852,1.110e-16
GNN,ch4t-test-000576,5,-0.170312,0.158527,0.014242,0.161597,-7.847976,-8.012030,2.776e-17
GNN,ch4t-test-000577,8,2.378282,-0.150261,1.160056,0.320551,-4.281871,-7.990499,4.441e-16
GNN,ch4t-test-000578,5,-0.060733,0.686465,-0.038118,0.224461,-7.037103,-7.849178,0.000e+00
GNN,ch4t-test-000579,4,0.009018,0.110385,0.006287,0.005488,-7.802467,-7.933645,0.000e+00
GNN,ch4t-test-000580,8,4.810091,-0.344926,0.366566,0.014916,-3.255325,-8.101971,8.882e-16
GNN,ch4t-test-000581,7,2.279486,0.263754,0.534905,0.663947,-4.607383,-8.349476,0.000e+00
GNN,ch4t-test-000582,12,-0.039367,2.067514,-0.145537,-0.025337,-6.026366,-7.883639,2.220e-16
GNN,ch4t-test-000583,5,0.687299,0.275954,1.757896,-0.284758,-5.453534,-7.889925,0.000e+00
GNN,ch4t-test-000584,7,2.239991,-1.178792,1.413418,-0.042190,-5.546677,-7.979104,4.441e-16
GNN,ch4t-test-000585,8,0.958917,0.068398,0.681738,0.320428,-6.141571,-8.171051,0.000e+00
GNN,ch4t-test-000586,12,2.706804,-0.481165,0.722421,0.041761,-5.227625,-8.217447,0.000e+00
GNN,ch4t-test-000587,12,1.163802,1.857121,-0.448766,0.217483,-5.246373,-8.036013,4.441e-16
GNN,ch4t-test-000588,6,0.040853,0.647434,-0.075205,0.046747,-6.842517,-7.502346,0.000e+00
GNN,ch4t-test-000589,10,1.957065,-0.525127,1.122356,-0.022087,-5.825490,-8.357697,0.000e+00
GNN,ch4t-test-000590,12,3.230620,-0.177834,2.029492,-0.126995,-3.553679,-8.508961,0.000e+00
GNN,ch4t-test-000591,6,2.417106,-0.318740,0.972413,0.485404,-4.508585,-8.064768,0.000e+00
GNN,ch4t-test-000592,6,1.390691,0.573806,1.283218,0.205413,-5.182202,-8.635330,0.000e+00
GNN,ch4t-test-000593,8,0.942303,-0.655089,1.403585,-0.023728,-5.790814,-7.457885,2.220e-16
GNN,ch4t-test-000594,12,1.628636,-0.454426,1.410829,-0.130154,-5.584051,-8.038935,4.441e-16
GNN,ch4t-test-000595,8,3.097569,0.042016,0.561593,0.420823,-4.165414,-8.287414,0.000e+00
GNN,ch4t-test-000596,8,1.356948,1.086407,0.559724,0.100930,-4.805834,-7.909844,0.000e+00
GNN,ch4t-test-000597,5,0.212064,-0.373692,0.184062,-0.051984,-7.977256,-7.947707,5.551e-17
GNN,ch4t-test-000598,7,2.873332,-1.549959,1.471719,-0.116341,-5.081937,-7.760689,8.882e-16
GNN,ch4t-test-000599,4,0.754725,-0.834190,1.158699,-0.163444,-6.738598,-7.654387,2.220e-16
GNN,ch4t-test-000600,10,2.008069,0.974022,0.794421,0.399949,-3.897525,-8.073987,0.000e+00
GNN,ch4t-test-000601,6,1.631829,0.870123,0.986391,0.574427,-3.699582,-7.762353,0.000e+00
GNN,ch4t-test-000602,5,0.486284,-0.383799,1.122601,-0.264554,-6.661200,-7.621732,2.220e-16
GNN,ch4t-test-000603,7,2.856162,-0.278624,0.519913,0.027727,-5.243335,-8.368513,0.000e+00
GNN,ch4t-test-000604,9,-0.005767,0.696732,-0.008817,0.113410,-7.145712,-7.941270,1.110e-16
GNN,ch4t-test-000605,12,0.278689,-0.523376,0.505852,0.028526,-7.674852,-7.964543,1.110e-16
GNN,ch4t-test-000606,6,2.904599,-0.437980,-0.824332,0.304879,-5.495154,-7.442320,8.882e-16
GNN,ch4t-test-000607,7,0.770081,-0.187473,0.631837,0.087453,-6.799567,-8.101464,0.000e+00
GNN,ch4t-test-000608,10,1.747651,-0.016569,0.548691,0.277071,-5.313238,-7.870082,0.000e+00
GNN,ch4t-test-000609,12,1.816287,0.165544,0.729797,-0.096987,-5.307099,-7.921740,0.000e+00
GNN,ch4t-test-000610,8,5.661231,-1.150474,-0.937047,1.159819,-3.657334,-8.390863,0.000e+00
GNN,ch4t-test-000611,7,1.458973,1.059641,0.534503,0.070379,-5.110701,-8.234195,4.441e-16
GNN,ch4t-test-000612,12,5.146017,-0.417094,-1.083825,1.258070,-3.151814,-8.054983,1.776e-15
GNN,ch4t-test-000613,10,0.015008,1.663319,-0.117015,0.019935,-6.496298,-8.077546,0.000e+00
GNN,ch4t-test-000614,6,0.818964,2.102779,1.206910,-0.119499,-4.019318,-8.028470,0.000e+00
GNN,ch4t-test-000615,10,1.837918,-0.909953,1.264007,-0.216719,-6.034667,-8.009920,2.220e-16
GNN,ch4t-test-000616,8,3.010517,-0.393219,1.477532,0.210367,-3.932178,-8.237375,0.000e+00
GNN,ch4t-test-000617,5,1.262397,-1.939730,1.749588,-0.001528,-6.415524,-7.486251,2.220e-16
GNN,ch4t-test-000618,7,2.573371,-1.173253,1.135860,-0.257171,-5.840233,-8.119041,0.000e+00
GNN,ch4t-test-000619,5,-0.026833,0.815955,-0.075064,0.027801,-7.293238,-8.035098,0.000e+00
GNN,ch4t-test-000620,11,0.121844,0.563204,0.684190,-0.676773,-7.360358,-8.052822,2.220e-16
GNN,ch4t-test-000621,7,2.023254,-1.109716,1.897055,-0.208732,-5.451320,-8.053181,0.000e+00
GNN,ch4t-test-000622,9,5.275752,-1.360496,-1.684119,0.971126,-4.472217,-7.674481,4.441e-16
GNN,ch4t-test-000623,6,4.184841,-0.564215,-0.896270,1.132761,-3.983703,-7.840819,0.000e+00
GNN,ch4t-test-000624,6,-0.021654,0.722120,-0.043578,-0.071132,-7.236969,-7.822724,0.000e+00
GNN,ch4t-test-000625,10,1.013225,0.409558,1.422961,-0.009134,-5.014074,-7.850685,0.000e+00
GNN,ch4t-test-000626,8,0.800352,0.940347,0.491986,-0.169864,-6.285966,-8.348787,0.000e+00
GNN,ch4t-test-000627,10,2.060457,0.368715,0.492609,0.289379,-4.663549,-7.874711,0.000e+00
GNN,ch4t-test-000628,8,0.058572,-0.027947,-0.002440,-0.037001,-7.529858,-7.521042,6.939e-18
GNN,ch4t-test-000629,10,0.384839,0.123945,0.154513,-0.178074,-7.909348,-8.394570,5.551e-17
GNN,ch4t-test-000630,10,3.509394,-0.499761,-1.467532,-0.411525,-6.892650,-8.023226,2.220e-16
GNN,ch4t-test-000631,6,3.201884,-0.704228,0.285298,0.489346,-4.589179,-7.861479,0.000e+00
GNN,ch4t-test-000632,4,0.429503,-0.739078,1.582868,0.053094,-6.648568,-7.974956,2.220e-16
GNN,ch4t-test-000633,11,2.002950,-0.025529,1.067051,0.175062,-4.363171,-7.582706,0.000e+00
GNN,ch4t-test-000634,11,1.815939,0.036188,0.532954,0.750381,-4.868865,-8.004327,0.000e+00
GNN,ch4t-test-000635,12,0.384150,-0.137489,-0.029225,-0.063923,-7.820933,-7.974445,0.000e+00
GNN,ch4t-test-000636,10,2.197087,-0.134064,0.065333,0.361054,-5.942310,-8.431720,0.000e+00
GNN,ch4t-test-000637,5,0.848105,-1.129039,0.933149,-0.761919,-8.510596,-8.400892,0.000e+00
GNN,ch4t-test-000638,6,-0.011166,0.765733,0.038090,0.116876,-6.481891,-7.391425,1.110e-16
GNN,ch4t-test-000639,8,2.600904,-0.867764,1.050750,0.053162,-5.422570,-8.259622,8.882e-16
GNN,ch4t-test-000640,11,4.650390,-0.660003,-1.326994,1.339873,-3.796115,-7.799381,0.000e+00
GNN,ch4t-test-000641,6,3.063496,-1.086932,1.427415,0.112114,-4.136252,-7.652345,0.000e+00
GNN,ch4t-test-000642,7,5.312382,-1.175870,-0.422323,1.121413,-3.103192,-7.938794,0.000e+00
GNN,ch4t-test-000643,12,0.762873,-1.384114,1.315038,-0.121621,-7.552010,-8.124186,0.000e+00
GNN,ch4t-test-000644,7,2.868895,-1.043403,-1.125225,0.832081,-6.201102,-7.733451,0.000e+00
GNN,ch4t-test-000645,10,2.065679,-0.223628,0.474768,0.238209,-5.374917,-7.929946,0.000e+00
GNN,ch4t-test-000646,6,1.882417,-0.361041,0.016361,-0.009395,-6.227773,-7.756114,2.220e-16
GNN,ch4t-test-000647,4,1.996235,-0.078709,0.075004,0.254691,-5.804671,-8.051893,0.000e+00
GNN,ch4t-test-000648,12,4.323057,-1.416324,-1.441599,1.072176,-5.081465,-7.618775,0.000e+00
GNN,ch4t-test-000649,9,1.447201,-0.805121,2.349084,0.227127,-4.779346,-7.997638,4.441e-16
GNN,ch4t-test-000650,8,1.262350,0.878648,0.169342,0.301879,-5.797330,-8.409549,0.000e+00
GNN,ch4t-test-000651,10,2.562956,-1.118795,1.124199,1.138585,-3.699412,-7.406356,4.441e-16
GNN,ch4t-test-000652,11,2.971802,0.395757,0.813032,0.207238,-3.570691,-7.958520,0.000e+00
GNN,ch4t-test-000653,7,6.728401,-1.331068,-1.058021,1.247727,-2.954154,-8.541194,0.000e+00
GNN,ch4t-test-000654,5,0.083403,-1.505971,1.748940,-0.788418,-8.453952,-7.991906,2.220e-16
GNN,ch4t-test-000655,8,1.221967,0.605213,0.061992,-0.176839,-6.037024,-7.749357,0.000e+00
GNN,ch4t-test-000656,6,0.056344,1.424670,0.103248,-0.113009,-6.479362,-7.950614,0.000e+00
GNN,ch4t-test-000657,5,0.742343,0.068257,0.581651,0.083187,-6.840584,-8.316022,0.000e+00
GNN,ch4t-test-000658,8,0.854384,0.261037,0.386312,0.179919,-6.332347,-8.013998,0.000e+00
GNN,ch4t-test-000659,4,-0.001714,0.287738,0.003700,0.053554,-7.599146,-7.942424,0.000e+00
GNN,ch4t-test-000660,4,0.955075,0.514937,2.420063,-0.191301,-5.580461,-9.279235,0.000e+00
GNN,ch4t-test-000661,12,-0.333276,-3.340819,0.469302,0.058984,-11.210962,-8.065153,4.441e-16
GNN,ch4t-test-000662,7,1.264107,0.007094,1.105089,-0.377751,-5.550341,-7.548880,0.000e+00
GNN,ch4t-test-000663,10,2.770736,-1.000436,1.660958,-0.116502,-4.611679,-7.926435,4.441e-16
GNN,ch4t-test-000664,5,0.888395,0.309635,0.545707,0.196810,-6.554894,-8.495440,0.000e+00
GNN,ch4t-test-000665,6,0.001153,0.425607,-0.030440,0.017741,-7.252724,-7.666784,5.551e-17
GNN,ch4t-test-000666,10,3.126659,-1.155978,-0.762752,1.175084,-5.618700,-8.001713,0.000e+00
GNN,ch4t-test-000667,7,-0.020452,1.653841,-0.012436,0.127933,-6.901119,-8.650005,0.000e+00
GNN,ch4t-test-000668,4,-0.512209,0.223335,-0.337179,-0.315084,-8.884841,-7.943705,0.000e+00
GNN,ch4t-test-000669,10,0.828164,0.630524,0.716291,0.077840,-5.574868,-7.827686,0.000e+00
GNN,ch4t-test-000670,11,0.826817,-0.384255,0.835880,-0.108232,-6.805769,-7.975979,0.000e+00
GNN,ch4t-test-000671,10,2.588506,0.950388,1.034606,0.389178,-3.067554,-8.030232,0.000e+00
GNN,ch4t-test-000672,10,3.713054,0.192514,0.011801,0.552222,-3.105581,-7.575170,0.000e+00
GNN,ch4t-test-000673,10,3.913915,-0.387816,-1.367499,0.993030,-5.150774,-8.302406,4.441e-16
GNN,ch4t-test-000674,6,5.513122,-1.750516,1.145707,-0.031439,-2.823588,-7.700462,8.882e-16
GNN,ch4t-test-000675,12,-0.202906,0.920221,-0.201550,0.057144,-7.393619,-7.966529,1.110e-16
GNN,ch4t-test-000676,5,-0.486850,-0.575394,0.207541,0.398195,-8.271761,-7.815253,1.110e-16
GNN,ch4t-test-000677,7,-0.006133,0.760275,-0.047158,0.059519,-7.117916,-7.884419,1.110e-16
GNN,ch4t-test-000678,11,2.044398,0.017526,0.911489,-0.063192,-5.121475,-8.031696,4.441e-16
GNN,ch4t-test-000679,4,1.284977,0.086216,0.369467,0.292709,-6.140863,-8.174232,0.000e+00
GNN,ch4t-test-000680,12,1.709693,0.203719,0.955021,-0.470497,-5.466837,-7.864772,0.000e+00
GNN,ch4t-test-000681,12,-0.192628,-0.649224,1.166846,-0.805658,-7.918498,-7.437834,2.220e-16
GNN,ch4t-test-000682,8,0.006286,1.324775,0.169657,-0.268111,-6.709364,-7.941972,0.000e+00
GNN,ch4t-test-000683,7,1.550560,0.464905,0.096133,0.899605,-5.128133,-8.139336,0.000e+00
GNN,ch4t-test-000684,8,2.454196,-0.912371,1.534790,-0.029650,-4.715363,-7.762328,0.000e+00
GNN,ch4t-test-000685,5,0.510715,-1.369114,0.885913,-0.432257,-8.436474,-8.031731,0.000e+00
GNN,ch4t-test-000686,4,0.110216,-0.411000,0.117075,0.001212,-8.283842,-8.101344,5.551e-17
GNN,ch4t-test-000687,7,1.521996,0.551137,0.416639,-0.028224,-5.639884,-8.101432,0.000e+00
GNN,ch4t-test-000688,11,0.067143,2.029947,-0.235795,-0.010337,-6.070875,-7.921833,2.220e-16
GNN,ch4t-test-000689,10,3.502390,0.233354,0.287490,0.216009,-3.802522,-8.041765,0.000e+00
GNN,ch4t-test-000690,12,2.372984,-0.404278,0.636896,0.975649,-3.895453,-7.476704,0.000e+00
GNN,ch4t-test-000691,6,0.007396,1.414958,0.013970,-0.026304,-7.293535,-8.703554,0.000e+00
GNN,ch4t-test-000692,12,2.817041,0.093270,0.643610,-0.014147,-4.250117,-7.789891,4.441e-16
GNN,ch4t-test-000693,7,0.933453,-0.293662,0.719785,-0.079066,-6.485679,-7.766189,0.000e+00
GNN,ch4t-test-000694,4,-0.123061,-0.960696,0.208198,0.190698,-8.382184,-7.697322,0.000e+00
GNN,ch4t-test-000695,6,-0.459936,-3.144731,0.239529,0.021483,-11.265978,-7.922324,0.000e+00
GNN,ch4t-test-000696,5,0.758944,-0.007439,0.276668,-0.318533,-7.664855,-8.374496,1.110e-16
GNN,ch4t-test-000697,7,-0.244353,-0.057720,-0.084751,0.118489,-8.167820,-7.899485,5.551e-17
GNN,ch4t-test-000698,7,2.169209,-0.686087,1.118118,0.200613,-5.098315,-7.900169,0.000e+00
GNN,ch4t-test-000699,11,1.218196,-0.458161,1.140258,0.273380,-6.013401,-8.187073,4.441e-16
GNN,ch4t-test-000700,7,1.727332,0.956362,0.207544,0.144730,-5.249193,-8.285161,0.000e+00
GNN,ch4t-test-000701,4,0.320517,-1.176102,0.264970,-0.134242,-8.447514,-7.722657,0.000e+00
GNN,ch4t-test-000702,6,2.058077,-0.162661,0.760228,0.450723,-5.021208,-8.127574,0.000e+00
GNN,ch4t-test-000703,10,0.269500,1.015307,-0.086458,-0.214800,-7.184350,-8.167898,0.000e+00
GNN,ch4t-test-000704,4,2.405404,0.523642,0.728795,0.362942,-3.935485,-7.956268,0.000e+00
GNN,ch4t-test-000705,6,2.730445,-0.037413,-1.338991,-0.135585,-6.693319,-7.911776,2.220e-16
GNN,ch4t-test-000706,4,3.077266,-0.677427,1.593094,0.133734,-3.603251,-7.729919,0.000e+00
GNN,ch4t-test-000707,9,5.177385,-1.709529,-0.738443,1.547499,-3.565771,-7.842683,8.882e-16
GNN,ch4t-test-000708,6,0.000464,0.158541,0.056365,0.101319,-7.752466,-8.069154,0.000e+00
GNN,ch4t-test-000709,10,0.993352,0.490103,1.270013,0.449029,-4.622981,-7.825479,0.000e+00
GNN,ch4t-test-000710,10,3.051306,-0.699532,-0.267248,0.213120,-5.407100,-7.704746,4.441e-16
GNN,ch4t-test-000711,4,-1.188785,-1.568378,1.440814,0.205123,-9.175892,-8.064667,2.220e-16
GNN,ch4t-test-000712,7,4.328093,-1.325324,-1.435293,1.049026,-5.101410,-7.717913,4.441e-16
GNN,ch4t-test-000713,5,-0.025953,0.586634,-0.009597,-0.135104,-7.996405,-8.412387,1.110e-16
GNN,ch4t-test-000714,9,2.288254,1.414889,1.049108,0.009474,-2.886740,-7.648464,0.000e+00
GNN,ch4t-test-000715,7,2.388122,-1.028303,1.495760,0.253713,-4.451258,-7.560549,0.000e+00
GNN,ch4t-test-000716,9,0.748037,0.751146,0.036113,0.129973,-6.401350,-8.066619,0.000e+00
GNN,ch4t-test-000717,11,2.415865,0.654422,0.369519,0.644582,-3.652684,-7.737072,0.000e+00
GNN,ch4t-test-000718,7,0.112553,0.425466,0.146414,-0.164137,-7.289011,-7.809306,0.000e+00
GNN,ch4t-test-000719,7,0.262213,0.356552,0.640086,-0.135366,-6.961310,-8.084795,2.220e-16
GNN,ch4t-test-000720,10,2.510298,-0.757577,-0.769287,1.789362,-4.754496,-7.527291,0.000e+00
GNN,ch4t-test-000721,12,1.803918,0.698985,0.809645,-0.037897,-4.705181,-7.979831,0.000e+00
GNN,ch4t-test-000722,11,5.936633,-1.543711,-0.501372,0.759175,-3.186817,-7.837542,8.882e-16
GNN,ch4t-test-000723,9,0.472518,-0.613385,1.603229,-0.295809,-7.269354,-8.435907,2.220e-16
GNN,ch4t-test-000724,6,1.100699,0.189455,-0.253187,-0.119025,-7.117839,-8.035780,1.110e-16
GNN,ch4t-test-000725,8,-0.045844,1.435365,0.003327,-0.100827,-6.584578,-7.876599,0.000e+00
GNN,ch4t-test-000726,11,3.255357,-1.701229,-0.350160,1.111938,-5.473583,-7.789489,4.441e-16
GNN,ch4t-test-000727,12,0.416296,-0.163709,0.390858,-0.007145,-6.592972,-7.229271,2.220e-16
GNN,ch4t-test-000728,10,1.033595,1.276658,2.089295,-0.018274,-3.550729,-7.932003,0.000e+00
GNN,ch4t-test-000729,5,4.740237,-1.086958,-0.302451,0.588928,-3.896134,-7.835890,0.000e+00
GNN,ch4t-test-000730,4,1.376374,-0.025935,0.726916,-0.099832,-5.779828,-7.757350,2.220e-16
GNN,ch4t-test-000731,7,1.701712,0.725718,0.324682,0.015531,-5.101287,-7.868929,0.000e+00
GNN,ch4t-test-000732,9,1.103478,-0.057903,0.884283,-0.311942,-6.347452,-7.965368,0.000e+00
GNN,ch4t-test-000733,10,3.054489,0.874970,0.975951,0.229005,-3.139987,-8.274401,8.882e-16
GNN,ch4t-test-000734,4,4.688387,-1.709403,0.750872,-0.039467,-4.291251,-7.981639,4.441e-16
GNN,ch4t-test-000735,11,3.445258,-0.163481,-1.155475,0.131115,-6.037213,-8.294631,0.000e+00
GNN,ch4t-test-000736,11,1.566079,-0.076582,0.649908,0.276491,-5.758508,-8.174405,0.000e+00
GNN,ch4t-test-000737,6,0.043172,1.252970,-0.056873,0.046790,-6.923035,-8.209095,0.000e+00
GNN,ch4t-test-000738,8,4.295728,-0.322055,1.774745,0.035675,-2.529952,-8.314045,8.882e-16
GNN,ch4t-test-000739,10,1.213645,0.430656,0.773651,0.191649,-5.318645,-7.928245,0.000e+00
GNN,ch4t-test-000740,9,0.877735,0.437476,1.199930,0.072677,-5.196210,-7.784028,0.000e+00
GNN,ch4t-test-000741,12,2.948249,-0.020917,0.771101,0.351611,-4.224960,-8.275005,0.000e+00
GNN,ch4t-test-000742,6,3.606150,0.228727,0.384007,0.072783,-3.757963,-8.049630,8.882e-16
GNN,ch4t-test-000743,10,3.357099,-0.077693,-0.100302,0.648660,-3.858891,-7.686655,4.441e-16
GNN,ch4t-test-000744,9,1.687181,0.268299,0.523354,0.598867,-5.001148,-8.078849,4.441e-16
GNN,ch4t-test-000745,8,4.918409,-0.445504,-0.164250,0.778846,-2.811591,-7.899092,8.882e-16
GNN,ch4t-test-000746,8,1.161906,-0.099995,0.666972,-0.115504,-6.262962,-7.876341,2.220e-16
GNN,ch4t-test-000747,10,2.388143,0.482604,0.615446,0.665558,-3.960908,-8.112659,8.882e-16
GNN,ch4t-test-000748,7,-0.180045,0.817615,-0.269997,0.023048,-7.622470,-8.013091,5.551e-17
GNN,ch4t-test-000749,9,-0.098772,0.371862,-0.023126,-0.023916,-7.280424,-7.506472,2.776e-17
GNN,ch4t-test-000750,11,1.777031,-0.039121,0.803587,-0.095788,-5.446504,-7.892213,0.000e+00
GNN,ch4t-test-000751,7,1.316774,-0.214084,0.722939,0.068352,-5.667920,-7.561902,0.000e+00
GNN,ch4t-test-000752,8,1.067778,-0.017378,0.481014,-0.379421,-6.689390,-7.841384,0.000e+00
GNN,ch4t-test-000753,10,1.558225,-0.823568,0.412017,0.270070,-6.294687,-7.711431,0.000e+00
GNN,ch4t-test-000754,12,-0.156355,1.153157,0.013893,0.321938,-6.494028,-7.826661,0.000e+00
GNN,ch4t-test-000755,5,0.009197,0.779916,0.116351,-0.012478,-6.950618,-7.843604,1.110e-16
GNN,ch4t-test-000756,11,2.167372,0.799247,0.253053,0.158470,-4.529865,-7.908008,0.000e+00
GNN,ch4t-test-000757,5,1.744283,-1.093271,1.517299,-0.492107,-6.251917,-7.928120,4.441e-16
GNN,ch4t-test-000758,6,-0.131973,-1.260068,1.245118,-0.159390,-7.993328,-7.687014,1.665e-16
GNN,ch4t-test-000759,6,1.916958,0.543774,0.745704,0.289617,-4.558573,-8.054626,0.000e+00
GNN,ch4t-test-000760,4,1.835806,0.996438,0.727261,0.014501,-3.972620,-7.546626,4.441e-16
GNN,ch4t-test-000761,12,0.515254,1.481865,0.282032,-0.205041,-5.997408,-8.071517,0.000e+00
GNN,ch4t-test-000762,8,3.569564,0.699022,-0.420529,0.474597,-3.440337,-7.762991,0.000e+00
GNN,ch4t-test-000763,12,2.153498,0.460086,1.206456,-0.271822,-4.891725,-8.439943,8.882e-16
GNN,ch4t-test-000764,7,0.480473,-0.641745,0.747279,0.084223,-6.557168,-7.227396,0.000e+00
GNN,ch4t-test-000765,11,1.669707,1.670308,0.374402,0.119020,-4.183350,-8.016787,0.000e+00
GNN,ch4t-test-000766,5,-0.013107,0.708225,-0.030825,0.196798,-7.445895,-8.306985,2.220e-16
GNN,ch4t-test-000767,6,1.363265,0.531812,0.628973,0.264584,-5.101649,-7.890283,0.000e+00
GNN,ch4t-test-000768,7,0.274374,0.707401,0.489140,-0.115246,-6.442596,-7.798266,0.000e+00
GNN,ch4t-test-000769,8,2.285285,0.907385,-0.134206,-0.097002,-5.178020,-8.139483,0.000e+00
GNN,ch4t-test-000770,7,4.668902,-1.276829,-1.106865,0.488455,-5.223660,-7.997323,8.882e-16
GNN,ch4t-test-000771,11,3.569368,0.267101,0.071636,0.261026,-4.025162,-8.194293,0.000e+00
GNN,ch4t-test-000772,4,0.048325,-0.284338,0.124426,-0.139786,-7.970824,-7.719452,0.000e+00
GNN,ch4t-test-000773,4,-0.015540,0.349297,-0.063252,-0.069628,-8.046923,-8.247800,2.776e-17
GNN,ch4t-test-000774,9,2.362571,-0.750360,2.058548,-0.087811,-4.232232,-7.815180,4.441e-16
GNN,ch4t-test-000775,12,6.545927,-2.024651,-1.298750,0.932080,-3.472769,-7.627376,8.882e-16
GNN,ch4t-test-000776,11,-0.099071,1.483637,-0.209914,-0.029385,-6.863438,-8.008703,0.000e+00
GNN,ch4t-test-000777,12,3.105442,0.251516,1.144223,0.048762,-3.598933,-8.148876,0.000e+00
GNN,ch4t-test-000778,11,2.794479,0.416689,0.926760,0.375556,-3.507131,-8.020615,0.000e+00
GNN,ch4t-test-000779,12,0.208130,0.100852,0.933253,-0.469453,-7.050378,-7.823159,0.000e+00
GNN,ch4t-test-000780,6,-0.198300,-0.974331,0.973807,-0.036920,-8.746638,-8.510894,5.551e-17
GNN,ch4t-test-000781,7,1.327708,2.107966,0.934956,-0.064540,-3.860747,-8.166836,0.000e+00
GNN,ch4t-test-000782,10,0.825963,1.090762,0.480936,0.154287,-5.671164,-8.223112,0.000e+00
GNN,ch4t-test-000783,12,2.994599,-0.728073,1.098556,0.666072,-3.922074,-7.953230,8.882e-16
GNN,ch4t-test-000784,10,1.975083,-1.077952,1.679911,-0.276143,-5.569413,-7.870311,4.441e-16
GNN,ch4t-test-000785,5,0.229992,0.711731,0.124989,-0.101067,-6.947242,-7.912887,0.000e+00
GNN,ch4t-test-000786,4,-0.054775,-0.421613,-0.033785,0.272787,-8.342826,-8.105439,5.551e-17
GNN,ch4t-test-000787,12,2.846636,0.337348,0.268315,0.347257,-4.097425,-7.896981,0.000e+00
GNN,ch4t-test-000788,10,0.412887,0.277556,0.493565,-0.032532,-6.404789,-7.556266,0.000e+00
GNN,ch4t-test-000789,6,0.067731,0.568331,0.482815,-0.054648,-7.126544,-8.190774,0.000e+00
GNN,ch4t-test-000790,10,1.933635,0.503499,1.509061,-0.039700,-4.113728,-8.020224,4.441e-16
GNN,ch4t-test-000791,11,3.201480,1.233051,-0.320589,-0.284607,-4.016859,-7.846195,0.000e+00
GNN,ch4t-test-000792,7,2.776221,-0.305189,1.049609,0.239359,-4.199727,-7.959727,8.882e-16
GNN,ch4t-test-000793,10,4.003916,-1.061806,-1.164431,1.535726,-4.338440,-7.651844,4.441e-16
GNN,ch4t-test-000794,8,1.819023,0.494493,0.991220,-0.078958,-4.529425,-7.755204,0.000e+00
GNN,ch4t-test-000795,4,-0.012805,0.353097,0.097901,0.063672,-7.458716,-7.960582,0.000e+00
GNN,ch4t-test-000796,11,3.940899,0.061244,0.266185,0.508461,-4.022775,-8.799565,0.000e+00
GNN,ch4t-test-000797,10,1.584455,1.010682,0.298336,0.285448,-4.533590,-7.712511,0.000e+00
GNN,ch4t-test-000798,12,3.079056,1.371161,0.764525,0.014560,-3.469747,-8.699049,0.000e+00
GNN,ch4t-test-000799,9,0.631242,0.092508,0.953160,-0.042306,-6.637681,-8.272286,0.000e+00
GNN,ch4t-test-000800,4,0.142053,0.761209,0.426776,0.103557,-6.308307,-7.741902,0.000e+00
GNN,ch4t-test-000801,4,4.318839,-0.862396,-0.309677,0.891319,-4.597171,-8.635257,8.882e-16
GNN,ch4t-test-000802,9,-0.146441,0.208645,0.038663,0.171058,-7.666055,-7.937981,0.000e+00
GNN,ch4t-test-000803,6,2.301445,-0.410255,0.890465,0.203854,-4.759555,-7.745065,0.000e+00
GNN,ch4t-test-000804,5,1.176519,-1.329654,1.807867,-1.110405,-7.328442,-7.872769,0.000e+00
GNN,ch4t-test-000805,5,-0.034493,0.191469,0.003799,-0.141759,-8.167161,-8.186176,2.776e-17
GNN,ch4t-test-000806,8,1.887912,0.468854,0.492502,0.804781,-4.525370,-8.179420,4.441e-16
GNN,ch4t-test-000807,4,-0.412802,1.290987,-0.505539,0.086474,-7.318016,-7.777136,5.551e-17
GNN,ch4t-test-000808,9,2.605427,0.099429,0.757809,0.113436,-4.347160,-7.923262,4.441e-16
GNN,ch4t-test-000809,11,0.000688,1.099113,0.013449,0.051959,-6.459740,-7.624949,2.220e-16
GNN,ch4t-test-000810,10,3.394849,-0.376281,0.220044,0.221318,-4.363827,-7.823756,4.441e-16
GNN,ch4t-test-000811,6,-0.085806,1.043614,-0.242654,-0.093901,-7.514853,-8.136105,1.110e-16
GNN,ch4t-test-000812,4,1.651537,-0.194513,0.927461,0.007645,-6.006291,-8.398422,0.000e+00
GNN,ch4t-test-000813,4,2.127791,-0.063857,0.282081,0.539707,-4.907183,-7.792906,4.441e-16
GNN,ch4t-test-000814,10,2.846807,0.322776,1.023312,0.298097,-3.659668,-8.150661,0.000e+00
GNN,ch4t-test-000815,12,1.543112,0.532007,0.419115,-0.000820,-5.710775,-8.204190,0.000e+00
GNN,ch4t-test-000816,6,-0.854800,-1.422027,1.899487,1.043824,-6.927613,-7.594097,0.000e+00
GNN,ch4t-test-000817,4,0.178314,1.495222,-0.198064,0.185930,-6.105379,-7.766781,0.000e+00
GNN,ch4t-test-000818,9,1.124761,0.335527,0.430960,0.350900,-5.645351,-7.887499,0.000e+00
GNN,ch4t-test-000819,9,3.241897,0.099823,-0.318062,1.147835,-4.006522,-8.178014,0.000e+00
GNN,ch4t-test-000820,6,2.145310,0.333923,0.082488,0.396779,-5.012568,-7.971069,0.000e+00
GNN,ch4t-test-000821,6,1.269024,0.620641,0.776351,0.077954,-5.298946,-8.042916,4.441e-16
GNN,ch4t-test-000822,6,1.021959,0.190101,0.263824,0.322217,-6.067337,-7.865438,2.220e-16
GNN,ch4t-test-000823,9,2.574113,-0.634190,0.739732,0.478293,-4.760644,-7.918592,0.000e+00
GNN,ch4t-test-000824,9,2.982933,0.488938,1.144837,0.042163,-3.616861,-8.275731,0.000e+00
GNN,ch4t-test-000825,4,2.875634,-0.614431,1.534300,0.490215,-3.656024,-7.941742,0.000e+00
GNN,ch4t-test-000826,12,3.050318,-1.003265,1.692279,0.277603,-3.898535,-7.915471,8.882e-16
GNN,ch4t-test-000827,12,5.529889,-0.564049,-1.754078,0.730333,-3.818155,-7.760249,8.882e-16
GNN,ch4t-test-000828,8,0.600557,0.060398,0.498223,-0.464917,-7.641022,-8.335284,2.220e-16
GNN,ch4t-test-000829,11,3.925558,-1.153031,1.350014,0.467594,-3.409024,-7.999159,0.000e+00
GNN,ch4t-test-000830,12,1.981034,-0.668388,1.321652,-0.260324,-5.760884,-8.134858,4.441e-16
GNN,ch4t-test-000831,12,0.201250,-1.042098,1.185539,-0.542896,-8.132186,-7.933981,1.110e-16
GNN,ch4t-test-000832,6,2.628999,0.235100,0.998555,-0.120039,-4.228979,-7.971594,0.000e+00
GNN,ch4t-test-000833,7,2.493896,0.682895,0.474605,0.237486,-4.022840,-7.911722,4.441e-16
GNN,ch4t-test-000834,10,0.088219,-0.536604,0.194468,0.013517,-8.134525,-7.894125,5.551e-17
GNN,ch4t-test-000835,12,-0.002432,1.223819,-0.079461,-0.242862,-6.841168,-7.740232,0.000e+00
GNN,ch4t-test-000836,7,0.714672,0.057394,0.432878,-0.059324,-6.784327,-7.929947,0.000e+00
GNN,ch4t-test-000837,12,0.777183,-0.462414,0.668732,-0.317154,-7.341191,-8.007538,2.220e-16
GNN,ch4t-test-000838,5,1.254894,-0.307066,0.794974,0.185100,-5.850230,-7.778131,2.220e-16
GNN,ch4t-test-000839,11,5.827203,-1.095723,-1.402942,0.761971,-3.832377,-7.922886,8.882e-16
GNN,ch4t-test-000840,10,1.488214,0.197754,1.222508,0.060154,-5.152759,-8.121390,0.000e+00
GNN,ch4t-test-000841,6,1.701784,0.043716,0.615530,0.390229,-5.220382,-7.971642,8.882e-16
GNN,ch4t-test-000842,4,1.710628,-0.235514,1.210743,-0.394685,-5.337420,-7.628591,0.000e+00
GNN,ch4t-test-000843,5,2.535820,-0.366138,0.840141,0.294062,-4.535552,-7.839438,4.441e-16
GNN,ch4t-test-000844,8,1.289147,0.867156,0.842687,0.366082,-4.458246,-7.823318,4.441e-16
GNN,ch4t-test-000845,10,5.628879,-0.496565,-1.465776,1.641132,-2.752420,-8.060089,0.000e+00
GNN,ch4t-test-000846,6,0.110957,-0.818239,0.072409,-0.015529,-8.630872,-7.980470,0.000e+00
GNN,ch4t-test-000847,9,2.125251,-0.228415,0.852567,-0.146391,-5.016525,-7.619537,4.441e-16
GNN,ch4t-test-000848,5,4.894659,-0.897798,-0.493683,0.452213,-4.218594,-8.173985,8.882e-16
GNN,ch4t-test-000849,8,1.706431,-1.860330,2.396767,-0.258039,-5.740934,-7.725763,8.882e-16
GNN,ch4t-test-000850,9,2.511908,0.143956,1.038726,0.100141,-4.013769,-7.808500,0.000e+00
GNN,ch4t-test-000851,9,-0.276239,1.406960,-0.264921,0.197127,-6.402458,-7.465385,0.000e+00
GNN,ch4t-test-000852,7,-0.015690,0.570848,0.025938,0.129251,-7.107059,-7.817406,0.000e+00
GNN,ch4t-test-000853,9,0.927224,1.111825,0.111250,0.177459,-5.588034,-7.915792,0.000e+00
GNN,ch4t-test-000854,7,2.700927,0.014223,0.108168,0.425256,-4.420212,-7.668786,4.441e-16
GNN,ch4t-test-000855,11,5.252294,-0.888307,-1.161954,1.352962,-3.619130,-8.174124,0.000e+00
GNN,ch4t-test-000856,7,1.263343,-0.574002,0.716268,0.209199,-5.748133,-7.362940,0.000e+00
GNN,ch4t-test-000857,6,3.289913,0.182308,0.477206,-0.440080,-3.716161,-7.225507,8.882e-16
GNN,ch4t-test-000858,10,2.059656,0.064810,1.207739,0.439559,-3.978141,-7.749904,0.000e+00
GNN,ch4t-test-000859,5,0.787058,-0.394299,0.906750,0.117754,-6.497898,-7.915160,2.220e-16
GNN,ch4t-test-000860,11,0.981145,1.538975,1.493093,-0.112497,-3.966742,-7.867458,0.000e+00
GNN,ch4t-test-000861,6,3.902919,-0.832760,-0.888227,1.230650,-4.647520,-8.060103,0.000e+00
GNN,ch4t-test-000862,6,0.676996,-0.132350,0.579757,-0.348013,-6.953246,-7.729635,1.110e-16
GNN,ch4t-test-000863,11,2.580904,-0.441861,1.066244,0.646428,-4.143412,-7.995127,8.882e-16
GNN,ch4t-test-000864,4,-0.007609,0.332767,0.024804,0.103621,-7.426925,-7.880507,0.000e+00
GNN,ch4t-test-000865,9,1.624579,0.115209,0.673570,0.181901,-5.173957,-7.769215,0.000e+00
GNN,ch4t-test-000866,12,3.052649,0.067102,0.325502,0.674395,-4.127837,-8.247485,0.000e+00
GNN,ch4t-test-000867,7,4.146259,-1.507686,1.763801,-0.033249,-3.519591,-7.888716,8.882e-16
GNN,ch4t-test-000868,12,4.117124,0.410845,-1.818088,0.708573,-4.574435,-7.992889,0.000e+00
GNN,ch4t-test-000869,6,3.954887,-0.180600,1.091809,0.313879,-2.680389,-7.860363,8.882e-16
GNN,ch4t-test-000870,11,-0.049701,1.987856,-0.025707,0.100611,-6.005177,-8.018236,4.441e-16
GNN,ch4t-test-000871,6,-0.293474,0.576834,-0.106316,0.440693,-7.420025,-8.037763,0.000e+00
GNN,ch4t-test-000872,10,4.060086,-0.936341,-1.207639,0.142846,-5.735275,-7.794227,0.000e+00
GNN,ch4t-test-000873,4,1.167271,0.629042,0.582366,-0.227659,-5.858257,-8.009277,4.441e-16
GNN,ch4t-test-000874,5,-0.978944,-0.260706,0.182062,-0.590326,-9.595303,-7.947389,0.000e+00
GNN,ch4t-test-000875,5,1.851462,-1.298651,1.903833,-0.102860,-5.629314,-7.983098,4.441e-16
GNN,ch4t-test-000876,9,2.196181,0.936804,1.365845,-0.125298,-3.368786,-7.742318,8.882e-16
GNN,ch4t-test-000877,9,0.950890,-1.716058,1.039380,0.578569,-7.052778,-7.905558,2.220e-16
GNN,ch4t-test-000878,9,3.365149,-0.851431,-0.929323,1.565962,-4.778326,-7.928683,0.000e+00
GNN,ch4t-test-000879,8,4.472415,-0.683753,1.323101,-0.053019,-2.407583,-7.466327,0.000e+00
GNN,ch4t-test-000880,5,0.704504,-0.272860,1.072591,-0.172056,-6.688725,-8.020904,0.000e+00
GNN,ch4t-test-000881,5,4.463826,-0.598141,-1.005925,0.886138,-3.868281,-7.614180,4.441e-16
GNN,ch4t-test-000882,8,-0.050817,0.262121,-0.036831,0.107431,-7.458454,-7.740359,0.000e+00
GNN,ch4t-test-000883,10,-0.279982,-1.376367,-0.204936,0.272503,-9.301215,-7.712432,2.220e-16
GNN,ch4t-test-000884,9,2.457709,0.775872,0.779322,0.450610,-2.900692,-7.364206,8.882e-16
GNN,ch4t-test-000885,6,3.956074,-0.770774,0.389023,0.091821,-4.235677,-7.901820,0.000e+00
GNN,ch4t-test-000886,4,0.004935,0.243406,0.003234,0.128418,-7.454844,-7.834837,0.000e+00
GNN,ch4t-test-000887,10,2.929311,0.071364,0.490362,-0.090709,-4.957685,-8.358013,4.441e-16
GNN,ch4t-test-000888,10,1.867404,-0.545917,0.737945,0.503058,-5.346762,-7.909252,4.441e-16
GNN,ch4t-test-000889,10,3.385320,-0.012586,0.329808,0.454717,-4.064965,-8.222224,0.000e+00
GNN,ch4t-test-000890,4,0.276579,1.178658,0.013110,-0.001442,-6.716061,-8.182967,0.000e+00
GNN,ch4t-test-000891,11,5.182049,-1.092141,-0.661377,0.817687,-3.369081,-7.615300,8.882e-16
GNN,ch4t-test-000892,6,1.136203,1.170000,0.250993,0.426430,-4.968719,-7.952345,0.000e+00
GNN,ch4t-test-000893,6,-0.370802,0.518610,0.412592,-0.533389,-7.497801,-7.524811,0.000e+00
GNN,ch4t-test-000894,6,3.773362,-0.993012,-0.604749,1.786684,-3.826748,-7.789033,4.441e-16
GNN,ch4t-test-000895,12,0.096990,0.447596,0.716520,-0.197667,-6.878766,-7.942205,2.220e-16
GNN,ch4t-test-000896,6,1.991726,-0.689408,1.105497,-0.459660,-5.858356,-7.806511,0.000e+00
GNN,ch4t-test-000897,5,-0.027879,1.449726,-0.106929,0.232241,-6.267941,-7.815099,2.220e-16
GNN,ch4t-test-000898,11,1.264497,-0.751069,1.478753,-0.591803,-6.556777,-7.957156,0.000e+00
GNN,ch4t-test-000899,10,1.552353,0.250940,0.513649,-0.065352,-5.887940,-8.139529,0.000e+00
GNN,ch4t-test-000900,11,0.390560,-0.815502,1.669280,-0.103962,-7.088525,-8.228902,4.441e-16
GNN,ch4t-test-000901,11,-0.135702,1.919724,-0.270605,0.244380,-6.239595,-7.997391,2.220e-16
GNN,ch4t-test-000902,9,0.277779,0.791572,0.466034,-0.408556,-7.124266,-8.251096,0.000e+00
GNN,ch4t-test-000903,10,-0.170831,0.465429,0.262498,0.360447,-6.577139,-7.494682,1.110e-16
GNN,ch4t-test-000904,11,2.358109,0.232056,-0.025615,0.318430,-4.290243,-7.173222,0.000e+00
GNN,ch4t-test-000905,5,-0.043633,1.172138,-0.084681,0.261652,-6.613770,-7.919246,0.000e+00
GNN,ch4t-test-000906,4,0.004151,0.686159,-0.009160,0.137495,-7.370246,-8.188892,0.000e+00
GNN,ch4t-test-000907,10,0.249741,2.181463,-0.146987,-0.093080,-5.657129,-7.848266,0.000e+00
GNN,ch4t-test-000908,7,1.467451,-0.761122,0.957629,0.489541,-5.768581,-7.922080,4.441e-16
GNN,ch4t-test-000909,4,-0.042199,0.566705,-0.086244,-0.043687,-7.167293,-7.561868,0.000e+00
GNN,ch4t-test-000910,4,0.173466,-1.331064,0.295183,0.042118,-9.065448,-8.245151,1.110e-16
GNN,ch4t-test-000911,12,1.837037,0.482609,0.939736,0.110772,-4.547199,-7.917354,0.000e+00
GNN,ch4t-test-000912,9,4.745061,-0.658211,-1.347678,0.832737,-4.533172,-8.105081,8.882e-16
GNN,ch4t-test-000913,5,2.753877,0.126240,0.334638,0.693768,-3.856485,-7.765008,0.000e+00
GNN,ch4t-test-000914,10,4.149952,-1.052824,0.454471,-0.066622,-4.291348,-7.776326,4.441e-16
GNN,ch4t-test-000915,12,2.922284,0.127254,0.938306,0.229802,-3.968819,-8.186466,0.000e+00
GNN,ch4t-test-000916,9,4.104799,-1.170118,1.650552,0.223403,-3.439816,-8.248452,0.000e+00
GNN,ch4t-test-000917,5,1.061563,1.789584,0.817899,-0.053618,-4.366041,-7.981469,0.000e+00
GNN,ch4t-test-000918,11,2.122381,-0.401776,0.567756,-0.170810,-6.183178,-8.300728,0.000e+00
GNN,ch4t-test-000919,10,2.887468,0.036960,1.131247,-0.043001,-4.107631,-8.120306,8.882e-16
GNN,ch4t-test-000920,5,0.935925,1.034086,0.801699,0.143549,-5.080161,-7.995421,0.000e+00
GNN,ch4t-test-000921,9,1.273576,0.007799,0.022020,0.033453,-6.235185,-7.572033,0.000e+00
GNN,ch4t-test-000922,5,1.698054,-0.689377,1.256827,0.040820,-5.973597,-8.279921,0.000e+00
GNN,ch4t-test-000923,4,-0.004069,0.136323,0.014690,0.040108,-7.567626,-7.754678,0.000e+00
GNN,ch4t-test-000924,6,3.282128,0.382901,0.048953,0.245735,-3.919390,-7.879107,4.441e-16
GNN,ch4t-test-000925,11,1.846662,0.505014,0.057459,0.190921,-5.745523,-8.345579,0.000e+00
GNN,ch4t-test-000926,4,3.122426,0.128969,0.260681,0.188688,-4.692144,-8.392908,0.000e+00
GNN,ch4t-test-000927,8,1.064734,-1.545622,1.486314,-0.240204,-7.251221,-8.016443,3.331e-16
GNN,ch4t-test-000928,8,-0.532687,-0.841948,2.072459,0.304414,-6.637498,-7.639737,0.000e+00
GNN,ch4t-test-000929,5,0.693684,-1.600835,1.236009,0.398178,-7.534958,-8.261994,1.110e-16
GNN,ch4t-test-000930,12,1.657902,-0.245221,1.705857,0.025047,-4.397612,-7.541197,0.000e+00
GNN,ch4t-test-000931,4,0.781956,-0.933024,1.155530,-0.114026,-6.860315,-7.750751,3.331e-16
GNN,ch4t-test-000932,7,2.245292,0.585090,0.148764,0.270568,-4.755449,-8.005163,0.000e+00
GNN,ch4t-test-000933,4,-0.280137,-1.195329,0.229060,0.253109,-9.074385,-8.081089,2.220e-16
GNN,ch4t-test-000934,7,1.270050,0.216096,0.796893,0.027644,-5.673365,-7.984048,0.000e+00
GNN,ch4t-test-000935,12,1.559822,-0.094674,0.632502,0.385932,-5.108494,-7.592075,0.000e+00
GNN,ch4t-test-000936,10,2.779880,0.426069,1.166018,0.119231,-3.367976,-7.859175,8.882e-16
GNN,ch4t-test-000937,7,1.967033,0.185443,0.346685,0.234539,-4.796151,-7.529852,4.441e-16
GNN,ch4t-test-000938,5,0.684289,0.521998,0.453287,-0.139980,-6.584640,-8.104233,2.220e-16
GNN,ch4t-test-000939,11,2.522388,-0.544649,1.245941,-0.359069,-5.159718,-8.024329,0.000e+00
GNN,ch4t-test-000940,6,0.032384,1.281628,-0.157289,0.218701,-6.734230,-8.109653,2.220e-16
GNN,ch4t-test-000941,12,1.856586,1.280538,0.725518,0.464976,-3.386267,-7.713885,8.882e-16
GNN,ch4t-test-000942,9,1.511643,-1.479759,1.597708,0.073176,-6.145151,-7.847920,6.661e-16
GNN,ch4t-test-000943,5,2.486577,0.255504,0.706576,0.196592,-4.488361,-8.133609,0.000e+00
GNN,ch4t-test-000944,4,1.239859,0.374251,0.219201,0.055799,-5.583447,-7.472557,2.220e-16
GNN,ch4t-test-000945,5,2.325234,-1.068050,2.060349,-0.679375,-5.426854,-8.065011,1.332e-15
GNN,ch4t-test-000946,8,2.292670,-0.066189,0.704396,-0.088994,-5.181581,-8.023463,4.441e-16
GNN,ch4t-test-000947,5,1.671134,0.114081,0.847525,0.216218,-4.936684,-7.785643,0.000e+00
GNN,ch4t-test-000948,11,2.370861,0.157922,1.036631,-0.164689,-4.606873,-8.007599,0.000e+00
GNN,ch4t-test-000949,8,2.101373,0.317966,0.567120,0.417895,-4.131693,-7.536047,0.000e+00
GNN,ch4t-test-000950,9,-0.240945,-0.344620,0.251607,0.050017,-8.173262,-7.889322,1.110e-16
GNN,ch4t-test-000951,5,2.005069,1.095291,0.635726,0.095364,-3.366624,-7.198074,4.441e-16
GNN,ch4t-test-000952,11,0.578717,0.649877,-0.005896,0.123675,-6.798488,-8.144860,0.000e+00
GNN,ch4t-test-000953,10,1.518974,1.364509,0.286542,0.163149,-4.641399,-7.974574,0.000e+00
GNN,ch4t-test-000954,6,0.754141,0.101120,0.381689,-0.091312,-6.966578,-8.112216,2.220e-16
GNN,ch4t-test-000955,10,0.235737,0.493378,0.027899,-0.140675,-7.042048,-7.658386,0.000e+00
GNN,ch4t-test-000956,6,3.325391,-1.106476,1.021490,-0.005480,-4.615674,-7.850601,4.441e-16
GNN,ch4t-test-000957,8,-0.230601,1.031452,-0.044001,0.068579,-7.003374,-7.828803,1.110e-16
GNN,ch4t-test-000958,5,2.329997,0.266789,0.634342,0.638927,-3.972042,-7.842096,4.441e-16
GNN,ch4t-test-000959,5,1.416034,0.389259,0.165366,0.261030,-5.763148,-7.994837,0.000e+00
GNN,ch4t-test-000960,9,0.044187,1.422827,-0.144800,0.014835,-6.379724,-7.716773,0.000e+00
GNN,ch4t-test-000961,4,2.850440,0.049180,0.292633,0.479077,-4.259702,-7.931032,0.000e+00
GNN,ch4t-test-000962,5,1.190070,-0.976254,1.340286,-0.200039,-6.308226,-7.662289,2.220e-16
GNN,ch4t-test-000963,6,0.566161,-0.201657,0.505186,-0.184930,-7.448176,-8.132936,0.000e+00
GNN,ch4t-test-000964,12,2.507769,-0.054595,0.752507,0.259760,-4.593926,-8.059369,0.000e+00
GNN,ch4t-test-000965,10,1.209175,-1.445191,0.553231,-0.048999,-7.407208,-7.675423,1.110e-16
GNN,ch4t-test-000966,7,1.659331,0.328227,0.097285,0.179167,-5.651512,-7.915522,4.441e-16
GNN,ch4t-test-000967,4,2.117000,0.263954,0.277980,0.255204,-4.768732,-7.682869,4.441e-16
GNN,ch4t-test-000968,5,0.105769,-0.436830,1.263787,0.006351,-6.928537,-7.867613,1.110e-16
GNN,ch4t-test-000969,12,0.321837,0.387446,0.470144,-0.111759,-7.102679,-8.170348,0.000e+00
GNN,ch4t-test-000970,9,1.293153,-0.481851,1.029571,0.161203,-5.918575,-7.920652,4.441e-16
GNN,ch4t-test-000971,5,-0.019397,0.969112,0.039779,0.134634,-6.347710,-7.471838,0.000e+00
GNN,ch4t-test-000972,12,0.688931,0.519546,0.299743,0.421939,-5.945002,-7.875161,0.000e+00
GNN,ch4t-test-000973,8,1.892421,0.839890,0.203577,0.026832,-4.482548,-7.445267,0.000e+00
GNN,ch4t-test-000974,8,6.074048,-1.205656,-1.237351,0.323587,-3.948696,-7.903325,0.000e+00
GNN,ch4t-test-000975,12,3.165762,0.427337,0.286846,-0.131582,-4.111739,-7.860102,0.000e+00
GNN,ch4t-test-000976,11,2.681352,-0.144755,1.019371,0.695617,-3.641113,-7.892698,0.000e+00
GNN,ch4t-test-000977,12,2.204160,0.479544,0.875197,0.743043,-3.899575,-8.201519,0.000e+00
GNN,ch4t-test-000978,7,0.201187,0.668462,0.002653,0.268852,-6.933306,-8.074460,0.000e+00
GNN,ch4t-test-000979,12,2.203832,-0.850826,1.454181,0.153369,-5.196615,-8.157172,0.000e+00
GNN,ch4t-test-000980,6,1.803395,0.108221,0.847490,-0.121190,-4.869822,-7.507738,4.441e-16
GNN,ch4t-test-000981,5,1.867639,1.124452,1.516076,-0.334052,-4.102340,-8.276455,8.882e-16
GNN,ch4t-test-000982,8,0.942670,-0.591704,0.285137,1.690826,-5.897437,-8.224365,4.441e-16
GNN,ch4t-test-000983,11,0.223113,0.712876,0.326258,-0.352709,-6.850160,-7.759698,2.220e-16
GNN,ch4t-test-000984,8,0.559703,0.079814,1.377427,-0.205655,-6.019433,-7.830721,0.000e+00
GNN,ch4t-test-000985,11,3.524150,0.088858,0.701850,0.326221,-3.431786,-8.072865,8.882e-16
GNN,ch4t-test-000986,6,2.244779,-0.259467,0.650614,0.470248,-4.546412,-7.652586,4.441e-16
GNN,ch4t-test-000987,9,-0.632467,-0.338885,0.125988,0.500764,-8.107478,-7.762878,1.110e-16
GNN,ch4t-test-000988,10,0.045206,1.949840,0.082190,-0.255791,-6.337226,-8.158671,0.000e+00
GNN,ch4t-test-000989,4,-0.011776,0.346828,-0.052360,-0.095443,-7.504260,-7.691508,0.000e+00
GNN,ch4t-test-000990,12,2.131432,-0.911580,1.032499,0.565706,-5.303327,-8.121384,4.441e-16
GNN,ch4t-test-000991,10,2.273892,-0.217158,0.003487,0.258201,-5.455223,-7.773645,4.441e-16
GNN,ch4t-test-000992,12,2.609226,-1.659166,-1.130105,0.040768,-8.316343,-8.177067,3.331e-16
GNN,ch4t-test-000993,6,-2.706449,-2.302560,1.498898,-0.597616,-12.251935,-8.144209,8.882e-16
GNN,ch4t-test-000994,12,2.463744,-0.608983,0.678848,0.421519,-5.364007,-8.319135,4.441e-16
GNN,ch4t-test-000995,5,0.307497,0.069754,0.203358,0.692374,-6.644634,-7.917617,0.000e+00
GNN,ch4t-test-000996,6,2.773335,-0.234822,1.087247,0.620266,-3.564881,-7.810908,0.000e+00
GNN,ch4t-test-000997,9,2.779907,0.523657,-0.069424,0.560288,-4.056027,-7.850455,0.000e+00
GNN,ch4t-test-000998,11,2.418033,1.301662,0.584854,0.079765,-3.441758,-7.826072,8.882e-16
GNN,ch4t-test-000999,12,4.432595,-0.695895,-1.292297,1.766056,-3.929760,-8.140219,0.000e+00
GNN,ch4t-test-001000,5,-0.026786,0.592513,-0.028571,-0.076404,-6.942436,-7.403189,1.110e-16
GNN,ch4t-test-001001,9,-0.020654,2.093069,-0.187225,-0.055114,-6.506193,-8.336269,2.220e-16
GNN,ch4t-test-001002,7,-0.010432,1.374654,0.012366,0.079381,-5.716976,-7.172944,0.000e+00
GNN,ch4t-test-001003,6,0.197250,1.859118,-0.089406,0.288960,-6.268246,-8.524168,0.000e+00
GNN,ch4t-test-001004,6,1.704540,0.492821,0.479980,0.282009,-5.132154,-8.091505,4.441e-16
GNN,ch4t-test-001005,7,1.881248,-0.108946,1.034253,-0.116427,-5.183067,-7.873194,0.000e+00
GNN,ch4t-test-001006,4,1.969478,-0.473054,0.892141,0.344127,-5.242168,-7.974859,0.000e+00
GNN,ch4t-test-001007,8,1.774775,0.659844,0.530910,0.456119,-4.670770,-8.092418,0.000e+00
GNN,ch4t-test-001008,11,0.911836,1.377561,-0.016750,0.159612,-5.280391,-7.712651,0.000e+00
GNN,ch4t-test-001009,5,0.094647,-0.370959,0.193520,-0.364468,-8.346559,-7.899298,0.000e+00
GNN,ch4t-test-001010,5,-0.012348,0.600581,0.005683,-0.086966,-7.469748,-7.976698,1.110e-16
GNN,ch4t-test-001011,11,5.408428,-0.704385,-0.431933,0.430016,-2.818456,-7.520583,0.000e+00
GNN,ch4t-test-001012,11,-0.006805,1.378554,0.060419,0.110988,-6.130827,-7.673983,2.220e-16
GNN,ch4t-test-001013,4,0.001917,-1.746125,0.254393,0.146982,-9.440297,-8.097465,0.000e+00
GNN,ch4t-test-001014,12,-0.001893,0.540892,0.046042,0.107536,-7.404016,-8.096592,1.110e-16
GNN,ch4t-test-001015,9,2.627355,-0.919348,1.171437,0.461810,-4.580726,-7.921982,4.441e-16
GNN,ch4t-test-001016,12,0.608676,0.811460,1.374081,0.017474,-5.311382,-8.123073,4.441e-16
GNN,ch4t-test-001017,9,-0.242675,1.144700,-0.310069,-0.000739,-8.031639,-8.622857,1.110e-16
GNN,ch4t-test-001018,10,4.066800,0.130269,0.057721,-0.037488,-3.746103,-7.963406,0.000e+00
GNN,ch4t-test-001019,11,2.387432,-0.430403,1.492313,-0.024549,-4.815505,-8.240298,4.441e-16
GNN,ch4t-test-001020,6,2.728010,-1.678739,-0.855327,0.749335,-7.116671,-8.059950,0.000e+00
GNN,ch4t-test-001021,8,1.584570,0.378343,0.357906,0.657015,-4.662166,-7.640001,0.000e+00
GNN,ch4t-test-001022,6,1.723826,0.150544,0.794611,0.031214,-5.409537,-8.109731,8.882e-16
GNN,ch4t-test-001023,7,1.460926,-0.228192,0.615687,0.514938,-5.609843,-7.973203,0.000e+00
GNN,ch4t-test-001024,6,-0.582544,1.041980,-0.431430,0.664484,-7.288379,-7.980869,0.000e+00
GNN,ch4t-test-001025,12,2.610730,0.660542,0.163462,0.819266,-3.863200,-8.117201,8.882e-16
GNN,ch4t-test-001026,6,1.564375,0.414440,0.734904,0.377113,-4.998134,-8.088967,0.000e+00
GNN,ch4t-test-001027,4,2.532283,0.908983,0.643238,0.225704,-3.749196,-8.059404,0.000e+00
GNN,ch4t-test-001028,11,2.183663,-0.178592,1.379761,-0.062923,-4.592821,-7.914729,4.441e-16
GNN,ch4t-test-001029,12,2.626833,-0.465563,1.135359,0.133452,-4.342265,-7.772345,4.441e-16
GNN,ch4t-test-001030,7,-0.148072,0.502181,-0.227531,-0.221872,-7.279536,-7.184242,2.776e-17
GNN,ch4t-test-001031,6,5.577825,-1.410816,-0.565434,0.902495,-3.575341,-8.079412,8.882e-16
GNN,ch4t-test-001032,4,2.785401,0.517977,0.836356,0.175359,-3.581763,-7.896857,8.882e-16
GNN,ch4t-test-001033,9,2.475873,-0.866686,0.546405,-0.485628,-6.467414,-8.137379,0.000e+00
GNN,ch4t-test-001034,6,0.816146,0.680817,0.232001,0.403590,-5.824823,-7.957377,0.000e+00
GNN,ch4t-test-001035,9,2.428797,-0.925297,1.915154,-0.335179,-4.814567,-7.898042,4.441e-16
GNN,ch4t-test-001036,7,2.896460,-0.724792,1.510301,0.555035,-3.887584,-8.124587,0.000e+00
GNN,ch4t-test-001037,8,3.979729,-0.525241,-0.525172,0.651126,-3.980938,-7.561379,0.000e+00
GNN,ch4t-test-001038,7,1.742654,0.083644,0.746537,0.926492,-4.667652,-8.166978,0.000e+00
GNN,ch4t-test-001039,7,2.688631,-0.932727,0.901332,0.294514,-5.052941,-8.004691,0.000e+00
GNN,ch4t-test-001040,6,-0.521337,0.229082,-0.587092,0.898248,-8.691738,-8.710639,0.000e+00
GNN,ch4t-test-001041,12,3.659162,0.184639,0.375254,0.282281,-3.349871,-7.851208,0.000e+00
GNN,ch4t-test-001042,7,1.818888,0.413639,0.744112,-0.047806,-5.107613,-8.036446,4.441e-16
GNN,ch4t-test-001043,12,2.816474,-0.466982,1.099926,0.334328,-4.032987,-7.816733,0.000e+00
GNN,ch4t-test-001044,4,3.185593,-0.116677,1.126807,0.376763,-3.346978,-7.919463,8.882e-16
GNN,ch4t-test-001045,5,2.753369,0.005345,0.905422,-0.055503,-4.571188,-8.179821,4.441e-16
GNN,ch4t-test-001046,6,-0.153827,0.827037,-0.041580,0.017316,-7.604959,-8.253905,0.000e+00
GNN,ch4t-test-001047,4,2.770355,-1.009050,1.394404,-0.191839,-4.516434,-7.480305,0.000e+00
GNN,ch4t-test-001048,10,-0.066452,0.784920,-0.057079,0.065576,-7.385783,-8.112748,1.110e-16
GNN,ch4t-test-001049,8,1.124307,-1.271219,1.281324,-0.003650,-7.062030,-8.192793,4.441e-16
GNN,ch4t-test-001050,10,0.007756,1.650540,-0.204394,-0.175558,-6.888190,-8.166535,0.000e+00
GNN,ch4t-test-001051,8,1.066088,0.263219,0.708045,0.175405,-5.533495,-7.746252,4.441e-16
GNN,ch4t-test-001052,4,0.174832,1.056872,0.073634,-0.174218,-6.679595,-7.810716,0.000e+00
GNN,ch4t-test-001053,7,2.245368,-0.601103,0.921484,-0.373845,-5.751045,-7.942949,0.000e+00
GNN,ch4t-test-001054,9,1.677215,-0.652408,0.807878,0.137020,-5.845611,-7.815315,0.000e+00
GNN,ch4t-test-001055,9,1.885237,0.673718,0.654201,0.162043,-4.642605,-8.017805,0.000e+00
GNN,ch4t-test-001056,10,2.776811,-0.719688,0.283560,0.236337,-5.468560,-8.045580,0.000e+00
GNN,ch4t-test-001057,10,-0.004282,0.921531,-0.052356,-0.086807,-7.406122,-8.184207,0.000e+00
GNN,ch4t-test-001058,12,1.214750,1.236302,0.988135,0.171926,-4.475822,-8.086935,0.000e+00
GNN,ch4t-test-001059,8,1.174948,0.746793,0.327051,0.245493,-5.543531,-8.037816,0.000e+00
GNN,ch4t-test-001060,9,1.000342,0.479458,0.190654,0.434317,-6.025111,-8.129882,0.000e+00
GNN,ch4t-test-001061,7,5.681836,-0.665866,-2.003110,0.872069,-4.343443,-8.228373,4.441e-16
GNN,ch4t-test-001062,8,3.305166,-0.192365,0.893600,0.455875,-3.651164,-8.113440,0.000e+00
GNN,ch4t-test-001063,10,-0.087900,0.430507,-0.091592,0.006990,-7.595591,-7.853595,5.551e-17
GNN,ch4t-test-001064,5,3.987242,-0.780956,-0.635288,1.378620,-3.766509,-7.716128,4.441e-16
GNN,ch4t-test-001065,5,-0.018235,0.330688,0.018841,0.101151,-7.463092,-7.895536,0.000e+00
GNN,ch4t-test-001066,8,-0.311647,-0.175546,1.130183,-0.297980,-7.753138,-8.098147,0.000e+00
GNN,ch4t-test-001067,11,2.042987,0.413244,-0.015218,0.113105,-5.589384,-8.143501,0.000e+00
GNN,ch4t-test-001068,6,1.032080,0.156500,0.391480,0.163081,-6.683578,-8.426720,0.000e+00
GNN,ch4t-test-001069,7,3.498498,-1.798653,0.023930,0.737590,-5.877621,-8.338986,0.000e+00
GNN,ch4t-test-001070,7,2.195330,0.018757,1.462806,-0.538799,-4.549595,-7.687688,0.000e+00
GNN,ch4t-test-001071,6,-0.048145,0.765627,-0.084194,0.025522,-7.333555,-7.992365,0.000e+00
GNN,ch4t-test-001072,9,2.244787,-0.349104,0.721805,0.406609,-4.765353,-7.789450,0.000e+00
GNN,ch4t-test-001073,10,-0.573125,-0.198377,0.653767,-0.431876,-8.149433,-7.599822,0.000e+00
GNN,ch4t-test-001074,6,0.131799,1.147862,-0.132271,-0.004873,-6.764424,-7.906941,0.000e+00
GNN,ch4t-test-001075,4,2.802178,1.713715,-0.671598,1.032387,-3.031053,-7.907735,8.882e-16
GNN,ch4t-test-001076,10,3.307361,0.367597,0.802145,0.152874,-3.366998,-7.996975,8.882e-16
GNN,ch4t-test-001077,5,1.147490,-0.693708,1.153876,-0.129203,-6.429457,-7.907912,2.220e-16
GNN,ch4t-test-001078,6,-0.141706,0.660209,-0.155121,0.081239,-7.185361,-7.629982,1.110e-16
GNN,ch4t-test-001079,4,1.045566,0.018151,0.378253,0.151446,-6.789426,-8.382843,0.000e+00
GNN,ch4t-test-001080,7,2.360911,1.177874,0.527173,0.065262,-3.818849,-7.950069,0.000e+00
GNN,ch4t-test-001081,5,2.043368,-1.163020,1.473690,-0.192402,-6.724984,-8.886621,4.441e-16
GNN,ch4t-test-001082,4,1.377658,0.607857,0.255977,-0.245373,-6.141041,-8.137160,0.000e+00
GNN,ch4t-test-001083,10,-0.115239,1.395675,0.014144,0.215409,-6.500565,-8.010554,2.220e-16
GNN,ch4t-test-001084,6,-0.206881,-1.149641,-0.018963,0.013600,-9.241233,-7.879348,0.000e+00
GNN,ch4t-test-001085,4,-0.108993,0.807783,0.174080,0.097843,-6.781855,-7.752568,2.220e-16
GNN,ch4t-test-001086,5,2.639692,-0.664674,0.278952,0.250826,-5.219680,-7.724477,0.000e+00
GNN,ch4t-test-001087,6,0.559244,0.064066,0.734562,-0.346560,-6.881364,-7.892675,0.000e+00
GNN,ch4t-test-001088,10,5.411357,0.400027,-1.284031,0.811779,-2.429154,-7.768285,8.882e-16
GNN,ch4t-test-001089,12,2.574382,-0.662791,1.782517,0.274253,-4.319778,-8.288138,4.441e-16
GNN,ch4t-test-001090,12,2.204735,0.857070,0.900533,0.269536,-3.725202,-7.957077,0.000e+00
GNN,ch4t-test-001091,9,4.921146,-1.032986,-1.471614,1.497822,-4.412559,-8.326928,0.000e+00
GNN,ch4t-test-001092,7,0.366094,-0.425455,0.788717,0.150660,-6.977697,-7.857714,0.000e+00
GNN,ch4t-test-001093,8,1.777224,0.562040,1.133956,-0.001557,-5.010114,-8.481778,0.000e+00
GNN,ch4t-test-001094,11,1.269497,-1.392740,1.809805,-0.128033,-6.193302,-7.751830,2.220e-16
GNN,ch4t-test-001095,10,0.836274,-1.049887,0.568460,0.060192,-7.474907,-7.889946,2.776e-16
GNN,ch4t-test-001096,4,-0.228077,1.176526,-0.131220,-0.037223,-7.102224,-7.882230,1.110e-16
GNN,ch4t-test-001097,4,-0.025619,0.744297,-0.083136,0.053243,-7.085025,-7.773810,1.110e-16
GNN,ch4t-test-001098,4,0.037874,-0.113907,0.192005,-0.009190,-8.139176,-8.245959,2.776e-17
GNN,ch4t-test-001099,8,0.016487,0.974967,-0.042591,-0.139277,-7.170998,-7.980585,0.000e+00
GNN,ch4t-test-001100,10,-0.021653,1.675517,-0.051673,0.047475,-6.323463,-7.973129,0.000e+00
GNN,ch4t-test-001101,4,1.086346,-0.277010,1.258820,0.057297,-5.802881,-7.928333,0.000e+00
GNN,ch4t-test-001102,6,0.128211,1.447814,-0.005216,-0.088421,-6.629388,-8.111777,0.000e+00
GNN,ch4t-test-001103,7,2.730231,-0.422721,0.448174,-0.031340,-5.419502,-8.143847,0.000e+00
GNN,ch4t-test-001104,11,1.400483,1.019864,0.414337,0.110254,-5.014101,-7.959040,4.441e-16
GNN,ch4t-test-001105,8,3.470726,-0.722074,1.165973,0.554660,-3.603877,-8.073161,0.000e+00
GNN,ch4t-test-001106,8,1.407337,1.201434,0.522340,0.214951,-4.588730,-7.934792,0.000e+00
GNN,ch4t-test-001107,4,0.062110,0.897665,-0.199802,-0.121685,-7.367484,-8.005772,0.000e+00
GNN,ch4t-test-001108,11,5.086882,-0.547376,0.967767,0.331575,-1.999945,-7.838794,0.000e+00
GNN,ch4t-test-001109,11,-0.163483,1.938858,-0.251044,-0.091362,-6.212586,-7.645554,0.000e+00
GNN,ch4t-test-001110,4,1.535603,0.685948,0.525265,0.581682,-5.015651,-8.344149,0.000e+00
GNN,ch4t-test-001111,11,2.760228,0.028416,1.135741,0.481834,-3.164899,-7.571118,8.882e-16
GNN,ch4t-test-001112,4,2.631435,-1.286437,1.259170,0.073879,-5.425957,-8.104004,4.441e-16
GNN,ch4t-test-001113,10,1.127394,0.935702,1.462256,-0.033944,-4.550672,-8.042079,0.000e+00
GNN,ch4t-test-001114,7,1.422609,0.786113,0.164676,0.122180,-5.590052,-8.085629,0.000e+00
GNN,ch4t-test-001115,8,-0.004894,-2.434382,0.707407,-0.118815,-8.977422,-7.126737,4.441e-16
GNN,ch4t-test-001116,11,-0.316332,1.198687,-0.577185,0.083764,-8.100025,-8.488958,1.110e-16
GNN,ch4t-test-001117,10,1.899005,-0.453302,1.093810,0.060761,-5.542135,-8.142409,0.000e+00
GNN,ch4t-test-001118,4,0.672579,0.805710,0.163912,0.112835,-6.419444,-8.174479,0.000e+00
GNN,ch4t-test-001119,10,0.920885,-0.074901,1.632705,-0.341263,-5.731952,-7.869378,0.000e+00
GNN,ch4t-test-001120,12,-0.066652,-0.290190,0.099822,-0.026040,-8.213188,-7.930127,0.000e+00
GNN,ch4t-test-001121,7,5.649875,-0.941327,-1.089679,0.647988,-4.233903,-8.500759,0.000e+00
GNN,ch4t-test-001122,10,2.496736,0.927240,0.413844,0.112378,-3.712035,-7.662233,0.000e+00
GNN,ch4t-test-001123,12,2.199647,-0.053707,0.502230,0.567846,-4.992501,-8.208517,0.000e+00
GNN,ch4t-test-001124,11,0.764901,0.882812,-0.019873,-0.213353,-6.205730,-7.620216,0.000e+00
GNN,ch4t-test-001125,10,0.921490,-1.293119,2.125613,-0.743406,-7.196074,-8.206652,2.220e-16
GNN,ch4t-test-001126,11,5.085776,-0.924331,-0.835474,0.661940,-4.174304,-8.162215,0.000e+00
GNN,ch4t-test-001127,6,0.087549,-0.496837,0.096270,0.135162,-7.876124,-7.698268,5.551e-17
GNN,ch4t-test-001128,4,1.544249,-0.628921,1.044686,0.169248,-5.818208,-7.947470,0.000e+00
GNN,ch4t-test-001129,6,1.525434,0.565547,0.367847,0.143661,-5.044643,-7.647132,4.441e-16
GNN,ch4t-test-001130,12,3.680230,-0.883933,-1.422429,1.274055,-5.213382,-7.861305,4.441e-16
GNN,ch4t-test-001131,4,-0.161500,0.400599,-0.114027,0.160917,-7.512604,-7.798593,0.000e+00
GNN,ch4t-test-001132,11,3.524962,-0.202716,0.802835,0.170984,-3.531284,-7.827349,0.000e+00
GNN,ch4t-test-001133,9,1.406316,0.782912,0.308236,0.293166,-4.892136,-7.682766,0.000e+00
GNN,ch4t-test-001134,10,5.403316,-1.020549,-0.991795,1.358542,-2.923807,-7.673321,8.882e-16
GNN,ch4t-test-001135,6,1.791605,0.279467,0.309010,0.440538,-5.188121,-8.008741,0.000e+00
GNN,ch4t-test-001136,9,4.756662,-1.232883,-1.348869,0.934861,-4.910697,-8.020469,8.882e-16
GNN,ch4t-test-001137,11,2.214958,-0.220749,0.670757,0.408568,-4.744849,-7.818383,0.000e+00
GNN,ch4t-test-001138,12,1.965700,0.927800,1.532506,-0.056922,-3.514806,-7.883891,0.000e+00
GNN,ch4t-test-001139,8,-0.024118,0.957999,0.022554,-0.124194,-7.853133,-8.685374,0.000e+00
GNN,ch4t-test-001140,8,2.328414,1.042160,0.262600,0.279225,-4.206154,-8.118553,4.441e-16
GNN,ch4t-test-001141,5,-0.003364,0.493374,0.052611,0.092763,-7.104126,-7.739510,0.000e+00
GNN,ch4t-test-001142,7,3.815773,-0.700160,-1.156771,1.236988,-5.091790,-8.287621,0.000e+00
GNN,ch4t-test-001143,11,1.612032,1.088631,0.681299,0.385957,-4.065024,-7.832943,0.000e+00
GNN,ch4t-test-001144,8,1.980585,1.102409,1.125122,0.047038,-3.733308,-7.988462,8.882e-16
GNN,ch4t-test-001145,5,4.360114,-0.554216,0.857877,0.142197,-3.088603,-7.894574,8.882e-16
GNN,ch4t-test-001146,7,1.747690,0.770225,0.774645,-0.049499,-4.998948,-8.242008,4.441e-16
GNN,ch4t-test-001147,9,0.248376,-0.606914,0.587906,0.391842,-7.608502,-8.229713,0.000e+00
GNN,ch4t-test-001148,9,3.196785,-0.950332,1.376006,0.294863,-3.830073,-7.747394,0.000e+00
GNN,ch4t-test-001149,10,1.725454,-0.769538,1.002685,-0.102802,-5.940445,-7.796244,0.000e+00
GNN,ch4t-test-001150,4,2.150283,0.031827,0.822959,0.374363,-4.372901,-7.752334,0.000e+00
GNN,ch4t-test-001151,10,0.254811,1.472068,0.335373,-0.276922,-6.150451,-7.935781,0.000e+00
GNN,ch4t-test-001152,12,-0.011028,0.943071,0.007087,0.063270,-7.124062,-8.126463,0.000e+00
GNN,ch4t-test-001153,5,0.383058,-0.392555,0.304255,-0.063541,-8.177176,-8.408393,5.551e-17
GNN,ch4t-test-001154,11,-0.945025,-0.023354,0.814266,-0.911371,-9.108044,-8.042561,0.000e+00
GNN,ch4t-test-001155,4,-0.163620,0.246200,-0.054654,0.010105,-7.738756,-7.776786,0.000e+00
GNN,ch4t-test-001156,11,3.054417,-0.632838,1.261498,0.580911,-3.385067,-7.649056,8.882e-16
GNN,ch4t-test-001157,9,0.299865,0.798081,0.832842,-0.237986,-6.306563,-7.999365,0.000e+00
GNN,ch4t-test-001158,9,0.075224,-0.593371,2.093748,-0.203198,-6.552601,-7.925003,4.441e-16
GNN,ch4t-test-001159,8,3.105865,-1.511050,0.450242,0.012876,-5.924004,-7.981937,4.441e-16
GNN,ch4t-test-001160,8,0.003812,1.641898,-0.043058,0.152260,-6.260695,-8.015607,2.220e-16
GNN,ch4t-test-001161,4,0.934865,0.416243,-0.021477,0.206485,-6.282459,-7.818575,0.000e+00
GNN,ch4t-test-001162,7,2.090506,-0.236738,0.938535,-0.144403,-5.071482,-7.719383,0.000e+00
GNN,ch4t-test-001163,11,1.405180,0.905737,0.409556,-0.081723,-5.454307,-8.093057,0.000e+00
GNN,ch4t-test-001164,9,-0.084735,0.795016,-0.177005,0.185889,-7.212933,-7.932098,1.110e-16
GNN,ch4t-test-001165,9,1.666608,0.617468,-0.063150,0.159865,-5.595076,-7.975866,0.000e+00
GNN,ch4t-test-001166,12,1.291511,-0.042523,1.273582,-0.550294,-6.139705,-8.111981,0.000e+00
GNN,ch4t-test-001167,11,0.917632,0.903464,0.743602,-0.507289,-5.886649,-7.944059,4.441e-16
GNN,ch4t-test-001168,6,2.666454,1.296390,0.106538,0.103198,-3.869132,-8.041712,0.000e+00
GNN,ch4t-test-001169,8,2.933934,0.230071,0.806586,0.474452,-3.739311,-8.184354,0.000e+00
GNN,ch4t-test-001170,9,0.271298,-1.594461,0.139562,-0.044009,-9.068354,-7.840745,2.220e-16
GNN,ch4t-test-001171,8,3.626774,-0.512809,0.404444,0.111501,-4.401905,-8.031814,4.441e-16
GNN,ch4t-test-001172,12,1.860756,0.080895,0.675991,0.302986,-4.912734,-7.833363,0.000e+00
GNN,ch4t-test-001173,12,1.472722,0.336761,0.444673,0.314793,-5.264566,-7.833515,0.000e+00
GNN,ch4t-test-001174,6,2.826922,-0.606705,0.166585,0.901711,-4.463748,-7.752261,0.000e+00
GNN,ch4t-test-001175,12,1.704702,0.044526,1.071486,0.393536,-4.447056,-7.661307,8.882e-16
GNN,ch4t-test-001176,9,1.938306,0.488168,1.325561,0.161599,-4.017764,-7.931398,4.441e-16
GNN,ch4t-test-001177,10,-0.019304,0.739885,-0.001661,0.071304,-6.802276,-7.592500,1.110e-16
GNN,ch4t-test-001178,7,-0.139462,0.937343,0.084340,-0.075681,-7.215258,-8.021799,1.110e-16
GNN,ch4t-test-001179,10,1.749624,-0.619098,0.328460,0.121892,-5.897813,-7.478690,2.220e-16
GNN,ch4t-test-001180,10,1.517644,0.243988,0.804697,-0.343230,-5.818157,-8.041256,0.000e+00
GNN,ch4t-test-001181,10,1.938283,-1.071732,1.985627,-0.439468,-5.605325,-8.018035,4.441e-16
GNN,ch4t-test-001182,6,4.106193,0.652594,-0.796141,0.633112,-3.629105,-8.224863,0.000e+00
GNN,ch4t-test-001183,10,0.754163,0.022379,0.313503,-0.308734,-7.305040,-8.086351,1.110e-16
GNN,ch4t-test-001184,5,5.637903,-1.354904,-0.081215,0.690585,-3.408003,-8.300372,0.000e+00
GNN,ch4t-test-001185,5,-0.007668,0.208996,0.023497,0.078380,-7.804569,-8.107774,0.000e+00
GNN,ch4t-test-001186,9,2.468488,-0.443046,0.953874,0.492455,-4.425876,-7.897648,4.441e-16
GNN,ch4t-test-001187,12,1.387461,0.497531,1.890500,-0.451263,-4.929523,-8.253751,4.441e-16
GNN,ch4t-test-001188,5,1.462846,0.278560,-0.016511,0.599114,-5.322821,-7.646830,0.000e+00
GNN,ch4t-test-001189,4,-0.009818,-0.039711,0.013729,0.064651,-7.834152,-7.863004,0.000e+00
GNN,ch4t-test-001190,6,-0.099217,0.154893,-0.186126,-0.432278,-8.464309,-7.901582,0.000e+00
GNN,ch4t-test-001191,8,2.104666,0.315155,-0.065984,0.744731,-5.070718,-8.169285,0.000e+00
GNN,ch4t-test-001192,5,3.128203,0.200378,1.031838,0.350248,-3.769250,-8.479917,0.000e+00
GNN,ch4t-test-001193,12,2.281773,-0.335217,0.774930,0.186369,-4.944470,-7.852324,0.000e+00
GNN,ch4t-test-001194,12,3.867624,-0.369025,0.328774,0.198856,-3.704459,-7.730688,8.882e-16
GNN,ch4t-test-001195,12,2.950817,0.303240,0.998604,0.336453,-3.832965,-8.422080,0.000e+00
GNN,ch4t-test-001196,4,-0.473448,0.790818,-0.432867,-0.018528,-8.205794,-8.071769,8.327e-17
GNN,ch4t-test-001197,8,2.186350,-0.272169,0.845263,0.617486,-4.479372,-7.856302,0.000e+00
GNN,ch4t-test-001198,8,-0.324775,-0.205159,-0.147319,0.415960,-7.891466,-7.630173,5.551e-17
GNN,ch4t-test-001199,4,0.644445,-0.126186,1.276663,-0.262384,-6.866406,-8.398944,0.000e+00
GNN,ch4t-test-001200,12,0.521413,0.351051,0.117629,0.506101,-6.819979,-8.316173,0.000e+00
GNN,ch4t-test-001201,10,3.344623,0.365514,0.182081,0.682154,-3.074712,-7.649085,0.000e+00
GNN,ch4t-test-001202,5,1.427458,0.854375,0.991471,-0.433893,-5.244731,-8.084142,4.441e-16
GNN,ch4t-test-001203,9,-0.013637,1.279481,0.060816,-0.079195,-6.393001,-7.640466,2.220e-16
GNN,ch4t-test-001204,7,2.696191,-1.134693,0.803436,-0.304985,-6.741423,-8.801371,4.441e-16
GNN,ch4t-test-001205,9,-0.402884,1.022897,0.669926,0.025188,-7.341246,-8.656373,0.000e+00
GNN,ch4t-test-001206,7,0.161187,-0.334172,0.337556,-0.123509,-7.682666,-7.723728,2.776e-17
GNN,ch4t-test-001207,8,0.185173,0.327108,0.093026,-0.159471,-7.237995,-7.683831,0.000e+00
GNN,ch4t-test-001208,10,1.330696,-0.023486,0.845128,-0.252674,-6.366512,-8.266177,0.000e+00
GNN,ch4t-test-001209,7,2.613698,-0.050617,-0.120072,0.445645,-5.311478,-8.200132,8.882e-16
GNN,ch4t-test-001210,5,-0.141666,0.729798,-0.059261,0.131479,-7.440208,-8.100558,1.110e-16
GNN,ch4t-test-001211,9,1.877405,-0.703310,1.068721,0.018107,-5.668769,-7.929692,0.000e+00
GNN,ch4t-test-001212,10,0.986402,1.408556,0.134948,-0.221801,-5.522394,-7.830499,0.000e+00
GNN,ch4t-test-001213,10,1.431466,0.776068,0.004410,0.157498,-5.215614,-7.585055,0.000e+00
GNN,ch4t-test-001214,7,1.931233,0.391419,0.128916,0.407630,-5.095072,-7.954270,0.000e+00
GNN,ch4t-test-001215,11,-0.062311,0.326312,0.473676,-0.078859,-7.520171,-8.178989,0.000e+00
GNN,ch4t-test-001216,10,4.678913,-0.618913,1.036994,-0.229406,-3.808587,-8.676174,8.882e-16
GNN,ch4t-test-001217,5,4.984790,-1.258100,-1.582661,0.946239,-4.955999,-8.046267,8.882e-16
GNN,ch4t-test-001218,10,0.835308,0.961122,0.241733,-0.412148,-6.463361,-8.089377,2.220e-16
GNN,ch4t-test-001219,8,1.753707,-0.852377,0.956615,-0.318962,-6.325202,-7.864185,4.441e-16
GNN,ch4t-test-001220,7,-0.753328,-0.238873,0.278902,0.316068,-8.327228,-7.929995,1.110e-16
GNN,ch4t-test-001221,11,1.234559,0.743291,0.249799,0.181661,-5.724149,-8.133458,4.441e-16
GNN,ch4t-test-001222,9,2.897670,-0.881401,0.793344,-0.140507,-5.248568,-7.917675,0.000e+00
GNN,ch4t-test-001223,12,0.748842,-0.472979,0.829455,-0.148349,-6.920738,-7.877706,1.110e-16
GNN,ch4t-test-001224,4,0.037868,0.682840,-0.140913,-0.098483,-7.643258,-8.124571,5.551e-17
GNN,ch4t-test-001225,9,1.589059,-0.110288,0.738170,-0.366195,-6.286978,-8.137725,0.000e+00
GNN,ch4t-test-001226,12,0.015062,0.983455,0.012327,0.127900,-6.770644,-7.909387,0.000e+00
GNN,ch4t-test-001227,6,2.655881,-0.634211,0.794020,0.138777,-4.910672,-7.865139,0.000e+00
GNN,ch4t-test-001228,6,0.984689,-0.138303,0.175118,-0.016695,-6.984151,-7.988959,2.220e-16
GNN,ch4t-test-001229,4,-0.170754,1.139140,-0.043025,0.093588,-6.931673,-7.950621,2.220e-16
GNN,ch4t-test-001230,9,2.133418,-1.540102,2.322911,0.260891,-4.806704,-7.983823,0.000e+00
GNN,ch4t-test-001231,6,3.716995,0.489579,0.976794,-0.010976,-3.454243,-8.626634,1.776e-15
GNN,ch4t-test-001232,9,2.996159,-0.008265,0.316939,0.522615,-3.782074,-7.609523,0.000e+00
GNN,ch4t-test-001233,6,3.574432,0.231824,-0.565016,0.440574,-5.291232,-8.973047,0.000e+00
GNN,ch4t-test-001234,8,1.124747,-0.339699,0.568936,0.003480,-6.677136,-8.034599,2.220e-16
GNN,ch4t-test-001235,8,4.199455,-1.472566,-0.479640,1.465208,-3.907590,-7.620046,0.000e+00
GNN,ch4t-test-001236,12,2.357092,0.411978,0.430772,0.667148,-3.775220,-7.642209,4.441e-16
GNN,ch4t-test-001237,7,2.349508,1.366400,1.048558,0.205818,-3.065591,-8.035876,0.000e+00
GNN,ch4t-test-001238,9,1.308421,0.544839,0.065416,0.244430,-5.592691,-7.755796,0.000e+00
GNN,ch4t-test-001239,9,4.787046,-0.880493,-0.876837,1.365711,-3.304809,-7.700237,8.882e-16
GNN,ch4t-test-001240,12,-0.024835,0.357235,-0.210504,0.142139,-7.887742,-8.151778,0.000e+00
GNN,ch4t-test-001241,5,3.305809,-0.992431,1.684523,0.236016,-3.711660,-7.945578,0.000e+00
GNN,ch4t-test-001242,4,4.092381,-1.394060,-0.108737,1.052013,-4.290951,-7.932547,0.000e+00
GNN,ch4t-test-001243,4,1.095878,0.086425,0.113625,0.198235,-6.536676,-8.030839,0.000e+00
GNN,ch4t-test-001244,12,3.092325,-0.009590,0.097944,0.307490,-4.320337,-7.808506,0.000e+00
GNN,ch4t-test-001245,11,2.913089,-0.360212,-0.406462,0.344717,-5.504780,-7.995912,8.882e-16
GNN,ch4t-test-001246,9,4.001857,-0.322653,-0.337374,0.306939,-4.329633,-7.978402,0.000e+00
GNN,ch4t-test-001247,5,0.072315,1.547664,-0.011634,-0.226486,-6.488631,-7.870489,0.000e+00
GNN,ch4t-test-001248,12,2.078956,1.469243,-0.166704,-0.247325,-4.666033,-7.800203,0.000e+00
GNN,ch4t-test-001249,4,0.415761,-0.749777,0.356765,-0.176283,-7.976900,-7.823367,5.551e-17
GNN,ch4t-test-001250,5,3.039284,-1.024918,-0.487667,0.653872,-5.616945,-7.797516,0.000e+00
GNN,ch4t-test-001251,5,3.985514,-1.074578,1.199407,0.309492,-3.568978,-7.988813,0.000e+00
GNN,ch4t-test-001252,5,0.000843,0.694243,-0.003916,0.199527,-7.416668,-8.307365,0.000e+00
GNN,ch4t-test-001253,10,3.483550,-0.127328,1.279752,0.254553,-2.725886,-7.616412,0.000e+00
GNN,ch4t-test-001254,8,2.974402,-0.414993,0.949092,0.728683,-3.906584,-8.143769,0.000e+00
GNN,ch4t-test-001255,4,-0.837383,-2.215873,2.455779,0.346110,-7.868004,-7.616636,2.220e-16
GNN,ch4t-test-001256,6,2.542312,-0.720162,1.259179,-0.408719,-5.158877,-7.831488,4.441e-16
GNN,ch4t-test-001257,9,2.829917,1.540658,-0.470551,0.450442,-3.384168,-7.734634,8.882e-16
GNN,ch4t-test-001258,4,0.016906,0.834528,-0.053514,0.029036,-6.941331,-7.768287,0.000e+00
GNN,ch4t-test-001259,12,4.296187,-0.948876,1.367821,0.029355,-2.887795,-7.632282,8.882e-16
GNN,ch4t-test-001260,12,1.912140,-0.572472,1.254100,0.014412,-5.189728,-7.797908,0.000e+00
GNN,ch4t-test-001261,8,2.427665,-0.214726,1.006561,0.320850,-4.441048,-7.981398,8.882e-16
GNN,ch4t-test-001262,8,2.526112,0.013467,0.630255,0.532190,-4.164378,-7.866402,0.000e+00
GNN,ch4t-test-001263,4,2.857351,-1.201768,1.523310,0.430511,-4.380316,-7.989720,0.000e+00
GNN,ch4t-test-001264,8,-0.059352,1.788986,-0.127908,-0.015841,-6.396463,-7.982349,2.220e-16
GNN,ch4t-test-001265,12,-0.157439,1.291289,0.770872,-0.272895,-6.240426,-7.872252,2.220e-16
GNN,ch4t-test-001266,12,0.462349,-0.514991,1.108929,-0.764240,-7.487873,-7.779920,0.000e+00
GNN,ch4t-test-001267,8,0.224131,-0.545618,1.742684,-0.129581,-6.557849,-7.849465,2.220e-16
GNN,ch4t-test-001268,11,-0.014827,1.896778,-0.063183,0.162447,-6.002755,-7.983971,0.000e+00
GNN,ch4t-test-001269,8,3.627189,0.026764,-0.817486,0.822417,-4.333648,-7.992531,0.000e+00
GNN,ch4t-test-001270,10,-0.052299,1.447903,-0.098540,0.242336,-6.333244,-7.872645,2.220e-16
GNN,ch4t-test-001271,9,1.809625,-1.311770,0.621974,-0.013319,-6.848317,-7.954827,0.000e+00
GNN,ch4t-test-001272,5,1.271400,0.699522,0.645286,-0.371164,-5.676788,-7.921831,0.000e+00
GNN,ch4t-test-001273,12,1.700633,-0.319887,1.113349,0.403847,-5.284423,-8.182366,4.441e-16
GNN,ch4t-test-001274,4,0.036221,1.004350,-0.106767,-0.153998,-7.284825,-8.064631,0.000e+00
GNN,ch4t-test-001275,10,1.551241,0.841063,0.407318,-0.215830,-5.079186,-7.662978,0.000e+00
GNN,ch4t-test-001276,5,-0.015804,1.485209,-0.118731,0.101808,-6.716420,-8.168902,0.000e+00
GNN,ch4t-test-001277,9,0.330243,-1.645352,1.468528,0.025655,-7.550260,-7.729333,1.388e-16
GNN,ch4t-test-001278,8,0.877430,2.163637,1.587234,-0.293953,-3.695322,-8.029670,8.882e-16
GNN,ch4t-test-001279,11,1.160175,-1.010492,0.957341,-0.293447,-7.081510,-7.895087,3.331e-16
GNN,ch4t-test-001280,10,0.016453,2.585640,-0.229511,-0.111034,-6.197147,-8.458695,0.000e+00
GNN,ch4t-test-001281,6,0.506779,-1.310311,0.019248,-0.129472,-8.783990,-7.870235,2.220e-16
GNN,ch4t-test-001282,6,4.542350,-0.887315,-0.544816,1.040642,-3.854015,-8.004876,0.000e+00
GNN,ch4t-test-001283,6,0.685410,-0.625530,0.932442,0.496543,-6.696449,-8.185315,0.000e+00
GNN,ch4t-test-001284,6,2.418076,0.458136,0.804611,0.424936,-3.805272,-7.911031,8.882e-16
GNN,ch4t-test-001285,11,2.556636,0.864286,0.586034,-0.231337,-4.157830,-7.933449,8.882e-16
GNN,ch4t-test-001286,9,-0.012846,0.566073,-0.020745,0.093834,-7.122275,-7.748591,0.000e+00
GNN,ch4t-test-001287,6,3.317947,-1.229644,1.402152,0.267134,-4.195038,-7.952627,0.000e+00
GNN,ch4t-test-001288,12,-0.159898,2.713382,-0.112262,-0.025195,-5.312574,-7.728601,0.000e+00
GNN,ch4t-test-001289,10,2.191474,0.244331,0.951855,0.207228,-4.598685,-8.193573,4.441e-16
GNN,ch4t-test-001290,8,0.252273,0.436243,0.613966,-0.109608,-6.831484,-8.024357,0.000e+00
GNN,ch4t-test-001291,9,1.076339,-0.063917,0.524962,-0.292430,-6.581716,-7.826670,0.000e+00
GNN,ch4t-test-001292,9,-0.056144,0.713196,0.000270,0.197526,-7.073344,-7.928192,0.000e+00
GNN,ch4t-test-001293,7,2.625984,-0.686525,0.803693,0.110886,-4.876864,-7.730902,4.441e-16
GNN,ch4t-test-001294,8,2.519488,0.709137,0.973867,0.098191,-3.904671,-8.205354,0.000e+00
GNN,ch4t-test-001295,8,2.601645,0.294777,0.426693,0.118444,-4.396799,-7.838359,4.441e-16
GNN,ch4t-test-001296,11,3.818386,-0.705801,0.537085,0.399226,-3.961130,-8.010026,0.000e+00
GNN,ch4t-test-001297,6,4.921760,-1.573835,-0.674560,1.662394,-3.910173,-8.245933,8.882e-16
GNN,ch4t-test-001298,9,2.640358,0.666618,0.617436,0.440057,-3.515435,-7.879905,0.000e+00
GNN,ch4t-test-001299,12,4.914292,-0.479340,-1.582784,0.426585,-5.340044,-8.618796,8.882e-16
GNN,ch4t-test-001300,6,3.914636,-0.351643,-0.685901,-0.107783,-5.017541,-7.786849,0.000e+00
GNN,ch4t-test-001301,7,0.670426,-0.635298,0.148393,-0.153535,-7.864073,-7.894060,2.776e-17
GNN,ch4t-test-001302,7,2.906013,0.123571,1.241344,0.063226,-3.468264,-7.802417,0.000e+00
GNN,ch4t-test-001303,8,3.877150,-0.908871,-1.518914,1.049849,-5.660324,-8.159537,0.000e+00
GNN,ch4t-test-001304,10,2.025132,0.234906,0.717397,0.421734,-4.669627,-8.068795,0.000e+00
GNN,ch4t-test-001305,5,0.027464,0.723092,0.179262,0.007156,-6.718509,-7.655483,1.110e-16
GNN,ch4t-test-001306,7,4.575147,-1.140489,-0.783222,0.779114,-4.301559,-7.732109,8.882e-16
GNN,ch4t-test-001307,9,4.585254,0.343416,0.422553,0.515421,-2.214415,-8.081059,8.882e-16
GNN,ch4t-test-001308,12,-0.157938,2.122996,-0.086541,-0.092291,-5.763534,-7.549760,0.000e+00
GNN,ch4t-test-001309,5,1.252918,0.172795,0.270985,0.170061,-5.624826,-7.491587,0.000e+00
GNN,ch4t-test-001310,4,2.683913,-0.271160,0.918992,-0.504366,-5.305411,-8.132790,0.000e+00
GNN,ch4t-test-001311,10,1.298863,-1.107851,-0.318705,0.590597,-7.350782,-7.813686,0.000e+00
GNN,ch4t-test-001312,8,0.022385,1.400617,-0.117023,0.031972,-6.629064,-7.967014,0.000e+00
GNN,ch4t-test-001313,9,0.629354,-0.647242,1.825564,-0.734091,-6.983031,-8.056615,2.220e-16
GNN,ch4t-test-001314,4,-0.050932,1.073843,-0.002003,0.140448,-6.443353,-7.604710,2.220e-16
GNN,ch4t-test-001315,7,2.143291,-0.056162,1.061982,0.105981,-4.707394,-7.962485,0.000e+00
GNN,ch4t-test-001316,6,0.528775,-1.198213,1.112981,-0.135632,-7.143214,-7.451125,1.110e-16
GNN,ch4t-test-001317,10,1.245393,0.133392,0.210507,-0.001760,-6.035273,-7.622806,2.220e-16
GNN,ch4t-test-001318,10,-0.114799,1.042230,-0.093621,0.208178,-7.170891,-8.212879,0.000e+00
GNN,ch4t-test-001319,10,2.504737,-0.333832,0.403752,0.512848,-5.010156,-8.097661,4.441e-16
GNN,ch4t-test-001320,10,6.374084,-0.648620,-1.797482,0.951108,-2.780205,-7.659295,8.882e-16
GNN,ch4t-test-001321,8,2.308613,-1.367318,2.083448,0.277924,-4.708950,-8.011616,8.882e-16
GNN,ch4t-test-001322,9,-0.227023,-1.673877,0.320120,0.300996,-9.359362,-8.079578,0.000e+00
GNN,ch4t-test-001323,4,2.330772,0.620343,0.491182,0.516375,-4.230312,-8.188985,0.000e+00
GNN,ch4t-test-001324,12,4.006890,-0.900420,-1.210388,2.173288,-4.276461,-8.345830,8.882e-16
GNN,ch4t-test-001325,7,3.204817,-0.361401,1.531855,0.120980,-4.171478,-8.667730,0.000e+00
GNN,ch4t-test-001326,11,2.519654,0.041961,0.339774,0.195033,-4.905793,-8.002215,4.441e-16
GNN,ch4t-test-001327,11,2.272189,0.250310,0.767810,0.201512,-4.381850,-7.873670,0.000e+00
GNN,ch4t-test-001328,5,2.027312,-0.125406,0.652536,0.342355,-4.321010,-7.217807,0.000e+00
GNN,ch4t-test-001329,7,2.538914,-0.119730,0.852218,0.130785,-4.488542,-7.890728,4.441e-16
GNN,ch4t-test-001330,11,2.540989,0.908045,0.547605,0.328266,-3.625830,-7.950735,8.882e-16
GNN,ch4t-test-001331,10,4.479243,-0.487004,0.726709,0.364792,-3.057654,-8.141394,8.882e-16
GNN,ch4t-test-001332,11,2.013733,-0.109041,0.601586,-0.218872,-5.645766,-7.933172,0.000e+00
GNN,ch4t-test-001333,5,-0.621975,0.550816,-1.921690,0.727246,-8.881965,-7.616362,2.220e-16
GNN,ch4t-test-001334,7,2.101433,0.260738,0.624293,0.741329,-4.046095,-7.773888,0.000e+00
GNN,ch4t-test-001335,6,-0.881992,-2.099005,0.022603,0.304477,-10.601065,-7.947148,0.000e+00
GNN,ch4t-test-001336,11,2.709356,-0.079659,-0.499301,0.701608,-5.248888,-8.080892,0.000e+00
GNN,ch4t-test-001337,5,-0.329993,1.361398,-0.378419,0.197119,-7.254715,-8.104819,1.110e-16
GNN,ch4t-test-001338,9,1.669195,-0.253049,0.833157,-0.004020,-5.770211,-8.015493,0.000e+00
GNN,ch4t-test-001339,7,1.640070,-0.233933,0.805035,-0.348441,-5.229520,-7.092251,4.441e-16
GNN,ch4t-test-001340,8,2.663926,-0.336921,0.411258,0.190100,-4.923596,-7.851959,4.441e-16
GNN,ch4t-test-001341,10,4.118635,-0.659978,1.425295,-0.122748,-2.878620,-7.639825,8.882e-16
GNN,ch4t-test-001342,6,0.020778,1.149632,0.058477,-0.202026,-7.342891,-8.369752,0.000e+00
GNN,ch4t-test-001343,10,2.434959,-0.121535,0.322217,0.590816,-4.773464,-7.999921,4.441e-16
GNN,ch4t-test-001344,12,4.884345,0.782530,-0.463369,0.355724,-2.231205,-7.790436,0.000e+00
GNN,ch4t-test-001345,4,3.904142,-0.923697,-0.846114,1.003100,-4.590592,-7.728023,4.441e-16
GNN,ch4t-test-001346,11,1.976870,-0.190426,1.073617,0.083804,-4.856514,-7.800379,0.000e+00
GNN,ch4t-test-001347,9,-0.042939,1.457930,-0.078852,0.074711,-6.110707,-7.521558,0.000e+00
GNN,ch4t-test-001348,10,2.627220,0.674067,1.029561,0.210710,-2.874942,-7.416499,0.000e+00
GNN,ch4t-test-001349,6,-0.000126,0.261314,0.020762,0.069214,-7.452223,-7.803386,5.551e-17
GNN,ch4t-test-001350,9,1.850132,1.242383,0.185099,0.372180,-4.312797,-7.962590,0.000e+00
GNN,ch4t-test-001351,4,1.118654,0.474852,0.617831,-0.006301,-5.929648,-8.134684,0.000e+00
GNN,ch4t-test-001352,9,0.160423,1.733400,0.104697,-0.131545,-6.333394,-8.200369,2.220e-16
GNN,ch4t-test-001353,5,1.655035,0.005925,0.796412,0.596547,-4.806838,-7.860757,0.000e+00
GNN,ch4t-test-001354,4,0.617068,-0.828763,2.061813,-0.046162,-6.425382,-8.229339,0.000e+00
GNN,ch4t-test-001355,4,-0.019607,0.227655,-0.021075,-0.132521,-7.524205,-7.578657,0.000e+00
GNN,ch4t-test-001356,9,-0.013970,0.809782,0.058961,0.076206,-7.486197,-8.417176,0.000e+00
GNN,ch4t-test-001357,6,-0.003528,0.810854,-0.103373,-0.075663,-7.472377,-8.100666,0.000e+00
GNN,ch4t-test-001358,4,2.257706,0.123075,0.106479,0.293076,-5.105003,-7.885338,0.000e+00
GNN,ch4t-test-001359,8,1.971711,-1.484822,1.844223,0.013822,-5.442299,-7.787231,0.000e+00
GNN,ch4t-test-001360,9,1.679000,-0.371962,1.207347,0.160165,-5.324398,-7.998947,4.441e-16
GNN,ch4t-test-001361,12,1.092700,0.625448,0.808726,0.053254,-5.388210,-7.968338,4.441e-16
GNN,ch4t-test-001362,7,2.462883,-0.520462,0.642089,0.141841,-5.544344,-8.270694,4.441e-16
GNN,ch4t-test-001363,8,3.445070,0.049732,0.335339,0.268164,-3.833248,-7.931553,8.882e-16
GNN,ch4t-test-001364,11,0.030000,1.454085,-0.121719,-0.084203,-6.905001,-8.183164,0.000e+00
GNN,ch4t-test-001365,5,0.256786,1.511867,-0.034978,-0.112698,-6.432413,-8.053390,2.220e-16
GNN,ch4t-test-001366,4,1.023986,0.324129,0.382553,-0.157984,-6.089833,-7.662517,0.000e+00
GNN,ch4t-test-001367,6,2.410606,-0.051009,1.401452,0.193273,-3.802687,-7.757008,4.441e-16
GNN,ch4t-test-001368,4,3.470358,0.310140,-0.037985,0.471563,-3.672166,-7.886241,0.000e+00
GNN,ch4t-test-001369,12,1.388337,0.478765,1.528243,-0.084297,-4.756381,-8.067427,4.441e-16
GNN,ch4t-test-001370,6,0.783200,1.754530,0.635224,-0.267148,-4.416280,-7.322086,4.441e-16
GNN,ch4t-test-001371,4,1.754180,-0.402340,0.891271,-0.026956,-5.998866,-8.215021,0.000e+00
GNN,ch4t-test-001372,8,1.286645,0.710253,0.462439,0.365894,-5.251429,-8.076660,0.000e+00
GNN,ch4t-test-001373,7,2.409781,-0.626698,1.165589,-0.413713,-5.567355,-8.102314,0.000e+00
GNN,ch4t-test-001374,12,2.299396,1.418700,-0.871455,0.039439,-5.081243,-7.967322,0.000e+00
GNN,ch4t-test-001375,4,-0.011643,0.563448,0.033911,0.011850,-7.441853,-8.039418,1.110e-16
GNN,ch4t-test-001376,5,1.797520,-0.076519,0.737975,-0.009884,-5.657869,-8.106961,4.441e-16
GNN,ch4t-test-001377,9,3.055993,-0.492893,1.471783,-0.131106,-4.114145,-8.017922,4.441e-16
GNN,ch4t-test-001378,6,-0.031932,0.436565,-0.009990,0.108788,-7.826036,-8.329467,0.000e+00
GNN,ch4t-test-001379,5,0.045213,1.936087,-0.364917,0.055206,-6.234754,-7.906342,0.000e+00
GNN,ch4t-test-001380,6,3.244525,0.061446,0.876728,0.279698,-3.556080,-8.018477,0.000e+00
GNN,ch4t-test-001381,5,-0.007078,1.094955,-0.149271,-0.214278,-7.223063,-7.947391,0.000e+00
GNN,ch4t-test-001382,9,1.864306,-0.231381,1.151396,-0.170524,-5.548969,-8.162766,0.000e+00
GNN,ch4t-test-001383,5,-0.088885,-0.364127,1.573947,-0.270962,-6.608486,-7.458459,1.110e-16
GNN,ch4t-test-001384,8,1.733636,-0.229185,1.017724,-0.366001,-5.700260,-7.856434,4.441e-16
GNN,ch4t-test-001385,12,4.115525,-0.823341,-1.413802,1.169665,-4.409743,-7.457790,0.000e+00
GNN,ch4t-test-001386,6,0.385206,0.200747,0.597575,0.070782,-6.433294,-7.687604,0.000e+00
GNN,ch4t-test-001387,12,3.157824,-0.375648,0.925106,0.288285,-4.188500,-8.184067,4.441e-16
GNN,ch4t-test-001388,5,-0.086924,0.999267,0.053861,-0.007789,-7.032165,-7.990580,0.000e+00
GNN,ch4t-test-001389,9,2.162285,0.577297,0.844996,-0.126959,-4.544306,-8.001923,0.000e+00
GNN,ch4t-test-001390,7,0.120889,0.534821,0.593567,-0.164772,-6.782087,-7.866592,0.000e+00
GNN,ch4t-test-001391,10,0.033962,1.213906,-0.010568,-0.005801,-6.814845,-8.046344,0.000e+00
GNN,ch4t-test-001392,6,1.051385,-1.223224,0.994338,-0.167360,-7.371200,-8.026339,2.220e-16
GNN,ch4t-test-001393,7,0.219740,0.112637,1.191020,-0.835800,-7.277590,-7.965187,1.110e-16
GNN,ch4t-test-001394,4,4.943226,-1.173544,-0.640465,1.295604,-3.738567,-8.163388,8.882e-16
GNN,ch4t-test-001395,12,1.996681,0.778858,0.752403,-0.048743,-3.926892,-7.406092,0.000e+00
GNN,ch4t-test-001396,10,4.283729,-1.283796,-0.502663,1.694505,-5.066494,-9.258269,0.000e+00
GNN,ch4t-test-001397,10,0.861404,-0.343198,0.987652,0.911522,-5.239284,-7.656663,0.000e+00
GNN,ch4t-test-001398,10,3.121459,-0.586391,0.569082,0.105464,-4.679602,-7.889216,0.000e+00
GNN,ch4t-test-001399,12,3.276158,-0.451785,1.740279,0.263205,-2.926244,-7.754102,0.000e+00
GNN,ch4t-test-001400,10,2.393512,0.306271,0.778311,0.360492,-4.161802,-8.000387,4.441e-16
GNN,ch4t-test-001401,12,2.534998,0.436370,0.545130,-0.195323,-4.505182,-7.826357,0.000e+00
GNN,ch4t-test-001402,11,1.748029,0.805977,0.288366,0.211603,-4.689377,-7.743352,4.441e-16
GNN,ch4t-test-001403,7,0.884053,1.124044,0.409739,-0.300936,-6.084298,-8.201198,0.000e+00
GNN,ch4t-test-001404,11,2.703710,-1.373023,1.777265,0.023917,-4.676856,-7.808725,4.441e-16
GNN,ch4t-test-001405,12,-0.255513,1.345478,-0.210770,0.059746,-6.516282,-7.455222,1.110e-16
GNN,ch4t-test-001406,9,2.494529,-0.898445,1.921484,0.254926,-4.330344,-8.102839,0.000e+00
GNN,ch4t-test-001407,6,4.441394,-0.251153,-0.488725,0.436730,-4.427623,-8.565868,0.000e+00
GNN,ch4t-test-001408,6,-0.308289,2.265891,-0.400237,0.090927,-6.074141,-7.722433,2.220e-16
GNN,ch4t-test-001409,11,3.028541,1.111073,-0.460134,0.217966,-4.356546,-8.253992,8.882e-16
GNN,ch4t-test-001410,5,-0.099123,0.658367,-0.452441,-0.053462,-7.246877,-7.300217,6.939e-17
GNN,ch4t-test-001411,6,2.433293,0.025777,0.997337,0.189469,-4.373190,-8.019065,4.441e-16
GNN,ch4t-test-001412,9,2.569975,1.110056,-0.289627,0.727726,-4.177327,-8.295457,0.000e+00
GNN,ch4t-test-001413,12,3.150648,-0.450451,1.411041,-0.043258,-3.805469,-7.873449,0.000e+00
GNN,ch4t-test-001414,11,3.122876,-0.872215,0.509962,0.173465,-4.254135,-7.188222,4.441e-16
GNN,ch4t-test-001415,5,2.344920,0.517258,1.158384,-0.086924,-4.296024,-8.229662,4.441e-16
GNN,ch4t-test-001416,8,0.029411,1.098371,-0.071338,-0.012914,-6.758272,-7.801802,2.220e-16
GNN,ch4t-test-001417,9,2.432225,0.593434,0.221612,0.701219,-3.861730,-7.810221,4.441e-16
GNN,ch4t-test-001418,7,-0.100708,1.885918,-0.305857,0.187215,-6.179021,-7.845588,2.220e-16
GNN,ch4t-test-001419,7,5.429939,-1.010579,-1.283019,1.044516,-4.170710,-8.351567,0.000e+00
GNN,ch4t-test-001420,4,1.530450,-1.449866,1.355282,0.214845,-6.161471,-7.812183,2.220e-16
GNN,ch4t-test-001421,9,-0.187194,-1.828495,0.557909,-0.110566,-9.108890,-7.540544,2.220e-16
GNN,ch4t-test-001422,12,1.581687,1.582210,0.934463,-0.208507,-4.312023,-8.201876,4.441e-16
GNN,ch4t-test-001423,10,2.093267,-0.905681,1.081387,0.201974,-5.515759,-7.986706,0.000e+00
GNN,ch4t-test-001424,7,0.674743,-1.076897,0.734142,0.259108,-7.188696,-7.779791,0.000e+00
GNN,ch4t-test-001425,5,1.842448,-1.291624,1.905354,0.135970,-5.447350,-8.039498,8.882e-16
GNN,ch4t-test-001426,10,1.308702,0.515768,0.804610,0.251045,-5.046532,-7.926658,4.441e-16
GNN,ch4t-test-001427,4,0.193479,0.664342,0.544280,-0.221623,-6.795884,-7.976362,2.220e-16
GNN,ch4t-test-001428,12,3.759734,-0.298251,-1.792014,0.816401,-5.520502,-8.006372,0.000e+00
GNN,ch4t-test-001429,6,0.803210,-0.358078,0.308749,-0.227226,-7.387492,-7.914148,1.110e-16
GNN,ch4t-test-001430,12,3.307951,-0.385777,1.346760,0.331887,-3.447002,-8.047825,0.000e+00
GNN,ch4t-test-001431,10,4.841715,-1.259839,-0.674673,0.963870,-3.920618,-7.791691,0.000e+00
GNN,ch4t-test-001432,8,1.233429,-1.016324,2.440521,-0.568291,-5.618062,-7.707397,0.000e+00
GNN,ch4t-test-001433,4,0.515630,-0.848781,1.732394,0.241343,-6.226881,-7.867466,0.000e+00
GNN,ch4t-test-001434,6,-0.002663,0.765296,-0.007028,0.112745,-7.032749,-7.901097,1.110e-16
GNN,ch4t-test-001435,4,1.873304,-0.162934,0.579537,0.325002,-5.565951,-8.180860,4.441e-16
GNN,ch4t-test-001436,8,0.238074,0.435839,-0.106465,-0.048946,-7.672000,-8.190501,1.110e-16
GNN,ch4t-test-001437,5,1.346666,0.265837,0.002011,0.510836,-5.987510,-8.112861,0.000e+00
GNN,ch4t-test-001438,4,1.296500,-0.088747,0.205998,0.541873,-5.610408,-7.566031,0.000e+00
GNN,ch4t-test-001439,8,1.735126,0.658113,0.285848,0.624072,-4.530236,-7.833396,0.000e+00
GNN,ch4t-test-001440,10,2.612138,-1.026409,1.134433,0.011916,-5.075935,-7.808013,4.441e-16
GNN,ch4t-test-001441,9,2.418914,-1.189576,1.285818,-0.375717,-5.685485,-7.824923,0.000e+00
GNN,ch4t-test-001442,11,4.061631,-0.585915,0.803883,0.375799,-2.949401,-7.604800,8.882e-16
GNN,ch4t-test-001443,6,4.275314,-0.466478,1.012981,0.012359,-3.363450,-8.197627,0.000e+00
GNN,ch4t-test-001444,12,2.948513,-0.115058,0.383480,1.095931,-3.357212,-7.670079,0.000e+00
GNN,ch4t-test-001445,10,0.310603,1.503541,1.473620,-0.134404,-4.810444,-7.963804,0.000e+00
GNN,ch4t-test-001446,4,-0.004402,0.114616,0.013331,0.048466,-7.617879,-7.789890,0.000e+00
GNN,ch4t-test-001447,11,2.583911,0.046873,0.936821,0.213117,-3.961078,-7.741800,4.441e-16
GNN,ch4t-test-001448,10,0.524320,-0.722593,0.342431,-0.141649,-7.802714,-7.805224,1.110e-16
GNN,ch4t-test-001449,5,1.843612,0.575016,0.243022,0.429051,-4.709874,-7.800575,4.441e-16
GNN,ch4t-test-001450,4,1.929608,0.615606,0.520191,-0.170283,-4.900561,-7.795683,0.000e+00
GNN,ch4t-test-001451,4,1.906723,-0.389215,0.379015,0.633939,-4.727895,-7.258356,4.441e-16
GNN,ch4t-test-001452,4,0.995971,-0.851312,1.149171,-0.049964,-6.698500,-7.942367,2.220e-16
GNN,ch4t-test-001453,5,0.870538,0.382182,0.052439,0.034123,-7.050811,-8.390094,0.000e+00
GNN,ch4t-test-001454,10,0.765054,-0.221270,0.768224,-0.453149,-7.251230,-8.110090,0.000e+00
GNN,ch4t-test-001455,5,1.526582,-0.872364,1.666307,-0.773386,-6.824487,-8.371627,6.661e-16
GNN,ch4t-test-001456,9,1.780515,-0.138611,0.638808,0.568894,-4.612464,-7.462069,0.000e+00
GNN,ch4t-test-001457,9,0.163689,-1.218748,0.900557,-0.768934,-8.715980,-7.792543,0.000e+00
GNN,ch4t-test-001458,8,0.329295,-1.124019,0.748650,-0.094396,-8.318247,-8.177777,5.551e-17
GNN,ch4t-test-001459,6,1.151867,0.562172,-0.007942,0.381177,-5.577911,-7.665185,0.000e+00
GNN,ch4t-test-001460,6,0.031771,-0.707576,0.120451,0.200976,-8.630756,-8.276379,5.551e-17
GNN,ch4t-test-001461,7,1.399142,1.064896,0.562936,0.177891,-4.859906,-8.064771,0.000e+00
GNN,ch4t-test-001462,8,5.409390,-2.156444,-0.755134,0.652775,-4.098785,-7.249372,8.882e-16
GNN,ch4t-test-001463,12,1.673938,0.735970,0.651469,0.313457,-5.139402,-8.514236,0.000e+00
GNN,ch4t-test-001464,9,5.544929,-1.367405,-0.914701,0.711614,-4.029239,-8.003676,8.882e-16
GNN,ch4t-test-001465,5,-0.411675,0.835963,-0.381628,0.431725,-7.455508,-7.929893,0.000e+00
GNN,ch4t-test-001466,8,2.998278,0.341985,1.538313,-0.477381,-3.728510,-8.129705,8.882e-16
GNN,ch4t-test-001467,5,0.016706,-0.041250,0.037805,-0.059644,-7.862365,-7.815982,2.776e-17
GNN,ch4t-test-001468,11,1.452800,0.241157,1.215121,0.047519,-4.906685,-7.863281,4.441e-16
GNN,ch4t-test-001469,5,2.651280,0.404212,0.017999,0.175975,-4.777795,-8.027262,0.000e+00
GNN,ch4t-test-001470,6,1.811401,0.495876,0.024938,0.785866,-4.910605,-8.028685,0.000e+00
GNN,ch4t-test-001471,11,2.299157,0.696340,0.522666,0.290771,-4.334855,-8.143789,4.441e-16
GNN,ch4t-test-001472,10,1.359045,0.403353,0.295025,-0.082432,-5.845440,-7.820431,2.220e-16
GNN,ch4t-test-001473,5,0.405308,-0.230828,0.775723,-0.306972,-7.161696,-7.804926,0.000e+00
GNN,ch4t-test-001474,6,1.387897,-0.670619,1.088418,-0.207514,-6.133606,-7.731788,2.220e-16
GNN,ch4t-test-001475,4,0.150792,-0.477947,0.165842,0.033190,-8.008399,-7.880276,0.000e+00
GNN,ch4t-test-001476,8,0.014149,1.497247,-0.159543,0.139202,-6.370224,-7.861280,2.220e-16
GNN,ch4t-test-001477,9,2.164920,0.575697,0.289534,0.354770,-4.268131,-7.653053,4.441e-16
GNN,ch4t-test-001478,10,1.919347,0.418094,0.559523,-0.057453,-4.962136,-7.801647,0.000e+00
GNN,ch4t-test-001479,11,2.088048,-1.194321,0.884240,0.718276,-5.397612,-7.893855,4.441e-16
GNN,ch4t-test-001480,4,-0.152002,0.161970,-0.113271,0.352749,-7.823168,-8.072613,2.776e-17
GNN,ch4t-test-001481,11,1.316850,-0.489201,0.591431,-0.594987,-6.995127,-7.819220,0.000e+00
GNN,ch4t-test-001482,4,2.125485,-0.463229,0.847927,0.439908,-4.938944,-7.889035,0.000e+00
GNN,ch4t-test-001483,7,1.625677,-0.848539,1.667922,-0.181046,-5.655718,-7.919732,0.000e+00
GNN,ch4t-test-001484,8,4.415392,-0.303728,0.988184,-0.254896,-3.233925,-8.078877,8.882e-16
GNN,ch4t-test-001485,7,3.106992,0.478245,2.011524,0.277112,-2.045227,-7.919100,0.000e+00
GNN,ch4t-test-001486,8,0.663538,0.341231,0.389059,0.168552,-6.554821,-8.117201,2.220e-16
GNN,ch4t-test-001487,10,2.469850,0.401503,0.972413,0.445178,-3.560999,-7.849943,0.000e+00
GNN,ch4t-test-001488,6,0.023312,0.692819,-0.085637,0.177608,-7.297762,-8.105864,0.000e+00
GNN,ch4t-test-001489,10,3.000039,-1.190292,1.034883,0.308669,-4.558860,-7.712159,4.441e-16
GNN,ch4t-test-001490,11,4.116333,0.300112,-2.545524,0.038815,-5.959612,-7.869348,0.000e+00
GNN,ch4t-test-001491,4,0.153960,-0.224033,0.945175,-0.541101,-7.895308,-8.229310,0.000e+00
GNN,ch4t-test-001492,7,1.594924,-0.365806,0.544926,0.673483,-5.910956,-8.358482,0.000e+00
GNN,ch4t-test-001493,6,-0.040728,0.869446,0.019505,0.087158,-7.130894,-8.066276,1.110e-16
GNN,ch4t-test-001494,7,-0.243710,-0.186612,0.188256,0.237930,-8.028584,-8.024447,0.000e+00
GNN,ch4t-test-001495,7,1.824899,-0.107883,0.831761,0.264417,-4.438244,-7.251439,0.000e+00
GNN,ch4t-test-001496,7,2.032940,-0.076727,0.930385,0.030780,-4.939829,-7.857206,4.441e-16
GNN,ch4t-test-001497,7,3.448838,0.072188,-1.092872,-0.038400,-6.020314,-8.410068,4.441e-16
GNN,ch4t-test-001498,6,-0.168587,1.257347,-0.168391,0.065171,-6.851072,-7.836612,1.110e-16
GNN,ch4t-test-001499,11,2.245363,-0.236953,1.025889,-0.223461,-5.567018,-8.377856,4.441e-16
GNN,ch4t-test-001500,11,4.362915,-0.128965,-0.488623,0.198850,-3.861857,-7.806034,0.000e+00
GNN,ch4t-test-001501,4,1.416749,0.336945,0.575366,-0.140294,-5.697906,-7.886672,4.441e-16
GNN,ch4t-test-001502,6,4.696499,-0.668390,-0.249774,0.564839,-2.936598,-7.279772,0.000e+00
GNN,ch4t-test-001503,10,0.440991,-2.259376,2.572285,-0.701178,-8.076614,-8.129336,0.000e+00
GNN,ch4t-test-001504,11,4.337821,-1.160270,-1.288132,0.409602,-5.607876,-7.906897,0.000e+00
GNN,ch4t-test-001505,9,1.942445,-0.253498,1.574680,0.309470,-4.418418,-7.991514,4.441e-16
GNN,ch4t-test-001506,8,4.773925,-1.090837,-0.785758,1.404176,-3.572347,-7.873853,8.882e-16
GNN,ch4t-test-001507,12,0.804643,1.988803,-0.168463,0.257490,-5.067519,-7.949992,4.441e-16
GNN,ch4t-test-001508,6,0.060615,1.472703,-0.126615,0.022698,-6.584113,-8.013515,2.220e-16
GNN,ch4t-test-001509,5,-0.030734,0.324671,0.021252,-0.025481,-8.002660,-8.292368,0.000e+00
GNN,ch4t-test-001510,10,1.888129,0.753601,0.013117,0.252884,-5.420450,-8.328181,4.441e-16
GNN,ch4t-test-001511,12,4.688619,-0.469830,-0.974014,0.813047,-3.852131,-7.909953,8.882e-16
GNN,ch4t-test-001512,11,4.225515,-1.071742,-1.107352,0.225604,-5.373746,-7.645771,0.000e+00
GNN,ch4t-test-001513,7,0.003489,0.753287,-0.018988,-0.054368,-7.104312,-7.787732,0.000e+00
GNN,ch4t-test-001514,5,0.001399,0.192721,0.044188,0.062871,-7.686878,-7.988058,0.000e+00
GNN,ch4t-test-001515,9,2.635035,0.145034,0.794422,0.287635,-4.156555,-8.018682,0.000e+00
GNN,ch4t-test-001516,4,2.470705,-0.590663,0.692973,0.256173,-5.406645,-8.235833,4.441e-16
GNN,ch4t-test-001517,4,3.682425,-0.204761,1.008153,-0.366441,-3.655183,-7.774560,0.000e+00
GNN,ch4t-test-001518,10,0.578181,0.699256,-0.030054,-0.176722,-6.954829,-8.025490,0.000e+00
GNN,ch4t-test-001519,6,0.295487,-0.904931,0.285108,0.031006,-7.985616,-7.692285,1.110e-16
GNN,ch4t-test-001520,4,0.539222,0.902678,0.662922,-0.093047,-6.195740,-8.207515,0.000e+00
GNN,ch4t-test-001521,8,2.584056,-0.974480,0.645091,0.324734,-5.228105,-7.807506,0.000e+00
GNN,ch4t-test-001522,8,1.669628,-1.519856,1.539438,-0.174884,-6.343484,-7.857810,2.220e-16
GNN,ch4t-test-001523,11,0.614740,-0.276377,1.067215,-0.158224,-6.269352,-7.516706,2.220e-16
GNN,ch4t-test-001524,11,1.893083,0.912349,0.335016,0.212950,-4.644255,-7.997653,0.000e+00
GNN,ch4t-test-001525,8,3.931037,-2.115848,0.575605,0.281339,-3.995122,-6.667254,4.441e-16
GNN,ch4t-test-001526,9,5.153256,-0.787394,-0.509440,0.499533,-3.834131,-8.190087,0.000e+00
GNN,ch4t-test-001527,7,1.403176,-0.446194,0.740400,-0.252127,-6.570712,-8.015966,0.000e+00
GNN,ch4t-test-001528,4,-0.040851,-1.851156,2.248278,-0.068505,-7.650880,-7.938646,2.220e-16
GNN,ch4t-test-001529,6,0.005599,-0.358192,0.318903,-0.079769,-7.994979,-7.881519,2.776e-17
GNN,ch4t-test-001530,12,5.217029,-0.800705,-0.522251,0.683766,-3.439418,-8.017257,0.000e+00
GNN,ch4t-test-001531,6,3.002343,-0.322420,0.987603,0.068004,-4.040444,-7.775975,0.000e+00
GNN,ch4t-test-001532,6,4.837572,-1.557777,-0.828084,1.682588,-3.845376,-7.979674,8.882e-16
GNN,ch4t-test-001533,5,1.373610,-0.690665,1.278428,0.379526,-5.993472,-8.334371,4.441e-16
GNN,ch4t-test-001534,12,3.434785,0.272775,0.006800,0.231506,-3.866580,-7.812445,4.441e-16
GNN,ch4t-test-001535,11,2.893087,-0.168935,1.529766,-0.025377,-4.060521,-8.289062,8.882e-16
GNN,ch4t-test-001536,9,1.675938,-1.435877,1.739040,-1.005159,-7.205546,-8.179487,4.441e-16
GNN,ch4t-test-001537,9,1.557954,-0.703231,0.830279,-0.108975,-6.477158,-8.053185,0.000e+00
GNN,ch4t-test-001538,10,1.372529,0.955294,0.471570,0.036046,-5.325408,-8.160846,4.441e-16
GNN,ch4t-test-001539,12,0.025630,0.078475,0.815176,-0.081628,-6.769728,-7.607380,1.110e-16
GNN,ch4t-test-001540,12,3.427248,-0.014679,1.096939,0.303743,-2.992813,-7.806063,8.882e-16
GNN,ch4t-test-001541,7,2.313041,0.308767,0.941922,0.283181,-5.068715,-8.915625,0.000e+00
GNN,ch4t-test-001542,11,3.661808,0.129317,1.235822,0.056910,-2.422938,-7.506796,8.882e-16
GNN,ch4t-test-001543,10,0.297061,0.207703,0.915957,-0.395268,-7.142401,-8.167855,2.220e-16
GNN,ch4t-test-001544,9,4.089006,-0.049720,-0.778122,1.040490,-3.913635,-8.215288,0.000e+00
GNN,ch4t-test-001545,10,1.342362,-0.843210,1.194343,0.981663,-5.499371,-8.174529,0.000e+00
GNN,ch4t-test-001546,5,-0.064221,1.232274,0.022214,-0.116785,-6.747573,-7.821056,0.000e+00
GNN,ch4t-test-001547,5,4.948503,-0.264178,-1.738302,1.349565,-3.784622,-8.080210,8.882e-16
GNN,ch4t-test-001548,8,1.347027,-0.783058,1.153652,-0.087774,-6.310675,-7.940522,0.000e+00
GNN,ch4t-test-001549,7,-0.033395,0.871080,0.084850,-0.095980,-6.974125,-7.800680,0.000e+00
GNN,ch4t-test-001550,12,1.497908,-1.361393,-1.186038,0.120319,-8.676208,-7.747005,2.220e-16
GNN,ch4t-test-001551,4,-0.147822,0.249658,-0.050911,0.092074,-7.981022,-8.124020,0.000e+00
GNN,ch4t-test-001552,9,1.071649,0.363900,0.217289,0.359134,-6.011902,-8.023875,0.000e+00
GNN,ch4t-test-001553,11,4.540721,-0.686871,-0.153574,1.134572,-3.653715,-8.488563,8.882e-16
GNN,ch4t-test-001554,9,2.789444,-1.490458,2.023563,0.088176,-4.798839,-8.209564,8.882e-16
GNN,ch4t-test-001555,7,2.330649,-0.307423,0.316899,0.417375,-5.114481,-7.871981,0.000e+00
GNN,ch4t-test-001556,7,1.962912,-0.449693,1.016926,0.882936,-4.506173,-7.919254,0.000e+00
GNN,ch4t-test-001557,12,4.098216,-1.205136,-0.866072,0.327383,-5.439589,-7.793979,0.000e+00
GNN,ch4t-test-001558,4,1.663704,-0.059526,0.655445,-0.318578,-5.930193,-7.871238,0.000e+00
GNN,ch4t-test-001559,8,0.351025,-0.044639,1.418502,-0.041480,-6.580802,-8.264210,4.441e-16
GNN,ch4t-test-001560,6,-0.210138,1.471861,-0.248754,0.204211,-7.173201,-8.390381,2.220e-16
GNN,ch4t-test-001561,5,-0.005025,0.321524,-0.009665,-0.057778,-8.006108,-8.255165,2.776e-17
GNN,ch4t-test-001562,12,1.469783,0.322764,1.175491,0.006875,-4.997811,-7.972725,0.000e+00
GNN,ch4t-test-001563,7,5.159687,-1.419601,-1.315317,1.108325,-4.326395,-7.859489,0.000e+00
GNN,ch4t-test-001564,7,0.462635,0.526969,0.137894,-0.247069,-7.260151,-8.140579,0.000e+00
GNN,ch4t-test-001565,12,4.907624,-1.555912,-0.697431,1.584523,-4.229499,-8.468304,8.882e-16
GNN,ch4t-test-001566,6,1.660174,-2.680266,2.343555,-0.011381,-6.217436,-7.529517,2.220e-16
GNN,ch4t-test-001567,5,0.812506,1.252659,-0.042789,0.003312,-5.510933,-7.536620,0.000e+00
GNN,ch4t-test-001568,10,0.132908,-0.699114,-0.068717,-0.059484,-8.438051,-7.743643,1.110e-16
GNN,ch4t-test-001569,4,1.472893,0.888446,0.002805,0.242247,-5.369414,-7.975805,0.000e+00
GNN,ch4t-test-001570,7,1.799906,-0.061702,0.956575,0.165981,-4.877071,-7.737831,4.441e-16
GNN,ch4t-test-001571,12,2.561366,0.120791,0.967513,0.030659,-3.723879,-7.404209,4.441e-16
GNN,ch4t-test-001572,6,0.682641,-1.293304,1.247984,0.039340,-7.384148,-8.060809,1.110e-16
GNN,ch4t-test-001573,9,-0.337652,0.883230,-0.114334,-0.187308,-7.641726,-7.885663,0.000e+00
GNN,ch4t-test-001574,12,2.118915,-0.322033,0.838108,0.653825,-4.686031,-7.974845,0.000e+00
GNN,ch4t-test-001575,4,-0.016139,0.634101,-0.006699,-0.182939,-7.574205,-8.002528,5.551e-17
GNN,ch4t-test-001576,6,1.932564,-1.706283,1.203948,-0.127790,-6.487802,-7.790240,4.441e-16
GNN,ch4t-test-001577,4,1.421616,0.939792,0.414767,0.102558,-5.396522,-8.275254,0.000e+00
GNN,ch4t-test-001578,10,2.474894,0.386375,1.219092,0.107482,-3.478026,-7.665870,8.882e-16
GNN,ch4t-test-001579,10,-0.023685,-0.453780,0.017359,0.103818,-8.289775,-7.933487,0.000e+00
GNN,ch4t-test-001580,5,0.033430,0.628738,-0.108346,0.004809,-7.721254,-8.279885,0.000e+00
GNN,ch4t-test-001581,7,0.089711,-1.162925,0.741306,-0.191738,-8.606242,-8.082596,2.220e-16
GNN,ch4t-test-001582,11,4.666589,-0.194785,-1.385932,1.427585,-3.502013,-8.015471,0.000e+00
GNN,ch4t-test-001583,10,2.832106,0.207816,0.748221,0.182840,-3.917553,-7.888536,4.441e-16
GNN,ch4t-test-001584,11,2.079384,0.951311,0.493631,0.061068,-4.843393,-8.428787,0.000e+00
GNN,ch4t-test-001585,8,-0.076306,0.250370,0.330328,0.000121,-7.958497,-8.463011,1.110e-16
GNN,ch4t-test-001586,4,2.067129,0.241269,0.792421,0.720486,-3.997371,-7.818675,4.441e-16
GNN,ch4t-test-001587,8,-0.006823,1.445046,-0.148439,0.068396,-6.444137,-7.802318,0.000e+00
GNN,ch4t-test-001588,6,-0.034999,0.336647,0.219015,-0.055068,-7.523098,-7.988692,5.551e-17
GNN,ch4t-test-001589,7,0.076403,0.851859,-0.123718,-0.002633,-7.114363,-7.916275,1.110e-16
GNN,ch4t-test-001590,10,-0.137644,2.218096,-0.365401,0.315730,-5.986126,-8.016908,0.000e+00
GNN,ch4t-test-001591,6,2.766480,-0.258531,0.447821,0.435905,-4.879330,-8.271005,0.000e+00
GNN,ch4t-test-001592,6,1.228475,-1.668284,0.255046,0.121890,-7.963006,-7.900134,2.220e-16
GNN,ch4t-test-001593,10,2.714421,1.256244,-0.134312,0.221679,-3.584397,-7.642429,0.000e+00
GNN,ch4t-test-001594,10,0.166552,2.113544,-0.234745,0.121191,-6.298663,-8.465205,0.000e+00
GNN,ch4t-test-001595,12,0.699903,0.205816,1.115294,-0.360685,-6.479639,-8.139967,0.000e+00
GNN,ch4t-test-001596,7,2.014047,-0.605167,0.461079,0.138562,-5.808501,-7.817021,4.441e-16
GNN,ch4t-test-001597,5,2.024309,0.454695,0.550681,0.278846,-4.545869,-7.854399,4.441e-16
GNN,ch4t-test-001598,10,2.067335,-1.120905,1.768328,-0.302690,-5.473152,-7.885219,4.441e-16
GNN,ch4t-test-001599,8,0.617316,-1.491681,1.221087,0.212832,-7.215745,-7.775299,0.000e+00
GNN,ch4t-test-001600,6,0.164666,1.634707,-0.307627,-0.031890,-7.135383,-8.595238,0.000e+00
GNN,ch4t-test-001601,4,1.543563,-0.634755,0.791622,-0.078943,-6.145848,-7.767335,0.000e+00
GNN,ch4t-test-001602,5,2.844238,0.633656,0.207484,0.379100,-3.898583,-7.963062,0.000e+00
GNN,ch4t-test-001603,10,1.944009,0.253370,0.676913,0.385137,-4.801965,-8.061394,0.000e+00
GNN,ch4t-test-001604,6,4.316499,-1.090035,-1.345526,0.787518,-5.180581,-7.849037,0.000e+00
GNN,ch4t-test-001605,5,1.443643,0.875606,0.828984,0.133677,-4.961111,-8.243022,0.000e+00
GNN,ch4t-test-001606,7,2.504873,-0.748317,0.886510,0.396862,-5.079119,-8.119046,0.000e+00
GNN,ch4t-test-001607,4,2.761863,-0.096501,0.119881,0.404328,-4.782574,-7.972146,4.441e-16
GNN,ch4t-test-001608,10,0.613430,0.905209,0.420360,-0.344872,-5.952437,-7.546563,0.000e+00
GNN,ch4t-test-001609,4,-0.040688,0.644743,-0.030737,0.075182,-6.974934,-7.623434,0.000e+00
GNN,ch4t-test-001610,6,-0.160691,-0.234737,1.110434,0.407841,-7.022667,-8.145514,2.220e-16
GNN,ch4t-test-001611,7,0.931902,0.069566,0.291913,-0.066489,-6.360178,-7.587070,0.000e+00
GNN,ch4t-test-001612,6,0.884131,1.355860,0.597041,0.187152,-4.912302,-7.936487,0.000e+00
GNN,ch4t-test-001613,11,1.238332,-0.162276,0.342458,-0.388854,-7.129170,-8.158830,2.220e-16
GNN,ch4t-test-001614,5,2.063564,-0.551249,0.248600,0.388782,-5.998527,-8.148224,0.000e+00
GNN,ch4t-test-001615,9,1.789175,-1.191392,1.970610,0.691940,-4.651560,-7.911894,0.000e+00
GNN,ch4t-test-001616,8,2.006553,0.725671,1.191228,0.253144,-3.286687,-7.463282,0.000e+00
GNN,ch4t-test-001617,4,-0.267281,0.519667,-0.225600,0.267019,-7.614953,-7.908758,5.551e-17
GNN,ch4t-test-001618,9,0.607225,-0.367192,1.196374,-0.632888,-7.308708,-8.112227,4.441e-16
GNN,ch4t-test-001619,6,3.098026,-1.203425,0.301539,-0.046902,-6.037221,-8.186458,4.441e-16
GNN,ch4t-test-001620,11,2.857682,1.113401,0.803024,0.143450,-3.003307,-7.920864,8.882e-16
GNN,ch4t-test-001621,11,-0.238781,1.181766,-0.285841,0.054608,-7.035945,-7.747696,1.110e-16
GNN,ch4t-test-001622,10,2.432412,0.177513,1.332828,0.458432,-3.605006,-8.006190,8.882e-16
GNN,ch4t-test-001623,4,2.007508,-0.934147,0.906627,0.051740,-5.378902,-7.410631,0.000e+00
GNN,ch4t-test-001624,5,0.075344,1.243849,-0.022231,-0.134020,-6.796529,-7.959471,0.000e+00
GNN,ch4t-test-001625,9,3.043366,-0.538757,1.009752,0.357233,-4.269536,-8.141131,0.000e+00
GNN,ch4t-test-001626,11,4.022681,0.187065,0.307759,0.270031,-3.298831,-8.086367,8.882e-16
GNN,ch4t-test-001627,6,2.594940,1.133685,0.900903,0.658785,-2.949778,-8.238091,8.882e-16
GNN,ch4t-test-001628,7,0.644544,0.684054,1.657581,0.201922,-4.629303,-7.817405,0.000e+00
GNN,ch4t-test-001629,12,0.016197,1.362844,-0.025437,0.159655,-6.550289,-8.063549,2.220e-16
GNN,ch4t-test-001630,10,0.079185,1.045193,-0.042933,0.008636,-7.046221,-8.136302,2.220e-16
GNN,ch4t-test-001631,4,1.616160,-0.277249,0.540155,0.370452,-5.533594,-7.783113,0.000e+00
GNN,ch4t-test-001632,10,1.057197,0.298514,-0.050893,-0.583693,-7.188518,-7.909645,0.000e+00
GNN,ch4t-test-001633,6,0.020815,0.638291,0.012414,0.138652,-7.079082,-7.889252,0.000e+00
GNN,ch4t-test-001634,4,-0.015980,-0.579171,-0.012452,0.313861,-8.051114,-7.757371,1.110e-16
GNN,ch4t-test-001635,12,1.788785,0.966506,0.842143,0.606268,-3.420885,-7.624586,8.882e-16
GNN,ch4t-test-001636,5,-0.046611,0.340611,0.129175,0.160394,-7.346994,-7.930563,0.000e+00
GNN,ch4t-test-001637,11,0.005308,1.497645,-0.242675,0.048053,-6.414267,-7.722598,2.220e-16
GNN,ch4t-test-001638,11,1.018188,-1.186598,1.325210,-0.149696,-6.633231,-7.640335,2.220e-16
GNN,ch4t-test-001639,10,2.056342,-0.770659,1.380479,-0.024726,-5.304215,-7.945651,0.000e+00
GNN,ch4t-test-001640,11,4.243521,-0.982271,-1.176916,1.254736,-4.580560,-7.919631,0.000e+00
GNN,ch4t-test-001641,7,3.576612,-0.069274,0.336897,0.353197,-4.124859,-8.322291,0.000e+00
GNN,ch4t-test-001642,6,1.504227,0.575762,0.639942,-0.219035,-4.594880,-7.095775,0.000e+00
GNN,ch4t-test-001643,4,1.768936,-0.031884,0.450510,-0.175199,-5.834368,-7.846731,0.000e+00
GNN,ch4t-test-001644,9,-0.032440,-0.082380,1.911834,-1.347915,-7.347460,-7.796559,4.441e-16
GNN,ch4t-test-001645,11,4.386650,-0.423431,-0.228330,0.325063,-4.027001,-8.086954,0.000e+00
GNN,ch4t-test-001646,7,0.914276,-1.367752,0.718426,0.320798,-7.020938,-7.606687,2.220e-16
GNN,ch4t-test-001647,5,0.418326,0.024158,0.420737,-0.180258,-6.873061,-7.556024,0.000e+00
GNN,ch4t-test-001648,4,0.020802,0.809828,-0.238634,0.099162,-7.256530,-7.947689,0.000e+00
GNN,ch4t-test-001649,5,1.279905,0.752008,0.377085,0.935158,-4.932333,-8.276489,0.000e+00
GNN,ch4t-test-001650,12,1.984916,0.598295,0.956981,0.265167,-4.251320,-8.056678,4.441e-16
GNN,ch4t-test-001651,7,1.427283,-0.271007,0.634221,-0.257917,-6.175879,-7.708460,0.000e+00
GNN,ch4t-test-001652,8,2.386088,0.076689,0.345210,0.029525,-4.811004,-7.648518,4.441e-16
GNN,ch4t-test-001653,7,1.408285,-0.810887,0.763058,0.488242,-6.276334,-8.125032,0.000e+00
GNN,ch4t-test-001654,6,-0.103096,1.375015,-0.155855,0.119259,-6.958531,-8.193855,0.000e+00
GNN,ch4t-test-001655,11,0.932301,0.818232,0.371835,0.009492,-5.704366,-7.836225,0.000e+00
GNN,ch4t-test-001656,4,-0.213301,-1.080891,0.240228,0.081591,-8.710550,-7.738178,1.110e-16
GNN,ch4t-test-001657,7,0.621183,0.661344,0.490769,-0.244006,-6.524928,-8.054218,0.000e+00
GNN,ch4t-test-001658,10,2.801954,0.509290,0.682355,0.395433,-3.466773,-7.855805,0.000e+00
GNN,ch4t-test-001659,11,-1.063331,-1.550586,0.256967,0.866250,-9.290676,-7.799976,0.000e+00
GNN,ch4t-test-001660,6,2.340867,-1.025984,1.479560,0.024623,-5.123356,-7.942422,4.441e-16
GNN,ch4t-test-001661,4,0.136821,0.961905,-0.441536,-0.004961,-7.202702,-7.854931,1.110e-16
GNN,ch4t-test-001662,9,1.791385,-0.476163,1.252571,0.499028,-5.256393,-8.323215,0.000e+00
GNN,ch4t-test-001663,8,1.181809,-0.005046,0.915684,-0.175577,-6.071139,-7.988009,0.000e+00
GNN,ch4t-test-001664,8,5.176593,-1.319612,-0.629874,0.787272,-3.316865,-7.331244,8.882e-16
GNN,ch4t-test-001665,6,1.705820,0.118925,0.489316,0.309745,-5.028175,-7.651980,4.441e-16
GNN,ch4t-test-001666,8,0.003234,0.437502,-0.008766,0.049480,-7.463330,-7.944780,0.000e+00
GNN,ch4t-test-001667,12,-0.059280,-0.605518,0.170269,0.132300,-8.314997,-7.952767,1.110e-16
GNN,ch4t-test-001668,7,-0.055369,0.454483,-0.007223,0.134885,-7.268175,-7.794952,0.000e+00
GNN,ch4t-test-001669,7,3.310158,-0.703517,0.886502,0.342034,-3.653189,-7.488366,4.441e-16
GNN,ch4t-test-001670,10,0.002013,2.297474,-0.025711,0.092961,-6.141102,-8.507838,0.000e+00
GNN,ch4t-test-001671,8,1.735018,0.352592,0.112481,0.412515,-5.401996,-8.014602,0.000e+00
GNN,ch4t-test-001672,8,-0.038325,0.542168,-0.037783,0.118714,-7.379880,-7.964653,0.000e+00
GNN,ch4t-test-001673,6,3.550739,-0.342948,0.716004,0.288595,-4.217808,-8.430197,0.000e+00
GNN,ch4t-test-001674,7,-0.061999,2.152219,-0.303077,-0.049054,-5.852256,-7.590344,4.441e-16
GNN,ch4t-test-001675,8,3.713072,-0.247699,-0.448966,1.120856,-4.063125,-8.200389,0.000e+00
GNN,ch4t-test-001676,10,-0.419365,-0.647312,-0.012222,0.371953,-8.555734,-7.848788,0.000e+00
GNN,ch4t-test-001677,6,1.795736,0.284359,0.744628,0.028165,-6.226784,-9.079671,4.441e-16
GNN,ch4t-test-001678,4,3.266200,-0.649874,1.126004,0.626534,-3.695536,-8.064401,0.000e+00
GNN,ch4t-test-001679,10,1.680507,-1.209758,0.789444,-0.144426,-6.955097,-8.070864,4.441e-16
GNN,ch4t-test-001680,10,2.925922,-0.373171,1.078547,0.537642,-3.911197,-8.080136,8.882e-16
GNN,ch4t-test-001681,5,1.491415,-0.262870,0.709184,0.232279,-5.993446,-8.163455,0.000e+00
GNN,ch4t-test-001682,9,2.840363,0.179612,0.946712,0.438257,-3.673923,-8.078867,8.882e-16
GNN,ch4t-test-001683,9,1.555731,0.885728,0.550867,-0.015208,-4.825800,-7.802918,0.000e+00
GNN,ch4t-test-001684,5,0.861447,0.000736,1.549384,-0.033324,-5.516739,-7.894982,0.000e+00
GNN,ch4t-test-001685,11,2.214282,-0.013953,0.916028,-0.144619,-4.956674,-7.928413,4.441e-16
GNN,ch4t-test-001686,11,1.061674,-0.525713,0.703118,-0.128826,-6.675511,-7.785764,2.220e-16
GNN,ch4t-test-001687,5,0.492992,0.517779,-0.089745,0.112120,-6.826695,-7.859842,0.000e+00
GNN,ch4t-test-001688,4,-0.043231,0.790747,0.293423,-0.061401,-6.923296,-7.902833,1.110e-16
GNN,ch4t-test-001689,10,3.054978,-0.587072,0.925896,0.375512,-4.236430,-8.005745,4.441e-16
GNN,ch4t-test-001690,8,0.005952,1.114908,0.089559,-0.117634,-7.011311,-8.104095,0.000e+00
GNN,ch4t-test-001691,6,0.357503,-0.491974,0.352283,-0.093738,-7.726770,-7.850844,4.163e-17
GNN,ch4t-test-001692,9,1.934079,-0.268142,0.805660,0.182079,-5.340130,-7.993807,4.441e-16
GNN,ch4t-test-001693,6,-0.923395,-0.195709,1.592621,-0.249624,-7.637848,-7.861741,2.776e-17
GNN,ch4t-test-001694,4,4.402203,-1.455240,-0.798865,1.212828,-4.493222,-7.854147,4.441e-16
GNN,ch4t-test-001695,4,0.265241,-0.768395,0.311890,-0.064219,-7.738787,-7.483304,0.000e+00
GNN,ch4t-test-001696,4,2.236968,-1.045425,1.165769,0.323167,-5.463334,-8.143815,4.441e-16
GNN,ch4t-test-001697,12,0.042662,2.128768,-0.246961,0.173884,-5.963722,-8.062074,0.000e+00
GNN,ch4t-test-001698,7,4.192516,-1.720192,0.721996,-0.051050,-4.945569,-8.088840,0.000e+00
GNN,ch4t-test-001699,4,1.927277,0.259752,0.704637,0.147668,-5.267040,-8.306373,0.000e+00
GNN,ch4t-test-001700,11,0.911987,-0.235954,0.967869,-0.301683,-6.973315,-8.315533,0.000e+00
GNN,ch4t-test-001701,6,0.415029,0.580710,0.342061,0.040406,-6.495949,-7.874155,0.000e+00
GNN,ch4t-test-001702,6,-0.000102,0.338171,0.041614,0.072417,-7.330488,-7.782588,0.000e+00
GNN,ch4t-test-001703,9,1.857555,0.022156,1.246729,0.444859,-4.309848,-7.881147,4.441e-16
GNN,ch4t-test-001704,5,-0.016519,2.071648,-0.164403,-0.165713,-6.310363,-8.035376,2.220e-16
GNN,ch4t-test-001705,12,2.624551,-0.382361,1.414728,-0.078160,-4.393152,-7.971910,0.000e+00
GNN,ch4t-test-001706,5,2.597063,-0.253414,0.441334,0.398010,-4.790846,-7.973839,0.000e+00
GNN,ch4t-test-001707,7,1.614919,-0.692216,1.081238,0.300497,-5.449751,-7.754188,0.000e+00
GNN,ch4t-test-001708,8,-0.008325,0.687257,0.032668,0.109538,-6.768290,-7.589428,0.000e+00
GNN,ch4t-test-001709,8,2.984303,0.748625,1.079164,-0.249172,-3.480441,-8.043362,0.000e+00
GNN,ch4t-test-001710,8,-0.041383,1.474991,-0.337365,-0.055355,-6.861494,-7.902383,2.220e-16
GNN,ch4t-test-001711,9,1.193858,0.333216,-0.850506,0.970821,-5.736086,-7.383475,0.000e+00
GNN,ch4t-test-001712,4,1.398385,0.107394,0.257114,0.484984,-5.704828,-7.952704,0.000e+00
GNN,ch4t-test-001713,7,0.733286,-0.075590,0.103553,0.038496,-7.247053,-8.046798,1.110e-16
GNN,ch4t-test-001714,8,1.499672,0.032040,0.890363,-0.300528,-6.134789,-8.256335,4.441e-16
GNN,ch4t-test-001715,9,-0.012002,-0.844731,0.534831,-0.010057,-7.950834,-7.618875,0.000e+00
GNN,ch4t-test-001716,10,0.347572,-0.568300,1.817897,0.233720,-6.346248,-8.177138,4.441e-16
GNN,ch4t-test-001717,5,2.822531,-0.927920,0.674574,-0.200842,-5.598611,-7.966954,0.000e+00
GNN,ch4t-test-001718,7,4.350694,-0.078903,-1.806926,1.200400,-3.961591,-7.626856,4.441e-16
GNN,ch4t-test-001719,6,5.467864,0.298016,-2.005170,0.651858,-3.633588,-8.046155,0.000e+00
GNN,ch4t-test-001720,9,-0.044446,0.990859,-0.000413,0.114850,-7.098734,-8.159585,2.220e-16
GNN,ch4t-test-001721,4,0.022238,0.647874,0.011365,-0.080885,-7.795517,-8.396109,1.110e-16
GNN,ch4t-test-001722,12,0.601921,1.003539,0.019269,-0.725466,-6.798785,-7.698048,2.220e-16
GNN,ch4t-test-001723,12,4.400634,-0.569562,0.245915,0.562038,-3.100579,-7.739604,0.000e+00
GNN,ch4t-test-001724,7,1.415174,1.193747,0.603415,0.149156,-4.684293,-8.045786,0.000e+00
GNN,ch4t-test-001725,7,2.075926,-0.690106,0.648662,-0.327083,-6.268527,-7.975926,4.441e-16
GNN,ch4t-test-001726,6,1.256671,0.013674,1.199729,-0.295014,-5.773740,-7.948800,0.000e+00
GNN,ch4t-test-001727,11,3.106220,-0.265166,1.224136,-0.187470,-3.608453,-7.486172,0.000e+00
GNN,ch4t-test-001728,4,-0.028750,0.308408,-0.044262,0.200622,-7.611717,-8.047735,0.000e+00
GNN,ch4t-test-001729,5,4.399160,-0.164992,1.580874,-0.095963,-2.246811,-7.965890,0.000e+00
GNN,ch4t-test-001730,9,0.798477,0.429475,0.494987,0.307798,-6.156907,-8.187645,0.000e+00
GNN,ch4t-test-001731,11,-1.882863,-1.970998,0.697716,-0.734825,-11.841756,-7.950786,0.000e+00
GNN,ch4t-test-001732,10,2.078123,0.618729,1.415113,0.612985,-2.780748,-7.505700,0.000e+00
GNN,ch4t-test-001733,6,2.582469,-0.992538,1.307206,0.083338,-4.754136,-7.734611,4.441e-16
GNN,ch4t-test-001734,4,1.500772,-0.809733,1.246111,-0.097233,-5.928003,-7.767920,2.220e-16
GNN,ch4t-test-001735,7,2.935686,-0.895595,1.357260,-0.016164,-4.855658,-8.236843,4.441e-16
GNN,ch4t-test-001736,9,2.000667,-0.207927,0.540709,0.429291,-4.294127,-7.056867,0.000e+00
GNN,ch4t-test-001737,7,0.452651,-0.610069,0.176712,-0.046853,-7.995646,-7.968087,1.110e-16
GNN,ch4t-test-001738,7,1.753183,0.791999,0.457205,0.010871,-5.191930,-8.205189,0.000e+00
GNN,ch4t-test-001739,11,-0.660944,0.279521,-0.413078,0.522540,-8.259238,-7.987278,0.000e+00
GNN,ch4t-test-001740,12,5.063699,-0.880087,-0.973353,1.035472,-3.668054,-7.913784,8.882e-16
GNN,ch4t-test-001741,12,2.119508,-0.031180,1.167478,0.283479,-4.494499,-8.033782,0.000e+00
GNN,ch4t-test-001742,9,-0.280420,-1.292255,1.206340,-0.372596,-8.548022,-7.809091,1.110e-16
GNN,ch4t-test-001743,12,-0.188036,1.192447,0.145655,0.373130,-6.420454,-7.943650,0.000e+00
GNN,ch4t-test-001744,4,1.843206,-0.713452,1.013708,0.294547,-4.268548,-6.706557,0.000e+00
GNN,ch4t-test-001745,10,-0.023023,1.878835,-0.042711,-0.033595,-5.873304,-7.652810,2.220e-16
GNN,ch4t-test-001746,7,0.918336,-0.056166,0.940655,-0.303758,-6.536686,-8.035753,2.220e-16
GNN,ch4t-test-001747,12,4.139526,-1.109512,-1.383996,1.804174,-4.427783,-7.877976,8.882e-16
GNN,ch4t-test-001748,11,2.629468,-0.577037,0.810361,0.912141,-3.971459,-7.746393,4.441e-16
GNN,ch4t-test-001749,11,1.540213,0.005991,1.424543,-0.309677,-5.524616,-8.185685,0.000e+00
GNN,ch4t-test-001750,8,0.078667,-0.119259,0.157363,-0.133334,-8.080256,-8.063693,0.000e+00
GNN,ch4t-test-001751,9,-0.317451,1.136314,0.249930,0.106975,-7.117189,-8.292955,2.220e-16
GNN,ch4t-test-001752,7,3.882351,0.701571,-0.772232,0.431138,-3.924069,-8.166897,0.000e+00
GNN,ch4t-test-001753,11,2.662741,0.367230,-0.219340,0.169027,-4.926161,-7.905819,0.000e+00
GNN,ch4t-test-001754,5,0.013378,-1.244915,1.518710,-0.210073,-7.639393,-7.716494,1.388e-16
GNN,ch4t-test-001755,6,3.469752,-0.954135,-1.183521,1.235313,-5.360960,-7.928369,0.000e+00
GNN,ch4t-test-001756,7,-0.296684,-0.419072,0.292883,-0.050955,-8.279759,-7.805931,0.000e+00
GNN,ch4t-test-001757,12,2.638216,0.385043,0.595523,0.471124,-3.914020,-8.003927,0.000e+00
GNN,ch4t-test-001758,11,-0.318887,-0.820308,0.238001,0.195049,-8.118225,-7.412080,2.220e-16
GNN,ch4t-test-001759,11,3.880408,-0.814721,-0.782691,0.623104,-5.047991,-7.954092,0.000e+00
GNN,ch4t-test-001760,4,0.602874,0.595119,0.632424,-0.131403,-6.750126,-8.449140,2.220e-16
GNN,ch4t-test-001761,9,2.007010,-0.851662,1.408391,0.081603,-5.582436,-8.227778,0.000e+00
GNN,ch4t-test-001762,9,2.196053,-1.525712,1.275549,0.671634,-4.950765,-7.568289,0.000e+00
GNN,ch4t-test-001763,10,3.094690,0.628653,0.551000,-0.033194,-3.931618,-8.172767,0.000e+00
GNN,ch4t-test-001764,12,5.675886,-1.139619,-1.989670,1.557186,-3.978752,-8.082536,0.000e+00
GNN,ch4t-test-001765,4,2.297582,0.425017,0.893958,-0.032485,-4.839135,-8.423206,4.441e-16
GNN,ch4t-test-001766,12,3.817907,-0.997331,0.969065,0.081464,-3.768787,-7.639892,0.000e+00
GNN,ch4t-test-001767,4,0.880849,-0.447760,0.363989,-0.128644,-7.020289,-7.688723,2.220e-16
GNN,ch4t-test-001768,9,-0.277290,-0.702980,0.191540,0.002602,-8.580787,-7.794658,0.000e+00
GNN,ch4t-test-001769,7,5.087072,-0.690049,-1.535517,1.170540,-4.349196,-8.381243,8.882e-16
GNN,ch4t-test-001770,7,1.773610,-1.922721,1.668483,-0.153344,-6.623190,-7.989219,4.441e-16
GNN,ch4t-test-001771,7,1.230289,-0.100044,0.565325,0.342188,-6.028628,-8.066385,0.000e+00
GNN,ch4t-test-001772,9,-0.141047,1.038269,-0.294224,-0.168727,-7.477151,-7.911422,2.776e-16
GNN,ch4t-test-001773,12,3.801920,-0.045460,0.816488,0.145305,-3.235927,-7.954181,0.000e+00
GNN,ch4t-test-001774,4,1.029250,0.148151,0.528511,-0.015019,-6.340100,-8.030994,2.220e-16
GNN,ch4t-test-001775,7,1.615495,0.941480,0.666027,0.558911,-3.706002,-7.487916,4.441e-16
GNN,ch4t-test-001776,6,5.101089,-1.490455,-1.086354,0.908520,-4.765584,-8.198383,0.000e+00
GNN,ch4t-test-001777,8,1.433702,0.481568,0.567581,0.078359,-5.498409,-8.059620,4.441e-16
GNN,ch4t-test-001778,9,0.125775,1.992955,-0.265338,-0.030855,-6.041077,-7.863614,2.220e-16
GNN,ch4t-test-001779,11,1.138219,0.642497,0.241388,0.020230,-5.743638,-7.785973,0.000e+00
GNN,ch4t-test-001780,4,-0.002278,0.705696,-0.075430,-0.073463,-7.316827,-7.871352,0.000e+00
GNN,ch4t-test-001781,5,-0.011619,0.238408,0.014385,0.035301,-7.607518,-7.883992,0.000e+00
GNN,ch4t-test-001782,10,2.373008,0.921349,1.059648,0.047007,-3.741686,-8.142697,0.000e+00
GNN,ch4t-test-001783,4,-1.399344,-1.365994,1.569783,-0.707353,-9.648032,-7.745124,0.000e+00
GNN,ch4t-test-001784,8,1.456637,-0.169094,1.512805,-0.021880,-5.185234,-7.963701,0.000e+00
GNN,ch4t-test-001785,8,2.494537,-0.197089,0.303995,0.139634,-4.978933,-7.720010,0.000e+00
GNN,ch4t-test-001786,5,-0.064446,-0.559786,-0.143900,0.175004,-8.012308,-7.419179,1.110e-16
GNN,ch4t-test-001787,5,0.544621,1.012907,0.606142,-1.184510,-6.862938,-7.842098,0.000e+00
GNN,ch4t-test-001788,9,-0.219071,1.188869,-0.206151,0.147949,-6.928286,-7.839881,1.110e-16
GNN,ch4t-test-001789,8,1.931295,1.332883,0.471034,0.385725,-3.879172,-8.000108,8.882e-16
GNN,ch4t-test-001790,4,0.553824,0.341515,0.973380,0.060114,-5.965544,-7.894376,0.000e+00
GNN,ch4t-test-001791,9,1.046624,0.993594,1.512056,0.052408,-4.416586,-8.021268,4.441e-16
GNN,ch4t-test-001792,5,1.693197,0.111472,1.042392,-0.456753,-4.983599,-7.373906,0.000e+00
GNN,ch4t-test-001793,6,-0.128380,0.770229,-0.072968,-0.118382,-7.728810,-8.179308,0.000e+00
GNN,ch4t-test-001794,6,2.710155,-0.789890,1.304286,0.147956,-3.914191,-7.286699,4.441e-16
GNN,ch4t-test-001795,10,0.461415,-0.232774,1.031938,-0.340452,-7.076188,-7.996316,1.110e-16
GNN,ch4t-test-001796,10,3.810917,-0.167061,-0.954951,0.117637,-4.810710,-7.617253,4.441e-16
GNN,ch4t-test-001797,4,0.855384,0.523824,0.454948,0.017561,-5.777727,-7.629443,2.220e-16
GNN,ch4t-test-001798,9,-0.027117,0.816775,0.009716,0.180786,-6.627755,-7.607915,1.110e-16
GNN,ch4t-test-001799,4,-0.000141,0.007587,0.015258,0.036633,-7.815939,-7.875275,0.000e+00
GNN,ch4t-test-001800,11,4.090929,-1.042728,1.260366,0.201836,-3.324976,-7.835379,0.000e+00
GNN,ch4t-test-001801,4,0.025148,0.959512,-0.003837,-0.172314,-7.081236,-7.889745,1.110e-16
GNN,ch4t-test-001802,4,3.542423,-0.374768,0.216545,0.368226,-4.043239,-7.795665,8.882e-16
GNN,ch4t-test-001803,5,0.521955,-0.007394,0.597865,-0.001453,-6.896449,-8.007422,0.000e+00
GNN,ch4t-test-001804,8,2.203859,0.692241,0.845479,0.434283,-3.545193,-7.721055,0.000e+00
GNN,ch4t-test-001805,7,0.934901,-0.382123,0.930673,-0.528771,-7.176044,-8.130724,2.220e-16
GNN,ch4t-test-001806,5,1.926650,0.320505,-0.167921,0.385068,-4.794954,-7.259257,0.000e+00
GNN,ch4t-test-001807,6,1.797150,0.210714,0.556277,0.239370,-5.009456,-7.812968,4.441e-16
GNN,ch4t-test-001808,5,1.984951,0.512040,-0.064866,0.441365,-4.653444,-7.526934,0.000e+00
GNN,ch4t-test-001809,7,0.646028,-0.461653,2.536934,-0.194218,-5.741354,-8.268445,4.441e-16
GNN,ch4t-test-001810,5,2.578890,0.389355,0.697700,0.134560,-4.307607,-8.108112,0.000e+00
GNN,ch4t-test-001811,8,1.888257,0.279376,0.256042,0.567125,-5.071904,-8.062703,0.000e+00
GNN,ch4t-test-001812,4,0.882592,-0.073777,1.261011,-0.121213,-7.508852,-9.457465,2.220e-16
GNN,ch4t-test-001813,9,3.405986,-0.810121,-1.235308,1.159616,-5.633521,-8.153693,0.000e+00
GNN,ch4t-test-001814,7,1.175306,-0.419729,0.673674,-0.070669,-6.207178,-7.565760,4.441e-16
GNN,ch4t-test-001815,5,-0.007928,0.537263,0.035669,0.006231,-8.142029,-8.713265,1.110e-16
GNN,ch4t-test-001816,5,1.126177,-0.800089,1.282022,-0.944033,-7.504154,-8.168230,1.110e-16
GNN,ch4t-test-001817,7,2.217979,0.914195,-0.409529,-0.853673,-6.106660,-7.975633,2.220e-16
GNN,ch4t-test-001818,11,-0.147059,2.308225,-0.277427,0.109438,-6.053037,-8.046214,0.000e+00
GNN,ch4t-test-001819,7,2.500098,-0.125665,1.480818,-0.266105,-5.049360,-8.638507,0.000e+00
GNN,ch4t-test-001820,6,1.199820,-0.925967,1.208857,-0.534662,-6.790366,-7.738414,4.441e-16
GNN,ch4t-test-001821,7,5.519412,-1.106029,-1.558410,0.446257,-4.453274,-7.754503,4.441e-16
GNN,ch4t-test-001822,12,2.083614,0.272420,0.401806,0.336099,-4.829352,-7.923291,4.441e-16
GNN,ch4t-test-001823,7,0.055244,1.408928,-0.140509,0.009347,-6.561943,-7.894953,2.220e-16
GNN,ch4t-test-001824,9,-0.033243,0.057710,0.540247,-0.199344,-7.610614,-7.975985,1.110e-16
GNN,ch4t-test-001825,11,3.145892,-0.483503,-1.015381,0.394230,-5.765658,-7.806896,0.000e+00
GNN,ch4t-test-001826,10,3.813365,-0.729999,0.238175,0.239145,-4.253485,-7.814170,0.000e+00
GNN,ch4t-test-001827,4,-0.143355,0.410569,0.205848,-0.172779,-7.223639,-7.523922,0.000e+00
GNN,ch4t-test-001828,7,-0.136347,0.292466,-0.000162,-0.239874,-8.118549,-8.034631,2.776e-17
GNN,ch4t-test-001829,9,3.881257,1.433041,-1.202826,0.603573,-3.043556,-7.758601,0.000e+00
GNN,ch4t-test-001830,5,1.154802,-1.946603,2.146168,-0.312406,-6.858380,-7.900341,4.441e-16
GNN,ch4t-test-001831,9,1.954250,1.190951,0.598653,0.803382,-3.527657,-8.074893,0.000e+00
GNN,ch4t-test-001832,7,0.715004,0.651741,0.833436,-0.002632,-5.577489,-7.775039,0.000e+00
GNN,ch4t-test-001833,12,4.492167,-0.767245,-0.639584,0.504163,-4.471612,-8.061113,8.882e-16
GNN,ch4t-test-001834,12,4.605215,-0.767469,0.769989,0.219715,-3.450678,-8.278128,0.000e+00
GNN,ch4t-test-001835,7,4.713017,-0.905021,-1.322246,1.340050,-3.266387,-7.092187,8.882e-16
GNN,ch4t-test-001836,8,1.371755,1.059201,-0.701748,-0.047120,-5.646617,-7.328706,0.000e+00
GNN,ch4t-test-001837,6,-0.603187,-0.333638,-0.255506,0.165028,-8.894343,-7.867039,2.220e-16
GNN,ch4t-test-001838,6,1.505776,0.595174,0.536471,0.056168,-4.607405,-7.300993,0.000e+00
GNN,ch4t-test-001839,5,-0.005988,1.210374,-0.061135,-0.064342,-6.625911,-7.704819,2.220e-16
GNN,ch4t-test-001840,5,-0.026862,1.412943,-0.252675,0.162916,-6.692227,-7.988549,2.220e-16
GNN,ch4t-test-001841,10,-0.075904,1.466516,-0.100075,0.132396,-6.666825,-8.089758,0.000e+00
GNN,ch4t-test-001842,5,1.444389,0.282490,0.491750,0.075661,-5.682099,-7.976389,0.000e+00
GNN,ch4t-test-001843,7,-0.190208,0.724969,-0.027892,0.301494,-7.161540,-7.969904,1.110e-16
GNN,ch4t-test-001844,10,3.077041,0.207381,0.595016,0.324192,-3.453247,-7.656878,0.000e+00
GNN,ch4t-test-001845,6,-0.009566,0.296247,0.014449,0.049777,-7.514263,-7.865171,5.551e-17
GNN,ch4t-test-001846,8,4.193038,-0.862949,0.150944,0.429999,-4.230612,-8.141645,0.000e+00
GNN,ch4t-test-001847,11,1.959450,0.623479,0.298761,0.389914,-4.660823,-7.932426,0.000e+00
GNN,ch4t-test-001848,4,2.248010,-0.709378,0.893313,-0.012315,-5.751364,-8.170994,8.882e-16
GNN,ch4t-test-001849,9,1.271859,-0.645437,1.359325,0.028269,-6.098724,-8.112740,0.000e+00
GNN,ch4t-test-001850,11,0.004032,1.731149,0.008747,0.115649,-6.495521,-8.355099,0.000e+00
GNN,ch4t-test-001851,12,3.674764,0.334841,1.129675,0.141776,-2.563228,-7.844284,8.882e-16
GNN,ch4t-test-001852,7,5.716616,-1.803667,-0.646063,0.744836,-4.348306,-8.360027,0.000e+00
GNN,ch4t-test-001853,11,1.537085,0.541208,0.415286,0.012948,-5.256083,-7.762609,0.000e+00
GNN,ch4t-test-001854,10,1.485713,0.179174,0.560478,0.873118,-4.473447,-7.571931,4.441e-16
GNN,ch4t-test-001855,4,2.023270,0.006369,1.052225,-0.259977,-5.801152,-8.623040,0.000e+00
GNN,ch4t-test-001856,4,1.119449,0.078652,1.040196,0.197210,-5.831721,-8.267228,4.441e-16
GNN,ch4t-test-001857,9,1.693137,0.537880,0.253107,0.384153,-5.299751,-8.168029,0.000e+00
GNN,ch4t-test-001858,11,4.183834,0.216921,0.671468,0.107321,-3.018916,-8.198460,0.000e+00
GNN,ch4t-test-001859,6,1.827946,-0.720594,1.167825,-0.309203,-5.995928,-7.961903,2.220e-16
GNN,ch4t-test-001860,10,2.998462,-0.919943,1.104780,0.341229,-4.629863,-8.154391,0.000e+00
GNN,ch4t-test-001861,6,2.299296,-0.004108,1.841169,-0.278845,-4.003071,-7.860582,8.882e-16
GNN,ch4t-test-001862,7,0.015794,0.365542,-0.074530,0.006013,-7.846997,-8.159816,0.000e+00
GNN,ch4t-test-001863,6,2.738988,0.155092,0.850258,0.567934,-3.586596,-7.898869,8.882e-16
GNN,ch4t-test-001864,4,0.035565,0.652234,-0.015577,-0.022335,-7.736016,-8.385903,1.110e-16
GNN,ch4t-test-001865,10,3.906000,-1.239557,1.259014,-0.013203,-4.106695,-8.018948,8.882e-16
GNN,ch4t-test-001866,12,0.725976,0.171625,0.472573,-0.597419,-7.400248,-8.173003,0.000e+00
GNN,ch4t-test-001867,9,2.651172,-1.070907,1.356553,0.273441,-4.778358,-7.988616,4.441e-16
GNN,ch4t-test-001868,4,-0.741676,-1.208487,1.357037,-0.921867,-9.382760,-7.867767,0.000e+00
GNN,ch4t-test-001869,12,0.150301,0.293261,0.075969,-0.206656,-7.477480,-7.790355,0.000e+00
GNN,ch4t-test-001870,10,1.778534,-0.045426,0.994345,0.364418,-4.960723,-8.052594,0.000e+00
GNN,ch4t-test-001871,7,2.114132,-0.475852,0.227564,0.459174,-4.867919,-7.192938,4.441e-16
GNN,ch4t-test-001872,4,0.044169,1.040772,-0.142501,-0.080165,-7.529597,-8.391872,1.110e-16
GNN,ch4t-test-001873,8,2.035621,0.708799,0.145368,0.432137,-4.377343,-7.699268,0.000e+00
GNN,ch4t-test-001874,7,2.692237,-0.144941,1.436106,0.075895,-3.674843,-7.734139,8.882e-16
GNN,ch4t-test-001875,7,0.598055,0.450810,0.939101,-0.094448,-6.500911,-8.394429,0.000e+00
GNN,ch4t-test-001876,4,1.407695,0.028998,0.555853,0.040119,-6.274213,-8.306877,4.441e-16
GNN,ch4t-test-001877,7,1.850427,0.316972,0.705331,0.198578,-4.931989,-8.003297,0.000e+00
GNN,ch4t-test-001878,10,0.495734,0.486179,0.294813,-0.012856,-7.069442,-8.333312,0.000e+00
GNN,ch4t-test-001879,6,2.341185,-0.472557,0.509725,0.671845,-5.357644,-8.407841,0.000e+00
GNN,ch4t-test-001880,9,2.935859,-0.184291,0.465087,0.651936,-3.929512,-7.798102,0.000e+00
GNN,ch4t-test-001881,11,0.970153,1.592706,1.350902,-0.062623,-3.815532,-7.666670,0.000e+00
GNN,ch4t-test-001882,11,1.997722,-0.865588,1.470082,0.077474,-5.534982,-8.214672,0.000e+00
GNN,ch4t-test-001883,5,2.075225,0.174801,1.065271,0.301785,-4.155930,-7.773012,4.441e-16
GNN,ch4t-test-001884,7,1.976849,-0.150292,0.679759,0.152290,-5.597088,-8.255694,4.441e-16
GNN,ch4t-test-001885,5,1.883670,0.350361,0.974027,-0.096834,-5.050791,-8.162015,4.441e-16
GNN,ch4t-test-001886,11,2.542319,-1.085744,1.405674,0.216080,-4.610877,-7.689206,4.441e-16
GNN,ch4t-test-001887,12,0.027036,1.247136,-0.037880,0.008063,-6.741610,-7.985965,0.000e+00
GNN,ch4t-test-001888,6,0.955466,0.226417,0.737435,0.038055,-5.998308,-7.955680,2.220e-16
GNN,ch4t-test-001889,10,3.270128,-0.224196,0.929794,0.822026,-2.948265,-7.746017,0.000e+00
GNN,ch4t-test-001890,5,-0.078643,0.675901,-0.001910,-0.014653,-7.151014,-7.731709,0.000e+00
GNN,ch4t-test-001891,12,2.388460,0.567691,0.350262,0.144842,-4.654244,-8.105498,4.441e-16
GNN,ch4t-test-001892,12,-0.531627,-0.840599,1.603257,-0.005953,-7.666701,-7.891779,1.110e-16
GNN,ch4t-test-001893,9,0.204856,0.381705,0.125734,0.025159,-7.496876,-8.234330,0.000e+00
GNN,ch4t-test-001894,9,0.248805,0.200493,1.069941,-0.443066,-6.738251,-7.814423,0.000e+00
GNN,ch4t-test-001895,6,-0.039863,0.547482,-0.057718,0.234740,-7.375025,-8.059666,0.000e+00
GNN,ch4t-test-001896,7,-0.001738,0.589033,0.037208,0.052607,-6.530365,-7.207475,0.000e+00
GNN,ch4t-test-001897,5,4.247357,-0.603308,-1.264829,0.908105,-4.109052,-7.396376,0.000e+00
GNN,ch4t-test-001898,8,2.410269,-0.524942,0.515843,0.085764,-5.533314,-8.020249,4.441e-16
GNN,ch4t-test-001899,12,2.584219,0.091947,0.724081,0.239434,-4.664634,-8.304315,0.000e+00
GNN,ch4t-test-001900,12,-0.122645,1.018628,0.198475,0.044620,-6.872671,-8.011751,2.220e-16
GNN,ch4t-test-001901,7,3.502358,-1.270447,-0.744392,1.673648,-5.052712,-8.213878,0.000e+00
GNN,ch4t-test-001902,5,-0.006985,0.436495,0.062589,0.017897,-7.412654,-7.922651,0.000e+00
GNN,ch4t-test-001903,4,0.845967,-0.419047,-0.043000,-0.175462,-7.640432,-7.848889,0.000e+00
GNN,ch4t-test-001904,12,0.024143,1.448274,-0.057764,-0.076276,-7.239549,-8.577925,0.000e+00
GNN,ch4t-test-001905,7,0.065536,-0.127610,-0.001210,-0.049468,-8.063154,-7.950401,2.776e-17
GNN,ch4t-test-001906,9,4.494570,-0.945387,-2.259830,-0.085368,-6.876614,-8.080597,0.000e+00
GNN,ch4t-test-001907,9,2.061419,-0.027913,0.131012,0.402853,-5.384430,-7.951801,0.000e+00
GNN,ch4t-test-001908,5,2.356343,-0.136136,1.128807,-0.285124,-4.304293,-7.368183,0.000e+00
GNN,ch4t-test-001909,8,1.384868,0.611002,0.674859,0.140692,-5.967345,-8.778766,0.000e+00
GNN,ch4t-test-001910,4,2.663477,-0.650987,0.978049,0.419666,-4.620711,-8.030915,0.000e+00
GNN,ch4t-test-001911,7,0.862171,-0.262030,0.559502,0.391787,-7.025041,-8.576471,0.000e+00
GNN,ch4t-test-001912,12,1.755497,0.709587,0.655288,0.457081,-4.215631,-7.793085,4.441e-16
GNN,ch4t-test-001913,8,1.842426,-0.761064,0.512474,0.139874,-6.246156,-7.979866,2.220e-16
GNN,ch4t-test-001914,6,3.145156,-1.135617,1.822082,0.512754,-3.257032,-7.601407,8.882e-16
GNN,ch4t-test-001915,12,-0.025282,2.470896,-0.016503,0.086253,-5.707261,-8.222624,4.441e-16
GNN,ch4t-test-001916,6,1.516815,-0.807967,0.822186,-0.017182,-6.531217,-8.045070,6.661e-16
GNN,ch4t-test-001917,7,3.199906,-0.355633,-0.040995,0.089855,-5.397329,-8.290462,0.000e+00
GNN,ch4t-test-001918,11,0.638429,-2.224018,2.131362,-0.463615,-7.812500,-7.894658,1.665e-16
GNN,ch4t-test-001919,10,-0.094383,1.097531,-0.123164,0.062752,-6.847575,-7.790310,2.220e-16
GNN,ch4t-test-001920,9,2.323345,-0.528570,1.569386,-0.098961,-4.251190,-7.516390,0.000e+00
GNN,ch4t-test-001921,5,-0.076950,0.823665,-0.168844,-0.054174,-7.926726,-8.450423,1.110e-16
GNN,ch4t-test-001922,4,0.431690,0.435290,0.584128,-0.087216,-6.540602,-7.904493,2.220e-16
GNN,ch4t-test-001923,10,1.800656,0.445851,0.454702,0.252055,-4.483612,-7.436874,4.441e-16
GNN,ch4t-test-001924,4,3.695190,0.629916,1.301002,-0.256931,-2.252570,-7.621747,0.000e+00
GNN,ch4t-test-001925,9,2.323303,-0.495832,1.354863,0.208839,-4.668349,-8.059522,4.441e-16
GNN,ch4t-test-001926,9,-0.086883,1.909133,-0.232197,-0.030879,-6.467782,-8.026955,2.220e-16
GNN,ch4t-test-001927,12,1.331852,-0.050104,0.869486,-0.137716,-5.417165,-7.430684,0.000e+00
GNN,ch4t-test-001928,11,3.319096,1.135520,1.070727,0.003039,-2.306343,-7.834725,0.000e+00
GNN,ch4t-test-001929,6,2.403697,0.387234,0.567630,0.059314,-4.233576,-7.651452,4.441e-16
GNN,ch4t-test-001930,6,0.030759,0.447051,-0.066189,-0.033549,-7.291729,-7.669801,0.000e+00
GNN,ch4t-test-001931,11,4.745959,-0.524667,-1.562177,1.996848,-3.256043,-7.912007,0.000e+00
GNN,ch4t-test-001932,9,2.514902,-0.156210,1.507777,0.149772,-4.190532,-8.206773,0.000e+00
GNN,ch4t-test-001933,10,0.997422,0.020933,1.371597,-0.308844,-5.920031,-8.001139,0.000e+00
GNN,ch4t-test-001934,6,0.307861,-0.146826,-0.059230,0.005219,-7.833379,-7.940403,2.776e-17
GNN,ch4t-test-001935,11,0.725941,0.321228,0.529224,0.020749,-6.728791,-8.325934,0.000e+00
GNN,ch4t-test-001936,11,1.705547,-1.010835,0.959545,0.270877,-5.547703,-7.472837,0.000e+00
GNN,ch4t-test-001937,8,1.753223,-0.383057,0.483436,0.454828,-5.970003,-8.278432,4.441e-16
GNN,ch4t-test-001938,11,2.842718,-0.660481,1.054529,0.175974,-4.152491,-7.565232,4.441e-16
GNN,ch4t-test-001939,8,1.694956,-0.583704,1.011883,0.898018,-4.900061,-7.921214,0.000e+00
GNN,ch4t-test-001940,7,1.952997,2.154221,0.968578,-0.226905,-2.889067,-7.737959,0.000e+00
GNN,ch4t-test-001941,9,0.008311,1.228209,-0.087406,0.054622,-6.457776,-7.661512,0.000e+00
GNN,ch4t-test-001942,8,2.098944,0.277502,0.927914,-0.265634,-5.239990,-8.278717,0.000e+00
GNN,ch4t-test-001943,11,2.260740,1.009044,0.594411,-0.259724,-4.389442,-7.993912,0.000e+00
GNN,ch4t-test-001944,8,1.404595,0.847107,0.205533,0.296028,-4.684702,-7.437965,0.000e+00
GNN,ch4t-test-001945,10,0.220451,-0.054487,0.865358,-0.507314,-7.381103,-7.905111,2.220e-16
GNN,ch4t-test-001946,6,2.293048,0.175464,0.105399,0.296290,-4.902556,-7.772756,4.441e-16
GNN,ch4t-test-001947,8,1.716057,-0.493975,1.149288,-0.016309,-5.496530,-7.851592,4.441e-16
GNN,ch4t-test-001948,8,0.789385,0.506082,0.180428,-0.287137,-6.742293,-7.931050,0.000e+00
GNN,ch4t-test-001949,6,-0.038294,-1.080168,0.141418,0.189988,-8.680744,-7.893688,0.000e+00
GNN,ch4t-test-001950,7,-0.011921,0.320517,0.019621,0.135875,-7.522107,-7.986200,5.551e-17
GNN,ch4t-test-001951,10,-0.049142,2.167923,-0.137132,-0.092233,-5.843960,-7.733376,2.220e-16
GNN,ch4t-test-001952,10,1.382335,-0.440561,2.397497,-0.447503,-5.064671,-7.956439,4.441e-16
GNN,ch4t-test-001953,7,0.136935,-1.418194,0.409779,-0.012937,-8.732243,-7.847826,1.110e-16
GNN,ch4t-test-001954,4,-0.005384,0.432360,0.011260,-0.006585,-7.431164,-7.862815,5.551e-17
GNN,ch4t-test-001955,7,0.434392,-1.208175,1.592677,-0.659299,-7.633671,-7.793266,1.110e-16
GNN,ch4t-test-001956,10,2.922565,-0.770278,-0.953063,1.038974,-5.033331,-7.271528,4.441e-16
GNN,ch4t-test-001957,11,-0.072836,1.869171,-0.200898,0.071474,-6.716762,-8.383674,2.220e-16
GNN,ch4t-test-001958,12,2.227585,-0.319324,1.098436,-0.192923,-4.655477,-7.469251,4.441e-16
GNN,ch4t-test-001959,7,2.440747,0.161721,0.541639,0.437247,-4.574918,-8.156273,8.882e-16
GNN,ch4t-test-001960,4,-0.008001,0.211952,-0.031728,0.110647,-7.554346,-7.837216,0.000e+00
GNN,ch4t-test-001961,9,-0.169999,0.970008,0.543904,-0.036111,-6.673776,-7.981578,0.000e+00
GNN,ch4t-test-001962,12,2.455870,0.308136,0.623285,0.661411,-3.803525,-7.852228,8.882e-16
GNN,ch4t-test-001963,11,1.909683,0.129285,0.553778,0.485410,-4.892469,-7.970625,4.441e-16
GNN,ch4t-test-001964,10,1.325501,0.305534,0.657658,-0.028337,-5.706982,-7.967339,0.000e+00
GNN,ch4t-test-001965,12,3.231655,-0.192181,0.013028,0.883000,-3.878172,-7.813674,0.000e+00
GNN,ch4t-test-001966,10,2.641822,1.530702,0.084360,0.155554,-3.766217,-8.178655,0.000e+00
GNN,ch4t-test-001967,11,1.599835,0.324256,0.287314,0.311556,-5.399881,-7.922841,0.000e+00
GNN,ch4t-test-001968,8,-0.495959,-0.249822,0.752265,-0.143183,-8.116577,-7.979878,0.000e+00
GNN,ch4t-test-001969,4,1.656336,-0.511893,1.525203,-0.427730,-5.648717,-7.890634,0.000e+00
GNN,ch4t-test-001970,7,-0.340040,0.951276,-0.267794,0.361665,-7.001169,-7.706276,1.110e-16
GNN,ch4t-test-001971,4,-0.035454,0.762439,-0.019765,0.022814,-7.312485,-8.042520,1.110e-16
GNN,ch4t-test-001972,10,2.501612,-0.063983,0.758138,0.685537,-4.340556,-8.221860,0.000e+00
GNN,ch4t-test-001973,5,-0.146017,1.312311,-0.338805,0.338676,-6.861753,-8.027919,0.000e+00
GNN,ch4t-test-001974,5,-0.074847,1.471316,-0.060711,0.164273,-6.441451,-7.941482,0.000e+00
GNN,ch4t-test-001975,4,0.802286,-1.673764,1.502125,-0.315590,-7.475039,-7.790096,0.000e+00
GNN,ch4t-test-001976,8,1.871229,-0.295953,1.043818,0.306675,-4.857584,-7.783353,0.000e+00
GNN,ch4t-test-001977,7,2.502701,-0.368516,1.108045,0.458705,-3.794184,-7.495118,4.441e-16
GNN,ch4t-test-001978,4,2.074955,-0.352687,1.429517,-0.272947,-5.094153,-7.972990,0.000e+00
GNN,ch4t-test-001979,10,4.266304,-0.035043,-1.886098,1.235765,-4.312183,-7.893111,0.000e+00
GNN,ch4t-test-001980,7,2.189904,-0.743893,1.278827,-0.002989,-5.234516,-7.956365,0.000e+00
GNN,ch4t-test-001981,5,2.645470,0.177863,0.422192,0.380708,-4.748540,-8.374773,0.000e+00
GNN,ch4t-test-001982,5,-0.003785,0.707591,-0.074592,0.088448,-7.086882,-7.804545,0.000e+00
GNN,ch4t-test-001983,5,1.130100,0.669679,0.262030,0.191704,-6.036330,-8.289843,4.441e-16
GNN,ch4t-test-001984,11,2.435581,0.316159,0.801330,0.646322,-3.566579,-7.765971,0.000e+00
GNN,ch4t-test-001985,7,2.049199,-0.289264,0.802868,0.418853,-5.003698,-7.985353,4.441e-16
GNN,ch4t-test-001986,10,4.271201,-1.095613,1.764160,-0.018107,-2.761242,-7.682884,0.000e+00
GNN,ch4t-test-001987,11,2.205960,-1.321202,1.432816,0.059637,-5.326663,-7.703874,8.882e-16
GNN,ch4t-test-001988,8,2.211406,0.055388,1.007715,0.105902,-4.959953,-8.340364,0.000e+00
GNN,ch4t-test-001989,4,0.312159,-0.003320,0.849447,-0.333568,-6.880687,-7.705405,0.000e+00
GNN,ch4t-test-001990,9,3.387779,0.077332,0.644928,0.306273,-3.060244,-7.476555,8.882e-16
GNN,ch4t-test-001991,4,3.434590,-0.265984,0.460009,0.087624,-3.676638,-7.392876,4.441e-16
GNN,ch4t-test-001992,11,1.337948,1.037043,0.476365,0.332940,-4.116794,-7.301089,0.000e+00
GNN,ch4t-test-001993,4,-0.251456,1.385435,-0.072693,-0.091201,-7.148435,-8.118520,1.110e-16
GNN,ch4t-test-001994,11,-0.011865,0.830673,-0.196826,0.115718,-6.940291,-7.677991,0.000e+00
GNN,ch4t-test-001995,6,3.051811,0.043769,0.019978,0.790527,-4.308579,-8.214665,0.000e+00
GNN,ch4t-test-001996,9,1.882315,-1.785632,1.461009,0.305363,-5.754866,-7.617921,2.220e-16
GNN,ch4t-test-001997,8,0.515583,-0.000220,0.703738,0.117952,-6.777758,-8.114811,0.000e+00
GNN,ch4t-test-001998,12,1.619310,0.431199,0.976505,0.155368,-4.829659,-8.012040,0.000e+00
GNN,ch4t-test-001999,9,1.979529,-0.061885,0.494006,0.062203,-5.265519,-7.739372,4.441e-16
Set Transformer,ch4t-test-000000,7,1.381701,0.255564,1.373541,0.361176,-4.776179,-8.148161,4.441e-16
Set Transformer,ch4t-test-000001,5,1.212667,-1.549296,1.082177,-0.085583,-7.136567,-7.796531,1.110e-16
Set Transformer,ch4t-test-000002,8,7.085524,-2.850227,-1.402962,0.553371,-4.494313,-7.880018,4.441e-16
Set Transformer,ch4t-test-000003,5,3.087880,-1.428287,2.465295,-0.067591,-3.932531,-7.989829,0.000e+00
Set Transformer,ch4t-test-000004,7,3.035179,0.115327,0.810720,0.407925,-3.494646,-7.863797,0.000e+00
Set Transformer,ch4t-test-000005,8,1.694003,-0.939940,1.082543,0.010395,-6.024997,-7.871997,2.220e-16
Set Transformer,ch4t-test-000006,12,3.041935,0.785439,1.561636,-0.001518,-2.773823,-8.161315,0.000e+00
Set Transformer,ch4t-test-000007,5,6.414183,-1.457396,0.059579,0.339956,-2.338018,-7.694339,0.000e+00
Set Transformer,ch4t-test-000008,9,-0.081244,0.382570,0.000784,-0.123543,-7.771786,-7.950354,0.000e+00
Set Transformer,ch4t-test-000009,5,2.297053,-0.903448,1.395040,-0.583773,-6.020952,-8.225824,4.441e-16
Set Transformer,ch4t-test-000010,8,1.176500,0.548744,0.783182,0.302659,-5.209499,-8.020583,4.441e-16
Set Transformer,ch4t-test-000011,9,0.072564,-1.248249,0.334400,-0.339271,-8.932231,-7.751675,2.220e-16
Set Transformer,ch4t-test-000012,7,0.317646,0.388614,0.514490,-0.163158,-6.575531,-7.633123,2.220e-16
Set Transformer,ch4t-test-000013,7,3.731765,-1.121279,-0.364320,1.416045,-4.550403,-8.212614,0.000e+00
Set Transformer,ch4t-test-000014,4,0.500347,-0.347240,0.532159,-0.555708,-8.189707,-8.319266,2.220e-16
Set Transformer,ch4t-test-000015,7,0.037395,1.485160,0.219770,0.177068,-5.866072,-7.785465,2.220e-16
Set Transformer,ch4t-test-000016,7,-0.084001,-0.136539,-0.030256,0.138997,-8.023678,-7.911878,2.776e-17
Set Transformer,ch4t-test-000017,4,-0.062271,0.225700,-0.037982,0.143446,-7.714238,-7.983131,0.000e+00
Set Transformer,ch4t-test-000018,9,3.830237,-0.754209,0.935667,0.163576,-3.889323,-8.064594,0.000e+00
Set Transformer,ch4t-test-000019,4,-0.058802,0.165965,-0.001387,0.130446,-8.103319,-8.339541,5.551e-17
Set Transformer,ch4t-test-000020,4,0.330170,0.802671,0.080658,0.312296,-6.335810,-7.861604,0.000e+00
Set Transformer,ch4t-test-000021,8,1.408510,0.837242,0.240029,0.148658,-5.111865,-7.746304,4.441e-16
Set Transformer,ch4t-test-000022,12,4.297482,-1.388493,-0.573402,0.531101,-5.118232,-7.984920,8.882e-16
Set Transformer,ch4t-test-000023,5,0.478307,-0.789374,1.553507,0.193346,-6.126106,-7.561891,4.441e-16
Set Transformer,ch4t-test-000024,8,0.233761,0.879489,0.370835,-0.080439,-6.580124,-7.983770,2.220e-16
Set Transformer,ch4t-test-000025,10,3.051910,0.818549,0.030573,0.456675,-3.681799,-8.039508,8.882e-16
Set Transformer,ch4t-test-000026,9,2.947330,-0.148182,-1.916050,-0.619383,-7.689332,-7.953047,0.000e+00
Set Transformer,ch4t-test-000027,9,-0.146077,1.134528,0.125373,-0.069415,-6.757500,-7.801908,0.000e+00
Set Transformer,ch4t-test-000028,8,0.584927,-1.352157,2.037710,-0.153669,-6.687290,-7.804101,2.220e-16
Set Transformer,ch4t-test-000029,10,3.817128,-0.163770,0.851439,0.289678,-3.194125,-7.988600,8.882e-16
Set Transformer,ch4t-test-000030,12,1.965172,-0.620806,1.163282,0.074125,-5.410350,-7.992123,4.441e-16
Set Transformer,ch4t-test-000031,8,-0.045995,-2.368099,0.645304,-0.042612,-9.616056,-7.804653,0.000e+00
Set Transformer,ch4t-test-000032,4,-0.078728,0.814382,-0.317484,-0.073947,-7.736289,-8.080512,1.110e-16
Set Transformer,ch4t-test-000033,8,2.449483,0.616226,0.540133,0.638109,-3.695522,-7.939472,0.000e+00
Set Transformer,ch4t-test-000034,5,-0.059468,0.679225,-0.268751,-0.082083,-7.684264,-7.953188,5.551e-17
Set Transformer,ch4t-test-000035,9,0.177932,-1.364942,1.673960,-0.479127,-8.042273,-8.050095,2.220e-16
Set Transformer,ch4t-test-000036,7,1.144167,0.273730,0.592777,0.109025,-6.027941,-8.147640,0.000e+00
Set Transformer,ch4t-test-000037,4,5.185241,-0.808175,-0.673112,0.724016,-3.627863,-8.055833,0.000e+00
Set Transformer,ch4t-test-000038,9,2.012129,0.363178,-0.872128,0.751617,-5.610614,-7.865410,0.000e+00
Set Transformer,ch4t-test-000039,11,0.105048,0.536394,0.358971,-0.012522,-6.524007,-7.511897,1.110e-16
Set Transformer,ch4t-test-000040,11,2.634674,-0.794999,-0.697975,1.151789,-5.825539,-8.119028,8.882e-16
Set Transformer,ch4t-test-000041,5,1.808495,0.132879,0.485455,0.388778,-5.140364,-7.955971,0.000e+00
Set Transformer,ch4t-test-000042,11,1.448578,1.539671,0.465577,0.345745,-4.085823,-7.885394,0.000e+00
Set Transformer,ch4t-test-000043,5,0.911573,0.474549,0.052321,0.570161,-5.928723,-7.937327,0.000e+00
Set Transformer,ch4t-test-000044,11,1.645230,0.941223,0.748235,0.274462,-4.699767,-8.308918,0.000e+00
Set Transformer,ch4t-test-000045,11,5.946386,-0.874992,-1.637932,0.688313,-3.851667,-7.973441,0.000e+00
Set Transformer,ch4t-test-000046,7,1.580393,0.843861,0.128801,0.158334,-5.212575,-7.923964,0.000e+00
Set Transformer,ch4t-test-000047,7,3.126443,0.328588,0.824760,0.719683,-3.108849,-8.108323,0.000e+00
Set Transformer,ch4t-test-000048,5,-0.066236,0.901428,-0.153813,0.065968,-7.290909,-8.038256,1.110e-16
Set Transformer,ch4t-test-000049,9,-0.532314,-0.936850,0.175414,0.068288,-9.013666,-7.788204,0.000e+00
Set Transformer,ch4t-test-000050,5,0.205105,1.427076,-0.312887,0.205485,-6.355340,-7.880120,0.000e+00
Set Transformer,ch4t-test-000051,10,2.284084,-0.425302,1.063201,0.397467,-4.627997,-7.947448,4.441e-16
Set Transformer,ch4t-test-000052,11,-0.327027,1.451418,-0.417469,0.232121,-6.556511,-7.495555,1.110e-16
Set Transformer,ch4t-test-000053,4,-0.087048,1.146803,-0.215870,-0.180095,-7.475451,-8.139241,0.000e+00
Set Transformer,ch4t-test-000054,12,3.545215,-0.195219,-0.418010,0.997470,-3.677476,-7.606932,4.441e-16
Set Transformer,ch4t-test-000055,5,6.878306,-1.932550,-1.960368,0.833427,-3.932725,-7.751539,8.882e-16
Set Transformer,ch4t-test-000056,6,2.443717,-0.910813,-0.260556,0.421024,-6.151807,-7.845179,0.000e+00
Set Transformer,ch4t-test-000057,4,0.370478,0.869325,1.610100,0.481645,-4.596032,-7.927581,0.000e+00
Set Transformer,ch4t-test-000058,6,5.876180,-1.781417,-2.049088,0.630725,-5.173682,-7.850082,4.441e-16
Set Transformer,ch4t-test-000059,4,-0.258463,0.149308,-0.233782,0.005702,-8.553462,-8.216228,0.000e+00
Set Transformer,ch4t-test-000060,8,-0.252409,-0.727904,-0.312354,0.117394,-9.283266,-8.107992,0.000e+00
Set Transformer,ch4t-test-000061,7,0.355848,0.062776,0.685356,-0.098541,-7.070269,-8.075707,0.000e+00
Set Transformer,ch4t-test-000062,11,1.818354,0.188751,0.254364,0.742930,-4.649008,-7.653406,4.441e-16
Set Transformer,ch4t-test-000063,6,0.612439,-0.289365,1.782708,-0.366616,-6.543073,-8.282238,4.441e-16
Set Transformer,ch4t-test-000064,7,2.643702,0.107444,0.361619,0.579676,-4.491774,-8.184216,0.000e+00
Set Transformer,ch4t-test-000065,6,0.243446,0.262316,0.345958,-0.025920,-7.213794,-8.039594,1.110e-16
Set Transformer,ch4t-test-000066,6,-0.105498,-1.349812,1.902387,-0.774826,-8.189980,-7.862231,0.000e+00
Set Transformer,ch4t-test-000067,5,1.771758,0.591548,0.507873,0.566559,-4.505386,-7.943125,0.000e+00
Set Transformer,ch4t-test-000068,11,1.054381,-0.170169,1.447722,0.357097,-5.041308,-7.730339,0.000e+00
Set Transformer,ch4t-test-000069,8,4.687561,-1.434921,0.026963,0.408984,-4.064692,-7.753278,8.882e-16
Set Transformer,ch4t-test-000070,6,1.255043,-0.183833,0.492369,0.410722,-5.973531,-7.947833,0.000e+00
Set Transformer,ch4t-test-000071,11,1.236819,1.371201,0.011292,0.637520,-4.839880,-8.096712,0.000e+00
Set Transformer,ch4t-test-000072,11,0.198232,0.576670,0.645236,0.029197,-6.454954,-7.904289,0.000e+00
Set Transformer,ch4t-test-000073,7,-0.170310,-0.916910,-0.154181,0.291079,-9.048490,-8.098169,1.110e-16
Set Transformer,ch4t-test-000074,10,1.807495,-0.372920,1.110192,0.533406,-4.799888,-7.878061,0.000e+00
Set Transformer,ch4t-test-000075,9,-1.992845,-1.288404,0.779249,-0.579387,-10.689356,-7.607969,0.000e+00
Set Transformer,ch4t-test-000076,7,0.791367,0.290412,0.241735,0.302028,-6.553173,-8.178715,0.000e+00
Set Transformer,ch4t-test-000077,5,0.732336,0.366308,-0.060435,0.436357,-6.000405,-7.474972,0.000e+00
Set Transformer,ch4t-test-000078,11,1.128806,0.835429,0.573503,0.044721,-5.472487,-8.054947,4.441e-16
Set Transformer,ch4t-test-000079,11,2.700191,-0.236162,0.747711,0.455007,-4.081383,-7.748130,4.441e-16
Set Transformer,ch4t-test-000080,6,2.346640,-1.405870,2.417251,-0.069422,-4.454283,-7.742882,4.441e-16
Set Transformer,ch4t-test-000081,12,3.319212,-0.230342,0.938795,0.158529,-3.865067,-8.051261,8.882e-16
Set Transformer,ch4t-test-000082,6,0.430150,-1.189851,1.489162,-0.225002,-7.603257,-8.107716,3.331e-16
Set Transformer,ch4t-test-000083,12,2.427114,-0.110799,0.947802,0.455273,-4.319313,-8.038703,0.000e+00
Set Transformer,ch4t-test-000084,6,1.275987,0.522877,0.154978,0.771147,-4.987544,-7.712533,0.000e+00
Set Transformer,ch4t-test-000085,6,4.398803,-0.090235,-1.444052,0.871630,-4.597994,-8.334141,4.441e-16
Set Transformer,ch4t-test-000086,5,-0.461516,-0.873712,0.652844,0.491235,-8.090410,-7.899260,1.110e-16
Set Transformer,ch4t-test-000087,5,0.622659,1.294520,0.786421,0.179246,-5.132366,-8.015213,4.441e-16
Set Transformer,ch4t-test-000088,6,0.139617,0.334456,0.820135,-0.052968,-6.456349,-7.697589,0.000e+00
Set Transformer,ch4t-test-000089,12,2.541256,-0.401307,-0.488920,0.463250,-5.859581,-7.973860,4.441e-16
Set Transformer,ch4t-test-000090,4,-0.603098,-0.405607,0.013965,-0.756780,-9.961995,-8.210475,0.000e+00
Set Transformer,ch4t-test-000091,8,-0.005575,0.434331,0.077397,0.079545,-7.146586,-7.732284,0.000e+00
Set Transformer,ch4t-test-000092,5,0.060714,-0.014061,-0.073153,-0.090117,-8.196868,-8.080250,1.388e-17
Set Transformer,ch4t-test-000093,8,4.049359,-1.151429,0.183406,0.436963,-4.445639,-7.963938,8.882e-16
Set Transformer,ch4t-test-000094,7,0.192520,-0.715750,0.226970,-0.193386,-8.529369,-8.039724,0.000e+00
Set Transformer,ch4t-test-000095,5,-0.024588,0.636425,-0.019717,0.092921,-7.278745,-7.963786,0.000e+00
Set Transformer,ch4t-test-000096,10,1.905706,-0.221694,0.821595,0.129154,-5.320111,-7.954873,4.441e-16
Set Transformer,ch4t-test-000097,9,1.956335,-0.624168,0.878507,0.668413,-4.844354,-7.723441,0.000e+00
Set Transformer,ch4t-test-000098,11,0.020013,0.905550,-0.131022,-0.085979,-7.321773,-8.030336,2.220e-16
Set Transformer,ch4t-test-000099,9,-0.091164,1.003158,-0.018923,-0.138606,-7.330080,-8.084545,2.220e-16
Set Transformer,ch4t-test-000100,5,5.423828,-2.553965,-1.199188,0.490166,-5.462487,-7.623328,8.882e-16
Set Transformer,ch4t-test-000101,6,-0.138318,1.184249,-0.200249,-0.090638,-7.376421,-8.131465,1.110e-16
Set Transformer,ch4t-test-000102,4,1.775134,-0.048815,1.187948,0.325400,-4.940928,-8.180594,0.000e+00
Set Transformer,ch4t-test-000103,6,5.087890,-1.624488,-0.799218,1.516290,-3.786791,-7.967266,8.882e-16
Set Transformer,ch4t-test-000104,11,2.016074,-0.601977,1.534121,0.239578,-4.778865,-7.966660,0.000e+00
Set Transformer,ch4t-test-000105,5,-0.071097,1.156531,-0.194873,0.209090,-6.548751,-7.648403,0.000e+00
Set Transformer,ch4t-test-000106,7,-0.035798,1.694795,-0.009434,0.057853,-6.072568,-7.779984,0.000e+00
Set Transformer,ch4t-test-000107,10,5.106612,-1.474264,-1.837739,1.404095,-4.601086,-7.799792,0.000e+00
Set Transformer,ch4t-test-000108,6,0.876522,-1.067462,1.151452,-0.202589,-7.064134,-7.822057,1.110e-16
Set Transformer,ch4t-test-000109,9,0.795475,0.903492,1.315442,0.301563,-4.609555,-7.925528,0.000e+00
Set Transformer,ch4t-test-000110,5,-0.032863,-0.143369,-0.047493,0.244538,-7.797457,-7.818271,0.000e+00
Set Transformer,ch4t-test-000111,5,0.620224,0.583954,0.604087,-0.159672,-6.235736,-7.884330,2.220e-16
Set Transformer,ch4t-test-000112,5,-0.014778,0.150167,0.039958,0.065660,-7.887410,-8.128417,2.776e-17
Set Transformer,ch4t-test-000113,5,-0.134238,-0.273552,0.359113,-0.393680,-8.268835,-7.826478,5.551e-17
Set Transformer,ch4t-test-000114,9,3.220937,-0.307151,1.780128,0.108711,-2.766594,-7.569220,8.882e-16
Set Transformer,ch4t-test-000115,10,2.714710,0.295793,0.510300,0.742508,-3.644228,-7.907540,0.000e+00
Set Transformer,ch4t-test-000116,7,4.238525,-1.254111,-0.740511,1.232457,-4.251726,-7.728086,0.000e+00
Set Transformer,ch4t-test-000117,6,3.486767,-0.816123,0.700809,0.341396,-3.970838,-7.683687,4.441e-16
Set Transformer,ch4t-test-000118,4,1.545602,-0.008641,1.008831,0.734075,-4.219443,-7.499309,8.882e-16
Set Transformer,ch4t-test-000119,12,0.074057,-0.680442,0.034609,0.033480,-8.442883,-7.904587,0.000e+00
Set Transformer,ch4t-test-000120,5,1.254015,0.579134,0.068669,0.582974,-5.714121,-8.198913,0.000e+00
Set Transformer,ch4t-test-000121,10,5.451590,-1.217204,-0.784497,0.911147,-3.603167,-7.964204,1.776e-15
Set Transformer,ch4t-test-000122,11,1.142037,0.487775,0.841393,0.076110,-5.222419,-7.769733,4.441e-16
Set Transformer,ch4t-test-000123,7,0.160247,1.572233,0.491848,0.107059,-5.560503,-7.891890,0.000e+00
Set Transformer,ch4t-test-000124,10,0.162700,1.219945,0.310441,-0.044160,-6.119302,-7.768228,0.000e+00
Set Transformer,ch4t-test-000125,7,2.283499,-0.220774,0.786328,0.732004,-4.404616,-7.985673,0.000e+00
Set Transformer,ch4t-test-000126,6,0.013285,0.523395,0.509547,0.041004,-6.952962,-8.040193,0.000e+00
Set Transformer,ch4t-test-000127,6,-0.255026,0.902372,0.022102,0.173760,-6.500565,-7.343773,0.000e+00
Set Transformer,ch4t-test-000128,6,3.439047,-0.470815,-0.049945,0.953286,-4.232233,-8.103807,0.000e+00
Set Transformer,ch4t-test-000129,5,4.519236,-0.965910,-0.992462,1.128123,-4.382275,-8.071262,0.000e+00
Set Transformer,ch4t-test-000130,5,0.680021,0.866993,0.223383,0.506571,-5.921429,-8.198398,0.000e+00
Set Transformer,ch4t-test-000131,12,-0.012166,1.254959,0.084472,-0.309688,-6.875957,-7.893534,0.000e+00
Set Transformer,ch4t-test-000132,8,0.857920,1.478924,0.571269,-0.045720,-4.920591,-7.782985,0.000e+00
Set Transformer,ch4t-test-000133,5,1.267643,0.458262,0.339958,0.532599,-5.382415,-7.980876,4.441e-16
Set Transformer,ch4t-test-000134,6,1.737774,-0.322718,0.804258,0.617003,-5.165721,-8.002039,4.441e-16
Set Transformer,ch4t-test-000135,7,0.055110,0.443441,-0.045117,0.019740,-7.300704,-7.773877,5.551e-17
Set Transformer,ch4t-test-000136,8,-0.029273,1.066526,-0.008648,0.040095,-6.712756,-7.781456,0.000e+00
Set Transformer,ch4t-test-000137,12,-0.007400,0.533811,0.058851,0.161594,-7.076976,-7.823832,0.000e+00
Set Transformer,ch4t-test-000138,11,6.057471,-1.323633,-1.105120,1.380954,-3.117344,-8.127015,0.000e+00
Set Transformer,ch4t-test-000139,12,2.475108,-1.121791,1.533922,-0.020100,-5.004809,-7.871948,4.441e-16
Set Transformer,ch4t-test-000140,11,-0.030703,0.724055,1.011820,-0.043678,-6.301952,-7.963446,2.220e-16
Set Transformer,ch4t-test-000141,7,3.923810,-1.635631,-0.834958,0.357709,-5.907074,-7.718004,4.441e-16
Set Transformer,ch4t-test-000142,10,-0.054138,1.118068,0.020826,0.182605,-6.466580,-7.733941,2.220e-16
Set Transformer,ch4t-test-000143,5,0.587860,-0.363770,1.071457,0.556486,-6.331891,-8.183924,4.441e-16
Set Transformer,ch4t-test-000144,12,1.457472,0.180663,-0.034303,0.977266,-5.518556,-8.099655,4.441e-16
Set Transformer,ch4t-test-000145,10,2.547501,0.235476,0.383630,0.501560,-4.030986,-7.699153,0.000e+00
Set Transformer,ch4t-test-000146,12,2.333516,-0.515358,1.145952,0.765886,-4.061262,-7.791257,4.441e-16
Set Transformer,ch4t-test-000147,10,4.254094,-0.184568,-0.112089,0.771103,-3.151885,-7.880425,0.000e+00
Set Transformer,ch4t-test-000148,12,2.633899,0.774103,0.633514,0.744164,-3.126497,-7.912177,0.000e+00
Set Transformer,ch4t-test-000149,6,0.004621,0.033862,-0.248067,0.271313,-8.276280,-8.338009,0.000e+00
Set Transformer,ch4t-test-000150,10,4.111717,-1.231579,-0.763701,0.836020,-4.805039,-7.757497,4.441e-16
Set Transformer,ch4t-test-000151,10,0.728587,0.556680,1.452137,0.226821,-4.867416,-7.831640,4.441e-16
Set Transformer,ch4t-test-000152,7,0.552136,0.449328,0.817291,0.258263,-5.873558,-7.950575,4.441e-16
Set Transformer,ch4t-test-000153,12,0.274790,0.293304,1.793720,0.085155,-5.374429,-7.821398,0.000e+00
Set Transformer,ch4t-test-000154,9,2.685568,0.581840,0.975106,0.469190,-3.164772,-7.876476,8.882e-16
Set Transformer,ch4t-test-000155,8,0.817021,0.781852,1.317830,-0.065003,-4.973053,-7.824754,0.000e+00
Set Transformer,ch4t-test-000156,6,-0.028546,-0.198081,0.125632,-0.192218,-8.157206,-7.863994,0.000e+00
Set Transformer,ch4t-test-000157,11,2.493372,-0.661455,1.439276,0.086862,-4.640939,-7.998994,0.000e+00
Set Transformer,ch4t-test-000158,10,0.003155,1.004243,-0.019808,0.150777,-7.206688,-8.345055,0.000e+00
Set Transformer,ch4t-test-000159,4,1.961275,0.846366,-0.270718,0.512248,-5.081740,-8.130911,0.000e+00
Set Transformer,ch4t-test-000160,9,2.021310,0.280395,0.413933,0.739076,-4.714975,-8.169689,0.000e+00
Set Transformer,ch4t-test-000161,6,0.508700,0.844854,0.581712,0.196958,-5.717858,-7.850082,0.000e+00
Set Transformer,ch4t-test-000162,8,2.386876,0.043353,-0.963266,-0.200432,-6.647612,-7.914144,2.220e-16
Set Transformer,ch4t-test-000163,11,1.207383,1.077766,0.516261,0.413724,-4.830177,-8.045313,0.000e+00
Set Transformer,ch4t-test-000164,9,-0.524090,-0.785337,1.938251,-0.294824,-7.542731,-7.876731,1.665e-16
Set Transformer,ch4t-test-000165,6,2.775338,-0.379198,-0.799531,0.693093,-5.802922,-8.092623,0.000e+00
Set Transformer,ch4t-test-000166,8,0.067612,-0.865035,0.450684,-0.320686,-8.637853,-7.970428,0.000e+00
Set Transformer,ch4t-test-000167,12,1.230103,1.467600,0.065508,0.614341,-5.259775,-8.637326,8.882e-16
Set Transformer,ch4t-test-000168,12,1.762351,-0.192175,1.275803,-0.144386,-4.933964,-7.635558,0.000e+00
Set Transformer,ch4t-test-000169,4,1.301657,-0.173681,0.893755,0.439209,-5.156674,-7.617615,0.000e+00
Set Transformer,ch4t-test-000170,10,2.211116,-0.012920,1.611154,-0.141352,-4.191902,-7.859899,0.000e+00
Set Transformer,ch4t-test-000171,6,-0.171508,0.417626,-0.229922,0.081077,-7.984998,-8.082271,0.000e+00
Set Transformer,ch4t-test-000172,5,1.807078,0.687547,0.027509,0.532576,-4.882190,-7.936900,4.441e-16
Set Transformer,ch4t-test-000173,12,-0.051968,-0.424551,0.147508,0.082150,-8.314577,-8.067716,5.551e-17
Set Transformer,ch4t-test-000174,10,1.778598,0.688605,0.067371,0.742499,-4.608372,-7.885445,0.000e+00
Set Transformer,ch4t-test-000175,10,-0.176308,0.608222,-0.097750,0.370221,-7.706181,-8.410566,0.000e+00
Set Transformer,ch4t-test-000176,7,2.030773,-0.101815,0.304980,0.306137,-5.303588,-7.843663,4.441e-16
Set Transformer,ch4t-test-000177,6,2.800531,-0.409668,0.367824,0.720381,-4.722133,-8.201202,8.882e-16
Set Transformer,ch4t-test-000178,5,-0.135316,0.808089,-0.068079,0.121560,-7.059509,-7.785763,1.110e-16
Set Transformer,ch4t-test-000179,12,-0.002142,1.652444,-0.120237,0.063180,-6.263176,-7.856422,2.220e-16
Set Transformer,ch4t-test-000180,12,0.330372,-0.015721,0.334528,-0.150098,-7.612966,-8.112047,0.000e+00
Set Transformer,ch4t-test-000181,10,-0.306807,1.637852,-0.731278,-0.014561,-7.390948,-7.976153,1.110e-16
Set Transformer,ch4t-test-000182,10,2.146980,-0.421542,0.770282,0.262692,-4.985397,-7.743810,4.441e-16
Set Transformer,ch4t-test-000183,4,1.184942,0.354888,0.366054,0.416451,-5.707687,-8.030022,0.000e+00
Set Transformer,ch4t-test-000184,4,0.652894,-1.234200,0.525738,-0.195319,-8.344180,-8.093293,2.220e-16
Set Transformer,ch4t-test-000185,6,3.280518,-1.061803,1.917415,0.150742,-3.229666,-7.516538,8.882e-16
Set Transformer,ch4t-test-000186,8,0.510787,-0.420092,0.959501,-0.150281,-7.017475,-7.917389,2.220e-16
Set Transformer,ch4t-test-000187,10,-0.009359,1.354844,0.084479,-0.010454,-6.529702,-7.949212,0.000e+00
Set Transformer,ch4t-test-000188,9,0.665271,0.063768,0.750090,0.441045,-6.001433,-7.921608,2.220e-16
Set Transformer,ch4t-test-000189,6,1.873000,-0.882319,1.346540,-0.192035,-5.753388,-7.898573,4.441e-16
Set Transformer,ch4t-test-000190,7,2.068170,1.212401,-1.495736,0.952217,-4.780151,-7.517202,0.000e+00
Set Transformer,ch4t-test-000191,8,1.673030,0.706078,0.879336,0.195563,-4.373311,-7.827318,4.441e-16
Set Transformer,ch4t-test-000192,7,2.867234,0.967590,0.571985,0.133791,-3.278988,-7.819587,8.882e-16
Set Transformer,ch4t-test-000193,4,0.635919,-0.860424,0.302025,0.129425,-7.617106,-7.824052,2.776e-17
Set Transformer,ch4t-test-000194,7,1.800180,-0.059071,0.461570,-0.068650,-5.881410,-8.015439,0.000e+00
Set Transformer,ch4t-test-000195,5,-0.143383,0.763125,-0.260976,0.405390,-6.954314,-7.718470,1.110e-16
Set Transformer,ch4t-test-000196,7,-0.520287,0.301458,0.845097,0.195273,-7.076949,-7.898491,0.000e+00
Set Transformer,ch4t-test-000197,5,-0.302963,2.126473,-0.221316,0.117542,-6.301200,-8.020935,2.220e-16
Set Transformer,ch4t-test-000198,4,0.664525,-0.627609,1.423936,0.111834,-6.361464,-7.934149,2.220e-16
Set Transformer,ch4t-test-000199,9,-0.179094,-0.104036,-0.308795,0.395886,-8.238175,-8.042137,0.000e+00
Set Transformer,ch4t-test-000200,8,5.589954,-0.771594,-0.546616,0.414204,-3.119940,-7.805886,0.000e+00
Set Transformer,ch4t-test-000201,7,0.537855,-1.773847,2.052066,-0.544678,-7.361076,-7.632473,0.000e+00
Set Transformer,ch4t-test-000202,9,4.565069,-0.471456,-0.662889,0.793335,-3.528804,-7.752863,0.000e+00
Set Transformer,ch4t-test-000203,12,6.515558,-1.233447,-2.142174,0.371419,-4.626845,-8.138200,0.000e+00
Set Transformer,ch4t-test-000204,12,-0.032087,1.227809,0.045691,0.081807,-6.199260,-7.522480,2.220e-16
Set Transformer,ch4t-test-000205,11,-0.058238,0.806005,-0.069342,0.295562,-7.134794,-8.108780,0.000e+00
Set Transformer,ch4t-test-000206,9,0.209101,0.523757,0.807057,0.237867,-6.243242,-8.021024,2.220e-16
Set Transformer,ch4t-test-000207,12,5.848047,-0.985873,-1.493053,0.474002,-4.044829,-7.887951,4.441e-16
Set Transformer,ch4t-test-000208,4,-3.387186,-1.607339,-0.822879,0.549809,-13.269484,-8.001889,0.000e+00
Set Transformer,ch4t-test-000209,4,0.006024,0.147409,0.093928,-0.348613,-8.440443,-8.339190,2.776e-17
Set Transformer,ch4t-test-000210,6,0.053775,1.058460,-0.162139,-0.269715,-6.978224,-7.658604,1.110e-16
Set Transformer,ch4t-test-000211,7,2.041645,-1.803011,2.474758,-0.197296,-5.175042,-7.691138,8.882e-16
Set Transformer,ch4t-test-000212,4,3.745082,0.028249,0.398610,0.621843,-3.310371,-8.104156,8.882e-16
Set Transformer,ch4t-test-000213,9,1.812109,0.686060,0.625211,0.728180,-3.945032,-7.796592,4.441e-16
Set Transformer,ch4t-test-000214,7,0.188010,0.034550,0.067058,-0.070882,-7.728590,-7.947325,5.551e-17
Set Transformer,ch4t-test-000215,11,1.791004,0.789252,1.360913,0.134546,-3.593961,-7.669676,0.000e+00
Set Transformer,ch4t-test-000216,9,0.350177,1.005627,0.384038,-0.182715,-6.552696,-8.109822,2.220e-16
Set Transformer,ch4t-test-000217,6,0.957535,-0.379682,0.335626,-0.076181,-7.168312,-8.005610,1.110e-16
Set Transformer,ch4t-test-000218,7,1.859133,-0.650309,1.005503,0.229070,-5.560812,-8.004209,4.441e-16
Set Transformer,ch4t-test-000219,11,-0.156671,1.489080,-0.118523,-0.056232,-6.865392,-8.023045,0.000e+00
Set Transformer,ch4t-test-000220,7,-0.095840,0.690621,-0.147150,0.176655,-7.558244,-8.182531,0.000e+00
Set Transformer,ch4t-test-000221,10,1.325631,0.563256,1.036148,0.312680,-4.610652,-7.848367,0.000e+00
Set Transformer,ch4t-test-000222,6,2.014298,0.364565,-0.164033,0.474348,-4.937863,-7.627041,4.441e-16
Set Transformer,ch4t-test-000223,10,-0.012910,1.186471,-0.150745,0.188608,-6.607725,-7.819149,2.220e-16
Set Transformer,ch4t-test-000224,10,1.121540,0.203371,0.744251,0.180299,-5.925622,-8.175083,0.000e+00
Set Transformer,ch4t-test-000225,12,2.286907,0.101978,0.651737,0.746403,-4.206492,-7.993517,4.441e-16
Set Transformer,ch4t-test-000226,11,1.044915,1.298012,0.658573,0.255456,-4.553321,-7.810279,0.000e+00
Set Transformer,ch4t-test-000227,5,0.607490,-0.021734,0.290779,0.454988,-6.614600,-7.946122,0.000e+00
Set Transformer,ch4t-test-000228,9,1.876185,-0.240573,0.815743,0.125883,-4.958396,-7.535634,0.000e+00
Set Transformer,ch4t-test-000229,5,2.896510,0.065056,1.164542,0.718790,-3.594879,-8.439778,8.882e-16
Set Transformer,ch4t-test-000230,11,0.941979,0.790084,-0.893127,-0.551706,-7.544822,-7.832051,0.000e+00
Set Transformer,ch4t-test-000231,12,2.562260,-0.139098,1.413476,-0.353963,-4.552231,-8.034907,0.000e+00
Set Transformer,ch4t-test-000232,6,2.914359,0.255787,0.270052,0.584215,-3.556995,-7.581408,0.000e+00
Set Transformer,ch4t-test-000233,7,1.172310,0.722241,0.802505,0.322968,-4.846401,-7.866425,0.000e+00
Set Transformer,ch4t-test-000234,6,-0.087270,1.142527,-0.063761,0.045311,-6.956696,-7.993503,0.000e+00
Set Transformer,ch4t-test-000235,10,3.727751,0.042060,-0.855698,1.054808,-3.982641,-7.951562,4.441e-16
Set Transformer,ch4t-test-000236,4,1.570894,0.286368,0.837848,0.368118,-4.982097,-8.045324,0.000e+00
Set Transformer,ch4t-test-000237,6,-0.498989,-2.902048,0.455226,-0.136406,-11.235658,-8.153441,0.000e+00
Set Transformer,ch4t-test-000238,12,5.958642,-1.140662,-3.091316,0.573627,-5.471920,-7.772212,4.441e-16
Set Transformer,ch4t-test-000239,12,4.401489,-0.626858,-0.992058,0.520011,-4.646556,-7.949141,4.441e-16
Set Transformer,ch4t-test-000240,11,2.456067,-1.755036,2.642802,0.401163,-4.101986,-7.846983,4.441e-16
Set Transformer,ch4t-test-000241,4,0.965530,0.231918,0.825827,-0.099928,-5.637075,-7.560422,2.220e-16
Set Transformer,ch4t-test-000242,12,0.137326,-0.241865,1.028687,-0.463344,-7.461785,-7.922589,1.110e-16
Set Transformer,ch4t-test-000243,12,1.894392,0.929182,0.228670,0.500044,-4.463973,-8.016262,8.882e-16
Set Transformer,ch4t-test-000244,8,3.348642,-1.525385,-1.401555,1.396133,-6.168434,-7.986270,2.220e-16
Set Transformer,ch4t-test-000245,6,0.045612,-0.029077,0.309174,-0.117877,-7.638019,-7.845850,5.551e-17
Set Transformer,ch4t-test-000246,4,5.674369,-1.422314,-0.322789,0.805257,-3.312489,-8.047012,8.882e-16
Set Transformer,ch4t-test-000247,12,5.939598,-0.406402,-2.982099,1.222358,-4.022472,-7.795928,4.441e-16
Set Transformer,ch4t-test-000248,6,0.604870,1.009884,0.467757,0.048236,-5.640488,-7.771235,0.000e+00
Set Transformer,ch4t-test-000249,12,2.529560,0.776361,0.187547,0.369038,-4.085904,-7.948411,0.000e+00
Set Transformer,ch4t-test-000250,5,1.097415,-0.307071,1.500545,-0.317387,-6.016985,-7.990489,4.441e-16
Set Transformer,ch4t-test-000251,4,-0.004558,0.262661,0.013241,0.349748,-7.121273,-7.742365,0.000e+00
Set Transformer,ch4t-test-000252,8,-0.057946,0.241812,0.146544,-0.061082,-7.617861,-7.887190,0.000e+00
Set Transformer,ch4t-test-000253,8,3.751154,0.935784,-0.472656,0.540718,-3.265091,-8.020091,8.882e-16
Set Transformer,ch4t-test-000254,12,1.461684,0.220132,1.098421,0.940224,-4.501707,-8.222169,0.000e+00
Set Transformer,ch4t-test-000255,8,4.283451,-0.029122,1.121485,0.338149,-2.209608,-7.923572,0.000e+00
Set Transformer,ch4t-test-000256,11,4.707175,-1.283743,-1.846075,1.088396,-5.537500,-8.203253,0.000e+00
Set Transformer,ch4t-test-000257,4,0.323956,0.931428,0.656211,0.191252,-5.866934,-7.969781,0.000e+00
Set Transformer,ch4t-test-000258,4,0.108288,-0.199520,0.344798,-0.106673,-7.576939,-7.723832,2.776e-17
Set Transformer,ch4t-test-000259,4,1.974787,-0.460225,1.596541,0.083923,-4.757210,-7.952236,0.000e+00
Set Transformer,ch4t-test-000260,6,0.660802,-0.136841,0.202223,0.476488,-6.661434,-7.864105,0.000e+00
Set Transformer,ch4t-test-000261,9,4.737848,0.174102,-1.792164,0.722872,-4.072441,-7.915099,0.000e+00
Set Transformer,ch4t-test-000262,10,5.260193,-1.447727,-1.553350,0.695819,-5.048978,-8.003913,4.441e-16
Set Transformer,ch4t-test-000263,8,5.908052,-0.491189,-1.409051,0.856369,-3.103279,-7.967460,0.000e+00
Set Transformer,ch4t-test-000264,12,-0.025476,0.817852,-0.012255,0.038005,-7.089438,-7.907566,1.110e-16
Set Transformer,ch4t-test-000265,4,-0.123885,1.540588,0.272151,-0.410578,-6.744828,-8.023103,0.000e+00
Set Transformer,ch4t-test-000266,12,6.641999,-1.980504,-0.992928,1.484806,-2.986708,-8.140082,1.776e-15
Set Transformer,ch4t-test-000267,10,5.550600,-1.471978,-0.471174,1.308740,-2.839779,-7.755966,1.776e-15
Set Transformer,ch4t-test-000268,12,5.637893,-1.300753,-0.062883,0.721864,-2.867553,-7.863674,8.882e-16
Set Transformer,ch4t-test-000269,10,-0.027025,1.103973,-0.026178,0.074913,-6.795362,-7.921045,0.000e+00
Set Transformer,ch4t-test-000270,9,-0.061590,1.795854,-0.012633,0.189192,-5.740926,-7.651751,0.000e+00
Set Transformer,ch4t-test-000271,7,5.165077,-1.359600,-0.249532,0.601865,-3.624141,-7.781952,0.000e+00
Set Transformer,ch4t-test-000272,4,6.257619,-1.623821,-1.375912,0.835672,-4.124858,-8.218416,8.882e-16
Set Transformer,ch4t-test-000273,10,2.139861,-0.269475,1.153299,0.236092,-4.614635,-7.874412,0.000e+00
Set Transformer,ch4t-test-000274,5,0.070567,0.477645,-0.083703,0.274140,-7.260829,-7.999477,0.000e+00
Set Transformer,ch4t-test-000275,4,1.722550,0.255664,0.291891,0.477592,-5.183974,-7.931672,0.000e+00
Set Transformer,ch4t-test-000276,6,5.249233,-1.532452,-1.251705,1.340034,-4.233866,-8.038977,8.882e-16
Set Transformer,ch4t-test-000277,11,1.090111,0.291280,0.517592,-0.040479,-6.143913,-8.002417,2.220e-16
Set Transformer,ch4t-test-000278,5,5.074100,-0.768886,-1.306106,0.826472,-3.940900,-7.766480,8.882e-16
Set Transformer,ch4t-test-000279,11,5.272863,-0.759392,-0.991421,0.930940,-3.482877,-7.935866,0.000e+00
Set Transformer,ch4t-test-000280,9,0.403109,-0.880340,1.654431,-0.357423,-7.284801,-8.104577,2.220e-16
Set Transformer,ch4t-test-000281,5,1.385194,0.732662,0.746430,0.571752,-4.738186,-8.174223,0.000e+00
Set Transformer,ch4t-test-000282,9,2.435200,-0.932077,1.444964,0.001210,-5.106557,-8.055854,0.000e+00
Set Transformer,ch4t-test-000283,11,1.806995,0.472443,0.352955,-0.367367,-6.097377,-8.362404,0.000e+00
Set Transformer,ch4t-test-000284,11,0.766755,-0.078053,0.925355,-1.224647,-7.375832,-7.765242,0.000e+00
Set Transformer,ch4t-test-000285,8,-0.098258,0.329386,-0.272912,0.298328,-7.432642,-7.689187,5.551e-17
Set Transformer,ch4t-test-000286,8,5.343131,-2.355737,-1.009617,0.528811,-5.585278,-8.091866,4.441e-16
Set Transformer,ch4t-test-000287,4,-0.047591,-2.684813,0.140632,-0.081576,-10.412276,-7.738928,4.441e-16
Set Transformer,ch4t-test-000288,9,2.670752,0.275253,0.727374,0.513092,-3.668920,-7.855391,0.000e+00
Set Transformer,ch4t-test-000289,7,1.679659,0.273791,0.430964,0.743969,-4.878037,-8.006420,0.000e+00
Set Transformer,ch4t-test-000290,5,3.434414,-0.827166,1.415487,0.478034,-3.289453,-7.790222,8.882e-16
Set Transformer,ch4t-test-000291,9,2.229473,0.606146,0.352664,0.568764,-4.156463,-7.913510,4.441e-16
Set Transformer,ch4t-test-000292,7,1.677138,1.020490,0.779955,0.319084,-4.128377,-7.925045,0.000e+00
Set Transformer,ch4t-test-000293,7,-0.101538,1.679999,-0.165004,0.211144,-6.169756,-7.794357,0.000e+00
Set Transformer,ch4t-test-000294,11,2.239623,0.017526,0.028221,0.761460,-4.836441,-7.883271,0.000e+00
Set Transformer,ch4t-test-000295,9,2.427868,-1.129411,2.083162,0.613942,-3.864540,-7.860101,4.441e-16
Set Transformer,ch4t-test-000296,5,0.209749,0.029185,0.490262,-0.490564,-7.735790,-7.974421,0.000e+00
Set Transformer,ch4t-test-000297,6,2.509863,-0.410400,0.442104,-0.070833,-5.378961,-7.849696,0.000e+00
Set Transformer,ch4t-test-000298,12,1.057703,-1.832572,1.711011,-0.173145,-7.091699,-7.854694,6.661e-16
Set Transformer,ch4t-test-000299,12,2.561001,0.535911,0.342813,0.427485,-3.937454,-7.804663,4.441e-16
Set Transformer,ch4t-test-000300,9,2.111351,0.748648,0.284503,0.101576,-4.376980,-7.623058,0.000e+00
Set Transformer,ch4t-test-000301,6,0.985887,0.952282,0.219011,0.441235,-5.074280,-7.672695,0.000e+00
Set Transformer,ch4t-test-000302,10,-0.128489,0.979700,-0.216382,0.048595,-7.120487,-7.803911,1.110e-16
Set Transformer,ch4t-test-000303,5,1.297723,-0.296396,0.949784,-0.109074,-6.208022,-8.050060,4.441e-16
Set Transformer,ch4t-test-000304,7,0.395853,-0.189523,-0.135063,0.177416,-7.712108,-7.960791,5.551e-17
Set Transformer,ch4t-test-000305,11,2.948744,0.690846,0.001866,0.970280,-3.549743,-8.161480,1.776e-15
Set Transformer,ch4t-test-000306,9,3.882334,-0.668044,0.947478,0.388671,-3.598396,-8.148836,0.000e+00
Set Transformer,ch4t-test-000307,10,1.787107,0.758938,0.524127,0.296828,-4.544973,-7.911973,4.441e-16
Set Transformer,ch4t-test-000308,9,-0.157985,-1.043396,0.141686,-0.033724,-8.847437,-7.754019,2.220e-16
Set Transformer,ch4t-test-000309,4,3.214014,-1.335742,2.512487,0.046069,-3.274090,-7.710918,1.776e-15
Set Transformer,ch4t-test-000310,9,4.165738,0.146345,0.618581,0.653633,-2.209066,-7.793363,8.882e-16
Set Transformer,ch4t-test-000311,7,2.495039,-0.591454,1.542991,0.122260,-4.358200,-7.927035,0.000e+00
Set Transformer,ch4t-test-000312,7,1.710617,-0.733686,1.334099,-0.149322,-5.764913,-7.926621,0.000e+00
Set Transformer,ch4t-test-000313,11,2.013329,-1.350415,0.504670,0.414111,-6.110685,-7.692380,0.000e+00
Set Transformer,ch4t-test-000314,11,1.174580,0.730643,0.190785,0.415449,-5.432349,-7.943806,0.000e+00
Set Transformer,ch4t-test-000315,10,2.387294,-1.152107,2.120764,0.310047,-4.247440,-7.913439,0.000e+00
Set Transformer,ch4t-test-000316,11,2.535906,0.700287,0.676990,0.404318,-3.559676,-7.877178,0.000e+00
Set Transformer,ch4t-test-000317,7,2.147633,-0.014720,0.562449,0.751833,-4.382769,-7.829964,4.441e-16
Set Transformer,ch4t-test-000318,5,-0.133193,-0.626246,0.969048,-0.741582,-8.765872,-8.233899,1.110e-16
Set Transformer,ch4t-test-000319,4,-0.669640,-0.222366,1.634514,-0.992038,-8.453186,-8.203657,1.110e-16
Set Transformer,ch4t-test-000320,10,-0.076779,-0.108198,0.095959,-0.021954,-8.235390,-8.124417,0.000e+00
Set Transformer,ch4t-test-000321,8,-0.166100,0.947215,-0.349080,0.093591,-7.295514,-7.821140,0.000e+00
Set Transformer,ch4t-test-000322,11,4.297280,-0.806425,-1.225825,0.100316,-5.604338,-7.969684,4.441e-16
Set Transformer,ch4t-test-000323,6,0.963440,0.290427,0.706048,-0.394113,-6.341098,-7.906900,2.220e-16
Set Transformer,ch4t-test-000324,10,-0.382700,-0.322116,1.316305,0.252911,-7.006841,-7.871241,2.220e-16
Set Transformer,ch4t-test-000325,6,5.543527,-1.060639,-1.674517,0.497109,-4.697193,-8.002672,0.000e+00
Set Transformer,ch4t-test-000326,7,2.045313,-1.319473,-0.269387,0.460749,-7.072235,-7.989437,3.331e-16
Set Transformer,ch4t-test-000327,4,1.574673,0.140073,1.306614,0.012917,-5.071136,-8.105412,4.441e-16
Set Transformer,ch4t-test-000328,11,1.106360,0.539672,0.786805,-0.393360,-5.612376,-7.651852,0.000e+00
Set Transformer,ch4t-test-000329,5,1.393915,-1.392484,1.446057,-0.373618,-6.953779,-8.027650,0.000e+00
Set Transformer,ch4t-test-000330,5,0.863397,-0.562163,1.293378,-0.767871,-7.137131,-7.963871,0.000e+00
Set Transformer,ch4t-test-000331,6,2.397560,-0.129858,0.060719,0.245184,-5.341287,-7.914893,0.000e+00
Set Transformer,ch4t-test-000332,5,2.021248,0.936386,0.313986,0.475880,-4.448582,-8.196082,4.441e-16
Set Transformer,ch4t-test-000333,11,4.556534,-0.937698,0.005898,0.545627,-3.800974,-7.971336,0.000e+00
Set Transformer,ch4t-test-000334,4,-0.015803,0.907345,0.000341,0.052588,-7.458610,-8.403081,0.000e+00
Set Transformer,ch4t-test-000335,4,1.378841,-0.958298,1.092615,0.471188,-5.682343,-7.666689,0.000e+00
Set Transformer,ch4t-test-000336,11,0.380007,0.923428,0.143094,0.128076,-6.673951,-8.248557,0.000e+00
Set Transformer,ch4t-test-000337,8,2.780250,-0.147628,0.805429,0.743130,-3.890070,-8.071251,8.882e-16
Set Transformer,ch4t-test-000338,6,3.424359,-0.429666,0.546166,0.385898,-4.123007,-8.049764,8.882e-16
Set Transformer,ch4t-test-000339,11,1.519444,1.405613,0.362028,0.446019,-4.234207,-7.967310,0.000e+00
Set Transformer,ch4t-test-000340,10,0.848175,0.112047,0.775185,0.458001,-5.507243,-7.700650,0.000e+00
Set Transformer,ch4t-test-000341,11,2.959001,-0.408811,0.142880,0.016156,-5.235993,-7.945219,0.000e+00
Set Transformer,ch4t-test-000342,4,-0.021119,0.667477,-0.219125,0.118518,-7.670690,-8.216441,0.000e+00
Set Transformer,ch4t-test-000343,11,1.187749,-0.518296,1.046948,-0.157297,-6.399401,-7.958505,4.441e-16
Set Transformer,ch4t-test-000344,8,5.881712,-0.862687,-2.258419,1.992685,-3.604582,-8.357874,0.000e+00
Set Transformer,ch4t-test-000345,4,0.078805,0.132353,-0.118102,0.183042,-7.652773,-7.928871,0.000e+00
Set Transformer,ch4t-test-000346,11,2.076096,-0.575530,0.182652,0.661455,-5.687992,-8.032665,4.441e-16
Set Transformer,ch4t-test-000347,8,1.684456,1.013034,0.153895,0.638724,-4.469233,-7.959342,0.000e+00
Set Transformer,ch4t-test-000348,6,0.515946,0.402377,0.408901,0.136470,-6.698146,-8.161840,0.000e+00
Set Transformer,ch4t-test-000349,12,2.929194,0.373305,0.102322,0.444258,-4.112130,-7.961211,0.000e+00
Set Transformer,ch4t-test-000350,11,0.302830,1.994629,0.552533,0.369355,-4.830733,-8.050080,0.000e+00
Set Transformer,ch4t-test-000351,6,1.401451,0.607420,0.395053,0.600846,-4.954599,-7.959369,0.000e+00
Set Transformer,ch4t-test-000352,6,0.588454,0.661034,0.421584,-0.354193,-6.467816,-7.784697,0.000e+00
Set Transformer,ch4t-test-000353,5,-0.234515,1.239295,-0.310228,0.363601,-6.744752,-7.802905,2.220e-16
Set Transformer,ch4t-test-000354,9,1.145515,0.609276,0.550482,0.305799,-5.371921,-7.982993,0.000e+00
Set Transformer,ch4t-test-000355,8,1.428296,0.620198,0.571323,0.684558,-4.831055,-8.135430,0.000e+00
Set Transformer,ch4t-test-000356,8,-0.667757,0.502376,-0.412551,0.123512,-8.484346,-8.029927,2.220e-16
Set Transformer,ch4t-test-000357,9,0.163854,-1.424493,0.158780,-0.162840,-9.028892,-7.764193,2.220e-16
Set Transformer,ch4t-test-000358,4,-0.107645,0.651579,-0.136050,0.126636,-7.902756,-8.437276,0.000e+00
Set Transformer,ch4t-test-000359,5,1.189963,-0.322741,1.081700,-0.013121,-6.480903,-8.416705,4.441e-16
Set Transformer,ch4t-test-000360,11,0.965065,0.985815,0.215164,0.689036,-5.126632,-7.981711,0.000e+00
Set Transformer,ch4t-test-000361,6,0.022095,-1.169965,0.530643,-0.163935,-8.668369,-7.887207,1.110e-16
Set Transformer,ch4t-test-000362,10,2.093478,-0.642250,1.070661,0.236313,-5.155622,-7.913824,4.441e-16
Set Transformer,ch4t-test-000363,11,1.792849,0.481678,0.466559,0.323053,-5.051085,-8.115224,0.000e+00
Set Transformer,ch4t-test-000364,11,0.966174,-0.210559,0.813816,-0.528728,-7.023225,-8.063927,0.000e+00
Set Transformer,ch4t-test-000365,11,-0.063024,0.321690,0.138650,-0.095470,-7.670365,-7.972211,0.000e+00
Set Transformer,ch4t-test-000366,10,0.406970,-0.541867,1.426997,-0.312940,-6.771689,-7.750848,2.220e-16
Set Transformer,ch4t-test-000367,7,1.049812,1.261283,0.925767,0.431352,-4.212876,-7.881089,0.000e+00
Set Transformer,ch4t-test-000368,7,5.869277,-1.064481,-2.178175,1.242818,-3.921962,-7.791400,4.441e-16
Set Transformer,ch4t-test-000369,11,2.518154,-0.353188,-0.593793,0.644426,-5.825930,-8.041529,0.000e+00
Set Transformer,ch4t-test-000370,4,2.275998,0.742104,0.068218,0.390801,-4.611281,-8.088402,0.000e+00
Set Transformer,ch4t-test-000371,7,-0.040285,1.577384,0.046322,-0.155881,-6.569277,-7.996818,0.000e+00
Set Transformer,ch4t-test-000372,7,0.453352,0.521546,0.822909,0.048405,-6.260806,-8.107020,0.000e+00
Set Transformer,ch4t-test-000373,6,4.619811,-0.542769,1.354187,0.348517,-2.365485,-8.145231,8.882e-16
Set Transformer,ch4t-test-000374,10,5.323038,-0.715574,-1.356277,1.134670,-3.331637,-7.717493,8.882e-16
Set Transformer,ch4t-test-000375,7,-0.091489,-0.257963,-0.107197,0.262235,-7.880020,-7.685606,0.000e+00
Set Transformer,ch4t-test-000376,5,0.047669,0.559164,-0.212678,-0.063939,-7.492351,-7.822567,1.665e-16
Set Transformer,ch4t-test-000377,8,3.437579,-0.927818,1.641173,0.207217,-3.482219,-7.840370,8.882e-16
Set Transformer,ch4t-test-000378,4,-0.038366,1.338588,-0.049013,-0.354986,-6.856199,-7.752423,0.000e+00
Set Transformer,ch4t-test-000379,5,4.639388,-1.291546,-1.889124,1.506431,-4.777216,-7.742364,0.000e+00
Set Transformer,ch4t-test-000380,11,0.049328,1.157007,0.039759,-0.115069,-6.859758,-7.990782,0.000e+00
Set Transformer,ch4t-test-000381,7,4.760594,-0.773042,-0.920712,1.412336,-3.728808,-8.207984,8.882e-16
Set Transformer,ch4t-test-000382,12,-0.359223,2.034443,-0.359509,-0.087643,-6.951246,-8.179314,4.441e-16
Set Transformer,ch4t-test-000383,10,0.763901,-0.396796,0.359684,0.153365,-6.877881,-7.758034,0.000e+00
Set Transformer,ch4t-test-000384,10,1.971054,-0.193067,1.315451,0.365220,-4.616935,-8.075593,4.441e-16
Set Transformer,ch4t-test-000385,6,1.683464,0.864875,0.467632,0.016466,-4.837821,-7.870259,0.000e+00
Set Transformer,ch4t-test-000386,9,2.786180,-0.746812,1.448860,0.203562,-4.328827,-8.020616,0.000e+00
Set Transformer,ch4t-test-000387,8,-0.041475,0.484571,-0.020926,0.182730,-6.983969,-7.588870,0.000e+00
Set Transformer,ch4t-test-000388,4,0.271384,0.900564,0.010682,0.393593,-6.171734,-7.747957,0.000e+00
Set Transformer,ch4t-test-000389,7,3.587973,-0.280343,0.066877,0.641819,-3.943957,-7.960282,0.000e+00
Set Transformer,ch4t-test-000390,6,-0.168199,-0.135954,0.843862,-0.207428,-7.732907,-8.065188,0.000e+00
Set Transformer,ch4t-test-000391,10,-0.058150,-0.527109,0.505526,-0.126692,-8.204707,-7.998282,5.551e-17
Set Transformer,ch4t-test-000392,5,1.030844,0.179367,0.499613,-0.011961,-6.005031,-7.702895,2.220e-16
Set Transformer,ch4t-test-000393,8,0.993802,0.735244,0.501566,0.220585,-5.142682,-7.593879,0.000e+00
Set Transformer,ch4t-test-000394,10,-0.001829,-0.182184,0.269758,0.068899,-7.693365,-7.848009,0.000e+00
Set Transformer,ch4t-test-000395,8,-0.019171,0.701792,0.049346,0.066556,-7.237958,-8.036481,0.000e+00
Set Transformer,ch4t-test-000396,8,5.853485,-2.085521,-0.463084,0.793207,-3.662441,-7.760528,1.776e-15
Set Transformer,ch4t-test-000397,8,2.275749,-1.036588,1.829569,0.165133,-4.715087,-7.948949,4.441e-16
Set Transformer,ch4t-test-000398,7,-0.105259,0.695659,-0.113263,0.326840,-6.971329,-7.775307,1.110e-16
Set Transformer,ch4t-test-000399,7,5.848092,-1.231201,-1.684642,1.276828,-3.536001,-7.745078,8.882e-16
Set Transformer,ch4t-test-000400,7,1.583987,0.323352,1.115537,0.227369,-4.748600,-7.998845,0.000e+00
Set Transformer,ch4t-test-000401,5,0.827471,0.818265,0.129360,-0.276498,-6.349912,-7.848509,0.000e+00
Set Transformer,ch4t-test-000402,12,1.285879,-0.834830,0.528202,-0.618236,-7.508791,-7.869805,0.000e+00
Set Transformer,ch4t-test-000403,9,1.387981,1.269548,0.188359,0.478739,-4.537158,-7.861787,0.000e+00
Set Transformer,ch4t-test-000404,10,4.621682,0.031214,0.271068,0.538867,-2.685993,-8.148824,8.882e-16
Set Transformer,ch4t-test-000405,11,0.039765,-0.075873,0.219882,-0.130980,-7.586607,-7.639401,5.551e-17
Set Transformer,ch4t-test-000406,7,5.381140,-1.812987,-1.089137,0.741492,-4.733157,-7.953665,0.000e+00
Set Transformer,ch4t-test-000407,7,1.909972,-0.273827,0.700891,-0.057810,-5.510187,-7.789412,0.000e+00
Set Transformer,ch4t-test-000408,4,1.541270,-0.028417,0.117861,0.516131,-5.810614,-7.957459,0.000e+00
Set Transformer,ch4t-test-000409,6,-0.392164,-1.236588,1.140919,-0.256912,-8.507596,-7.762852,1.110e-16
Set Transformer,ch4t-test-000410,7,1.732878,-0.921795,1.713723,0.558372,-4.981547,-8.064725,4.441e-16
Set Transformer,ch4t-test-000411,10,1.430088,0.998122,0.588118,0.456617,-4.403370,-7.876316,4.441e-16
Set Transformer,ch4t-test-000412,11,3.655125,0.022588,0.421677,0.649822,-2.830090,-7.579302,8.882e-16
Set Transformer,ch4t-test-000413,9,0.436158,1.087839,1.167137,0.082692,-5.188695,-7.962521,4.441e-16
Set Transformer,ch4t-test-000414,4,1.364200,-0.003309,0.768680,0.778838,-4.864552,-7.772960,0.000e+00
Set Transformer,ch4t-test-000415,5,-0.008465,0.150331,0.057361,0.063297,-7.838310,-8.100834,0.000e+00
Set Transformer,ch4t-test-000416,5,-1.619651,-3.724247,-0.425647,0.790920,-12.871957,-7.893331,8.882e-16
Set Transformer,ch4t-test-000417,11,1.017467,0.303813,0.793320,0.375071,-5.802330,-8.292001,0.000e+00
Set Transformer,ch4t-test-000418,10,0.076442,0.938747,-0.134765,0.128673,-6.933005,-7.942102,0.000e+00
Set Transformer,ch4t-test-000419,9,4.106448,-1.084823,1.362874,0.197347,-3.411241,-7.993087,0.000e+00
Set Transformer,ch4t-test-000420,5,1.830253,-0.037741,0.326868,0.276310,-5.494438,-7.890127,0.000e+00
Set Transformer,ch4t-test-000421,4,-0.951923,-0.316231,0.815959,-1.046265,-9.102864,-7.604405,0.000e+00
Set Transformer,ch4t-test-000422,12,4.813673,-1.148240,-0.354582,1.016908,-3.896276,-8.224033,0.000e+00
Set Transformer,ch4t-test-000423,8,4.659121,-0.022539,-1.527879,1.052062,-3.706395,-7.867160,8.882e-16
Set Transformer,ch4t-test-000424,8,-0.118819,0.629838,-0.017009,0.065271,-7.150708,-7.709989,0.000e+00
Set Transformer,ch4t-test-000425,7,4.842234,-1.320485,0.015618,0.791333,-3.469128,-7.797828,8.882e-16
Set Transformer,ch4t-test-000426,11,0.414780,0.632603,0.659129,0.031015,-6.041912,-7.779440,0.000e+00
Set Transformer,ch4t-test-000427,4,-0.227850,-0.925756,0.085425,-0.048608,-8.973522,-7.856733,0.000e+00
Set Transformer,ch4t-test-000428,10,5.955944,-1.857281,-1.758872,1.178324,-4.023879,-7.541994,0.000e+00
Set Transformer,ch4t-test-000429,12,-0.053472,1.383597,0.088183,-0.006142,-6.402647,-7.814812,2.220e-16
Set Transformer,ch4t-test-000430,9,2.068101,0.080186,0.612249,1.265551,-4.349877,-8.375963,0.000e+00
Set Transformer,ch4t-test-000431,9,1.046476,-1.523660,1.758191,0.626694,-6.163376,-8.071077,0.000e+00
Set Transformer,ch4t-test-000432,4,0.446309,-0.452335,0.661672,0.058291,-6.918536,-7.632473,1.110e-16
Set Transformer,ch4t-test-000433,12,0.018667,1.120369,0.073438,-0.169184,-6.652747,-7.696035,2.220e-16
Set Transformer,ch4t-test-000434,10,2.289007,-0.676346,1.378552,0.585413,-4.399693,-7.976318,0.000e+00
Set Transformer,ch4t-test-000435,10,1.405539,-0.269117,1.599838,-0.378913,-5.475500,-7.832847,0.000e+00
Set Transformer,ch4t-test-000436,10,2.925602,-0.442766,0.132445,0.560140,-4.338209,-7.513630,0.000e+00
Set Transformer,ch4t-test-000437,7,1.350251,0.017709,0.358552,0.548987,-5.957062,-8.232561,0.000e+00
Set Transformer,ch4t-test-000438,8,1.528332,1.315528,0.851739,0.444679,-4.066265,-8.206542,0.000e+00
Set Transformer,ch4t-test-000439,4,-0.080780,0.078302,0.031519,0.018755,-7.926779,-7.974574,2.776e-17
Set Transformer,ch4t-test-000440,7,2.565769,-0.408563,1.658071,0.348355,-3.707098,-7.870730,0.000e+00
Set Transformer,ch4t-test-000441,6,1.200829,1.077225,-0.145814,0.623732,-5.503866,-8.259838,4.441e-16
Set Transformer,ch4t-test-000442,6,1.225199,0.113504,1.004458,0.388964,-5.219469,-7.951595,0.000e+00
Set Transformer,ch4t-test-000443,10,-0.162624,1.114317,-0.297345,0.182725,-7.054360,-7.891432,0.000e+00
Set Transformer,ch4t-test-000444,11,3.406976,0.659000,-0.337257,0.516084,-3.495018,-7.739822,8.882e-16
Set Transformer,ch4t-test-000445,11,-0.016917,1.038785,-0.095734,-0.050569,-6.865322,-7.740886,2.220e-16
Set Transformer,ch4t-test-000446,12,2.040221,-0.272820,1.176856,0.808220,-4.151127,-7.903604,0.000e+00
Set Transformer,ch4t-test-000447,10,5.333872,-0.561626,-0.185532,0.613924,-2.895230,-8.095869,0.000e+00
Set Transformer,ch4t-test-000448,12,1.485057,0.956708,0.348775,0.343114,-4.894367,-8.028022,4.441e-16
Set Transformer,ch4t-test-000449,12,1.279633,0.778915,1.144886,0.045268,-4.607511,-7.856213,4.441e-16
Set Transformer,ch4t-test-000450,10,1.154094,0.657463,0.888874,0.464148,-4.826061,-7.990639,0.000e+00
Set Transformer,ch4t-test-000451,7,-0.056774,1.322829,-0.001276,0.124674,-6.573983,-7.963436,0.000e+00
Set Transformer,ch4t-test-000452,8,3.101423,-0.588777,1.280246,0.220568,-3.650569,-7.664028,0.000e+00
Set Transformer,ch4t-test-000453,6,1.650370,-0.168800,0.472288,-0.552260,-6.230614,-7.632212,0.000e+00
Set Transformer,ch4t-test-000454,5,0.003653,-0.014612,0.063489,0.043742,-7.596126,-7.692397,1.388e-17
Set Transformer,ch4t-test-000455,8,2.599444,-0.625557,1.433421,0.587104,-3.865380,-7.859792,4.441e-16
Set Transformer,ch4t-test-000456,8,1.813719,-0.076877,0.118613,0.317853,-6.001252,-8.174562,0.000e+00
Set Transformer,ch4t-test-000457,10,3.429774,-0.290387,1.296089,0.600223,-2.933654,-7.969353,0.000e+00
Set Transformer,ch4t-test-000458,6,3.164898,0.502909,0.282396,0.511172,-3.242775,-7.704150,0.000e+00
Set Transformer,ch4t-test-000459,12,3.158313,-1.172004,0.887629,0.377138,-4.603315,-7.854391,8.882e-16
Set Transformer,ch4t-test-000460,8,1.491544,0.121830,0.049833,0.505652,-5.526787,-7.695646,0.000e+00
Set Transformer,ch4t-test-000461,12,2.055308,-0.216175,1.272139,0.738979,-4.028775,-7.879027,0.000e+00
Set Transformer,ch4t-test-000462,11,2.328508,-0.542916,1.262506,0.774600,-4.158492,-7.981190,4.441e-16
Set Transformer,ch4t-test-000463,5,0.162581,0.289285,0.268752,0.278253,-7.176370,-8.175240,0.000e+00
Set Transformer,ch4t-test-000464,5,-0.146680,1.133828,-0.111356,-0.084401,-7.447656,-8.239048,1.110e-16
Set Transformer,ch4t-test-000465,4,1.007485,0.860742,0.729590,0.471313,-4.736488,-7.805619,4.441e-16
Set Transformer,ch4t-test-000466,5,6.079496,-1.813607,-2.684366,1.017762,-5.385351,-7.984636,8.882e-16
Set Transformer,ch4t-test-000467,5,1.705648,-0.154999,0.621885,0.390812,-5.438739,-8.002085,4.441e-16
Set Transformer,ch4t-test-000468,12,1.324076,0.722648,1.149936,0.759646,-4.109812,-8.066120,4.441e-16
Set Transformer,ch4t-test-000469,6,-0.176627,1.414569,-0.076349,-0.119750,-6.671810,-7.713652,2.220e-16
Set Transformer,ch4t-test-000470,4,2.055765,1.426070,-0.846860,-0.792338,-6.269943,-8.112579,2.220e-16
Set Transformer,ch4t-test-000471,6,1.729137,0.378958,0.658650,0.019105,-4.844588,-7.630438,4.441e-16
Set Transformer,ch4t-test-000472,12,-0.027749,1.153570,-0.296952,0.110358,-7.035486,-7.974714,1.110e-16
Set Transformer,ch4t-test-000473,11,2.406911,0.226360,0.696160,0.428281,-3.913775,-7.671486,4.441e-16
Set Transformer,ch4t-test-000474,9,1.540832,0.924690,0.467054,0.505943,-4.404571,-7.843090,4.441e-16
Set Transformer,ch4t-test-000475,10,2.086990,1.458196,0.477756,0.514344,-3.515165,-8.052452,0.000e+00
Set Transformer,ch4t-test-000476,7,4.687839,-0.075435,-0.814272,1.023150,-3.304743,-8.126025,0.000e+00
Set Transformer,ch4t-test-000477,12,0.052688,1.546145,-0.087111,-0.081975,-6.641194,-8.070941,2.220e-16
Set Transformer,ch4t-test-000478,5,3.999579,0.095057,-1.559584,0.425627,-4.836209,-7.796887,0.000e+00
Set Transformer,ch4t-test-000479,12,0.757020,0.088440,0.231007,-0.261323,-7.142673,-7.957818,0.000e+00
Set Transformer,ch4t-test-000480,4,-0.168750,1.269257,-0.181323,0.177562,-6.634540,-7.731285,0.000e+00
Set Transformer,ch4t-test-000481,10,5.700211,-0.753492,-1.975557,1.637430,-3.235594,-7.844187,0.000e+00
Set Transformer,ch4t-test-000482,4,-0.024398,-0.083887,-0.019961,0.153198,-7.915357,-7.940308,0.000e+00
Set Transformer,ch4t-test-000483,11,4.515380,-0.948869,-0.365529,0.739085,-3.652601,-7.592668,4.441e-16
Set Transformer,ch4t-test-000484,8,-0.082029,1.498478,0.087649,-0.051241,-6.587682,-8.040540,0.000e+00
Set Transformer,ch4t-test-000485,8,1.248552,0.455951,0.962698,-0.118772,-5.068740,-7.617170,0.000e+00
Set Transformer,ch4t-test-000486,12,3.191391,0.319151,0.720426,0.360810,-3.116814,-7.708593,8.882e-16
Set Transformer,ch4t-test-000487,4,-1.305887,-0.907300,0.081800,-0.632502,-10.161308,-7.397419,4.441e-16
Set Transformer,ch4t-test-000488,4,1.447465,-0.558969,1.702779,-0.419728,-6.400687,-8.572233,4.441e-16
Set Transformer,ch4t-test-000489,12,2.556299,0.612709,0.035235,-0.094906,-4.944016,-8.053353,4.441e-16
Set Transformer,ch4t-test-000490,7,1.505554,-0.139499,1.013306,0.400621,-5.144835,-7.924818,4.441e-16
Set Transformer,ch4t-test-000491,9,2.903431,-0.214334,1.315026,0.017210,-3.926807,-7.948140,0.000e+00
Set Transformer,ch4t-test-000492,10,0.067408,-0.223350,0.068396,-0.083200,-8.330929,-8.160183,0.000e+00
Set Transformer,ch4t-test-000493,8,1.909610,0.941820,0.833311,0.427987,-3.781178,-7.893905,8.882e-16
Set Transformer,ch4t-test-000494,8,2.109261,-0.111291,1.309522,0.182703,-4.633751,-8.123946,4.441e-16
Set Transformer,ch4t-test-000495,5,1.586789,0.894994,0.330625,0.444590,-4.690505,-7.947504,0.000e+00
Set Transformer,ch4t-test-000496,10,2.840953,0.211012,0.494524,0.149180,-3.756387,-7.452056,0.000e+00
Set Transformer,ch4t-test-000497,10,6.156980,-1.740159,-1.492623,0.734585,-4.125381,-7.784164,4.441e-16
Set Transformer,ch4t-test-000498,9,4.761839,-1.090087,0.380438,0.345322,-3.563528,-7.961039,0.000e+00
Set Transformer,ch4t-test-000499,11,0.541545,0.825901,1.329032,0.005805,-5.296311,-7.998593,0.000e+00
Set Transformer,ch4t-test-000500,11,3.976964,-0.950830,-1.763863,1.028897,-5.723131,-8.014299,4.441e-16
Set Transformer,ch4t-test-000501,4,0.725082,0.514125,0.573396,0.530993,-5.427133,-7.770730,0.000e+00
Set Transformer,ch4t-test-000502,5,0.830562,0.534288,0.155837,0.148471,-6.143582,-7.812740,0.000e+00
Set Transformer,ch4t-test-000503,10,-0.011362,-0.930446,0.130117,-0.151757,-8.825290,-7.861843,2.220e-16
Set Transformer,ch4t-test-000504,10,1.143178,0.533918,0.241907,0.207962,-5.679216,-7.806180,4.441e-16
Set Transformer,ch4t-test-000505,12,-0.268807,2.033952,-0.327528,0.320258,-6.702556,-8.460432,2.220e-16
Set Transformer,ch4t-test-000506,11,1.398755,0.024765,1.774837,0.563621,-4.298280,-8.060258,4.441e-16
Set Transformer,ch4t-test-000507,8,2.209636,0.543953,0.407723,0.657905,-4.211071,-8.030288,0.000e+00
Set Transformer,ch4t-test-000508,4,3.733612,-0.779362,0.379348,0.378680,-4.352964,-8.065243,0.000e+00
Set Transformer,ch4t-test-000509,7,0.190806,-0.156585,0.549747,-0.284830,-7.753776,-8.052914,5.551e-17
Set Transformer,ch4t-test-000510,12,-0.066289,0.865146,0.034195,-0.115867,-7.019517,-7.736703,0.000e+00
Set Transformer,ch4t-test-000511,12,2.036140,0.190595,1.309971,0.232806,-4.154498,-7.924011,8.882e-16
Set Transformer,ch4t-test-000512,11,2.286310,-0.068980,0.599842,0.383186,-4.643622,-7.843978,4.441e-16
Set Transformer,ch4t-test-000513,12,-0.192779,1.293571,-0.186706,0.358562,-6.225254,-7.497901,0.000e+00
Set Transformer,ch4t-test-000514,11,0.653315,0.984809,0.171141,0.279834,-5.892194,-7.981293,0.000e+00
Set Transformer,ch4t-test-000515,10,2.059498,-0.143731,0.864109,0.785414,-4.436436,-8.001725,0.000e+00
Set Transformer,ch4t-test-000516,8,5.637626,-0.687651,-1.412666,1.222731,-3.112595,-7.872635,0.000e+00
Set Transformer,ch4t-test-000517,7,1.053274,0.731429,0.202753,-0.214774,-6.135547,-7.908228,0.000e+00
Set Transformer,ch4t-test-000518,4,1.590519,-0.747389,1.044040,-0.326520,-6.776735,-8.337385,0.000e+00
Set Transformer,ch4t-test-000519,4,0.001871,1.075413,0.017778,-0.129904,-6.721196,-7.686353,1.110e-16
Set Transformer,ch4t-test-000520,5,-0.104829,0.399437,0.116661,0.083852,-7.525937,-8.021058,5.551e-17
Set Transformer,ch4t-test-000521,9,-0.046061,0.211510,0.004043,-0.058497,-7.518413,-7.629408,2.776e-17
Set Transformer,ch4t-test-000522,10,0.488879,-1.795138,2.581998,0.254982,-6.367352,-7.898073,4.441e-16
Set Transformer,ch4t-test-000523,12,2.179633,-0.228060,1.669611,0.143819,-4.053103,-7.818107,4.441e-16
Set Transformer,ch4t-test-000524,4,-0.137981,0.676465,-0.091973,0.216636,-7.422542,-8.085690,1.110e-16
Set Transformer,ch4t-test-000525,8,1.181804,0.280101,-0.222091,0.330150,-6.596774,-8.166737,2.220e-16
Set Transformer,ch4t-test-000526,4,-0.088182,0.230041,-0.059899,0.039581,-8.101680,-8.223221,0.000e+00
Set Transformer,ch4t-test-000527,6,1.282579,-0.378744,0.312182,0.269313,-6.585694,-8.071024,2.220e-16
Set Transformer,ch4t-test-000528,8,-0.007389,0.300277,-0.169242,0.340726,-7.275175,-7.739547,0.000e+00
Set Transformer,ch4t-test-000529,12,-0.127982,-0.269091,-0.020700,0.071261,-8.369764,-8.023253,5.551e-17
Set Transformer,ch4t-test-000530,7,1.821409,-0.516353,1.767936,-0.040090,-5.125689,-8.158591,4.441e-16
Set Transformer,ch4t-test-000531,5,-0.512310,1.255161,-0.533227,0.359183,-6.977006,-7.545813,3.331e-16
Set Transformer,ch4t-test-000532,11,5.451396,-0.946508,-1.000974,1.214879,-2.808217,-7.527009,0.000e+00
Set Transformer,ch4t-test-000533,6,1.057706,0.722188,0.791682,-0.015602,-5.401276,-7.957251,4.441e-16
Set Transformer,ch4t-test-000534,9,4.927581,0.056168,0.129533,0.208041,-2.518848,-7.840171,0.000e+00
Set Transformer,ch4t-test-000535,7,-0.139516,0.697031,-0.226822,0.230069,-6.985964,-7.546727,1.110e-16
Set Transformer,ch4t-test-000536,6,5.860032,-1.635856,-1.828993,0.631560,-4.802243,-7.828985,1.332e-15
Set Transformer,ch4t-test-000537,9,2.997402,-0.231339,-1.182945,1.217660,-4.970304,-7.771082,0.000e+00
Set Transformer,ch4t-test-000538,6,2.139617,0.551409,0.750089,0.143238,-4.144946,-7.729299,4.441e-16
Set Transformer,ch4t-test-000539,12,3.114198,0.501555,0.726176,0.356172,-3.093725,-7.791826,0.000e+00
Set Transformer,ch4t-test-000540,7,5.775941,-1.578466,-0.600930,1.358831,-3.182473,-8.137849,0.000e+00
Set Transformer,ch4t-test-000541,11,2.510309,1.243340,0.105817,-0.249839,-4.347705,-7.957332,4.441e-16
Set Transformer,ch4t-test-000542,8,3.489504,-0.324742,-1.032869,1.627443,-4.186926,-7.946262,0.000e+00
Set Transformer,ch4t-test-000543,8,-0.186630,-1.464395,3.534062,-0.012800,-5.911332,-7.781570,0.000e+00
Set Transformer,ch4t-test-000544,11,0.632303,0.446220,0.575861,-0.151809,-6.577821,-8.080395,2.220e-16
Set Transformer,ch4t-test-000545,5,1.180405,0.852328,0.902943,-0.002942,-5.440126,-8.372861,4.441e-16
Set Transformer,ch4t-test-000546,9,2.193693,-0.070791,0.591209,0.029346,-5.016225,-7.759682,0.000e+00
Set Transformer,ch4t-test-000547,12,1.745834,0.210309,0.628674,0.570493,-5.043177,-8.198488,0.000e+00
Set Transformer,ch4t-test-000548,4,1.761150,-0.948262,1.528504,0.582027,-4.970358,-7.893778,0.000e+00
Set Transformer,ch4t-test-000549,4,-0.069454,0.065629,-0.051546,-0.018797,-8.194904,-8.120735,0.000e+00
Set Transformer,ch4t-test-000550,6,-0.038775,0.974922,-0.023750,0.044268,-6.799322,-7.755987,0.000e+00
Set Transformer,ch4t-test-000551,11,1.321694,0.757560,0.493331,0.415747,-5.176900,-8.165232,0.000e+00
Set Transformer,ch4t-test-000552,11,2.172893,-0.522196,0.613306,0.556758,-5.032808,-7.853570,0.000e+00
Set Transformer,ch4t-test-000553,6,2.208024,0.074970,0.711052,0.855704,-4.147133,-7.996882,4.441e-16
Set Transformer,ch4t-test-000554,7,2.968310,0.347522,0.673655,0.029001,-4.098983,-8.117471,8.882e-16
Set Transformer,ch4t-test-000555,8,0.001349,1.691430,-0.033101,0.027612,-6.346765,-8.034055,2.220e-16
Set Transformer,ch4t-test-000556,4,0.076626,-1.086254,0.300026,-0.375579,-8.894187,-7.809005,2.220e-16
Set Transformer,ch4t-test-000557,11,-0.677999,-0.150577,0.939502,-0.798627,-8.701425,-8.013724,1.110e-16
Set Transformer,ch4t-test-000558,4,0.354936,-0.000531,0.253098,-0.198173,-7.603282,-8.012612,1.665e-16
Set Transformer,ch4t-test-000559,11,2.254655,-0.775200,0.840161,0.430933,-5.208399,-7.958948,4.441e-16
Set Transformer,ch4t-test-000560,9,-0.100727,0.949192,-0.178756,0.290772,-6.696324,-7.656805,1.110e-16
Set Transformer,ch4t-test-000561,7,0.580942,0.159397,-0.029561,-0.849616,-8.217593,-8.078755,1.110e-16
Set Transformer,ch4t-test-000562,4,3.001629,-0.333275,0.293880,0.306771,-4.598586,-7.867591,0.000e+00
Set Transformer,ch4t-test-000563,8,0.434729,-1.484830,1.710934,0.595412,-6.599087,-7.855332,0.000e+00
Set Transformer,ch4t-test-000564,6,0.085041,-0.800237,1.423134,-0.267106,-7.311078,-7.751909,1.110e-16
Set Transformer,ch4t-test-000565,5,2.847314,0.533157,-0.514006,0.895850,-4.189001,-7.951316,0.000e+00
Set Transformer,ch4t-test-000566,12,0.391203,0.836165,0.680176,-0.089291,-5.906569,-7.724821,2.220e-16
Set Transformer,ch4t-test-000567,7,4.992780,-1.568314,-0.518715,1.808438,-2.976369,-7.690559,1.776e-15
Set Transformer,ch4t-test-000568,8,-0.131849,-0.129657,0.199598,0.039545,-7.840923,-7.818560,1.388e-17
Set Transformer,ch4t-test-000569,12,2.086327,0.179837,0.770787,0.197485,-4.660294,-7.894730,4.441e-16
Set Transformer,ch4t-test-000570,9,-0.007140,0.668818,0.595438,-0.560140,-6.973293,-7.670269,2.220e-16
Set Transformer,ch4t-test-000571,11,0.409292,-1.076331,1.119584,-0.307559,-7.672907,-7.817894,5.551e-17
Set Transformer,ch4t-test-000572,11,1.083955,-0.821874,1.972424,0.211289,-5.569479,-8.015274,4.441e-16
Set Transformer,ch4t-test-000573,6,-0.300840,-1.034064,0.122089,0.012053,-9.139349,-7.938588,0.000e+00
Set Transformer,ch4t-test-000574,12,2.006098,-1.004142,1.680105,-0.015807,-5.313147,-7.979400,0.000e+00
Set Transformer,ch4t-test-000575,4,0.575967,-1.515518,1.348895,-0.607528,-8.442190,-8.244007,1.110e-16
Set Transformer,ch4t-test-000576,5,-0.036990,0.186605,0.000981,0.050255,-7.426707,-7.627558,0.000e+00
Set Transformer,ch4t-test-000577,8,1.580060,0.225486,1.450693,0.429386,-4.187177,-7.872802,4.441e-16
Set Transformer,ch4t-test-000578,5,-0.060499,1.036576,-0.072944,-0.096037,-7.173377,-7.980473,1.110e-16
Set Transformer,ch4t-test-000579,4,0.043259,0.110234,-0.003309,0.033338,-7.693970,-7.877493,2.776e-17
Set Transformer,ch4t-test-000580,8,4.120568,-0.039593,-0.883273,0.089645,-4.750182,-8.037528,4.441e-16
Set Transformer,ch4t-test-000581,7,2.018081,0.358154,0.478868,0.688361,-4.398016,-7.941480,4.441e-16
Set Transformer,ch4t-test-000582,12,-0.099885,2.045303,-0.134892,-0.046645,-6.345181,-8.109063,2.220e-16
Set Transformer,ch4t-test-000583,5,0.560656,0.552790,1.498038,-0.217338,-5.522121,-7.916267,0.000e+00
Set Transformer,ch4t-test-000584,7,1.739476,-0.840383,1.262322,0.098123,-5.683244,-7.942782,4.441e-16
Set Transformer,ch4t-test-000585,8,0.568790,0.383819,0.674939,0.413982,-6.675890,-8.717420,0.000e+00
Set Transformer,ch4t-test-000586,12,1.836126,-0.152875,1.356071,-0.087662,-4.995666,-7.947326,0.000e+00
Set Transformer,ch4t-test-000587,12,0.533315,2.087822,-0.402919,0.452032,-5.375522,-8.045772,4.441e-16
Set Transformer,ch4t-test-000588,6,0.078335,0.377001,-0.095828,0.161973,-6.979035,-7.500515,1.110e-16
Set Transformer,ch4t-test-000589,10,1.435349,-0.096886,1.158571,0.083335,-5.508148,-8.088517,0.000e+00
Set Transformer,ch4t-test-000590,12,3.293110,0.004310,1.886436,-0.070386,-3.353301,-8.466772,0.000e+00
Set Transformer,ch4t-test-000591,6,2.485368,-0.479970,0.815178,0.696901,-4.415544,-7.933021,4.441e-16
Set Transformer,ch4t-test-000592,6,1.794289,0.232701,0.774249,0.346118,-4.809445,-7.956801,4.441e-16
Set Transformer,ch4t-test-000593,8,1.560453,-1.203888,1.021147,0.072604,-6.274217,-7.724533,4.441e-16
Set Transformer,ch4t-test-000594,12,1.664594,-0.353576,0.723080,0.047052,-5.890597,-7.971747,0.000e+00
Set Transformer,ch4t-test-000595,8,2.273328,0.794291,0.448712,0.515008,-4.117030,-8.148369,0.000e+00
Set Transformer,ch4t-test-000596,8,0.936826,1.305893,0.476828,0.312417,-4.953019,-7.984982,0.000e+00
Set Transformer,ch4t-test-000597,5,0.027227,-0.286587,0.115617,0.010043,-8.108013,-7.974313,0.000e+00
Set Transformer,ch4t-test-000598,7,2.168773,-1.240398,2.102372,0.037416,-4.862582,-7.930745,0.000e+00
Set Transformer,ch4t-test-000599,4,0.514169,-0.452618,1.032024,-0.046599,-6.865476,-7.912453,0.000e+00
Set Transformer,ch4t-test-000600,10,2.541910,0.805103,0.002398,0.656581,-3.801266,-7.807259,8.882e-16
Set Transformer,ch4t-test-000601,6,2.181662,0.778578,0.168945,0.663137,-4.152298,-7.944620,0.000e+00
Set Transformer,ch4t-test-000602,5,0.288273,-0.335788,0.959093,-0.168717,-6.997022,-7.739884,1.110e-16
Set Transformer,ch4t-test-000603,7,2.236474,0.166068,0.430714,0.206237,-5.573016,-8.612509,4.441e-16
Set Transformer,ch4t-test-000604,9,0.104940,0.575661,-0.022078,0.119890,-7.205969,-7.984380,0.000e+00
Set Transformer,ch4t-test-000605,12,0.156793,-0.083945,0.364960,-0.151218,-8.077142,-8.363732,0.000e+00
Set Transformer,ch4t-test-000606,6,3.838012,-1.130036,-1.289214,0.564988,-5.814715,-7.798465,0.000e+00
Set Transformer,ch4t-test-000607,7,0.636771,-0.198200,0.510404,0.178870,-6.902192,-8.030038,0.000e+00
Set Transformer,ch4t-test-000608,10,1.705091,0.128555,0.442866,0.393237,-5.196002,-7.865751,0.000e+00
Set Transformer,ch4t-test-000609,12,1.466404,0.332475,0.833792,0.004713,-5.419136,-8.056519,0.000e+00
Set Transformer,ch4t-test-000610,8,5.889245,-1.606657,-1.206401,1.348281,-3.370006,-7.794474,0.000e+00
Set Transformer,ch4t-test-000611,7,0.960252,1.238161,0.467372,0.430868,-5.034062,-8.130714,0.000e+00
Set Transformer,ch4t-test-000612,12,5.885014,-1.131989,-1.034478,1.451730,-2.809385,-7.979662,8.882e-16
Set Transformer,ch4t-test-000613,10,0.016205,1.310425,-0.203445,0.276154,-6.681401,-8.080740,0.000e+00
Set Transformer,ch4t-test-000614,6,0.496226,2.298279,1.308919,0.031332,-3.771063,-7.905819,0.000e+00
Set Transformer,ch4t-test-000615,10,1.671797,-0.948901,1.224784,-0.239535,-6.487428,-8.195574,2.220e-16
Set Transformer,ch4t-test-000616,8,2.234575,0.185443,1.480446,0.334879,-3.544865,-7.780207,8.882e-16
Set Transformer,ch4t-test-000617,5,0.615582,-1.471713,1.995912,0.005897,-6.545516,-7.691194,0.000e+00
Set Transformer,ch4t-test-000618,7,2.161497,-0.805083,1.341746,-0.220374,-5.348881,-7.826667,0.000e+00
Set Transformer,ch4t-test-000619,5,-0.057566,0.573177,-0.084067,0.156243,-7.281055,-7.868841,0.000e+00
Set Transformer,ch4t-test-000620,11,-0.141814,0.552383,0.830873,-0.599939,-7.266619,-7.908121,0.000e+00
Set Transformer,ch4t-test-000621,7,1.416923,-0.836020,2.240644,-0.223870,-5.342428,-7.940104,0.000e+00
Set Transformer,ch4t-test-000622,9,6.170976,-1.910932,-2.128951,1.344826,-4.444608,-7.920527,4.441e-16
Set Transformer,ch4t-test-000623,6,4.548091,-1.014532,-0.966324,1.332173,-3.949078,-7.848487,8.882e-16
Set Transformer,ch4t-test-000624,6,-0.023050,0.641389,-0.114704,0.022750,-6.973014,-7.499399,0.000e+00
Set Transformer,ch4t-test-000625,10,0.839177,0.717665,1.305535,0.183742,-4.916721,-7.962840,4.441e-16
Set Transformer,ch4t-test-000626,8,0.420752,1.047052,0.425683,0.089828,-5.936213,-7.919528,2.220e-16
Set Transformer,ch4t-test-000627,10,1.765363,0.576662,0.222751,0.392372,-4.993851,-7.950999,0.000e+00
Set Transformer,ch4t-test-000628,8,-0.073418,0.086683,-0.015870,-0.093222,-7.848743,-7.752917,1.388e-17
Set Transformer,ch4t-test-000629,10,0.167676,0.108855,0.102700,-0.085923,-7.390807,-7.684116,0.000e+00
Set Transformer,ch4t-test-000630,10,4.739938,-0.900144,-2.449904,-0.127765,-6.643847,-7.905972,4.441e-16
Set Transformer,ch4t-test-000631,6,2.450436,-0.054686,0.215494,0.629430,-4.350645,-7.591319,0.000e+00
Set Transformer,ch4t-test-000632,4,0.215265,-0.321332,1.562168,0.007282,-6.511464,-7.974847,2.220e-16
Set Transformer,ch4t-test-000633,11,1.341037,0.315676,1.222656,0.153670,-4.721632,-7.754672,4.441e-16
Set Transformer,ch4t-test-000634,11,2.177967,-0.532446,0.484634,1.056173,-4.809185,-7.995514,4.441e-16
Set Transformer,ch4t-test-000635,12,-0.002127,0.084578,0.009632,-0.105417,-7.806777,-7.793442,1.388e-17
Set Transformer,ch4t-test-000636,10,2.848838,-0.698983,-0.372470,0.480550,-5.813374,-8.071309,0.000e+00
Set Transformer,ch4t-test-000637,5,0.813785,-1.072354,0.870135,-0.729952,-8.442583,-8.324197,2.220e-16
Set Transformer,ch4t-test-000638,6,-0.025378,0.547834,0.094150,0.157772,-6.875884,-7.650262,0.000e+00
Set Transformer,ch4t-test-000639,8,2.217688,-0.590387,1.244523,0.094670,-5.030051,-7.996546,0.000e+00
Set Transformer,ch4t-test-000640,11,5.114999,-1.196821,-1.274368,1.506519,-3.646911,-7.797240,0.000e+00
Set Transformer,ch4t-test-000641,6,2.138398,-0.635519,2.038045,0.162022,-3.842042,-7.544988,1.332e-15
Set Transformer,ch4t-test-000642,7,5.725167,-1.576611,-0.400244,1.189584,-3.038219,-7.976116,1.776e-15
Set Transformer,ch4t-test-000643,12,0.161846,-0.977718,1.549771,-0.090637,-7.169876,-7.813138,1.110e-16
Set Transformer,ch4t-test-000644,7,3.189334,-1.358171,-1.098484,0.846170,-6.264407,-7.843257,2.220e-16
Set Transformer,ch4t-test-000645,10,1.528988,0.134986,0.339230,0.413466,-5.712854,-8.129524,0.000e+00
Set Transformer,ch4t-test-000646,6,1.061416,0.263086,0.043792,0.320726,-5.953744,-7.642765,0.000e+00
Set Transformer,ch4t-test-000647,4,1.510524,0.200393,0.060069,0.393594,-5.587561,-7.752142,0.000e+00
Set Transformer,ch4t-test-000648,12,4.823264,-1.681927,-1.912307,1.297261,-5.136443,-7.662735,0.000e+00
Set Transformer,ch4t-test-000649,9,1.776772,-0.888241,2.344770,0.052548,-4.612217,-7.898065,4.441e-16
Set Transformer,ch4t-test-000650,8,0.717089,1.264083,0.066668,0.537335,-5.984936,-8.570112,0.000e+00
Set Transformer,ch4t-test-000651,10,2.694668,-0.981881,1.103167,1.213010,-3.744749,-7.773713,8.882e-16
Set Transformer,ch4t-test-000652,11,2.480292,0.672494,0.909658,0.286537,-3.258076,-7.607057,0.000e+00
Set Transformer,ch4t-test-000653,7,7.423142,-2.134866,-1.472339,1.557323,-2.990346,-8.363605,8.882e-16
Set Transformer,ch4t-test-000654,5,0.491117,-1.709761,1.585801,-0.828288,-8.292537,-7.831406,0.000e+00
Set Transformer,ch4t-test-000655,8,0.797156,0.885670,0.032413,0.044971,-6.333974,-8.094185,2.220e-16
Set Transformer,ch4t-test-000656,6,-0.051067,1.532699,0.004928,0.012199,-6.352309,-7.851068,0.000e+00
Set Transformer,ch4t-test-000657,5,0.521636,0.263309,0.427469,0.235116,-6.479744,-7.927273,0.000e+00
Set Transformer,ch4t-test-000658,8,0.578068,0.343142,0.436085,0.281692,-6.584765,-8.223753,2.220e-16
Set Transformer,ch4t-test-000659,4,-0.012671,0.227813,0.035400,0.071856,-7.503380,-7.825776,5.551e-17
Set Transformer,ch4t-test-000660,4,0.750365,0.507350,2.173406,0.056246,-5.132022,-8.619390,0.000e+00
Set Transformer,ch4t-test-000661,12,-0.168325,-2.566660,0.325186,-0.258253,-10.715001,-8.046949,4.441e-16
Set Transformer,ch4t-test-000662,7,0.761399,0.013795,1.278772,-0.357766,-6.052135,-7.748335,0.000e+00
Set Transformer,ch4t-test-000663,10,2.197097,-0.690996,1.831816,-0.091488,-5.133094,-8.379523,0.000e+00
Set Transformer,ch4t-test-000664,5,1.013532,0.154148,0.543163,0.303479,-6.273171,-8.287493,0.000e+00
Set Transformer,ch4t-test-000665,6,-0.013862,0.340024,-0.051383,0.055051,-7.557982,-7.887813,0.000e+00
Set Transformer,ch4t-test-000666,10,3.290299,-1.401756,-0.737656,1.219774,-5.828582,-8.199244,0.000e+00
Set Transformer,ch4t-test-000667,7,-0.068328,1.541899,-0.002489,0.173191,-6.475214,-8.119488,2.220e-16
Set Transformer,ch4t-test-000668,4,-0.621127,0.375535,-0.314280,-0.286929,-8.776502,-7.929700,2.220e-16
Set Transformer,ch4t-test-000669,10,0.482698,0.937073,0.562134,0.208660,-5.580025,-7.770590,0.000e+00
Set Transformer,ch4t-test-000670,11,0.437157,-0.073608,0.866684,-0.058725,-6.707463,-7.878971,2.220e-16
Set Transformer,ch4t-test-000671,10,3.219998,0.585236,0.022012,0.532410,-3.526246,-7.885903,8.882e-16
Set Transformer,ch4t-test-000672,10,5.269320,-0.612320,-0.255184,0.664235,-2.732853,-7.798904,0.000e+00
Set Transformer,ch4t-test-000673,10,4.372736,-0.974221,-1.470181,1.140741,-5.087802,-8.156877,0.000e+00
Set Transformer,ch4t-test-000674,6,4.501407,-1.049660,1.175505,0.099581,-3.117235,-7.844068,8.882e-16
Set Transformer,ch4t-test-000675,12,-0.193440,0.731105,-0.161345,0.304197,-7.196441,-7.876958,0.000e+00
Set Transformer,ch4t-test-000676,5,-0.241085,-0.188263,0.082107,0.013399,-8.352286,-8.018444,5.551e-17
Set Transformer,ch4t-test-000677,7,0.023796,0.452473,-0.081369,0.126295,-7.435324,-7.956520,0.000e+00
Set Transformer,ch4t-test-000678,11,1.427556,0.632931,0.962534,0.047658,-5.228771,-8.299450,0.000e+00
Set Transformer,ch4t-test-000679,4,0.851763,0.235442,0.523813,0.365775,-6.023502,-8.000296,0.000e+00
Set Transformer,ch4t-test-000680,12,1.087025,0.282769,1.447169,-0.413535,-5.435353,-7.838780,0.000e+00
Set Transformer,ch4t-test-000681,12,-0.416174,-0.478304,1.362664,-0.881705,-8.321884,-7.908365,1.110e-16
Set Transformer,ch4t-test-000682,8,-0.024626,1.491823,0.078920,-0.280853,-6.565856,-7.831119,0.000e+00
Set Transformer,ch4t-test-000683,7,1.430480,0.300482,0.178871,0.962841,-5.175998,-8.048672,0.000e+00
Set Transformer,ch4t-test-000684,8,2.784444,-1.045084,1.595790,-0.011875,-4.632523,-7.955798,8.882e-16
Set Transformer,ch4t-test-000685,5,0.358502,-0.894271,0.726382,-0.258307,-7.810008,-7.742315,1.110e-16
Set Transformer,ch4t-test-000686,4,-0.015392,-0.200205,0.078829,-0.053498,-8.415718,-8.225451,0.000e+00
Set Transformer,ch4t-test-000687,7,1.100208,0.912818,0.307687,0.187261,-5.535585,-8.043560,0.000e+00
Set Transformer,ch4t-test-000688,11,0.158636,2.020594,-0.310083,-0.124219,-6.054216,-7.799144,2.220e-16
Set Transformer,ch4t-test-000689,10,2.714201,0.848224,0.184401,0.448739,-3.927144,-8.122709,0.000e+00
Set Transformer,ch4t-test-000690,12,1.897900,-0.257814,0.922990,1.103359,-4.298960,-7.965393,0.000e+00
Set Transformer,ch4t-test-000691,6,-0.079862,1.159958,0.027459,0.218603,-7.243068,-8.569226,0.000e+00
Set Transformer,ch4t-test-000692,12,2.676412,-0.423661,0.710457,0.139100,-4.882475,-7.984783,4.441e-16
Set Transformer,ch4t-test-000693,7,0.675979,-0.322915,0.832469,0.000378,-6.456697,-7.642608,0.000e+00
Set Transformer,ch4t-test-000694,4,-0.055839,-0.615539,0.174935,-0.157896,-8.553170,-7.898831,0.000e+00
Set Transformer,ch4t-test-000695,6,-0.363574,-2.538148,0.137221,-0.159807,-10.629322,-7.705014,0.000e+00
Set Transformer,ch4t-test-000696,5,0.428908,0.152718,0.253840,-0.038017,-7.323029,-8.120478,0.000e+00
Set Transformer,ch4t-test-000697,7,-0.236513,0.029413,-0.125840,0.186060,-8.025419,-7.878539,5.551e-17
Set Transformer,ch4t-test-000698,7,1.563205,-0.160762,1.242441,0.270568,-5.204850,-8.120303,0.000e+00
Set Transformer,ch4t-test-000699,11,0.613370,-0.235123,1.529511,0.265995,-5.931790,-8.105544,0.000e+00
Set Transformer,ch4t-test-000700,7,1.252928,1.168565,0.128016,0.343500,-5.134483,-8.027491,0.000e+00
Set Transformer,ch4t-test-000701,4,0.169736,-0.980441,0.223545,-0.109987,-8.539859,-7.842712,0.000e+00
Set Transformer,ch4t-test-000702,6,1.452392,0.391783,0.606453,0.581416,-4.788388,-7.820432,0.000e+00
Set Transformer,ch4t-test-000703,10,0.047679,1.033569,-0.042489,-0.073522,-7.117780,-8.083017,0.000e+00
Set Transformer,ch4t-test-000704,4,1.772357,1.137138,0.609096,0.518130,-3.737217,-7.773939,0.000e+00
Set Transformer,ch4t-test-000705,6,4.017298,-0.715001,-2.154185,0.148736,-6.644460,-7.941306,0.000e+00
Set Transformer,ch4t-test-000706,4,2.477246,-0.492828,1.853719,0.226878,-3.554979,-7.619994,0.000e+00
Set Transformer,ch4t-test-000707,9,5.372341,-1.752395,-0.821650,1.563309,-3.617798,-7.979402,1.776e-15
Set Transformer,ch4t-test-000708,6,-0.027193,0.104576,0.154070,0.108596,-7.557138,-7.897187,5.551e-17
Set Transformer,ch4t-test-000709,10,2.192390,-0.351292,0.776649,0.478495,-4.721004,-7.817246,0.000e+00
Set Transformer,ch4t-test-000710,10,4.234847,-1.267894,-0.976827,0.471300,-5.228912,-7.690338,0.000e+00
Set Transformer,ch4t-test-000711,4,-0.941165,-1.318652,0.694657,0.169964,-9.718151,-8.322956,2.220e-16
Set Transformer,ch4t-test-000712,7,4.992529,-1.362135,-1.988052,1.186780,-5.033326,-7.862447,0.000e+00
Set Transformer,ch4t-test-000713,5,-0.051467,0.663537,-0.033102,-0.202747,-7.856064,-8.232284,0.000e+00
Set Transformer,ch4t-test-000714,9,1.472621,1.754709,1.358141,0.096736,-2.992080,-7.674287,8.882e-16
Set Transformer,ch4t-test-000715,7,2.315351,-1.367546,1.756547,0.298107,-4.788721,-7.791180,4.441e-16
Set Transformer,ch4t-test-000716,9,0.360690,0.873157,0.035362,0.282346,-6.482449,-8.034005,2.220e-16
Set Transformer,ch4t-test-000717,11,2.393316,0.699206,0.468690,0.745716,-3.358344,-7.665271,8.882e-16
Set Transformer,ch4t-test-000718,7,0.012990,0.509571,0.110838,-0.078200,-7.126636,-7.681836,1.110e-16
Set Transformer,ch4t-test-000719,7,0.139203,0.484374,0.598434,-0.085180,-6.863419,-8.000250,0.000e+00
Set Transformer,ch4t-test-000720,10,2.505947,-0.852240,-0.643008,1.911115,-4.771984,-7.693798,0.000e+00
Set Transformer,ch4t-test-000721,12,1.306079,1.178514,0.696457,0.162104,-4.555275,-7.898429,0.000e+00
Set Transformer,ch4t-test-000722,11,6.697179,-2.307302,-0.716278,0.898894,-3.256049,-7.828543,0.000e+00
Set Transformer,ch4t-test-000723,9,0.747902,-0.638509,1.367810,-0.213694,-6.799032,-8.062540,2.220e-16
Set Transformer,ch4t-test-000724,6,1.996205,0.036637,-0.916849,0.066741,-6.654578,-7.837311,0.000e+00
Set Transformer,ch4t-test-000725,8,-0.052154,1.028900,0.034805,0.053904,-6.928290,-7.993745,2.220e-16
Set Transformer,ch4t-test-000726,11,3.601055,-1.703515,-0.447703,1.058306,-5.389409,-7.897552,0.000e+00
Set Transformer,ch4t-test-000727,12,0.381876,-0.195162,0.171380,0.089475,-7.433891,-7.881460,1.110e-16
Set Transformer,ch4t-test-000728,10,0.630496,1.713834,1.845152,0.221659,-3.854401,-8.265543,0.000e+00
Set Transformer,ch4t-test-000729,5,5.524669,-1.562775,-0.366575,0.571278,-3.543869,-7.710466,0.000e+00
Set Transformer,ch4t-test-000730,4,0.927302,0.251313,0.760711,-0.012564,-5.802017,-7.728779,0.000e+00
Set Transformer,ch4t-test-000731,7,1.916941,0.253194,0.214568,0.153662,-5.531064,-8.069429,4.441e-16
Set Transformer,ch4t-test-000732,9,0.765979,0.316516,0.852642,-0.307186,-6.512297,-8.140249,0.000e+00
Set Transformer,ch4t-test-000733,10,1.932818,1.604425,0.988091,0.453796,-3.369038,-8.348168,0.000e+00
Set Transformer,ch4t-test-000734,4,4.549824,-0.965706,0.237140,0.048658,-4.155861,-8.025776,0.000e+00
Set Transformer,ch4t-test-000735,11,4.580207,-0.616431,-1.919655,0.481896,-5.197794,-7.723811,4.441e-16
Set Transformer,ch4t-test-000736,11,1.158172,0.414272,0.499740,0.396003,-5.668286,-8.136472,0.000e+00
Set Transformer,ch4t-test-000737,6,0.079543,0.834257,-0.123090,0.258129,-6.710319,-7.759157,0.000e+00
Set Transformer,ch4t-test-000738,8,4.010463,0.131720,1.275935,-0.013076,-2.686906,-8.091948,0.000e+00
Set Transformer,ch4t-test-000739,10,0.934881,0.496432,0.679218,0.351791,-5.429096,-7.891418,0.000e+00
Set Transformer,ch4t-test-000740,9,0.528122,0.770237,1.083317,0.188110,-5.297478,-7.867264,0.000e+00
Set Transformer,ch4t-test-000741,12,2.384799,-0.116522,1.158762,0.444014,-4.094315,-7.965367,4.441e-16
Set Transformer,ch4t-test-000742,6,3.547790,0.513791,-0.429956,0.463198,-3.698070,-7.792893,0.000e+00
Set Transformer,ch4t-test-000743,10,4.635816,-0.494527,-1.054552,0.891333,-3.858202,-7.836272,4.441e-16
Set Transformer,ch4t-test-000744,9,1.050799,0.581723,0.531527,0.683705,-4.763941,-7.611694,4.441e-16
Set Transformer,ch4t-test-000745,8,6.100671,-1.617149,-0.185764,0.866639,-3.139510,-8.303907,0.000e+00
Set Transformer,ch4t-test-000746,8,0.676010,0.334095,0.727515,-0.146384,-6.320125,-7.911361,2.220e-16
Set Transformer,ch4t-test-000747,10,2.292959,0.185671,0.866007,0.673523,-3.849630,-7.867789,0.000e+00
Set Transformer,ch4t-test-000748,7,-0.163635,0.374072,-0.296887,0.243186,-7.702240,-7.858975,0.000e+00
Set Transformer,ch4t-test-000749,9,-0.138663,0.549764,-0.018048,-0.117974,-7.180292,-7.455371,1.110e-16
Set Transformer,ch4t-test-000750,11,1.419563,0.483695,0.988231,-0.267411,-5.083590,-7.707668,4.441e-16
Set Transformer,ch4t-test-000751,7,0.762344,0.116365,0.907978,0.074371,-6.094030,-7.955087,0.000e+00
Set Transformer,ch4t-test-000752,8,0.843200,0.182150,0.373750,-0.269445,-6.847614,-7.977268,0.000e+00
Set Transformer,ch4t-test-000753,10,1.225083,-0.346348,0.300924,0.377020,-6.377178,-7.933858,2.220e-16
Set Transformer,ch4t-test-000754,12,0.063182,1.754628,0.058632,-0.007416,-5.942088,-7.811115,0.000e+00
Set Transformer,ch4t-test-000755,5,0.008078,0.549000,0.229039,0.131246,-6.749643,-7.667006,0.000e+00
Set Transformer,ch4t-test-000756,11,3.608362,0.218970,-0.696925,0.531285,-4.147687,-7.809379,0.000e+00
Set Transformer,ch4t-test-000757,5,1.745635,-0.684512,1.210805,-0.563490,-6.038197,-7.746634,4.441e-16
Set Transformer,ch4t-test-000758,6,-0.072067,-0.832056,0.859487,-0.264385,-8.118944,-7.809923,1.110e-16
Set Transformer,ch4t-test-000759,6,1.414881,0.931305,0.874561,0.371847,-4.458278,-8.050874,0.000e+00
Set Transformer,ch4t-test-000760,4,1.279398,1.221218,0.996480,0.159743,-4.291732,-7.948571,4.441e-16
Set Transformer,ch4t-test-000761,12,0.148580,1.710840,0.193405,-0.112599,-5.895964,-7.836191,2.220e-16
Set Transformer,ch4t-test-000762,8,3.736861,0.726266,-0.531397,0.601969,-3.252581,-7.786280,8.882e-16
Set Transformer,ch4t-test-000763,12,1.383467,0.565483,1.592973,-0.220042,-5.128589,-8.450469,0.000e+00
Set Transformer,ch4t-test-000764,7,0.225000,-0.066856,0.544426,0.281510,-6.592895,-7.576974,1.110e-16
Set Transformer,ch4t-test-000765,11,1.216009,1.837707,0.350110,0.369682,-4.110767,-7.884275,0.000e+00
Set Transformer,ch4t-test-000766,5,-0.036633,0.877650,-0.011706,0.035550,-7.363893,-8.228754,1.110e-16
Set Transformer,ch4t-test-000767,6,2.590521,0.274717,-0.320867,0.330649,-4.986061,-7.861081,4.441e-16
Set Transformer,ch4t-test-000768,7,0.162789,1.060808,0.486912,-0.210595,-6.564490,-8.064405,2.220e-16
Set Transformer,ch4t-test-000769,8,3.370038,0.240716,-0.862361,0.222201,-4.806110,-7.776703,0.000e+00
Set Transformer,ch4t-test-000770,7,5.695130,-1.960361,-1.518932,0.735192,-5.119192,-8.070222,0.000e+00
Set Transformer,ch4t-test-000771,11,2.894760,0.599459,0.082084,0.479173,-3.750765,-7.806241,0.000e+00
Set Transformer,ch4t-test-000772,4,0.006716,-0.190181,0.099703,-0.095741,-8.224456,-8.044954,0.000e+00
Set Transformer,ch4t-test-000773,4,-0.031210,0.312012,-0.205360,0.091786,-7.944729,-8.111957,0.000e+00
Set Transformer,ch4t-test-000774,9,2.970819,-1.052135,2.028280,0.022789,-3.880785,-7.850537,8.882e-16
Set Transformer,ch4t-test-000775,12,7.242835,-2.732282,-1.564516,1.170166,-3.566564,-7.682766,8.882e-16
Set Transformer,ch4t-test-000776,11,-0.124167,1.140699,-0.202851,0.358740,-6.409618,-7.582039,0.000e+00
Set Transformer,ch4t-test-000777,12,2.438610,0.056701,1.240999,0.125202,-4.205406,-8.066918,0.000e+00
Set Transformer,ch4t-test-000778,11,2.096230,0.663009,1.180460,0.497822,-3.663252,-8.100772,8.882e-16
Set Transformer,ch4t-test-000779,12,0.086042,0.234156,0.854481,-0.365821,-7.120746,-7.929604,1.110e-16
Set Transformer,ch4t-test-000780,6,-0.330710,-0.803354,1.057974,-0.080235,-8.080489,-7.924163,8.327e-17
Set Transformer,ch4t-test-000781,7,0.878126,2.441229,0.808564,0.128832,-3.661952,-7.918703,8.882e-16
Set Transformer,ch4t-test-000782,10,0.497215,1.203710,0.384228,0.330380,-5.642083,-8.057616,0.000e+00
Set Transformer,ch4t-test-000783,12,2.362549,-0.586281,1.640821,0.667107,-3.892758,-7.976954,0.000e+00
Set Transformer,ch4t-test-000784,10,1.517793,-1.170452,2.075620,-0.345296,-5.738121,-7.815786,0.000e+00
Set Transformer,ch4t-test-000785,5,0.062748,0.794202,0.073090,0.031276,-6.690260,-7.651576,1.110e-16
Set Transformer,ch4t-test-000786,4,-0.061350,-0.264761,-0.012396,0.084205,-8.055650,-7.801347,5.551e-17
Set Transformer,ch4t-test-000787,12,2.194171,1.018405,0.145988,0.491560,-4.342132,-8.192257,8.882e-16
Set Transformer,ch4t-test-000788,10,0.264216,0.517292,0.427318,-0.071485,-6.796505,-7.933845,0.000e+00
Set Transformer,ch4t-test-000789,6,-0.022177,0.929515,0.233496,-0.081104,-7.516185,-8.575915,0.000e+00
Set Transformer,ch4t-test-000790,10,1.438347,0.861829,1.457215,0.053009,-4.198503,-8.008903,4.441e-16
Set Transformer,ch4t-test-000791,11,4.393327,0.774461,-1.740352,0.063593,-4.406420,-7.897450,0.000e+00
Set Transformer,ch4t-test-000792,7,2.262310,-0.285476,1.382496,0.379271,-4.195009,-7.933610,0.000e+00
Set Transformer,ch4t-test-000793,10,3.985907,-1.151034,-1.302417,1.612861,-4.676352,-7.821668,4.441e-16
Set Transformer,ch4t-test-000794,8,1.424797,0.841538,0.844721,0.051414,-4.703331,-7.865802,4.441e-16
Set Transformer,ch4t-test-000795,4,-0.056620,0.204265,0.134816,0.139127,-7.276544,-7.698132,0.000e+00
Set Transformer,ch4t-test-000796,11,4.034253,-0.324010,-0.189833,0.828175,-4.125134,-8.473719,8.882e-16
Set Transformer,ch4t-test-000797,10,1.196357,1.294377,0.204073,0.495813,-4.713685,-7.904305,0.000e+00
Set Transformer,ch4t-test-000798,12,2.270573,1.774840,0.649044,0.211965,-3.084136,-7.990559,8.882e-16
Set Transformer,ch4t-test-000799,9,0.394289,0.343441,0.846652,0.036338,-6.243745,-7.864465,0.000e+00
Set Transformer,ch4t-test-000800,4,0.018695,1.005818,0.287913,0.256886,-6.375211,-7.944522,0.000e+00
Set Transformer,ch4t-test-000801,4,4.771472,-1.325723,-0.252953,0.981864,-3.886385,-8.061044,8.882e-16
Set Transformer,ch4t-test-000802,9,-0.071915,0.283264,0.005155,0.040413,-7.472469,-7.729386,0.000e+00
Set Transformer,ch4t-test-000803,6,1.682530,0.213112,0.795232,0.321347,-4.797811,-7.810032,0.000e+00
Set Transformer,ch4t-test-000804,5,0.228548,-0.479073,1.549843,-1.156166,-7.969408,-8.112560,0.000e+00
Set Transformer,ch4t-test-000805,5,-0.143786,0.638683,-0.106222,-0.086010,-8.035974,-8.338639,0.000e+00
Set Transformer,ch4t-test-000806,8,2.378264,0.081824,0.389451,0.854463,-4.381512,-8.085515,0.000e+00
Set Transformer,ch4t-test-000807,4,-0.380447,0.988019,-0.578673,0.218134,-7.374316,-7.621350,1.943e-16
Set Transformer,ch4t-test-000808,9,1.839322,0.759793,0.652071,0.340133,-4.448954,-8.040273,0.000e+00
Set Transformer,ch4t-test-000809,11,-0.014683,1.016353,0.020402,0.105518,-6.488834,-7.616424,2.220e-16
Set Transformer,ch4t-test-000810,10,2.670798,0.092632,0.201624,0.453875,-4.462037,-7.880965,0.000e+00
Set Transformer,ch4t-test-000811,6,-0.111120,0.896013,-0.256533,-0.028954,-7.702563,-8.201968,5.551e-17
Set Transformer,ch4t-test-000812,4,0.800013,-0.291551,0.849078,0.082624,-6.626601,-8.066766,2.220e-16
Set Transformer,ch4t-test-000813,4,1.504348,0.451015,0.220173,0.685269,-4.672594,-7.533399,0.000e+00
Set Transformer,ch4t-test-000814,10,2.747941,-0.037635,0.987644,0.413378,-3.584615,-7.695944,0.000e+00
Set Transformer,ch4t-test-000815,12,1.120674,0.863090,0.359868,0.200369,-5.462644,-8.006646,0.000e+00
Set Transformer,ch4t-test-000816,6,-0.858541,-1.841874,1.459448,1.341194,-7.740653,-7.840881,0.000e+00
Set Transformer,ch4t-test-000817,4,0.358255,1.521527,-0.241529,-0.029809,-6.226921,-7.835364,2.220e-16
Set Transformer,ch4t-test-000818,9,0.671226,0.793670,0.294254,0.493648,-5.807685,-8.060483,0.000e+00
Set Transformer,ch4t-test-000819,9,3.875949,-0.188532,-0.680186,1.240643,-3.664528,-7.912402,0.000e+00
Set Transformer,ch4t-test-000820,6,1.509675,0.749882,0.037611,0.597508,-5.267722,-8.162397,0.000e+00
Set Transformer,ch4t-test-000821,6,0.681435,1.122276,1.024563,0.110435,-5.348090,-8.286799,4.441e-16
Set Transformer,ch4t-test-000822,6,0.792226,0.340276,0.172191,0.458840,-6.270879,-8.034411,0.000e+00
Set Transformer,ch4t-test-000823,9,1.995016,-0.089456,0.585817,0.567704,-4.797412,-7.856491,0.000e+00
Set Transformer,ch4t-test-000824,9,2.389480,0.675139,1.168302,0.173599,-3.589158,-7.995678,8.882e-16
Set Transformer,ch4t-test-000825,4,2.785317,-0.869007,1.914925,0.665245,-3.780479,-8.276959,0.000e+00
Set Transformer,ch4t-test-000826,12,2.806394,-1.165281,1.908675,0.365152,-4.034004,-7.948944,0.000e+00
Set Transformer,ch4t-test-000827,12,6.344371,-1.268933,-2.235968,1.060653,-3.874415,-7.774538,0.000e+00
Set Transformer,ch4t-test-000828,8,0.810371,0.079269,0.166194,-0.247616,-7.268950,-8.077168,0.000e+00
Set Transformer,ch4t-test-000829,11,4.241312,-1.197900,0.775453,0.520536,-3.582379,-7.921780,0.000e+00
Set Transformer,ch4t-test-000830,12,1.568326,-0.705249,1.642930,-0.389411,-5.832758,-7.949354,4.441e-16
Set Transformer,ch4t-test-000831,12,0.274507,-0.987726,1.235690,-0.567081,-8.112084,-8.067474,1.110e-16
Set Transformer,ch4t-test-000832,6,2.131094,0.621221,0.908415,0.072903,-4.057675,-7.791308,4.441e-16
Set Transformer,ch4t-test-000833,7,1.913968,1.191746,0.315441,0.425467,-4.199009,-8.045632,4.441e-16
Set Transformer,ch4t-test-000834,10,-0.047241,-0.518282,0.181085,-0.343170,-8.627457,-7.899849,0.000e+00
Set Transformer,ch4t-test-000835,12,-0.139193,1.438980,-0.062373,-0.218189,-6.965135,-7.984360,2.220e-16
Set Transformer,ch4t-test-000836,7,0.324302,0.547453,0.330741,0.004153,-6.783289,-7.989938,2.220e-16
Set Transformer,ch4t-test-000837,12,1.162180,-0.984778,1.091869,-0.078233,-6.768347,-7.959385,0.000e+00
Set Transformer,ch4t-test-000838,5,1.288596,-0.435289,0.638911,0.300700,-6.452429,-8.245347,0.000e+00
Set Transformer,ch4t-test-000839,11,7.033459,-2.084848,-1.857690,1.033566,-3.969800,-8.094287,8.882e-16
Set Transformer,ch4t-test-000840,10,1.051784,0.513172,1.259560,0.145698,-5.043356,-8.013570,0.000e+00
Set Transformer,ch4t-test-000841,6,1.327431,0.120008,0.681611,0.500079,-5.316459,-7.945588,4.441e-16
Set Transformer,ch4t-test-000842,4,1.364799,-0.088019,1.200923,-0.281186,-5.727426,-7.923944,0.000e+00
Set Transformer,ch4t-test-000843,5,2.207079,0.236302,0.777325,0.328274,-4.540968,-8.089949,4.441e-16
Set Transformer,ch4t-test-000844,8,0.899179,1.006126,0.624033,0.534822,-4.809989,-7.874149,4.441e-16
Set Transformer,ch4t-test-000845,10,6.109686,-1.240493,-1.570766,1.853591,-3.114584,-8.266601,0.000e+00
Set Transformer,ch4t-test-000846,6,0.040955,-0.764552,0.047108,-0.091698,-8.620241,-7.852054,0.000e+00
Set Transformer,ch4t-test-000847,9,2.829545,-0.515589,0.849035,0.019066,-4.533267,-7.715323,4.441e-16
Set Transformer,ch4t-test-000848,5,5.889224,-1.458958,-1.398954,0.719750,-4.214559,-7.965622,0.000e+00
Set Transformer,ch4t-test-000849,8,1.799551,-1.979902,2.556998,-0.451094,-5.893005,-7.818558,6.661e-16
Set Transformer,ch4t-test-000850,9,2.925878,-0.135845,0.543679,0.123901,-4.692441,-8.150052,0.000e+00
Set Transformer,ch4t-test-000851,9,-0.241319,1.305037,-0.286433,0.324489,-6.510076,-7.611851,2.220e-16
Set Transformer,ch4t-test-000852,7,0.009975,0.420216,0.046040,0.144179,-6.945097,-7.565507,0.000e+00
Set Transformer,ch4t-test-000853,9,0.605991,1.406729,0.005103,0.402349,-5.547756,-7.967928,4.441e-16
Set Transformer,ch4t-test-000854,7,1.996019,0.517644,0.070763,0.612986,-4.676669,-7.874081,0.000e+00
Set Transformer,ch4t-test-000855,11,5.749671,-1.454432,-1.267819,1.570811,-3.456526,-8.054757,0.000e+00
Set Transformer,ch4t-test-000856,7,0.764057,-0.259211,0.837013,0.212690,-6.213314,-7.767862,2.220e-16
Set Transformer,ch4t-test-000857,6,3.172433,0.559184,0.120933,-0.157853,-4.151842,-7.846539,8.882e-16
Set Transformer,ch4t-test-000858,10,1.833463,0.058482,0.934305,0.610899,-4.423252,-7.860400,0.000e+00
Set Transformer,ch4t-test-000859,5,1.447297,-0.542107,0.959503,0.192534,-5.735683,-7.792909,0.000e+00
Set Transformer,ch4t-test-000860,11,0.557750,1.819825,1.335519,0.118685,-4.045589,-7.877368,4.441e-16
Set Transformer,ch4t-test-000861,6,4.420055,-1.045052,-1.141328,1.351015,-4.450137,-8.034825,4.441e-16
Set Transformer,ch4t-test-000862,6,0.680276,-0.020066,0.329798,-0.285475,-7.086909,-7.791443,2.220e-16
Set Transformer,ch4t-test-000863,11,2.394198,-0.342715,0.775274,0.789277,-4.278629,-7.894663,0.000e+00
Set Transformer,ch4t-test-000864,4,-0.003920,0.050333,0.027655,0.280656,-7.398044,-7.752769,0.000e+00
Set Transformer,ch4t-test-000865,9,2.412554,-0.232670,0.088564,0.271780,-5.268298,-7.808525,0.000e+00
Set Transformer,ch4t-test-000866,12,2.527965,0.352179,0.272721,0.720242,-4.320309,-8.193415,0.000e+00
Set Transformer,ch4t-test-000867,7,3.494687,-1.051697,1.703823,0.038136,-3.869183,-8.054132,8.882e-16
Set Transformer,ch4t-test-000868,12,5.051625,-0.453740,-2.034512,0.873280,-4.446485,-7.883138,4.441e-16
Set Transformer,ch4t-test-000869,6,4.243048,0.057907,0.519148,0.563022,-2.727654,-8.110778,0.000e+00
Set Transformer,ch4t-test-000870,11,-0.009278,2.137945,0.013427,0.031600,-5.893006,-8.066700,4.441e-16
Set Transformer,ch4t-test-000871,6,-0.149747,0.676792,-0.052817,0.072826,-7.296663,-7.843717,0.000e+00
Set Transformer,ch4t-test-000872,10,5.016992,-1.892219,-1.339577,0.453039,-5.597159,-7.835394,4.441e-16
Set Transformer,ch4t-test-000873,4,0.730982,0.818267,0.560540,0.036756,-5.870767,-8.017312,0.000e+00
Set Transformer,ch4t-test-000874,5,-0.896405,-0.197058,0.209101,-0.803759,-9.472155,-7.784035,0.000e+00
Set Transformer,ch4t-test-000875,5,1.755595,-0.962131,1.866852,-0.148220,-5.335724,-7.847821,0.000e+00
Set Transformer,ch4t-test-000876,9,1.415248,1.666175,1.381905,0.006680,-3.428640,-7.898648,0.000e+00
Set Transformer,ch4t-test-000877,9,-1.464749,-2.845506,-0.456067,0.819290,-11.874497,-7.927466,0.000e+00
Set Transformer,ch4t-test-000878,9,3.249211,-0.939680,-0.823808,1.601595,-4.568656,-7.655974,4.441e-16
Set Transformer,ch4t-test-000879,8,4.128269,-0.578903,1.713423,-0.095481,-2.704088,-7.871396,0.000e+00
Set Transformer,ch4t-test-000880,5,0.501304,-0.005220,0.874181,-0.178980,-6.881396,-8.072680,2.220e-16
Set Transformer,ch4t-test-000881,5,4.966017,-1.195934,-0.905492,1.012588,-4.153234,-8.030413,4.441e-16
Set Transformer,ch4t-test-000882,8,-0.025482,0.363619,-0.034666,0.025887,-7.403505,-7.732863,0.000e+00
Set Transformer,ch4t-test-000883,10,-0.209754,-1.442816,-0.196087,0.148907,-9.195320,-7.495571,4.441e-16
Set Transformer,ch4t-test-000884,9,4.181928,-0.251508,0.078058,0.523077,-3.308066,-7.839621,0.000e+00
Set Transformer,ch4t-test-000885,6,3.178780,0.122358,0.286442,0.313233,-4.284730,-8.185543,0.000e+00
Set Transformer,ch4t-test-000886,4,0.004219,0.145823,0.020456,0.142876,-7.974699,-8.288073,0.000e+00
Set Transformer,ch4t-test-000887,10,2.457019,0.616556,0.406914,0.145454,-4.357198,-7.983141,0.000e+00
Set Transformer,ch4t-test-000888,10,1.622656,-0.446467,0.772362,0.583479,-5.450897,-7.982927,0.000e+00
Set Transformer,ch4t-test-000889,10,2.648341,0.516232,0.242857,0.621924,-4.057950,-8.087303,0.000e+00
Set Transformer,ch4t-test-000890,4,0.004595,1.249518,0.011993,0.259456,-6.356272,-7.881834,0.000e+00
Set Transformer,ch4t-test-000891,11,6.219107,-1.700958,-0.777995,1.019646,-3.024529,-7.784330,1.776e-15
Set Transformer,ch4t-test-000892,6,0.747480,1.317785,0.274138,0.544426,-5.304821,-8.188650,4.441e-16
Set Transformer,ch4t-test-000893,6,-0.496013,0.601492,0.410544,-0.395208,-7.993013,-8.113827,5.551e-17
Set Transformer,ch4t-test-000894,6,3.702510,-1.122914,-0.499170,1.761267,-3.843230,-7.684923,4.441e-16
Set Transformer,ch4t-test-000895,12,-0.158339,0.496990,0.969733,-0.179930,-6.608212,-7.736666,2.220e-16
Set Transformer,ch4t-test-000896,6,1.706977,-0.195970,0.991426,-0.313190,-5.840207,-8.029450,0.000e+00
Set Transformer,ch4t-test-000897,5,0.010375,1.110592,-0.069410,0.313622,-6.102036,-7.467215,2.220e-16
Set Transformer,ch4t-test-000898,11,1.115362,-0.428354,1.024287,-0.819498,-7.172345,-8.064141,2.220e-16
Set Transformer,ch4t-test-000899,10,1.300760,0.414919,0.479188,0.109570,-5.475781,-7.780218,4.441e-16
Set Transformer,ch4t-test-000900,11,0.229854,-0.710971,1.301205,-0.097091,-7.230036,-7.953033,0.000e+00
Set Transformer,ch4t-test-000901,11,-0.065030,1.547423,-0.277662,0.380923,-6.185360,-7.771014,0.000e+00
Set Transformer,ch4t-test-000902,9,0.008072,1.093971,0.310997,-0.193007,-6.798406,-8.018439,0.000e+00
Set Transformer,ch4t-test-000903,10,-0.259553,0.663214,0.167355,0.462952,-6.602705,-7.636673,0.000e+00
Set Transformer,ch4t-test-000904,11,3.417590,0.016844,-0.828731,0.551584,-4.673739,-7.831025,0.000e+00
Set Transformer,ch4t-test-000905,5,-0.023329,0.897059,-0.013603,0.330910,-6.827826,-8.018863,2.220e-16
Set Transformer,ch4t-test-000906,4,0.017957,0.597914,-0.036084,0.141902,-7.512763,-8.234451,1.110e-16
Set Transformer,ch4t-test-000907,10,-0.076554,2.233813,-0.137666,-0.089907,-6.145455,-8.075141,2.220e-16
Set Transformer,ch4t-test-000908,7,1.226953,-0.738586,0.949701,0.550954,-5.796633,-7.785656,0.000e+00
Set Transformer,ch4t-test-000909,4,-0.142188,0.424357,-0.238812,0.135687,-7.719374,-7.898418,0.000e+00
Set Transformer,ch4t-test-000910,4,0.104996,-0.797754,0.259628,-0.248998,-8.626483,-7.944356,0.000e+00
Set Transformer,ch4t-test-000911,12,3.089457,-0.205647,0.181252,0.380539,-4.627763,-8.073363,4.441e-16
Set Transformer,ch4t-test-000912,9,5.376317,-1.125844,-1.873246,1.115907,-4.514986,-8.008120,4.441e-16
Set Transformer,ch4t-test-000913,5,2.101253,0.488036,0.110114,1.073611,-4.416474,-8.189488,4.441e-16
Set Transformer,ch4t-test-000914,10,3.580392,-0.272430,0.318075,0.108644,-4.133240,-7.867920,4.441e-16
Set Transformer,ch4t-test-000915,12,2.580218,0.511747,0.838527,0.303932,-3.934576,-8.169000,0.000e+00
Set Transformer,ch4t-test-000916,9,4.102720,-0.967322,1.075049,0.313366,-3.399295,-7.923108,0.000e+00
Set Transformer,ch4t-test-000917,5,0.638574,2.037286,0.726139,0.222711,-4.297530,-7.922240,4.441e-16
Set Transformer,ch4t-test-000918,11,1.321902,0.014957,0.467389,0.000389,-6.118049,-7.922685,2.220e-16
Set Transformer,ch4t-test-000919,10,2.401915,0.482734,1.084642,0.036844,-3.701493,-7.707628,0.000e+00
Set Transformer,ch4t-test-000920,5,0.598526,1.420144,0.693091,0.272789,-5.057584,-8.042135,0.000e+00
Set Transformer,ch4t-test-000921,9,0.755714,0.442770,-0.030218,0.219094,-6.641068,-8.028428,0.000e+00
Set Transformer,ch4t-test-000922,5,1.046758,-0.422086,1.581189,0.096376,-5.780895,-8.083132,4.441e-16
Set Transformer,ch4t-test-000923,4,0.007574,0.056600,0.051000,0.027894,-7.596884,-7.739951,0.000e+00
Set Transformer,ch4t-test-000924,6,2.611502,0.723305,0.026209,0.458051,-4.078195,-7.897262,0.000e+00
Set Transformer,ch4t-test-000925,11,1.258906,0.901617,0.026027,0.437001,-5.454904,-8.078455,0.000e+00
Set Transformer,ch4t-test-000926,4,2.339381,0.680837,0.199164,0.434959,-4.328694,-7.983035,0.000e+00
Set Transformer,ch4t-test-000927,8,0.481009,-1.237223,1.981998,-0.213012,-6.936043,-7.948815,2.220e-16
Set Transformer,ch4t-test-000928,8,-0.894850,-1.152357,0.663437,0.360088,-8.599034,-7.575352,0.000e+00
Set Transformer,ch4t-test-000929,5,0.806463,-1.452651,0.957593,0.423277,-7.295501,-8.030183,0.000e+00
Set Transformer,ch4t-test-000930,12,1.055018,-0.044385,1.920277,0.064256,-4.681985,-7.677152,0.000e+00
Set Transformer,ch4t-test-000931,4,1.924857,-0.478901,-0.099748,0.053995,-6.349071,-7.749274,2.220e-16
Set Transformer,ch4t-test-000932,7,1.737203,0.954392,0.112942,0.470692,-4.503292,-7.778522,0.000e+00
Set Transformer,ch4t-test-000933,4,-0.131253,-0.804714,0.159112,-0.030746,-8.899435,-8.091833,0.000e+00
Set Transformer,ch4t-test-000934,7,2.119661,0.082957,-0.077549,0.334282,-5.386942,-7.846293,8.882e-16
Set Transformer,ch4t-test-000935,12,1.196629,0.268195,0.536974,0.431173,-5.296461,-7.729432,4.441e-16
Set Transformer,ch4t-test-000936,10,2.061460,0.754474,1.408161,0.159069,-3.204891,-7.588056,8.882e-16
Set Transformer,ch4t-test-000937,7,1.464381,0.656403,0.255287,0.413260,-5.135098,-7.924429,4.441e-16
Set Transformer,ch4t-test-000938,5,0.370975,0.871211,0.342482,0.001940,-6.498294,-8.084902,2.220e-16
Set Transformer,ch4t-test-000939,11,2.089224,-0.069954,1.298221,-0.177447,-4.767389,-7.907433,4.441e-16
Set Transformer,ch4t-test-000940,6,0.077564,0.735510,-0.058418,0.380776,-6.355357,-7.490789,0.000e+00
Set Transformer,ch4t-test-000941,12,3.277448,0.327803,0.460865,0.621835,-3.113557,-7.801508,8.882e-16
Set Transformer,ch4t-test-000942,9,1.356007,-1.293181,1.512638,0.071065,-6.307007,-7.953537,4.441e-16
Set Transformer,ch4t-test-000943,5,2.082872,0.474138,0.695595,0.332132,-4.467218,-8.051955,0.000e+00
Set Transformer,ch4t-test-000944,4,0.848723,0.758284,0.156108,0.135841,-6.312959,-8.211915,2.220e-16
Set Transformer,ch4t-test-000945,5,1.675350,-0.682930,1.915921,-0.629116,-5.481369,-7.760594,0.000e+00
Set Transformer,ch4t-test-000946,8,1.738497,0.440108,0.585559,0.135232,-5.121751,-8.021147,0.000e+00
Set Transformer,ch4t-test-000947,5,2.201375,0.253214,-0.184957,0.300867,-5.375969,-7.946469,0.000e+00
Set Transformer,ch4t-test-000948,11,1.860321,0.700206,0.850962,-0.009936,-4.603068,-8.004620,4.441e-16
Set Transformer,ch4t-test-000949,8,2.287985,0.203491,0.477764,0.520278,-4.244099,-7.733617,0.000e+00
Set Transformer,ch4t-test-000950,9,-0.214785,-0.047418,0.057100,-0.004852,-8.439541,-8.229586,2.776e-17
Set Transformer,ch4t-test-000951,5,1.565865,1.804413,0.519466,0.340623,-3.400491,-7.630857,8.882e-16
Set Transformer,ch4t-test-000952,11,0.294941,0.778877,-0.034095,0.240834,-6.698817,-7.979374,2.220e-16
Set Transformer,ch4t-test-000953,10,1.039801,1.492305,0.262778,0.523349,-4.690909,-8.009142,0.000e+00
Set Transformer,ch4t-test-000954,6,0.507002,0.295764,0.307751,-0.018376,-6.976528,-8.068670,2.220e-16
Set Transformer,ch4t-test-000955,10,0.068854,0.551624,0.030858,-0.077160,-7.481722,-8.055898,0.000e+00
Set Transformer,ch4t-test-000956,6,2.912695,-0.982361,1.103661,0.111788,-4.796955,-7.942739,4.441e-16
Set Transformer,ch4t-test-000957,8,-0.144813,1.036794,-0.065254,-0.060358,-7.334878,-8.101247,1.110e-16
Set Transformer,ch4t-test-000958,5,2.322911,0.208277,0.673689,0.684172,-4.150080,-8.039128,0.000e+00
Set Transformer,ch4t-test-000959,5,0.917960,0.790760,0.091806,0.472029,-5.563624,-7.836178,0.000e+00
Set Transformer,ch4t-test-000960,9,0.036636,0.975610,-0.141408,0.275821,-6.704858,-7.851516,0.000e+00
Set Transformer,ch4t-test-000961,4,2.676807,0.264899,0.185345,0.565073,-4.290856,-7.982981,0.000e+00
Set Transformer,ch4t-test-000962,5,1.106031,-0.823542,1.347475,-0.230354,-6.163425,-7.563035,2.220e-16
Set Transformer,ch4t-test-000963,6,0.621089,0.066443,0.251926,-0.130659,-7.375643,-8.184441,0.000e+00
Set Transformer,ch4t-test-000964,12,3.467527,-0.341422,-0.177395,0.391466,-4.574845,-7.915020,4.441e-16
Set Transformer,ch4t-test-000965,10,0.906234,-0.626912,0.115239,-0.171170,-7.198351,-7.421742,8.327e-17
Set Transformer,ch4t-test-000966,7,1.124636,0.541918,0.083728,0.500499,-5.546379,-7.797160,0.000e+00
Set Transformer,ch4t-test-000967,4,2.170868,0.195943,0.100278,0.455702,-5.047611,-7.970401,4.441e-16
Set Transformer,ch4t-test-000968,5,-0.156935,-0.199882,1.105788,0.120204,-6.904671,-7.773845,0.000e+00
Set Transformer,ch4t-test-000969,12,0.170297,0.742100,0.447428,-0.177313,-6.733658,-7.916171,0.000e+00
Set Transformer,ch4t-test-000970,9,0.845416,-0.110869,1.075979,0.110643,-6.185757,-8.106926,0.000e+00
Set Transformer,ch4t-test-000971,5,-0.044076,0.779298,0.092803,0.198746,-6.521828,-7.548598,0.000e+00
Set Transformer,ch4t-test-000972,12,0.379439,0.729450,0.258720,0.526387,-6.049952,-7.943948,0.000e+00
Set Transformer,ch4t-test-000973,8,2.179179,0.812270,-0.321804,0.328772,-4.831304,-7.829722,0.000e+00
Set Transformer,ch4t-test-000974,8,7.075640,-2.024570,-1.915874,0.639634,-4.088707,-7.863537,4.441e-16
Set Transformer,ch4t-test-000975,12,3.181688,0.461767,-0.640472,0.395556,-4.491171,-7.889709,0.000e+00
Set Transformer,ch4t-test-000976,11,2.307755,-0.607484,1.518879,0.880469,-3.881118,-7.980738,0.000e+00
Set Transformer,ch4t-test-000977,12,2.013925,0.342935,0.814411,0.818405,-4.112279,-8.101956,4.441e-16
Set Transformer,ch4t-test-000978,7,0.407004,0.351858,0.028408,0.200999,-6.912463,-7.900732,1.110e-16
Set Transformer,ch4t-test-000979,12,1.275774,-0.652010,2.070226,0.157187,-5.010661,-7.861838,4.441e-16
Set Transformer,ch4t-test-000980,6,1.332077,0.660459,0.711232,0.009486,-5.012929,-7.726183,4.441e-16
Set Transformer,ch4t-test-000981,5,1.503979,1.558899,1.412538,-0.124725,-4.169102,-8.519793,0.000e+00
Set Transformer,ch4t-test-000982,8,1.098007,-0.737624,0.646275,1.755953,-5.460946,-8.223557,0.000e+00
Set Transformer,ch4t-test-000983,11,-0.002422,0.855258,0.230727,-0.323318,-6.873946,-7.634191,0.000e+00
Set Transformer,ch4t-test-000984,8,0.298252,0.512591,1.138754,-0.127932,-6.369620,-8.191285,2.220e-16
Set Transformer,ch4t-test-000985,11,3.268012,-0.000865,0.500843,0.487058,-3.696886,-7.951934,8.882e-16
Set Transformer,ch4t-test-000986,6,1.793511,0.040492,0.846605,0.557583,-4.621539,-7.859729,0.000e+00
Set Transformer,ch4t-test-000987,9,-0.363003,0.201128,-0.038466,0.026432,-8.069548,-7.895638,1.110e-16
Set Transformer,ch4t-test-000988,10,0.000776,1.979234,0.242331,-0.453490,-6.145018,-7.913869,2.220e-16
Set Transformer,ch4t-test-000989,4,-0.015764,0.093946,-0.073003,0.158034,-7.998180,-8.161393,0.000e+00
Set Transformer,ch4t-test-000990,12,2.224440,-0.829899,1.190702,0.774168,-4.425484,-7.784895,0.000e+00
Set Transformer,ch4t-test-000991,10,1.674121,0.213232,-0.007415,0.443693,-5.855682,-8.179312,0.000e+00
Set Transformer,ch4t-test-000992,12,3.109276,-1.919524,-1.403851,0.196696,-7.927322,-7.909920,5.551e-16
Set Transformer,ch4t-test-000993,6,-3.536396,-1.887193,1.316530,-0.690744,-12.761712,-7.963909,8.882e-16
Set Transformer,ch4t-test-000994,12,1.886667,-0.114262,0.550382,0.529563,-5.335195,-8.187544,0.000e+00
Set Transformer,ch4t-test-000995,5,0.377290,-0.220781,0.121085,0.768196,-7.012407,-8.058196,0.000e+00
Set Transformer,ch4t-test-000996,6,2.926463,-0.192917,1.030208,0.603669,-3.210405,-7.577827,0.000e+00
Set Transformer,ch4t-test-000997,9,3.696295,0.235251,-0.590735,0.645220,-4.125483,-8.111513,0.000e+00
Set Transformer,ch4t-test-000998,11,1.888454,1.832751,0.426105,0.326600,-3.464827,-7.938737,8.882e-16
Set Transformer,ch4t-test-000999,12,4.608623,-1.140639,-1.223471,1.802738,-3.954282,-8.001534,0.000e+00
Set Transformer,ch4t-test-001000,5,-0.033333,0.614321,-0.078475,0.041332,-7.162710,-7.706555,1.110e-16
Set Transformer,ch4t-test-001001,9,-0.021979,1.793962,-0.301054,0.151655,-6.638980,-8.261563,0.000e+00
Set Transformer,ch4t-test-001002,7,0.014933,1.142573,-0.039288,0.201957,-6.616894,-7.937069,2.220e-16
Set Transformer,ch4t-test-001003,6,0.316269,1.732154,0.035430,0.205562,-6.002350,-8.291764,0.000e+00
Set Transformer,ch4t-test-001004,6,1.114295,0.800569,0.408035,0.570245,-5.027621,-7.920766,8.882e-16
Set Transformer,ch4t-test-001005,7,1.333854,-0.027619,1.543884,-0.045922,-5.363784,-8.167981,0.000e+00
Set Transformer,ch4t-test-001006,4,1.406785,0.221641,0.770239,0.466695,-5.245166,-8.110526,4.441e-16
Set Transformer,ch4t-test-001007,8,1.878402,0.503549,0.386521,0.536857,-4.688265,-7.993595,0.000e+00
Set Transformer,ch4t-test-001008,11,0.452095,1.558209,-0.027371,0.397540,-5.289641,-7.670115,0.000e+00
Set Transformer,ch4t-test-001009,5,-0.133724,-0.074826,0.137893,-0.386140,-8.706343,-8.249546,0.000e+00
Set Transformer,ch4t-test-001010,5,-0.113712,0.809284,-0.035937,-0.021117,-7.553206,-8.191725,0.000e+00
Set Transformer,ch4t-test-001011,11,5.923674,-1.377798,-0.430721,0.618203,-2.745141,-7.478498,8.882e-16
Set Transformer,ch4t-test-001012,11,-0.018443,1.241093,0.085728,0.161833,-6.386483,-7.856694,2.220e-16
Set Transformer,ch4t-test-001013,4,-0.018140,-1.251533,0.185380,-0.054890,-9.309886,-8.170701,2.220e-16
Set Transformer,ch4t-test-001014,12,0.002020,0.502120,0.073556,0.069968,-7.472056,-8.119720,1.110e-16
Set Transformer,ch4t-test-001015,9,2.325860,-0.777020,1.392114,0.556350,-4.705423,-8.202726,4.441e-16
Set Transformer,ch4t-test-001016,12,0.424684,0.874165,1.145875,0.301021,-5.306591,-8.052335,0.000e+00
Set Transformer,ch4t-test-001017,9,-0.213409,0.691648,-0.312894,0.266250,-7.886928,-8.318523,0.000e+00
Set Transformer,ch4t-test-001018,10,3.275817,0.034946,0.490407,0.158821,-4.276109,-8.236100,8.882e-16
Set Transformer,ch4t-test-001019,11,1.526463,-0.193209,1.997027,0.063781,-4.443022,-7.837084,0.000e+00
Set Transformer,ch4t-test-001020,6,2.721349,-1.681453,-0.918739,0.801005,-7.003715,-7.925876,2.220e-16
Set Transformer,ch4t-test-001021,8,1.792023,0.292147,0.341287,0.745698,-4.648372,-7.819527,0.000e+00
Set Transformer,ch4t-test-001022,6,1.173520,0.589181,0.675042,0.193148,-5.599655,-8.230546,4.441e-16
Set Transformer,ch4t-test-001023,7,0.962250,-0.057918,0.653899,0.604855,-5.889720,-8.052806,0.000e+00
Set Transformer,ch4t-test-001024,6,-0.284856,1.109688,-0.390226,0.167054,-7.298038,-7.899697,1.110e-16
Set Transformer,ch4t-test-001025,12,4.302719,-0.348828,-0.893359,1.133130,-3.848426,-8.042090,0.000e+00
Set Transformer,ch4t-test-001026,6,1.923098,0.131812,0.568661,0.537895,-4.957320,-8.118786,0.000e+00
Set Transformer,ch4t-test-001027,4,3.672228,0.214936,0.100801,0.434530,-3.806437,-8.228931,8.882e-16
Set Transformer,ch4t-test-001028,11,1.891490,-0.050467,1.493001,0.032542,-4.497909,-7.864475,4.441e-16
Set Transformer,ch4t-test-001029,12,2.611676,-0.342354,1.434153,0.087531,-4.327132,-8.118139,4.441e-16
Set Transformer,ch4t-test-001030,7,-0.167259,0.419172,-0.208922,-0.306740,-8.091678,-7.827928,0.000e+00
Set Transformer,ch4t-test-001031,6,6.053170,-1.672121,-0.857267,0.997137,-3.461019,-7.981938,8.882e-16
Set Transformer,ch4t-test-001032,4,4.118661,0.420581,-0.506389,0.347057,-3.345916,-7.725824,0.000e+00
Set Transformer,ch4t-test-001033,9,1.471614,0.077801,0.324123,-0.541115,-6.476222,-7.808644,2.220e-16
Set Transformer,ch4t-test-001034,6,0.444051,0.942836,0.131577,0.506701,-5.788333,-7.813498,0.000e+00
Set Transformer,ch4t-test-001035,9,2.665277,-1.352530,2.294857,-0.270094,-4.618685,-7.956196,4.441e-16
Set Transformer,ch4t-test-001036,7,3.080955,-0.722024,1.087709,0.728512,-4.295892,-8.471044,0.000e+00
Set Transformer,ch4t-test-001037,8,5.404366,-1.162596,-1.358778,0.763727,-4.386019,-8.032738,4.441e-16
Set Transformer,ch4t-test-001038,7,1.778040,0.114417,0.917860,0.901931,-4.295047,-8.007296,4.441e-16
Set Transformer,ch4t-test-001039,7,2.080776,-0.653160,1.529770,0.285459,-4.964268,-8.207113,8.882e-16
Set Transformer,ch4t-test-001040,6,-0.238866,0.285983,-0.480171,0.394652,-8.165818,-8.127416,1.110e-16
Set Transformer,ch4t-test-001041,12,2.837824,0.927574,0.283478,0.520343,-3.418749,-7.987967,0.000e+00
Set Transformer,ch4t-test-001042,7,1.341127,0.933490,0.550298,0.086722,-5.026367,-7.938005,0.000e+00
Set Transformer,ch4t-test-001043,12,2.830867,-0.696029,0.822418,0.624027,-4.465255,-8.046537,8.882e-16
Set Transformer,ch4t-test-001044,4,3.621349,-0.127369,0.888775,0.400270,-3.082892,-7.865916,1.776e-15
Set Transformer,ch4t-test-001045,5,2.095823,0.554354,0.966252,0.058380,-4.716107,-8.390915,0.000e+00
Set Transformer,ch4t-test-001046,6,-0.187673,0.664426,-0.003754,0.146906,-7.381363,-8.001268,0.000e+00
Set Transformer,ch4t-test-001047,4,2.566176,-0.871083,1.567610,-0.179421,-4.600444,-7.683725,4.441e-16
Set Transformer,ch4t-test-001048,10,-0.068617,0.369869,-0.018920,0.358126,-7.362954,-8.003412,0.000e+00
Set Transformer,ch4t-test-001049,8,0.764118,-0.764679,1.082542,0.184041,-6.756274,-8.022296,2.220e-16
Set Transformer,ch4t-test-001050,10,-0.011492,1.565199,-0.258106,-0.095036,-6.833539,-8.034105,0.000e+00
Set Transformer,ch4t-test-001051,8,0.671252,0.705909,0.558596,0.318690,-5.708730,-7.963176,0.000e+00
Set Transformer,ch4t-test-001052,4,-0.037529,1.254934,0.074407,-0.124732,-6.744387,-7.911467,0.000e+00
Set Transformer,ch4t-test-001053,7,2.063760,-0.335486,0.923122,-0.264878,-5.105117,-7.491634,0.000e+00
Set Transformer,ch4t-test-001054,9,1.041518,-0.266847,1.029889,0.235977,-5.659309,-7.699846,4.441e-16
Set Transformer,ch4t-test-001055,9,1.246353,0.890501,0.860461,0.272202,-4.771236,-8.040752,0.000e+00
Set Transformer,ch4t-test-001056,10,2.196684,-0.319415,0.267129,0.438916,-5.401850,-7.985164,0.000e+00
Set Transformer,ch4t-test-001057,10,-0.003787,0.945238,-0.036800,-0.151208,-7.357881,-8.111323,0.000e+00
Set Transformer,ch4t-test-001058,12,0.733189,1.682643,0.792787,0.388227,-4.328806,-7.925652,0.000e+00
Set Transformer,ch4t-test-001059,8,0.760893,1.010585,0.215609,0.466788,-5.605712,-8.059587,0.000e+00
Set Transformer,ch4t-test-001060,9,0.525248,0.770607,0.314626,0.529082,-5.796479,-7.936042,0.000e+00
Set Transformer,ch4t-test-001061,7,6.600911,-1.272083,-2.688033,1.160273,-3.986498,-7.787566,0.000e+00
Set Transformer,ch4t-test-001062,8,2.984823,0.055787,0.682320,0.542439,-3.679522,-7.944891,0.000e+00
Set Transformer,ch4t-test-001063,10,-0.073672,0.416917,-0.065388,-0.032632,-7.586891,-7.832117,2.776e-17
Set Transformer,ch4t-test-001064,5,4.463706,-1.255982,-0.478646,1.425772,-3.867441,-8.022290,0.000e+00
Set Transformer,ch4t-test-001065,5,-0.016964,0.242031,0.052134,0.131651,-7.597600,-8.006452,0.000e+00
Set Transformer,ch4t-test-001066,8,-0.400287,-0.207798,1.161231,-0.236700,-7.829635,-8.146082,1.110e-16
Set Transformer,ch4t-test-001067,11,1.124684,0.073360,0.773918,0.211057,-5.575283,-7.758302,0.000e+00
Set Transformer,ch4t-test-001068,6,1.238336,0.016223,-0.154971,0.485225,-6.223646,-7.808459,0.000e+00
Set Transformer,ch4t-test-001069,7,2.877658,-1.180429,-1.000830,0.816627,-6.619530,-8.132556,4.441e-16
Set Transformer,ch4t-test-001070,7,1.759791,0.590110,1.287220,-0.309609,-4.357453,-7.684966,0.000e+00
Set Transformer,ch4t-test-001071,6,-0.071748,0.623881,-0.126552,0.100452,-7.399787,-7.925821,0.000e+00
Set Transformer,ch4t-test-001072,9,1.675500,-0.010743,0.782495,0.491328,-4.749401,-7.687981,0.000e+00
Set Transformer,ch4t-test-001073,10,-0.547248,-0.124075,0.427515,-0.397693,-8.284535,-7.643035,2.220e-16
Set Transformer,ch4t-test-001074,6,0.207570,0.791948,-0.135425,0.108411,-6.944550,-7.917054,0.000e+00
Set Transformer,ch4t-test-001075,4,3.737702,1.351038,-1.800539,1.359493,-3.093045,-7.740739,8.882e-16
Set Transformer,ch4t-test-001076,10,2.541043,0.427695,1.032135,0.333265,-3.790119,-8.124257,0.000e+00
Set Transformer,ch4t-test-001077,5,0.750066,-0.076284,1.117861,-0.049573,-6.359799,-8.101869,0.000e+00
Set Transformer,ch4t-test-001078,6,-0.173568,0.523667,-0.308362,0.147036,-7.286876,-7.475649,5.551e-17
Set Transformer,ch4t-test-001079,4,0.685033,0.418324,0.254809,0.282667,-6.625248,-8.266080,0.000e+00
Set Transformer,ch4t-test-001080,7,1.906722,1.541654,0.409515,0.295493,-3.640104,-7.793487,0.000e+00
Set Transformer,ch4t-test-001081,5,1.594334,-0.753434,1.865355,-0.276370,-5.691114,-8.120999,4.441e-16
Set Transformer,ch4t-test-001082,4,0.882859,0.753891,0.243608,0.095268,-5.997320,-7.972945,2.220e-16
Set Transformer,ch4t-test-001083,10,0.007487,1.398136,0.080014,0.024159,-6.376129,-7.885925,2.220e-16
Set Transformer,ch4t-test-001084,6,-0.234208,-1.014665,-0.087065,0.071225,-9.183350,-7.918638,2.220e-16
Set Transformer,ch4t-test-001085,4,-0.025330,1.062477,0.116304,-0.104951,-6.808270,-7.856771,2.220e-16
Set Transformer,ch4t-test-001086,5,2.224487,-0.193712,0.212954,0.394521,-5.286061,-7.924311,0.000e+00
Set Transformer,ch4t-test-001087,6,0.140565,0.148863,0.651383,-0.270533,-7.245736,-7.916014,1.110e-16
Set Transformer,ch4t-test-001088,10,6.827734,-0.335936,-1.861091,1.142368,-2.444841,-8.217916,0.000e+00
Set Transformer,ch4t-test-001089,12,2.488978,-0.942661,2.329293,0.171654,-4.270850,-8.318114,0.000e+00
Set Transformer,ch4t-test-001090,12,1.704184,1.223393,0.817434,0.357126,-3.898846,-8.000982,8.882e-16
Set Transformer,ch4t-test-001091,9,5.645344,-1.421026,-1.766938,1.675207,-3.876429,-8.009016,8.882e-16
Set Transformer,ch4t-test-001092,7,0.221648,-0.243264,0.680400,0.191273,-6.870658,-7.720715,0.000e+00
Set Transformer,ch4t-test-001093,8,1.324007,0.983835,1.025074,0.119031,-5.012077,-8.464024,0.000e+00
Set Transformer,ch4t-test-001094,11,1.436734,-1.433145,1.464426,-0.114639,-6.018958,-7.372335,2.220e-16
Set Transformer,ch4t-test-001095,10,0.523365,-0.638776,0.436548,0.336719,-7.407234,-8.065089,0.000e+00
Set Transformer,ch4t-test-001096,4,-0.243371,1.125359,-0.120760,-0.110276,-7.258080,-7.909031,1.110e-16
Set Transformer,ch4t-test-001097,4,-0.041124,0.428130,-0.077616,0.204528,-6.905678,-7.419596,0.000e+00
Set Transformer,ch4t-test-001098,4,-0.016271,0.103621,0.191576,-0.081489,-7.941501,-8.138938,2.776e-17
Set Transformer,ch4t-test-001099,8,-0.044570,0.946781,-0.045953,-0.079157,-7.405726,-8.182827,1.110e-16
Set Transformer,ch4t-test-001100,10,-0.052916,1.556868,-0.068466,0.091653,-6.104880,-7.632019,2.220e-16
Set Transformer,ch4t-test-001101,4,0.888781,-0.576780,1.248986,0.085586,-6.363827,-8.010400,0.000e+00
Set Transformer,ch4t-test-001102,6,-0.092795,1.715964,-0.008786,-0.040751,-6.493666,-8.067298,2.220e-16
Set Transformer,ch4t-test-001103,7,2.196502,-0.422806,1.035600,0.016848,-5.623215,-8.449360,0.000e+00
Set Transformer,ch4t-test-001104,11,0.531889,1.279115,0.671898,0.228805,-5.132165,-7.843872,4.441e-16
Set Transformer,ch4t-test-001105,8,3.086546,-0.903196,1.408198,0.744560,-3.439540,-7.775648,8.882e-16
Set Transformer,ch4t-test-001106,8,1.036183,1.482855,0.437650,0.485537,-4.388933,-7.831158,4.441e-16
Set Transformer,ch4t-test-001107,4,0.040413,0.543054,-0.237104,0.136783,-7.357489,-7.840636,0.000e+00
Set Transformer,ch4t-test-001108,11,5.271408,-0.870371,0.636909,0.484136,-2.140129,-7.662212,0.000e+00
Set Transformer,ch4t-test-001109,11,-0.228511,1.651222,-0.263686,0.185422,-6.296259,-7.640707,0.000e+00
Set Transformer,ch4t-test-001110,4,2.158935,1.063002,-0.535081,0.818964,-5.041253,-8.547073,0.000e+00
Set Transformer,ch4t-test-001111,11,3.378859,-0.183418,0.849598,0.599218,-2.970002,-7.614260,0.000e+00
Set Transformer,ch4t-test-001112,4,2.472913,-0.957934,1.525779,0.169857,-4.670903,-7.881516,4.441e-16
Set Transformer,ch4t-test-001113,10,0.819210,1.278651,1.255091,0.158179,-4.591788,-8.102919,0.000e+00
Set Transformer,ch4t-test-001114,7,0.940923,1.050049,0.107648,0.296081,-5.438617,-7.833318,0.000e+00
Set Transformer,ch4t-test-001115,8,-0.038112,-2.111107,0.536600,-0.136331,-9.408610,-7.659660,4.441e-16
Set Transformer,ch4t-test-001116,11,-0.287698,0.800891,-0.522124,0.368229,-7.681440,-8.040739,1.110e-16
Set Transformer,ch4t-test-001117,10,1.632421,-0.482270,1.454295,0.031449,-5.374984,-8.010878,0.000e+00
Set Transformer,ch4t-test-001118,4,0.374695,0.924715,0.117482,0.315944,-5.916216,-7.649052,2.220e-16
Set Transformer,ch4t-test-001119,10,0.696965,0.122586,1.388162,-0.326500,-5.753584,-7.634797,2.220e-16
Set Transformer,ch4t-test-001120,12,-0.090954,-0.214076,0.070399,-0.128506,-8.398667,-8.035531,0.000e+00
Set Transformer,ch4t-test-001121,7,6.246347,-1.520778,-1.584750,0.910419,-3.789521,-7.840758,0.000e+00
Set Transformer,ch4t-test-001122,10,1.920757,1.339085,0.340219,0.368837,-3.801912,-7.770810,0.000e+00
Set Transformer,ch4t-test-001123,12,2.005365,0.122406,0.393128,0.652523,-4.771792,-7.945214,0.000e+00
Set Transformer,ch4t-test-001124,11,0.442119,0.946734,0.002422,-0.063385,-6.489932,-7.817822,0.000e+00
Set Transformer,ch4t-test-001125,10,0.799294,-0.840934,1.842082,-0.851616,-7.291871,-8.240698,1.110e-16
Set Transformer,ch4t-test-001126,11,5.673748,-1.419180,-1.081445,0.841194,-4.046799,-8.061116,0.000e+00
Set Transformer,ch4t-test-001127,6,-0.004174,-0.042982,0.163604,-0.147799,-7.912145,-7.880794,4.163e-17
Set Transformer,ch4t-test-001128,4,1.740642,-0.631455,0.769015,0.217991,-5.919661,-8.015854,4.441e-16
Set Transformer,ch4t-test-001129,6,0.913825,1.098606,0.274309,0.359648,-5.132764,-7.779152,0.000e+00
Set Transformer,ch4t-test-001130,12,3.997061,-1.228187,-1.551354,1.393842,-5.301515,-7.912877,8.882e-16
Set Transformer,ch4t-test-001131,4,-0.132574,0.186521,-0.091626,0.203133,-7.632030,-7.797484,0.000e+00
Set Transformer,ch4t-test-001132,11,3.336440,0.106485,0.837858,0.248626,-3.314043,-7.843452,0.000e+00
Set Transformer,ch4t-test-001133,9,1.433131,0.916685,0.020983,0.345686,-5.186499,-7.902984,0.000e+00
Set Transformer,ch4t-test-001134,10,6.470159,-1.708189,-0.995039,1.569648,-2.880301,-8.216881,0.000e+00
Set Transformer,ch4t-test-001135,6,1.111911,0.765548,0.206875,0.601216,-5.041019,-7.726570,4.441e-16
Set Transformer,ch4t-test-001136,9,5.201924,-1.626487,-1.669758,1.159623,-4.640608,-7.705909,0.000e+00
Set Transformer,ch4t-test-001137,11,1.765482,0.203460,0.596933,0.546510,-4.956215,-8.068600,0.000e+00
Set Transformer,ch4t-test-001138,12,1.497920,1.230473,1.462106,0.109906,-3.676645,-7.977050,0.000e+00
Set Transformer,ch4t-test-001139,8,-0.156382,1.061861,-0.047973,-0.222440,-7.888769,-8.523835,2.220e-16
Set Transformer,ch4t-test-001140,8,1.739112,1.321062,0.174592,0.551988,-3.878574,-7.665328,4.441e-16
Set Transformer,ch4t-test-001141,5,0.001623,0.382287,0.100869,0.093783,-7.180851,-7.759413,0.000e+00
Set Transformer,ch4t-test-001142,7,4.171624,-1.151438,-1.361893,1.383384,-5.227907,-8.269585,0.000e+00
Set Transformer,ch4t-test-001143,11,1.064264,1.479727,0.551769,0.593995,-4.102482,-7.792237,4.441e-16
Set Transformer,ch4t-test-001144,8,2.762696,0.802122,0.303237,0.227316,-3.834882,-7.930254,0.000e+00
Set Transformer,ch4t-test-001145,5,4.506901,-0.332543,-0.490377,0.403222,-3.665351,-7.752554,0.000e+00
Set Transformer,ch4t-test-001146,7,1.128083,1.196463,0.712647,0.206457,-4.526528,-7.770177,0.000e+00
Set Transformer,ch4t-test-001147,9,0.231154,-0.975126,0.248750,0.485406,-7.976619,-7.966803,2.220e-16
Set Transformer,ch4t-test-001148,9,2.391330,-0.722588,1.692097,0.325679,-4.447058,-8.133576,0.000e+00
Set Transformer,ch4t-test-001149,10,1.146807,-0.400200,1.154597,-0.128432,-5.897289,-7.670062,2.220e-16
Set Transformer,ch4t-test-001150,4,1.529028,0.620149,0.741922,0.455276,-4.439914,-7.786289,4.441e-16
Set Transformer,ch4t-test-001151,10,0.028645,1.686715,0.128548,-0.227860,-6.384251,-8.000300,0.000e+00
Set Transformer,ch4t-test-001152,12,0.002982,0.870330,0.002987,0.090189,-6.977517,-7.944004,1.110e-16
Set Transformer,ch4t-test-001153,5,0.224002,-0.120564,0.296263,-0.050006,-7.457767,-7.807462,5.551e-17
Set Transformer,ch4t-test-001154,11,-0.906662,-0.186195,1.051366,-0.943673,-9.132862,-8.147698,0.000e+00
Set Transformer,ch4t-test-001155,4,-0.150238,0.253877,-0.101175,0.108904,-7.522519,-7.633886,0.000e+00
Set Transformer,ch4t-test-001156,11,3.191079,-0.610958,1.275911,0.642347,-3.275807,-7.774186,0.000e+00
Set Transformer,ch4t-test-001157,9,0.133648,1.061948,0.774428,-0.169873,-6.190955,-7.991106,0.000e+00
Set Transformer,ch4t-test-001158,9,0.016944,-0.506607,2.169616,-0.229554,-6.339377,-7.789776,0.000e+00
Set Transformer,ch4t-test-001159,8,2.572513,-0.883725,0.362299,0.055435,-5.927962,-8.034483,4.441e-16
Set Transformer,ch4t-test-001160,8,0.028470,1.273794,0.008073,0.199043,-6.247023,-7.756403,0.000e+00
Set Transformer,ch4t-test-001161,4,0.595720,0.569055,-0.031988,0.412450,-6.498044,-8.043282,0.000e+00
Set Transformer,ch4t-test-001162,7,1.685756,0.128560,0.994026,-0.011665,-5.015131,-7.811808,0.000e+00
Set Transformer,ch4t-test-001163,11,1.130643,1.172199,0.305707,0.173941,-5.207495,-7.989985,0.000e+00
Set Transformer,ch4t-test-001164,9,0.029308,0.596916,-0.258369,0.248668,-7.417937,-8.034460,0.000e+00
Set Transformer,ch4t-test-001165,9,1.156459,0.798144,-0.069254,0.405034,-5.583533,-7.873916,0.000e+00
Set Transformer,ch4t-test-001166,12,1.171305,-0.036324,1.283626,-0.394627,-5.773277,-7.797257,0.000e+00
Set Transformer,ch4t-test-001167,11,0.774327,1.238390,0.419360,-0.260159,-5.778831,-7.950749,4.441e-16
Set Transformer,ch4t-test-001168,6,3.468314,1.201003,-1.342351,0.446534,-4.233037,-8.006537,4.441e-16
Set Transformer,ch4t-test-001169,8,2.284680,0.426164,1.141876,0.498709,-3.722668,-8.074096,0.000e+00
Set Transformer,ch4t-test-001170,9,0.067318,-1.081853,0.147371,-0.201616,-9.112014,-8.043236,0.000e+00
Set Transformer,ch4t-test-001171,8,3.950431,-0.282781,-0.005709,0.157111,-4.157318,-7.976370,4.441e-16
Set Transformer,ch4t-test-001172,12,1.573561,-0.022364,0.817669,0.368456,-5.210501,-7.947823,0.000e+00
Set Transformer,ch4t-test-001173,12,1.504055,0.243250,0.511697,0.339931,-5.552978,-8.151911,0.000e+00
Set Transformer,ch4t-test-001174,6,3.393216,-1.057466,-0.286377,1.065052,-4.730413,-7.844838,4.441e-16
Set Transformer,ch4t-test-001175,12,1.603279,-0.111283,1.109088,0.464165,-4.707676,-7.772925,0.000e+00
Set Transformer,ch4t-test-001176,9,1.851790,0.567351,1.270356,0.392325,-3.966084,-8.047907,0.000e+00
Set Transformer,ch4t-test-001177,10,-0.057176,0.614336,0.002868,0.125292,-7.112155,-7.797475,0.000e+00
Set Transformer,ch4t-test-001178,7,-0.113775,1.243344,0.088598,-0.367259,-7.178108,-8.029015,1.110e-16
Set Transformer,ch4t-test-001179,10,1.382204,-0.462597,0.963215,0.093212,-5.928910,-7.904944,0.000e+00
Set Transformer,ch4t-test-001180,10,1.054712,0.595472,0.740270,-0.235187,-5.819183,-7.974449,4.441e-16
Set Transformer,ch4t-test-001181,10,1.838889,-1.102316,2.285863,-0.530117,-5.498609,-7.990929,8.882e-16
Set Transformer,ch4t-test-001182,6,5.632193,-0.021155,-1.607044,0.983631,-3.236539,-8.224164,8.882e-16
Set Transformer,ch4t-test-001183,10,0.406246,0.245023,0.244662,-0.117279,-7.024360,-7.803013,0.000e+00
Set Transformer,ch4t-test-001184,5,5.928725,-1.728324,-0.162419,0.647831,-3.540358,-8.226171,8.882e-16
Set Transformer,ch4t-test-001185,5,-0.007085,0.163397,0.039368,0.079600,-7.789251,-8.064532,5.551e-17
Set Transformer,ch4t-test-001186,9,1.820915,0.088956,0.820420,0.573265,-4.543343,-7.846900,0.000e+00
Set Transformer,ch4t-test-001187,12,0.926629,0.910413,1.864462,-0.445848,-4.894161,-8.149816,4.441e-16
Set Transformer,ch4t-test-001188,5,1.741923,0.371399,-0.659402,0.812747,-5.653621,-7.920287,0.000e+00
Set Transformer,ch4t-test-001189,4,0.009705,-0.066336,0.033069,0.046412,-7.824941,-7.847791,6.939e-18
Set Transformer,ch4t-test-001190,6,0.847227,-0.310549,-0.730671,-0.260264,-8.313757,-7.859501,3.331e-16
Set Transformer,ch4t-test-001191,8,2.966609,-0.252815,-0.268823,0.822948,-4.661373,-7.929292,0.000e+00
Set Transformer,ch4t-test-001192,5,3.817417,-0.130385,0.364931,0.605749,-2.995631,-7.653343,0.000e+00
Set Transformer,ch4t-test-001193,12,1.773531,0.040769,0.884254,0.290971,-4.946995,-7.936521,0.000e+00
Set Transformer,ch4t-test-001194,12,3.103851,0.463451,0.207818,0.341045,-3.677465,-7.793629,0.000e+00
Set Transformer,ch4t-test-001195,12,1.914618,0.511933,1.686648,0.408866,-3.738134,-8.260200,0.000e+00
Set Transformer,ch4t-test-001196,4,-0.378841,0.497573,-0.480173,0.075009,-8.060896,-7.774465,1.110e-16
Set Transformer,ch4t-test-001197,8,2.080369,-0.023411,0.688295,0.642089,-4.635446,-8.022787,0.000e+00
Set Transformer,ch4t-test-001198,8,-0.176726,-0.137471,-0.099257,0.186632,-7.913078,-7.686255,0.000e+00
Set Transformer,ch4t-test-001199,4,0.432759,0.209901,1.236879,-0.327227,-6.342602,-7.894914,2.220e-16
Set Transformer,ch4t-test-001200,12,0.628853,0.071488,-0.008891,0.649278,-6.653234,-7.993962,0.000e+00
Set Transformer,ch4t-test-001201,10,5.295717,-0.679140,-1.052133,1.058819,-2.938116,-7.561380,8.882e-16
Set Transformer,ch4t-test-001202,5,1.092840,1.256094,0.794143,-0.240352,-5.029553,-7.932278,0.000e+00
Set Transformer,ch4t-test-001203,9,-0.014732,1.103497,0.129784,-0.017476,-6.636910,-7.837982,0.000e+00
Set Transformer,ch4t-test-001204,7,3.106350,-0.746219,0.462537,-0.248766,-5.692669,-8.266572,8.882e-16
Set Transformer,ch4t-test-001205,9,-0.485672,1.156546,0.570111,0.082082,-7.167825,-8.490892,2.220e-16
Set Transformer,ch4t-test-001206,7,0.049722,-0.166452,0.253087,-0.152897,-7.912029,-7.895488,8.327e-17
Set Transformer,ch4t-test-001207,8,0.167085,0.355943,0.125826,-0.101803,-7.378314,-7.925366,1.110e-16
Set Transformer,ch4t-test-001208,10,0.783362,0.410362,0.867361,-0.237420,-6.395146,-8.218811,2.220e-16
Set Transformer,ch4t-test-001209,7,2.540600,-0.036282,-0.149638,0.508573,-5.201039,-8.064293,0.000e+00
Set Transformer,ch4t-test-001210,5,-0.131413,0.459125,-0.012367,0.393333,-7.343391,-8.052069,0.000e+00
Set Transformer,ch4t-test-001211,9,1.359864,-0.137554,0.843879,0.142714,-5.942427,-8.151331,0.000e+00
Set Transformer,ch4t-test-001212,10,0.623239,1.628383,0.118627,-0.008823,-5.501275,-7.862701,0.000e+00
Set Transformer,ch4t-test-001213,10,0.962440,1.114233,-0.018911,0.356457,-5.192233,-7.606452,0.000e+00
Set Transformer,ch4t-test-001214,7,1.340327,0.789286,0.121478,0.539019,-5.227717,-8.017829,0.000e+00
Set Transformer,ch4t-test-001215,11,-0.058524,0.788301,0.416238,-0.330822,-7.399278,-8.214471,1.110e-16
Set Transformer,ch4t-test-001216,10,4.602203,-0.428852,0.484794,-0.119455,-3.407666,-7.946357,0.000e+00
Set Transformer,ch4t-test-001217,5,5.837903,-1.568978,-2.282502,1.160082,-4.744896,-7.891400,4.441e-16
Set Transformer,ch4t-test-001218,10,1.942444,0.229777,-0.492759,-0.108560,-6.507741,-8.078643,2.220e-16
Set Transformer,ch4t-test-001219,8,1.843795,-0.651677,0.930459,-0.235401,-6.051284,-7.938460,2.220e-16
Set Transformer,ch4t-test-001220,7,-0.411341,-0.024586,0.135924,-0.017068,-8.081777,-7.764706,5.551e-17
Set Transformer,ch4t-test-001221,11,0.785690,0.913964,0.302475,0.229162,-5.900049,-8.131340,0.000e+00
Set Transformer,ch4t-test-001222,9,2.777752,-0.673662,0.960920,0.046310,-5.029312,-8.140633,4.441e-16
Set Transformer,ch4t-test-001223,12,0.342878,-0.470789,1.016243,-0.112973,-7.183189,-7.958547,1.110e-16
Set Transformer,ch4t-test-001224,4,0.024679,0.595863,-0.155723,0.039152,-7.561667,-8.065639,1.110e-16
Set Transformer,ch4t-test-001225,9,1.092106,0.051448,1.041649,-0.326791,-6.093136,-7.951548,2.220e-16
Set Transformer,ch4t-test-001226,12,-0.016630,0.692612,0.005957,0.271558,-6.715064,-7.668561,0.000e+00
Set Transformer,ch4t-test-001227,6,2.160673,-0.134615,0.747895,0.262971,-4.760581,-7.797506,8.882e-16
Set Transformer,ch4t-test-001228,6,0.597436,0.311515,0.095755,0.146101,-6.556701,-7.707508,0.000e+00
Set Transformer,ch4t-test-001229,4,-0.134091,1.064766,-0.080210,0.280514,-6.739446,-7.870425,0.000e+00
Set Transformer,ch4t-test-001230,9,2.443895,-1.474757,2.508309,0.280302,-4.321376,-8.079125,8.882e-16
Set Transformer,ch4t-test-001231,6,3.431333,0.195920,0.444674,0.258808,-3.816925,-8.147660,0.000e+00
Set Transformer,ch4t-test-001232,9,2.399823,0.545018,0.284579,0.681463,-3.911073,-7.821956,4.441e-16
Set Transformer,ch4t-test-001233,6,4.929059,-0.453957,-1.793031,0.748351,-4.556262,-7.986684,0.000e+00
Set Transformer,ch4t-test-001234,8,0.681670,0.065956,0.482044,0.060583,-6.726965,-8.017218,2.220e-16
Set Transformer,ch4t-test-001235,8,4.826078,-1.987609,-0.398711,1.441571,-3.889412,-7.770740,8.882e-16
Set Transformer,ch4t-test-001236,12,2.835711,0.426531,-0.251224,0.959494,-3.926725,-7.897237,4.441e-16
Set Transformer,ch4t-test-001237,7,1.741448,1.765479,0.889747,0.404149,-3.164793,-7.965617,0.000e+00
Set Transformer,ch4t-test-001238,9,0.879976,0.793335,0.026156,0.458714,-5.791044,-7.949225,0.000e+00
Set Transformer,ch4t-test-001239,9,4.744836,-1.015817,-0.794912,1.394460,-3.655207,-7.983774,0.000e+00
Set Transformer,ch4t-test-001240,12,-0.072866,0.310744,-0.150862,0.042622,-7.582456,-7.712095,0.000e+00
Set Transformer,ch4t-test-001241,5,3.034410,-0.965562,2.085960,0.161400,-3.602009,-7.918218,0.000e+00
Set Transformer,ch4t-test-001242,4,4.509930,-1.702973,0.020424,1.012227,-4.274163,-8.113771,8.882e-16
Set Transformer,ch4t-test-001243,4,0.646411,0.339265,0.116270,0.451668,-6.155785,-7.709400,0.000e+00
Set Transformer,ch4t-test-001244,12,2.348109,0.455872,0.077625,0.454653,-4.463344,-7.799603,0.000e+00
Set Transformer,ch4t-test-001245,11,3.986099,-0.885855,-1.008598,0.531328,-5.468554,-8.091527,4.441e-16
Set Transformer,ch4t-test-001246,9,5.073749,-1.223052,-0.669428,0.523456,-3.873797,-7.578521,0.000e+00
Set Transformer,ch4t-test-001247,5,-0.139359,1.660405,-0.050447,-0.141759,-6.250088,-7.578928,0.000e+00
Set Transformer,ch4t-test-001248,12,2.449486,0.966857,-0.588483,0.142671,-4.928814,-7.899346,4.441e-16
Set Transformer,ch4t-test-001249,4,0.219806,-0.210439,0.305666,-0.342217,-8.156595,-8.129411,5.551e-17
Set Transformer,ch4t-test-001250,5,3.569873,-1.477485,-0.311757,0.649663,-5.542612,-7.972905,0.000e+00
Set Transformer,ch4t-test-001251,5,5.042410,-1.178242,-0.331841,0.600180,-3.933679,-8.066185,8.882e-16
Set Transformer,ch4t-test-001252,5,-0.005784,0.546684,0.053717,0.225424,-6.997996,-7.818038,0.000e+00
Set Transformer,ch4t-test-001253,10,3.751635,-0.192470,0.833837,0.479957,-2.766330,-7.639288,0.000e+00
Set Transformer,ch4t-test-001254,8,2.752326,-0.095118,0.569717,0.861411,-3.886873,-7.975209,0.000e+00
Set Transformer,ch4t-test-001255,4,-1.105908,-1.823415,2.643246,0.218906,-8.062797,-7.995627,2.220e-16
Set Transformer,ch4t-test-001256,6,2.100913,-0.020657,1.126576,-0.283512,-5.101314,-8.024633,4.441e-16
Set Transformer,ch4t-test-001257,9,3.867743,0.850702,-1.791793,0.864580,-3.891403,-7.682635,0.000e+00
Set Transformer,ch4t-test-001258,4,0.074987,0.677025,-0.156757,0.077106,-7.463915,-8.136277,0.000e+00
Set Transformer,ch4t-test-001259,12,3.618434,-0.456196,0.979697,0.043829,-3.797335,-7.983099,8.882e-16
Set Transformer,ch4t-test-001260,12,1.019970,-0.257431,1.584328,0.038671,-5.185269,-7.570807,4.441e-16
Set Transformer,ch4t-test-001261,8,1.879278,0.335857,0.870337,0.440493,-4.476004,-8.001968,0.000e+00
Set Transformer,ch4t-test-001262,8,2.197891,0.352444,0.500825,0.638959,-4.145431,-7.835549,0.000e+00
Set Transformer,ch4t-test-001263,4,2.826676,-1.276967,1.482018,0.553915,-4.320870,-7.906512,4.441e-16
Set Transformer,ch4t-test-001264,8,-0.080447,1.421765,-0.164220,0.299747,-6.562434,-8.039279,0.000e+00
Set Transformer,ch4t-test-001265,12,-0.234325,1.453264,0.698468,-0.156391,-6.074467,-7.835483,0.000e+00
Set Transformer,ch4t-test-001266,12,1.327711,-0.424300,-0.107389,-0.455603,-7.516593,-7.857012,1.110e-16
Set Transformer,ch4t-test-001267,8,-0.094210,-0.132094,1.437193,-0.155030,-6.732398,-7.788256,0.000e+00
Set Transformer,ch4t-test-001268,11,-0.021213,1.708335,-0.154027,0.227638,-6.050883,-7.811615,2.220e-16
Set Transformer,ch4t-test-001269,8,4.196819,-0.365294,-1.083911,1.062550,-4.138930,-7.949094,0.000e+00
Set Transformer,ch4t-test-001270,10,-0.038584,1.440203,-0.059967,0.069086,-6.423728,-7.834466,0.000e+00
Set Transformer,ch4t-test-001271,9,1.303324,-0.886751,0.727407,0.077390,-6.864676,-8.086047,2.220e-16
Set Transformer,ch4t-test-001272,5,1.231489,0.459781,0.183455,-0.243358,-5.993583,-7.624950,0.000e+00
Set Transformer,ch4t-test-001273,12,1.814687,-0.315131,0.915788,0.563835,-5.015753,-7.994931,0.000e+00
Set Transformer,ch4t-test-001274,4,-0.020766,0.972707,-0.095364,-0.117381,-6.991860,-7.731057,0.000e+00
Set Transformer,ch4t-test-001275,10,1.071010,1.066556,0.397198,0.071949,-5.067930,-7.674643,4.441e-16
Set Transformer,ch4t-test-001276,5,0.002826,1.230983,-0.117207,0.207609,-6.509720,-7.833930,2.220e-16
Set Transformer,ch4t-test-001277,9,0.024848,-1.638057,1.570020,-0.015419,-7.915785,-7.857178,6.939e-18
Set Transformer,ch4t-test-001278,8,0.678483,2.127719,1.531663,-0.085093,-3.745540,-7.998313,0.000e+00
Set Transformer,ch4t-test-001279,11,0.784141,-0.621757,0.749713,-0.138123,-7.123952,-7.897926,2.220e-16
Set Transformer,ch4t-test-001280,10,-0.094130,2.477421,-0.239245,0.019594,-6.219163,-8.382803,0.000e+00
Set Transformer,ch4t-test-001281,6,0.246233,-0.956442,-0.030514,-0.095455,-8.961727,-8.125550,1.110e-16
Set Transformer,ch4t-test-001282,6,5.146696,-1.242540,-0.734594,1.185364,-3.524748,-7.879673,8.882e-16
Set Transformer,ch4t-test-001283,6,0.698489,-0.760035,1.160421,0.602678,-6.357731,-8.059285,0.000e+00
Set Transformer,ch4t-test-001284,6,1.756131,1.041312,0.607116,0.563058,-4.086738,-8.054354,4.441e-16
Set Transformer,ch4t-test-001285,11,2.932931,0.719307,0.126522,0.104944,-4.094930,-7.978634,4.441e-16
Set Transformer,ch4t-test-001286,9,0.038422,0.459359,-0.032641,0.094577,-7.255087,-7.814804,0.000e+00
Set Transformer,ch4t-test-001287,6,3.179939,-1.017447,1.492699,0.300187,-3.585272,-7.540651,4.441e-16
Set Transformer,ch4t-test-001288,12,-0.267032,2.547779,-0.080550,0.141290,-5.350843,-7.692330,0.000e+00
Set Transformer,ch4t-test-001289,10,3.690918,0.013878,-0.599409,0.603251,-4.410339,-8.118976,4.441e-16
Set Transformer,ch4t-test-001290,8,0.096693,0.612073,0.513524,-0.108972,-6.940231,-8.053550,0.000e+00
Set Transformer,ch4t-test-001291,9,0.724871,0.072740,0.360090,-0.108177,-6.817174,-7.866698,2.220e-16
Set Transformer,ch4t-test-001292,9,0.010453,0.495180,-0.006832,0.235442,-7.345417,-8.079661,0.000e+00
Set Transformer,ch4t-test-001293,7,2.607333,-0.406827,0.252341,0.236695,-4.979097,-7.668639,4.441e-16
Set Transformer,ch4t-test-001294,8,2.011039,1.126067,0.758953,0.283658,-3.756748,-7.936464,0.000e+00
Set Transformer,ch4t-test-001295,8,2.122598,0.814431,0.296268,0.386426,-4.390530,-8.010254,0.000e+00
Set Transformer,ch4t-test-001296,11,5.028422,-1.442534,0.292278,0.493014,-3.591259,-7.962439,0.000e+00
Set Transformer,ch4t-test-001297,6,5.485531,-2.169872,-0.872746,1.830606,-3.635544,-7.909064,1.776e-15
Set Transformer,ch4t-test-001298,9,1.802045,1.151458,0.513816,0.621131,-3.953321,-8.041772,8.882e-16
Set Transformer,ch4t-test-001299,12,5.763669,-1.357510,-2.152626,0.868318,-4.906402,-8.028253,0.000e+00
Set Transformer,ch4t-test-001300,6,4.905846,-0.831421,-1.095492,0.022903,-4.798308,-7.800143,4.441e-16
Set Transformer,ch4t-test-001301,7,0.445422,-0.370990,0.148055,0.046450,-7.773015,-8.041952,5.551e-17
Set Transformer,ch4t-test-001302,7,3.284465,-0.015064,0.522315,0.187483,-3.889090,-7.868290,0.000e+00
Set Transformer,ch4t-test-001303,8,4.362420,-1.405012,-1.856022,1.130165,-5.857513,-8.089064,0.000e+00
Set Transformer,ch4t-test-001304,10,2.437787,0.330939,-0.278393,0.705490,-4.727074,-7.922897,0.000e+00
Set Transformer,ch4t-test-001305,5,-0.045009,0.897070,0.104234,0.050945,-6.827218,-7.834459,0.000e+00
Set Transformer,ch4t-test-001306,7,5.004930,-1.439904,-0.934470,0.812081,-4.421125,-7.863762,0.000e+00
Set Transformer,ch4t-test-001307,9,5.406901,0.071932,-0.640714,0.766198,-2.345998,-7.950314,8.882e-16
Set Transformer,ch4t-test-001308,12,-0.182005,1.770191,-0.121500,0.250592,-5.955341,-7.672619,0.000e+00
Set Transformer,ch4t-test-001309,5,0.931869,0.495143,0.186553,0.287625,-5.711863,-7.613054,0.000e+00
Set Transformer,ch4t-test-001310,4,2.623534,-0.429153,0.566685,-0.491486,-5.121026,-7.390607,4.441e-16
Set Transformer,ch4t-test-001311,10,0.605356,-0.987044,-0.427013,0.740433,-7.738579,-7.670311,2.220e-16
Set Transformer,ch4t-test-001312,8,0.083967,1.319116,-0.164970,0.041041,-6.683881,-7.963034,0.000e+00
Set Transformer,ch4t-test-001313,9,1.266943,-0.811512,1.106056,-0.756083,-6.908341,-7.713745,3.331e-16
Set Transformer,ch4t-test-001314,4,-0.010744,0.940623,0.006495,0.158591,-6.746091,-7.841056,0.000e+00
Set Transformer,ch4t-test-001315,7,1.641258,0.278393,0.954587,0.198158,-4.816645,-7.889040,0.000e+00
Set Transformer,ch4t-test-001316,6,0.326835,-0.675162,0.823571,-0.033212,-7.247223,-7.689255,1.110e-16
Set Transformer,ch4t-test-001317,10,0.865144,0.558700,0.211778,0.087499,-6.118503,-7.841624,0.000e+00
Set Transformer,ch4t-test-001318,10,-0.018774,1.026803,-0.040016,0.047897,-7.049580,-8.065489,0.000e+00
Set Transformer,ch4t-test-001319,10,2.137034,0.034174,0.351283,0.606122,-4.992995,-8.121608,0.000e+00
Set Transformer,ch4t-test-001320,10,7.689046,-1.524376,-2.581864,1.336835,-3.301429,-8.221070,8.882e-16
Set Transformer,ch4t-test-001321,8,2.004704,-1.361016,2.236996,0.264551,-4.804195,-7.949431,4.441e-16
Set Transformer,ch4t-test-001322,9,-0.124184,-1.186350,0.271152,-0.058381,-9.203215,-8.105452,0.000e+00
Set Transformer,ch4t-test-001323,4,2.196183,0.404642,0.423402,0.726506,-4.090608,-7.841340,0.000e+00
Set Transformer,ch4t-test-001324,12,4.166021,-1.200438,-1.312621,2.236938,-4.009055,-7.898955,0.000e+00
Set Transformer,ch4t-test-001325,7,3.408641,-0.809907,0.680606,0.517144,-4.678252,-8.474736,8.882e-16
Set Transformer,ch4t-test-001326,11,1.643358,-0.212496,0.924722,0.375710,-5.196359,-7.927653,4.441e-16
Set Transformer,ch4t-test-001327,11,2.067496,0.447600,0.672871,0.347001,-4.522420,-8.057387,8.882e-16
Set Transformer,ch4t-test-001328,5,1.791757,0.194912,0.600598,0.375021,-5.056222,-8.018510,0.000e+00
Set Transformer,ch4t-test-001329,7,1.949734,0.381168,0.811979,0.224466,-4.552073,-7.919419,4.441e-16
Set Transformer,ch4t-test-001330,11,3.063981,0.751391,0.224455,0.449992,-3.533169,-8.022987,0.000e+00
Set Transformer,ch4t-test-001331,10,4.356391,-0.243435,0.137161,0.616436,-3.084506,-7.951060,8.882e-16
Set Transformer,ch4t-test-001332,11,1.875573,0.162095,0.627152,-0.108532,-5.450363,-8.006651,0.000e+00
Set Transformer,ch4t-test-001333,5,-0.360461,0.426754,-1.817063,0.491160,-8.884334,-7.624723,4.441e-16
Set Transformer,ch4t-test-001334,7,2.610576,-0.011365,0.506266,0.819373,-3.947334,-7.872184,0.000e+00
Set Transformer,ch4t-test-001335,6,-0.632989,-1.684553,-0.111317,-0.177478,-10.582317,-7.975981,0.000e+00
Set Transformer,ch4t-test-001336,11,3.665684,-0.736904,-1.153964,0.954637,-5.093589,-7.823042,0.000e+00
Set Transformer,ch4t-test-001337,5,-0.266885,1.345776,-0.395220,0.236095,-7.100458,-8.020223,0.000e+00
Set Transformer,ch4t-test-001338,9,1.253333,0.082956,0.685082,0.205999,-5.763801,-7.991171,0.000e+00
Set Transformer,ch4t-test-001339,7,1.224283,0.310836,0.694995,-0.248770,-5.632228,-7.613572,0.000e+00
Set Transformer,ch4t-test-001340,8,2.278456,-0.021209,1.167627,0.097084,-4.361386,-7.883344,0.000e+00
Set Transformer,ch4t-test-001341,10,3.215049,-0.279922,2.098017,-0.061257,-3.081715,-8.053602,0.000e+00
Set Transformer,ch4t-test-001342,6,-0.055166,1.517208,-0.059157,-0.217540,-7.189865,-8.375210,0.000e+00
Set Transformer,ch4t-test-001343,10,1.932338,0.408918,0.268978,0.691528,-4.416882,-7.718644,0.000e+00
Set Transformer,ch4t-test-001344,12,5.992510,-0.422372,-1.079029,0.777483,-2.554841,-7.823434,0.000e+00
Set Transformer,ch4t-test-001345,4,4.223822,-1.292931,-1.103220,1.138447,-4.771503,-7.737621,0.000e+00
Set Transformer,ch4t-test-001346,11,2.123910,-0.210709,1.245865,0.120470,-4.743109,-8.022645,4.441e-16
Set Transformer,ch4t-test-001347,9,-0.054379,1.011648,-0.080627,0.283337,-6.464994,-7.624974,0.000e+00
Set Transformer,ch4t-test-001348,10,2.939807,0.488416,1.031161,0.290640,-3.168161,-7.918185,8.882e-16
Set Transformer,ch4t-test-001349,6,-0.000763,0.189267,0.043477,0.090077,-7.386228,-7.708286,0.000e+00
Set Transformer,ch4t-test-001350,9,2.169771,0.630533,-0.276505,0.674939,-4.830355,-8.029092,4.441e-16
Set Transformer,ch4t-test-001351,4,0.695043,0.591373,0.533208,0.414890,-5.611294,-7.845809,0.000e+00
Set Transformer,ch4t-test-001352,9,-0.076529,2.192725,0.013819,-0.109696,-6.150538,-8.170856,0.000e+00
Set Transformer,ch4t-test-001353,5,1.785541,-0.099781,0.773692,0.754854,-4.811652,-8.025958,4.441e-16
Set Transformer,ch4t-test-001354,4,0.438499,-0.551294,1.834331,0.077558,-6.032777,-7.831872,2.220e-16
Set Transformer,ch4t-test-001355,4,0.056037,0.308192,-0.050111,-0.162960,-7.689111,-7.840270,2.776e-17
Set Transformer,ch4t-test-001356,9,-0.040372,0.692830,0.080984,0.133367,-7.444230,-8.311038,0.000e+00
Set Transformer,ch4t-test-001357,6,-0.010467,0.473257,-0.131633,0.208859,-7.313869,-7.853885,1.110e-16
Set Transformer,ch4t-test-001358,4,1.567332,0.486030,0.102720,0.548181,-5.319691,-8.023953,0.000e+00
Set Transformer,ch4t-test-001359,8,1.572215,-0.947525,1.858862,-0.060233,-5.500887,-7.924207,0.000e+00
Set Transformer,ch4t-test-001360,9,1.225089,-0.024527,1.268321,0.197740,-5.442188,-8.108812,0.000e+00
Set Transformer,ch4t-test-001361,12,0.461179,0.553439,1.182860,0.098971,-5.535567,-7.832016,0.000e+00
Set Transformer,ch4t-test-001362,7,1.901910,-0.331687,0.951607,0.199338,-5.244630,-7.965798,4.441e-16
Set Transformer,ch4t-test-001363,8,2.668847,0.649635,0.247378,0.453370,-3.866349,-7.885579,0.000e+00
Set Transformer,ch4t-test-001364,11,0.034136,1.068301,-0.093602,0.042418,-7.081498,-8.132752,0.000e+00
Set Transformer,ch4t-test-001365,5,0.068865,1.452336,-0.053915,0.087382,-6.173480,-7.728147,0.000e+00
Set Transformer,ch4t-test-001366,4,0.566114,0.643208,0.349276,0.082312,-5.987567,-7.628476,0.000e+00
Set Transformer,ch4t-test-001367,6,2.626733,-0.244463,1.306059,0.252217,-3.811407,-7.751955,4.441e-16
Set Transformer,ch4t-test-001368,4,5.045616,-0.353567,-1.157980,0.705882,-3.586874,-7.826825,0.000e+00
Set Transformer,ch4t-test-001369,12,0.917143,0.852111,1.462340,0.015475,-4.603149,-7.850218,0.000e+00
Set Transformer,ch4t-test-001370,6,0.401326,1.841772,0.658540,-0.137865,-5.215756,-7.979530,4.441e-16
Set Transformer,ch4t-test-001371,4,1.127083,-0.072106,0.969068,0.030367,-5.771713,-7.826124,4.441e-16
Set Transformer,ch4t-test-001372,8,0.832004,0.844940,0.379188,0.707443,-5.041739,-7.805314,0.000e+00
Set Transformer,ch4t-test-001373,7,1.758486,-0.240382,1.710774,-0.374189,-4.733533,-7.588222,4.441e-16
Set Transformer,ch4t-test-001374,12,3.314651,0.638867,-1.678598,0.427181,-5.288586,-7.990687,4.441e-16
Set Transformer,ch4t-test-001375,4,-0.046879,0.475577,0.076587,0.063088,-7.353098,-7.921471,1.110e-16
Set Transformer,ch4t-test-001376,5,1.413130,0.314470,0.599864,0.152546,-5.832446,-8.312456,0.000e+00
Set Transformer,ch4t-test-001377,9,2.577652,-0.318548,1.837536,-0.024530,-3.715523,-7.787634,8.882e-16
Set Transformer,ch4t-test-001378,6,-0.029416,0.228661,0.005237,0.121964,-7.942561,-8.269008,0.000e+00
Set Transformer,ch4t-test-001379,5,0.131946,1.417446,-0.393028,0.258930,-6.673030,-8.088325,0.000e+00
Set Transformer,ch4t-test-001380,6,2.471344,0.402041,0.820275,0.327166,-3.858232,-7.879057,0.000e+00
Set Transformer,ch4t-test-001381,5,-0.133316,1.116401,-0.260808,-0.109413,-7.373150,-7.986014,0.000e+00
Set Transformer,ch4t-test-001382,9,1.794746,-0.281181,1.206473,-0.116067,-5.641831,-8.245803,4.441e-16
Set Transformer,ch4t-test-001383,5,-0.013246,-0.238367,0.811115,-0.294891,-7.644637,-7.909248,0.000e+00
Set Transformer,ch4t-test-001384,8,1.746120,0.178648,-0.072328,-0.329747,-6.400886,-7.923579,0.000e+00
Set Transformer,ch4t-test-001385,12,5.043480,-1.488855,-1.634948,1.383024,-4.353224,-7.655924,0.000e+00
Set Transformer,ch4t-test-001386,6,0.107023,0.579673,0.655851,0.147079,-6.471958,-7.961583,0.000e+00
Set Transformer,ch4t-test-001387,12,2.538409,0.337990,0.737507,0.439312,-4.164813,-8.218031,0.000e+00
Set Transformer,ch4t-test-001388,5,-0.067643,1.000624,0.048728,-0.056732,-7.070536,-7.995513,1.110e-16
Set Transformer,ch4t-test-001389,9,2.116584,0.400613,1.017745,0.001703,-4.461943,-7.998587,0.000e+00
Set Transformer,ch4t-test-001390,7,-0.017197,0.702537,0.436347,-0.093345,-7.021717,-8.050058,0.000e+00
Set Transformer,ch4t-test-001391,10,0.092700,1.091970,-0.071112,0.075500,-6.719639,-7.908698,2.220e-16
Set Transformer,ch4t-test-001392,6,0.786916,-0.887943,0.791117,-0.003381,-7.123611,-7.810320,1.110e-16
Set Transformer,ch4t-test-001393,7,0.674482,-0.020583,0.824755,-0.911206,-7.241086,-7.808534,0.000e+00
Set Transformer,ch4t-test-001394,4,4.837078,-1.254486,-0.746546,1.429184,-3.711743,-7.976972,1.776e-15
Set Transformer,ch4t-test-001395,12,1.387295,1.420726,0.625953,0.221103,-4.277883,-7.932961,4.441e-16
Set Transformer,ch4t-test-001396,10,4.030527,-1.263618,-0.382139,1.696096,-3.685255,-7.766122,0.000e+00
Set Transformer,ch4t-test-001397,10,1.017410,-0.187829,0.899750,1.062819,-4.857611,-7.649761,0.000e+00
Set Transformer,ch4t-test-001398,10,2.406845,0.137192,0.480281,0.241990,-4.920421,-8.186730,0.000e+00
Set Transformer,ch4t-test-001399,12,3.597522,-0.414399,1.240001,0.353461,-3.031467,-7.808051,0.000e+00
Set Transformer,ch4t-test-001400,10,2.316341,0.317921,0.692285,0.430929,-4.254412,-8.011887,0.000e+00
Set Transformer,ch4t-test-001401,12,2.154876,0.856162,0.587347,0.066004,-3.994553,-7.658942,0.000e+00
Set Transformer,ch4t-test-001402,11,1.225233,0.990542,0.244164,0.516348,-4.904611,-7.880898,4.441e-16
Set Transformer,ch4t-test-001403,7,0.571013,1.237353,0.331312,-0.083695,-5.733421,-7.789404,0.000e+00
Set Transformer,ch4t-test-001404,11,2.021031,-1.196745,2.264594,-0.009449,-4.794341,-7.873773,4.441e-16
Set Transformer,ch4t-test-001405,12,-0.306947,1.179737,-0.205390,0.262667,-6.924059,-7.854127,0.000e+00
Set Transformer,ch4t-test-001406,9,2.031794,-0.323895,2.276041,0.062375,-3.906009,-7.952324,0.000e+00
Set Transformer,ch4t-test-001407,6,5.956732,-1.297287,-1.335797,0.767553,-4.273405,-8.364607,8.882e-16
Set Transformer,ch4t-test-001408,6,-0.232268,2.045965,-0.414017,0.008179,-6.442099,-7.849958,0.000e+00
Set Transformer,ch4t-test-001409,11,4.612074,0.027514,-0.934206,0.514134,-3.818326,-8.037841,8.882e-16
Set Transformer,ch4t-test-001410,5,-0.107295,0.552084,-0.501546,-0.035578,-7.891711,-7.799376,1.943e-16
Set Transformer,ch4t-test-001411,6,2.437696,-0.415384,0.911120,0.494665,-4.438838,-7.866934,0.000e+00
Set Transformer,ch4t-test-001412,9,3.703307,0.628717,-1.461017,0.958814,-4.320668,-8.150489,0.000e+00
Set Transformer,ch4t-test-001413,12,2.194510,0.295029,2.012282,-0.015640,-3.455758,-7.941940,8.882e-16
Set Transformer,ch4t-test-001414,11,3.249458,-0.289745,0.017376,0.310474,-4.451358,-7.738921,4.441e-16
Set Transformer,ch4t-test-001415,5,1.653691,1.037946,1.098896,0.015701,-4.363727,-8.169961,0.000e+00
Set Transformer,ch4t-test-001416,8,0.057593,0.695525,-0.090507,0.230556,-7.053578,-7.946744,0.000e+00
Set Transformer,ch4t-test-001417,9,2.887428,0.324404,-0.538930,0.976074,-4.121804,-7.770780,4.441e-16
Set Transformer,ch4t-test-001418,7,-0.200680,1.712286,-0.424617,0.345593,-6.309964,-7.742545,2.220e-16
Set Transformer,ch4t-test-001419,7,6.134301,-1.534138,-1.783667,1.262246,-3.940127,-8.018869,0.000e+00
Set Transformer,ch4t-test-001420,4,1.777373,-1.624003,1.295828,0.251884,-6.004379,-7.705461,0.000e+00
Set Transformer,ch4t-test-001421,9,-0.206745,-1.340179,0.396100,-0.297451,-9.166765,-7.718490,2.220e-16
Set Transformer,ch4t-test-001422,12,1.053367,1.823693,1.057509,-0.073216,-3.881189,-7.742541,0.000e+00
Set Transformer,ch4t-test-001423,10,1.483630,-0.600413,1.425960,0.264431,-5.501842,-8.075450,0.000e+00
Set Transformer,ch4t-test-001424,7,0.227873,-0.659456,0.780646,0.376409,-7.087669,-7.813141,1.110e-16
Set Transformer,ch4t-test-001425,5,1.142230,-0.695060,1.877318,0.163256,-5.684453,-8.172198,4.441e-16
Set Transformer,ch4t-test-001426,10,0.933419,0.720997,0.761271,0.435381,-4.945545,-7.796614,0.000e+00
Set Transformer,ch4t-test-001427,4,-0.025996,0.693585,0.656483,-0.208505,-6.664950,-7.780516,0.000e+00
Set Transformer,ch4t-test-001428,12,4.753184,-1.117129,-2.040415,1.058736,-5.072303,-7.726678,8.882e-16
Set Transformer,ch4t-test-001429,6,0.509261,-0.263395,0.241093,-0.101540,-7.430843,-7.816261,5.551e-17
Set Transformer,ch4t-test-001430,12,2.889054,-0.225215,1.290875,0.411858,-3.490136,-7.856707,8.882e-16
Set Transformer,ch4t-test-001431,10,5.463800,-1.848005,-0.613469,1.020569,-3.780098,-7.802993,0.000e+00
Set Transformer,ch4t-test-001432,8,0.893082,-0.522309,2.224978,-0.516850,-6.071731,-8.150631,0.000e+00
Set Transformer,ch4t-test-001433,4,0.334439,-0.375257,1.303933,0.355362,-6.167316,-7.785793,0.000e+00
Set Transformer,ch4t-test-001434,6,0.000476,0.607257,-0.002982,0.167123,-6.793210,-7.565084,0.000e+00
Set Transformer,ch4t-test-001435,4,1.514096,-0.225709,0.868911,0.339756,-5.677819,-8.174873,0.000e+00
Set Transformer,ch4t-test-001436,8,0.082598,0.514842,-0.074487,0.010397,-7.517803,-8.051153,0.000e+00
Set Transformer,ch4t-test-001437,5,1.179363,0.323828,-0.095968,0.592325,-6.185953,-8.185500,0.000e+00
Set Transformer,ch4t-test-001438,4,0.846470,0.260881,0.124429,0.698878,-6.150766,-8.081423,2.220e-16
Set Transformer,ch4t-test-001439,8,1.921852,0.566300,0.232493,0.718537,-4.582436,-8.021618,4.441e-16
Set Transformer,ch4t-test-001440,10,2.403616,-1.138214,1.448286,-0.051243,-5.062445,-7.724890,4.441e-16
Set Transformer,ch4t-test-001441,9,1.830557,-0.835723,1.566897,-0.489254,-5.752784,-7.825261,0.000e+00
Set Transformer,ch4t-test-001442,11,3.931309,-0.093288,0.285199,0.627323,-3.127910,-7.878453,0.000e+00
Set Transformer,ch4t-test-001443,6,3.646716,-0.396085,0.691153,0.193440,-3.748012,-7.883235,0.000e+00
Set Transformer,ch4t-test-001444,12,3.717897,0.017784,-0.575283,1.314329,-3.424339,-7.899066,0.000e+00
Set Transformer,ch4t-test-001445,10,0.107444,1.828970,1.198170,0.038209,-4.578652,-7.751446,4.441e-16
Set Transformer,ch4t-test-001446,4,0.004653,0.096115,0.016817,0.039844,-7.716548,-7.873977,0.000e+00
Set Transformer,ch4t-test-001447,11,2.930667,-0.211249,0.412034,0.289791,-4.568313,-7.989556,0.000e+00
Set Transformer,ch4t-test-001448,10,0.253577,-0.630196,0.351039,-0.140373,-8.075243,-7.909290,1.110e-16
Set Transformer,ch4t-test-001449,5,1.411437,0.801376,0.173871,0.620305,-4.926019,-7.933007,4.441e-16
Set Transformer,ch4t-test-001450,4,1.278381,0.768863,0.646496,-0.110495,-4.765708,-7.348954,0.000e+00
Set Transformer,ch4t-test-001451,4,1.585316,-0.015926,0.245668,0.680065,-5.096135,-7.591259,0.000e+00
Set Transformer,ch4t-test-001452,4,1.133954,-0.722315,0.903272,-0.042488,-6.447476,-7.719900,0.000e+00
Set Transformer,ch4t-test-001453,5,0.375013,0.607666,0.054245,0.361453,-6.855598,-8.253975,2.220e-16
Set Transformer,ch4t-test-001454,10,0.538017,0.086020,0.815907,-0.387592,-7.033788,-8.086141,0.000e+00
Set Transformer,ch4t-test-001455,5,1.135409,-0.314738,1.093906,-0.792682,-6.896084,-8.017979,0.000e+00
Set Transformer,ch4t-test-001456,9,1.607972,0.173072,0.459031,0.613613,-4.938188,-7.791876,0.000e+00
Set Transformer,ch4t-test-001457,9,0.504133,-1.190435,0.607729,-0.621021,-8.544368,-7.844774,2.220e-16
Set Transformer,ch4t-test-001458,8,0.194769,-0.947294,0.558182,-0.056547,-8.174956,-7.924066,1.110e-16
Set Transformer,ch4t-test-001459,6,1.325428,0.227294,-0.422927,0.676980,-6.104479,-7.911254,0.000e+00
Set Transformer,ch4t-test-001460,6,0.007858,-0.524773,0.031119,-0.018996,-8.540839,-8.036048,1.110e-16
Set Transformer,ch4t-test-001461,7,0.886309,1.437829,0.496838,0.384941,-5.091144,-8.297062,4.441e-16
Set Transformer,ch4t-test-001462,8,6.182411,-2.533585,-0.960746,0.820260,-4.144701,-7.653041,0.000e+00
Set Transformer,ch4t-test-001463,12,1.349864,0.709566,0.781743,0.418150,-4.584954,-7.844278,4.441e-16
Set Transformer,ch4t-test-001464,9,6.202429,-1.982923,-1.149871,0.916512,-4.178471,-8.164619,8.882e-16
Set Transformer,ch4t-test-001465,5,-0.180928,1.105908,-0.213976,0.180649,-7.006677,-7.898330,1.110e-16
Set Transformer,ch4t-test-001466,8,2.352769,0.957383,1.376770,-0.326566,-4.007715,-8.368071,0.000e+00
Set Transformer,ch4t-test-001467,5,-0.101685,0.127421,0.039995,-0.104330,-7.999580,-7.960981,1.388e-17
Set Transformer,ch4t-test-001468,11,0.994828,0.609127,1.077130,0.173422,-4.798695,-7.653202,4.441e-16
Set Transformer,ch4t-test-001469,5,1.985759,0.762577,0.009002,0.492935,-4.296092,-7.546365,4.441e-16
Set Transformer,ch4t-test-001470,6,2.871241,-0.219256,-0.641756,1.108816,-4.453722,-7.572766,4.441e-16
Set Transformer,ch4t-test-001471,11,3.446443,-0.036495,-0.366111,0.615709,-4.360887,-8.020432,0.000e+00
Set Transformer,ch4t-test-001472,10,0.967613,0.635622,0.271583,-0.038684,-6.025019,-7.861152,2.220e-16
Set Transformer,ch4t-test-001473,5,0.250902,0.094397,0.631271,-0.186382,-7.073658,-7.863846,0.000e+00
Set Transformer,ch4t-test-001474,6,1.070531,-0.182379,1.003549,-0.191748,-6.537859,-8.237812,2.220e-16
Set Transformer,ch4t-test-001475,4,0.083146,-0.094685,0.150858,-0.118081,-7.977780,-7.999019,2.776e-17
Set Transformer,ch4t-test-001476,8,0.089398,1.133323,-0.256446,0.323990,-6.592423,-7.882689,0.000e+00
Set Transformer,ch4t-test-001477,9,2.796725,0.193261,-0.086411,0.645099,-4.456993,-8.005666,0.000e+00
Set Transformer,ch4t-test-001478,10,1.510615,0.504580,0.391569,0.097358,-5.144741,-7.648863,0.000e+00
Set Transformer,ch4t-test-001479,11,1.892309,-1.274952,0.885045,0.929787,-5.351346,-7.783535,0.000e+00
Set Transformer,ch4t-test-001480,4,-0.149375,0.477780,-0.080645,-0.014305,-7.460176,-7.693632,8.327e-17
Set Transformer,ch4t-test-001481,11,0.942144,-0.191785,0.449890,-0.482541,-7.345758,-8.063466,1.110e-16
Set Transformer,ch4t-test-001482,4,1.708065,-0.449365,1.136707,0.432084,-5.038074,-7.865565,4.441e-16
Set Transformer,ch4t-test-001483,7,1.751886,-0.526611,0.795348,0.007934,-5.844943,-7.873500,4.441e-16
Set Transformer,ch4t-test-001484,8,3.521008,0.187450,1.604641,-0.127569,-2.770015,-7.955545,8.882e-16
Set Transformer,ch4t-test-001485,7,3.937420,-0.174051,1.698211,0.394051,-2.279230,-8.134860,8.882e-16
Set Transformer,ch4t-test-001486,8,1.237188,-0.197522,0.274545,0.192587,-6.506464,-8.013262,0.000e+00
Set Transformer,ch4t-test-001487,10,2.231929,0.173606,1.453922,0.472598,-3.309309,-7.641364,8.882e-16
Set Transformer,ch4t-test-001488,6,0.046408,0.524040,-0.082203,0.224837,-7.217925,-7.931007,1.110e-16
Set Transformer,ch4t-test-001489,10,3.230151,-0.946395,0.036355,0.525993,-5.007250,-7.853354,0.000e+00
Set Transformer,ch4t-test-001490,11,5.185258,-0.670110,-2.986705,0.417067,-5.860358,-7.805867,0.000e+00
Set Transformer,ch4t-test-001491,4,-0.061406,-0.191036,1.135553,-0.691848,-7.878974,-8.070237,1.110e-16
Set Transformer,ch4t-test-001492,7,1.312514,-0.275919,0.984910,0.765557,-5.365556,-8.152619,0.000e+00
Set Transformer,ch4t-test-001493,6,-0.072181,0.760764,0.034485,0.136380,-7.095973,-7.955422,1.110e-16
Set Transformer,ch4t-test-001494,7,-0.151141,-0.047314,0.164355,-0.059917,-7.827341,-7.733324,0.000e+00
Set Transformer,ch4t-test-001495,7,2.690300,-0.546321,0.234416,0.461658,-4.631372,-7.471424,4.441e-16
Set Transformer,ch4t-test-001496,7,1.917033,0.010069,0.658530,0.194878,-5.239083,-8.019593,4.441e-16
Set Transformer,ch4t-test-001497,7,5.202009,-1.024583,-2.254295,0.330662,-6.106570,-8.360364,0.000e+00
Set Transformer,ch4t-test-001498,6,-0.220395,1.213945,-0.184793,0.193212,-7.064923,-8.066892,2.220e-16
Set Transformer,ch4t-test-001499,11,1.722970,0.242515,0.852628,0.016711,-5.065643,-7.900467,8.882e-16
Set Transformer,ch4t-test-001500,11,5.276095,-0.209311,-1.375498,0.440163,-3.728497,-7.859945,0.000e+00
Set Transformer,ch4t-test-001501,4,1.074497,0.703030,0.539003,0.000156,-5.442922,-7.759607,0.000e+00
Set Transformer,ch4t-test-001502,6,5.741253,-1.465326,-0.475229,0.708399,-3.393863,-7.902958,8.882e-16
Set Transformer,ch4t-test-001503,10,0.564265,-1.858630,2.248448,-0.744230,-7.857278,-8.067131,2.220e-16
Set Transformer,ch4t-test-001504,11,5.017960,-1.605009,-1.572164,0.683775,-5.460567,-7.985130,4.441e-16
Set Transformer,ch4t-test-001505,9,2.469008,-0.703368,1.221709,0.391028,-4.346309,-7.724686,0.000e+00
Set Transformer,ch4t-test-001506,8,4.886726,-1.436947,-0.703930,1.452015,-3.567064,-7.764928,8.882e-16
Set Transformer,ch4t-test-001507,12,1.775442,1.078064,-0.763210,0.594210,-5.273046,-7.957551,0.000e+00
Set Transformer,ch4t-test-001508,6,0.121651,0.944060,-0.154304,0.283996,-6.807717,-8.003120,2.220e-16
Set Transformer,ch4t-test-001509,5,-0.065239,0.412204,0.010709,-0.000547,-7.558687,-7.915813,0.000e+00
Set Transformer,ch4t-test-001510,10,1.270613,1.105712,-0.022375,0.466580,-5.287865,-8.108394,4.441e-16
Set Transformer,ch4t-test-001511,12,6.022553,-1.039830,-1.809143,1.066537,-3.522349,-7.762465,8.882e-16
Set Transformer,ch4t-test-001512,11,5.317756,-1.839760,-1.309107,0.379234,-5.190621,-7.738743,8.882e-16
Set Transformer,ch4t-test-001513,7,-0.107692,1.076149,-0.019105,-0.110392,-7.277718,-8.116679,1.110e-16
Set Transformer,ch4t-test-001514,5,-0.024515,-0.033925,0.091787,0.173149,-7.881699,-8.088195,0.000e+00
Set Transformer,ch4t-test-001515,9,2.660519,0.245805,0.660478,0.372469,-4.061487,-8.000758,4.441e-16
Set Transformer,ch4t-test-001516,4,1.968786,-0.527460,0.807555,0.440963,-5.250693,-7.940538,4.441e-16
Set Transformer,ch4t-test-001517,4,3.268928,0.010533,0.976477,-0.220534,-3.898029,-7.933433,0.000e+00
Set Transformer,ch4t-test-001518,10,0.280594,0.833956,-0.028375,-0.050646,-6.860329,-7.895858,0.000e+00
Set Transformer,ch4t-test-001519,6,0.051190,-0.525875,0.100085,0.226821,-8.007652,-7.859873,0.000e+00
Set Transformer,ch4t-test-001520,4,0.191906,1.333572,0.428902,0.028107,-6.156923,-8.139411,0.000e+00
Set Transformer,ch4t-test-001521,8,2.187448,-1.472203,0.521902,0.571259,-6.219367,-8.027773,0.000e+00
Set Transformer,ch4t-test-001522,8,2.164855,-1.164242,0.925920,-0.172783,-6.141803,-7.895554,2.220e-16
Set Transformer,ch4t-test-001523,11,0.502622,-0.319451,1.162141,-0.074903,-6.176490,-7.446900,2.220e-16
Set Transformer,ch4t-test-001524,11,1.480467,1.221358,0.388386,0.354403,-4.549370,-7.993984,0.000e+00
Set Transformer,ch4t-test-001525,8,2.717401,-1.284527,0.094357,0.652371,-5.816374,-7.995975,0.000e+00
Set Transformer,ch4t-test-001526,9,5.938051,-1.637640,-0.770874,0.745850,-3.715965,-7.991352,8.882e-16
Set Transformer,ch4t-test-001527,7,1.139772,-0.129524,0.654381,-0.116824,-6.247308,-7.795114,0.000e+00
Set Transformer,ch4t-test-001528,4,-0.790813,-1.851345,2.357645,-0.171981,-8.147577,-7.691083,0.000e+00
Set Transformer,ch4t-test-001529,6,-0.108044,-0.022859,0.244192,-0.196403,-8.238076,-8.154961,0.000e+00
Set Transformer,ch4t-test-001530,12,5.773272,-0.943112,-0.876638,0.804675,-3.284793,-8.042990,0.000e+00
Set Transformer,ch4t-test-001531,6,2.512407,-0.327127,1.680650,0.126684,-3.825428,-7.818042,4.441e-16
Set Transformer,ch4t-test-001532,6,5.285172,-1.865884,-0.930700,1.819042,-3.921149,-8.228779,0.000e+00
Set Transformer,ch4t-test-001533,5,0.740745,-0.487616,2.085478,0.414242,-5.227727,-7.980576,4.441e-16
Set Transformer,ch4t-test-001534,12,3.892285,0.682844,-0.959757,0.378522,-4.268336,-8.262230,8.882e-16
Set Transformer,ch4t-test-001535,11,2.851182,-0.583434,1.698113,0.017440,-3.851397,-7.834699,8.882e-16
Set Transformer,ch4t-test-001536,9,1.869310,-1.215849,1.184797,-1.259434,-7.300916,-7.879741,4.441e-16
Set Transformer,ch4t-test-001537,9,1.264348,-0.553411,0.905303,-0.099949,-6.642818,-8.159109,2.220e-16
Set Transformer,ch4t-test-001538,10,0.593210,1.079193,0.875642,0.048714,-5.484218,-8.080977,0.000e+00
Set Transformer,ch4t-test-001539,12,-0.109398,0.243388,0.738536,0.043686,-7.186335,-8.102548,1.110e-16
Set Transformer,ch4t-test-001540,12,3.165167,-0.019337,1.117122,0.398629,-3.100041,-7.761621,0.000e+00
Set Transformer,ch4t-test-001541,7,2.201495,0.036128,0.926107,0.412147,-4.666302,-8.242180,4.441e-16
Set Transformer,ch4t-test-001542,11,3.484932,-0.218332,1.797608,0.056938,-2.589213,-7.710360,0.000e+00
Set Transformer,ch4t-test-001543,10,0.755700,0.092739,0.403253,-0.400025,-7.011000,-7.862667,0.000e+00
Set Transformer,ch4t-test-001544,9,5.097767,-0.925916,-1.229282,1.267862,-3.807381,-8.017813,0.000e+00
Set Transformer,ch4t-test-001545,10,1.359412,-0.847709,1.462404,0.980645,-4.890063,-7.844815,0.000e+00
Set Transformer,ch4t-test-001546,5,-0.014456,1.473610,-0.050071,-0.257387,-6.738985,-7.890681,0.000e+00
Set Transformer,ch4t-test-001547,5,5.606330,-0.954919,-1.994280,1.557907,-3.606670,-7.821709,0.000e+00
Set Transformer,ch4t-test-001548,8,0.934725,-0.626276,1.229702,-0.055946,-6.472821,-7.955026,0.000e+00
Set Transformer,ch4t-test-001549,7,-0.069611,0.901396,0.074551,-0.063916,-7.178494,-8.020914,0.000e+00
Set Transformer,ch4t-test-001550,12,-0.576836,-1.105472,-0.858197,0.437031,-10.000725,-7.897252,0.000e+00
Set Transformer,ch4t-test-001551,4,-0.110844,0.125015,-0.023969,0.097538,-8.170765,-8.258506,1.388e-17
Set Transformer,ch4t-test-001552,9,1.236055,0.346997,0.199215,0.443496,-5.714858,-7.940621,0.000e+00
Set Transformer,ch4t-test-001553,11,5.135445,-1.294100,-0.194240,1.129657,-3.446851,-8.223613,0.000e+00
Set Transformer,ch4t-test-001554,9,2.326265,-1.087704,2.456745,0.027841,-4.510865,-8.234011,8.882e-16
Set Transformer,ch4t-test-001555,7,3.039551,-0.887292,-0.171881,0.557574,-5.181725,-7.719677,4.441e-16
Set Transformer,ch4t-test-001556,7,1.674172,-0.586267,1.399761,1.068281,-4.379472,-7.935418,4.441e-16
Set Transformer,ch4t-test-001557,12,5.321206,-1.892368,-1.347983,0.556049,-5.879006,-8.515909,0.000e+00
Set Transformer,ch4t-test-001558,4,1.092224,0.170912,0.835241,-0.190307,-5.921996,-7.830066,2.220e-16
Set Transformer,ch4t-test-001559,8,0.236593,0.163893,1.203117,-0.010870,-6.566574,-8.159307,0.000e+00
Set Transformer,ch4t-test-001560,6,-0.172200,1.008306,-0.252388,0.345202,-7.203870,-8.132790,0.000e+00
Set Transformer,ch4t-test-001561,5,-0.012248,0.138134,-0.007713,0.089454,-7.674386,-7.882012,0.000e+00
Set Transformer,ch4t-test-001562,12,1.034369,0.772036,0.992628,0.156785,-5.159280,-8.115098,4.441e-16
Set Transformer,ch4t-test-001563,7,5.655690,-1.764553,-1.721506,1.298079,-4.496104,-7.963814,4.441e-16
Set Transformer,ch4t-test-001564,7,0.186421,0.591446,0.149823,-0.095478,-7.256169,-8.088380,1.110e-16
Set Transformer,ch4t-test-001565,12,5.164811,-1.665668,-0.590549,1.497038,-3.491799,-7.897432,8.882e-16
Set Transformer,ch4t-test-001566,6,0.794040,-2.629556,3.326871,-0.075074,-6.038609,-7.454890,2.220e-16
Set Transformer,ch4t-test-001567,5,0.347312,1.332083,-0.063188,0.248640,-5.696648,-7.561496,0.000e+00
Set Transformer,ch4t-test-001568,10,0.053397,-0.623196,-0.059210,-0.050326,-8.554132,-7.874797,1.110e-16
Set Transformer,ch4t-test-001569,4,2.403372,0.941146,-1.158062,0.308064,-5.641119,-8.135638,0.000e+00
Set Transformer,ch4t-test-001570,7,1.149187,0.301941,1.446605,0.191484,-4.816389,-7.905605,4.441e-16
Set Transformer,ch4t-test-001571,12,1.955366,0.855565,0.784726,0.180330,-3.982158,-7.758146,4.441e-16
Set Transformer,ch4t-test-001572,6,0.327988,-1.031952,1.132478,0.005679,-7.508897,-7.943089,2.220e-16
Set Transformer,ch4t-test-001573,9,-0.293348,1.083283,-0.222508,-0.370864,-7.819472,-8.016035,5.551e-17
Set Transformer,ch4t-test-001574,12,2.204621,-0.509602,0.683495,0.706868,-4.949961,-8.035342,0.000e+00
Set Transformer,ch4t-test-001575,4,-0.117663,0.311104,0.000213,0.125218,-7.670501,-7.989373,0.000e+00
Set Transformer,ch4t-test-001576,6,1.483974,-1.144259,1.053180,-0.018419,-6.360395,-7.734871,4.441e-16
Set Transformer,ch4t-test-001577,4,1.651868,0.981632,-0.185597,0.235669,-5.529312,-8.212885,4.441e-16
Set Transformer,ch4t-test-001578,10,1.915597,0.096462,2.101311,0.163905,-3.407150,-7.684425,8.882e-16
Set Transformer,ch4t-test-001579,10,-0.034384,-0.412197,0.004929,0.048495,-8.137045,-7.743887,5.551e-17
Set Transformer,ch4t-test-001580,5,0.096117,0.774755,-0.088308,-0.171770,-7.242787,-7.853581,0.000e+00
Set Transformer,ch4t-test-001581,7,0.045649,-0.635197,0.461064,-0.396298,-8.353751,-7.828969,0.000e+00
Set Transformer,ch4t-test-001582,11,5.229232,-0.808359,-1.639843,1.625850,-3.272092,-7.678973,0.000e+00
Set Transformer,ch4t-test-001583,10,2.906576,0.163266,0.628656,0.305262,-3.838180,-7.841940,8.882e-16
Set Transformer,ch4t-test-001584,11,1.433573,1.190823,0.444826,0.391212,-4.275962,-7.736397,0.000e+00
Set Transformer,ch4t-test-001585,8,-0.077809,0.525638,0.201092,-0.099650,-7.854184,-8.403455,0.000e+00
Set Transformer,ch4t-test-001586,4,3.518136,-0.741386,0.502533,0.863018,-3.769037,-7.911338,1.776e-15
Set Transformer,ch4t-test-001587,8,0.105173,1.592236,-0.128632,-0.199036,-6.654269,-8.024009,2.220e-16
Set Transformer,ch4t-test-001588,6,-0.030042,0.482232,0.184972,-0.156137,-7.411976,-7.893001,0.000e+00
Set Transformer,ch4t-test-001589,7,0.134511,0.850410,-0.140590,-0.108586,-7.402193,-8.137939,0.000e+00
Set Transformer,ch4t-test-001590,10,-0.103838,1.739890,-0.276193,0.433508,-5.834100,-7.627467,0.000e+00
Set Transformer,ch4t-test-001591,6,2.409680,0.077898,0.339322,0.519225,-4.362590,-7.708715,0.000e+00
Set Transformer,ch4t-test-001592,6,0.796366,-1.223539,0.193925,0.311534,-7.858461,-7.936748,5.551e-17
Set Transformer,ch4t-test-001593,10,2.020539,1.614621,-0.151901,0.461115,-3.710644,-7.655019,4.441e-16
Set Transformer,ch4t-test-001594,10,0.239497,1.655535,-0.246465,0.236926,-6.518575,-8.404067,0.000e+00
Set Transformer,ch4t-test-001595,12,0.257083,0.401469,1.026773,-0.218620,-6.447727,-7.914432,0.000e+00
Set Transformer,ch4t-test-001596,7,1.421087,-0.181407,0.430770,0.325764,-5.751020,-7.747234,2.220e-16
Set Transformer,ch4t-test-001597,5,1.943292,0.551805,0.443230,0.376211,-4.705119,-8.019657,0.000e+00
Set Transformer,ch4t-test-001598,10,2.389344,-1.106677,2.002771,-0.305127,-5.025561,-8.005872,4.441e-16
Set Transformer,ch4t-test-001599,8,0.500323,-1.110535,1.581456,0.244115,-7.046120,-8.261479,0.000e+00
Set Transformer,ch4t-test-001600,6,0.280841,1.484963,-0.370609,-0.094805,-6.716477,-8.016868,0.000e+00
Set Transformer,ch4t-test-001601,4,1.910205,-0.534252,0.415358,0.039835,-6.152753,-7.983899,2.220e-16
Set Transformer,ch4t-test-001602,5,2.137638,1.188920,0.115887,0.566779,-3.922777,-7.932001,0.000e+00
Set Transformer,ch4t-test-001603,10,1.344511,0.656372,0.685573,0.515688,-4.820740,-8.022885,0.000e+00
Set Transformer,ch4t-test-001604,6,5.177973,-1.690685,-1.655792,0.991445,-4.919495,-7.742435,0.000e+00
Set Transformer,ch4t-test-001605,5,1.681788,0.876658,0.711638,0.234153,-4.227522,-7.731759,0.000e+00
Set Transformer,ch4t-test-001606,7,2.286972,-0.800896,1.519248,0.409674,-4.795396,-8.210395,4.441e-16
Set Transformer,ch4t-test-001607,4,2.163134,0.277517,0.081911,0.612320,-4.846613,-7.981495,4.441e-16
Set Transformer,ch4t-test-001608,10,0.399759,1.211667,0.265517,-0.110270,-6.209734,-7.976407,0.000e+00
Set Transformer,ch4t-test-001609,4,-0.056011,0.470533,-0.079857,0.161267,-7.150543,-7.646475,5.551e-17
Set Transformer,ch4t-test-001610,6,-0.450984,-0.167728,1.183253,0.418055,-6.991842,-7.974438,0.000e+00
Set Transformer,ch4t-test-001611,7,0.651537,0.255619,0.304541,0.060047,-6.826195,-8.097941,2.220e-16
Set Transformer,ch4t-test-001612,6,2.004228,1.044693,-0.617423,0.393149,-5.107035,-7.931683,4.441e-16
Set Transformer,ch4t-test-001613,11,2.211679,-0.585438,-0.192327,-0.085652,-6.400465,-7.748727,0.000e+00
Set Transformer,ch4t-test-001614,5,1.598138,-0.262826,0.204060,0.543220,-5.944648,-8.027241,0.000e+00
Set Transformer,ch4t-test-001615,9,1.670132,-0.851790,2.085801,0.804482,-3.976457,-7.685082,4.441e-16
Set Transformer,ch4t-test-001616,8,3.086125,0.167521,0.938922,0.369864,-3.184606,-7.747038,0.000e+00
Set Transformer,ch4t-test-001617,4,-0.259033,0.321230,-0.200929,0.345340,-7.733600,-7.940208,5.551e-17
Set Transformer,ch4t-test-001618,9,0.346527,-0.226491,1.210204,-0.668031,-7.186068,-7.848276,0.000e+00
Set Transformer,ch4t-test-001619,6,2.151222,-0.384428,0.518963,0.038851,-5.781148,-8.105756,0.000e+00
Set Transformer,ch4t-test-001620,11,3.301290,0.403464,0.329712,0.533083,-3.212154,-7.779703,0.000e+00
Set Transformer,ch4t-test-001621,11,-0.191664,0.757815,-0.266689,0.336704,-7.273660,-7.909827,0.000e+00
Set Transformer,ch4t-test-001622,10,2.835219,-0.074328,1.225202,0.510207,-3.258943,-7.755243,8.882e-16
Set Transformer,ch4t-test-001623,4,1.481170,-0.541730,1.014323,0.106541,-6.098256,-8.158560,0.000e+00
Set Transformer,ch4t-test-001624,5,0.025083,0.837711,-0.066345,0.154624,-6.822459,-7.773533,0.000e+00
Set Transformer,ch4t-test-001625,9,2.470782,-0.557334,1.049684,0.412951,-4.599651,-7.975735,0.000e+00
Set Transformer,ch4t-test-001626,11,5.020859,-0.454609,-0.252836,0.329852,-3.267621,-7.910888,8.882e-16
Set Transformer,ch4t-test-001627,6,3.901804,0.192437,0.274236,0.856917,-2.916754,-8.142147,8.882e-16
Set Transformer,ch4t-test-001628,7,0.351250,0.949032,1.335911,0.350834,-4.918731,-7.905758,4.441e-16
Set Transformer,ch4t-test-001629,12,-0.004490,1.111867,0.026250,0.229425,-6.641883,-8.004937,2.220e-16
Set Transformer,ch4t-test-001630,10,0.072177,0.900846,-0.157381,0.174086,-7.000657,-7.990386,1.110e-16
Set Transformer,ch4t-test-001631,4,1.072792,0.196934,0.413898,0.562892,-5.348604,-7.595120,0.000e+00
Set Transformer,ch4t-test-001632,10,2.558556,-0.276706,-1.045358,-0.312606,-6.789270,-7.713154,6.661e-16
Set Transformer,ch4t-test-001633,6,0.009789,0.366110,0.034247,0.195443,-7.240570,-7.846159,0.000e+00
Set Transformer,ch4t-test-001634,4,-0.008966,-0.421630,0.020373,0.100182,-7.988074,-7.678033,0.000e+00
Set Transformer,ch4t-test-001635,12,3.062975,0.263612,0.712618,0.658453,-2.979280,-7.676937,0.000e+00
Set Transformer,ch4t-test-001636,5,-0.051821,0.707582,0.108088,-0.102600,-7.115721,-7.776969,1.110e-16
Set Transformer,ch4t-test-001637,11,0.010709,1.023437,-0.261133,0.255914,-6.903751,-7.932678,2.220e-16
Set Transformer,ch4t-test-001638,11,0.792568,-1.015794,1.613514,-0.183040,-6.418920,-7.626168,2.220e-16
Set Transformer,ch4t-test-001639,10,2.457911,-1.245558,1.683747,-0.096384,-5.306944,-8.106659,0.000e+00
Set Transformer,ch4t-test-001640,11,4.739498,-1.536053,-1.153647,1.404814,-4.263167,-7.717779,4.441e-16
Set Transformer,ch4t-test-001641,7,2.565785,0.600353,0.258073,0.571116,-4.015346,-8.010673,8.882e-16
Set Transformer,ch4t-test-001642,6,1.038998,0.847015,0.553640,-0.066133,-5.275416,-7.648937,4.441e-16
Set Transformer,ch4t-test-001643,4,1.190723,0.286256,0.664191,-0.073083,-5.817523,-7.885610,0.000e+00
Set Transformer,ch4t-test-001644,9,0.823070,0.051699,0.941826,-1.448628,-7.307786,-7.675753,0.000e+00
Set Transformer,ch4t-test-001645,11,5.499107,-1.208495,-1.152036,0.683582,-4.372448,-8.194605,4.441e-16
Set Transformer,ch4t-test-001646,7,1.312995,-1.651626,0.810693,0.488740,-6.703484,-7.664286,2.220e-16
Set Transformer,ch4t-test-001647,5,0.150140,0.303559,0.291514,-0.051897,-7.160997,-7.854312,0.000e+00
Set Transformer,ch4t-test-001648,4,-0.201447,0.640697,-0.317748,0.326292,-7.653095,-8.100889,5.551e-17
Set Transformer,ch4t-test-001649,5,2.398109,-0.097238,0.055480,1.230139,-4.887305,-8.473795,4.441e-16
Set Transformer,ch4t-test-001650,12,2.645241,0.025525,0.816661,0.444184,-4.054843,-7.986453,0.000e+00
Set Transformer,ch4t-test-001651,7,1.010228,0.113706,0.222884,-0.080045,-6.379160,-7.645933,0.000e+00
Set Transformer,ch4t-test-001652,8,1.617991,0.649255,0.297988,0.288596,-4.648334,-7.502164,0.000e+00
Set Transformer,ch4t-test-001653,7,1.780657,-1.073208,0.698922,0.502109,-5.986635,-7.895116,2.220e-16
Set Transformer,ch4t-test-001654,6,-0.075711,1.363507,-0.100277,0.063464,-6.903191,-8.154174,2.220e-16
Set Transformer,ch4t-test-001655,11,0.575401,1.075576,0.248378,0.171753,-5.997321,-8.068429,0.000e+00
Set Transformer,ch4t-test-001656,4,-0.102269,-0.833093,0.198295,-0.223173,-8.903918,-7.943678,0.000e+00
Set Transformer,ch4t-test-001657,7,0.334390,0.896060,0.387237,-0.137300,-6.334123,-7.814510,2.220e-16
Set Transformer,ch4t-test-001658,10,2.706086,0.465522,0.836304,0.466313,-3.266968,-7.741194,8.882e-16
Set Transformer,ch4t-test-001659,11,-0.485118,-2.888486,-1.899755,1.226372,-11.912332,-7.865346,0.000e+00
Set Transformer,ch4t-test-001660,6,2.012819,-1.183842,1.442190,0.105551,-5.691444,-8.068162,4.441e-16
Set Transformer,ch4t-test-001661,4,0.208606,0.833347,-0.544073,-0.003619,-7.240544,-7.734805,1.110e-16
Set Transformer,ch4t-test-001662,9,1.080291,-0.104919,1.547984,0.632455,-4.975235,-8.131046,4.441e-16
Set Transformer,ch4t-test-001663,8,0.839325,0.290394,0.819891,-0.094186,-5.766960,-7.622383,2.220e-16
Set Transformer,ch4t-test-001664,8,6.000008,-1.915339,-0.697628,0.991255,-3.304472,-7.682768,0.000e+00
Set Transformer,ch4t-test-001665,6,1.269698,0.451457,0.521545,0.436016,-5.162016,-7.840732,0.000e+00
Set Transformer,ch4t-test-001666,8,-0.014949,0.431912,-0.000939,-0.003413,-7.838238,-8.250850,0.000e+00
Set Transformer,ch4t-test-001667,12,-0.103712,-0.280348,0.130169,-0.117935,-8.337130,-7.965303,0.000e+00
Set Transformer,ch4t-test-001668,7,-0.033994,0.029086,0.058968,0.260253,-7.117855,-7.432168,0.000e+00
Set Transformer,ch4t-test-001669,7,2.450130,0.048064,0.757197,0.494093,-4.092183,-7.841667,8.882e-16
Set Transformer,ch4t-test-001670,10,-0.069399,2.423843,-0.016017,-0.036418,-5.908694,-8.210702,0.000e+00
Set Transformer,ch4t-test-001671,8,1.194967,0.749612,0.058243,0.591889,-5.490035,-8.084748,0.000e+00
Set Transformer,ch4t-test-001672,8,-0.012761,0.389004,-0.014231,0.133048,-7.384368,-7.879427,5.551e-17
Set Transformer,ch4t-test-001673,6,2.883281,-0.383724,1.299693,0.274217,-3.754311,-7.827778,0.000e+00
Set Transformer,ch4t-test-001674,7,-0.034471,1.859475,-0.333242,0.069281,-6.177152,-7.738196,2.220e-16
Set Transformer,ch4t-test-001675,8,4.583029,-0.765573,-1.010082,1.285887,-3.963359,-8.056619,0.000e+00
Set Transformer,ch4t-test-001676,10,-0.143818,-0.522471,-0.017871,0.138559,-8.515863,-7.970261,0.000e+00
Set Transformer,ch4t-test-001677,6,1.378745,0.529299,0.972502,0.146413,-5.070818,-8.097778,0.000e+00
Set Transformer,ch4t-test-001678,4,3.371707,-0.759221,0.996205,0.740353,-3.882817,-8.231860,8.882e-16
Set Transformer,ch4t-test-001679,10,1.371912,-0.919796,0.725448,-0.144680,-6.662093,-7.694977,0.000e+00
Set Transformer,ch4t-test-001680,10,2.961271,-0.662360,1.262938,0.719097,-3.761440,-8.042386,8.882e-16
Set Transformer,ch4t-test-001681,5,1.702725,-0.516253,0.605796,0.486562,-5.643019,-7.921851,0.000e+00
Set Transformer,ch4t-test-001682,9,3.191658,0.114458,0.757706,0.538374,-3.356412,-7.958609,0.000e+00
Set Transformer,ch4t-test-001683,9,1.067780,1.129831,0.456769,0.364156,-5.004095,-8.022631,0.000e+00
Set Transformer,ch4t-test-001684,5,0.611747,0.305583,1.366372,0.088472,-5.671929,-8.044103,4.441e-16
Set Transformer,ch4t-test-001685,11,2.290516,-0.143704,0.851468,-0.073858,-4.811924,-7.736347,0.000e+00
Set Transformer,ch4t-test-001686,11,1.449103,-0.703925,0.150230,-0.180570,-7.149284,-7.864121,1.110e-16
Set Transformer,ch4t-test-001687,5,0.175467,0.654741,-0.079388,0.311407,-7.084369,-8.146596,0.000e+00
Set Transformer,ch4t-test-001688,4,-0.121862,0.907727,0.182745,0.084490,-6.731046,-7.784145,0.000e+00
Set Transformer,ch4t-test-001689,10,2.641269,-0.557311,1.184767,0.479781,-4.333865,-8.082371,4.441e-16
Set Transformer,ch4t-test-001690,8,-0.040401,1.321835,0.022485,-0.292140,-7.042042,-8.053821,0.000e+00
Set Transformer,ch4t-test-001691,6,0.194561,-0.297556,0.369255,-0.059633,-7.803227,-8.009854,0.000e+00
Set Transformer,ch4t-test-001692,9,1.447494,-0.104750,0.753025,0.306254,-5.517260,-7.919282,0.000e+00
Set Transformer,ch4t-test-001693,6,-1.060300,-0.163248,1.459584,-0.168548,-7.672103,-7.739590,2.776e-16
Set Transformer,ch4t-test-001694,4,4.897360,-1.751779,-1.067828,1.243290,-4.622273,-7.943316,8.882e-16
Set Transformer,ch4t-test-001695,4,0.108449,-0.277050,0.254572,-0.229048,-7.287382,-7.144305,2.776e-17
Set Transformer,ch4t-test-001696,4,1.909473,-1.042298,1.243304,0.369769,-5.624083,-8.104330,4.441e-16
Set Transformer,ch4t-test-001697,12,0.125115,2.007270,-0.208595,0.078572,-6.028465,-8.030826,4.441e-16
Set Transformer,ch4t-test-001698,7,3.455797,-0.692004,0.681589,0.147707,-4.300039,-7.893128,8.882e-16
Set Transformer,ch4t-test-001699,4,1.413902,0.770668,0.585934,0.263871,-4.791192,-7.825567,4.441e-16
Set Transformer,ch4t-test-001700,11,0.463783,-0.228576,0.823827,-0.366380,-7.329363,-8.022017,1.110e-16
Set Transformer,ch4t-test-001701,6,0.202184,0.845638,0.272151,0.160093,-6.463589,-7.943655,0.000e+00
Set Transformer,ch4t-test-001702,6,-0.003174,0.245760,0.058374,0.106993,-7.260587,-7.668540,0.000e+00
Set Transformer,ch4t-test-001703,9,2.086034,0.008603,1.160727,0.532700,-4.266464,-8.054528,4.441e-16
Set Transformer,ch4t-test-001704,5,-0.074719,2.164933,-0.181390,-0.185877,-6.342519,-8.065466,0.000e+00
Set Transformer,ch4t-test-001705,12,2.913868,-0.557775,1.161140,0.071025,-4.454611,-8.042869,1.332e-15
Set Transformer,ch4t-test-001706,5,1.895649,0.271555,0.363238,0.568330,-4.937214,-8.035985,0.000e+00
Set Transformer,ch4t-test-001707,7,1.627885,-0.641387,1.435350,0.292348,-4.835661,-7.549855,0.000e+00
Set Transformer,ch4t-test-001708,8,-0.014807,0.568538,0.054765,0.130285,-7.243870,-7.982651,0.000e+00
Set Transformer,ch4t-test-001709,8,4.795165,0.453401,-0.830785,-0.051824,-3.439536,-7.805492,8.882e-16
Set Transformer,ch4t-test-001710,8,-0.028524,1.214838,-0.389466,0.241533,-6.777478,-7.815860,0.000e+00
Set Transformer,ch4t-test-001711,9,2.435838,-0.421634,-1.402155,1.148377,-5.759142,-7.519567,4.441e-16
Set Transformer,ch4t-test-001712,4,1.012472,0.419675,0.155388,0.607733,-5.885182,-8.080449,0.000e+00
Set Transformer,ch4t-test-001713,7,0.666633,0.012863,-0.082106,0.124648,-7.381671,-8.103709,1.110e-16
Set Transformer,ch4t-test-001714,8,1.046089,0.296550,0.879959,-0.192014,-6.010761,-8.041345,4.441e-16
Set Transformer,ch4t-test-001715,9,-0.530196,-0.617649,0.246579,0.059565,-8.644354,-7.802653,1.110e-16
Set Transformer,ch4t-test-001716,10,-0.136755,-0.612999,2.030517,0.268089,-6.203948,-7.752799,4.441e-16
Set Transformer,ch4t-test-001717,5,2.611965,-0.657551,0.646235,0.018477,-5.341497,-7.960622,4.441e-16
Set Transformer,ch4t-test-001718,7,5.013535,-0.746790,-2.114843,1.462972,-4.498813,-8.113687,8.882e-16
Set Transformer,ch4t-test-001719,6,6.385234,-0.730860,-2.641220,1.065719,-3.790530,-7.869403,0.000e+00
Set Transformer,ch4t-test-001720,9,-0.037350,0.801161,0.031656,0.167663,-7.038151,-8.001281,0.000e+00
Set Transformer,ch4t-test-001721,4,0.008818,0.452309,-0.044081,0.121782,-7.882481,-8.421309,0.000e+00
Set Transformer,ch4t-test-001722,12,0.935920,0.702640,-0.525951,-0.435438,-6.961782,-7.638953,0.000e+00
Set Transformer,ch4t-test-001723,12,5.045469,-0.996148,0.266721,0.649284,-2.837441,-7.802768,8.882e-16
Set Transformer,ch4t-test-001724,7,0.958426,1.613031,0.423921,0.311801,-4.520810,-7.827988,0.000e+00
Set Transformer,ch4t-test-001725,7,1.459743,-0.235676,0.490904,-0.224611,-6.620386,-8.110746,2.220e-16
Set Transformer,ch4t-test-001726,6,0.738434,0.377934,1.468511,-0.296236,-5.636539,-7.925182,0.000e+00
Set Transformer,ch4t-test-001727,11,2.900969,0.023845,1.208784,-0.109808,-3.795359,-7.819149,0.000e+00
Set Transformer,ch4t-test-001728,4,-0.016307,0.085376,-0.001402,0.250949,-7.783304,-8.101920,0.000e+00
Set Transformer,ch4t-test-001729,5,4.520045,-0.043899,1.464503,-0.064769,-2.269803,-8.145685,0.000e+00
Set Transformer,ch4t-test-001730,9,0.400022,0.765230,0.399108,0.523989,-5.981636,-8.069984,0.000e+00
Set Transformer,ch4t-test-001731,11,-2.698266,-1.708586,1.712423,-0.931855,-11.658083,-8.031798,4.441e-16
Set Transformer,ch4t-test-001732,10,3.241571,0.009968,0.798433,0.791082,-3.132004,-7.973058,8.882e-16
Set Transformer,ch4t-test-001733,6,2.022604,-0.607608,1.353117,0.148601,-4.935831,-7.852544,4.441e-16
Set Transformer,ch4t-test-001734,4,1.044114,-0.341738,1.140075,0.075371,-5.829500,-7.747321,2.220e-16
Set Transformer,ch4t-test-001735,7,2.404529,-1.050259,1.433989,0.003889,-4.879754,-7.671902,4.441e-16
Set Transformer,ch4t-test-001736,9,1.455555,0.298177,0.424619,0.577789,-5.095286,-7.851426,4.441e-16
Set Transformer,ch4t-test-001737,7,0.236463,-0.379170,0.152679,-0.055604,-8.229364,-8.183732,1.110e-16
Set Transformer,ch4t-test-001738,7,1.429355,0.849017,0.368655,0.187608,-4.904470,-7.739105,0.000e+00
Set Transformer,ch4t-test-001739,11,-0.373160,0.297415,-0.335427,0.155412,-8.314472,-8.058712,0.000e+00
Set Transformer,ch4t-test-001740,12,5.681838,-1.362206,-0.883391,1.101605,-3.456254,-7.994099,8.882e-16
Set Transformer,ch4t-test-001741,12,2.468834,-0.172675,0.827310,0.431526,-4.587932,-8.142928,4.441e-16
Set Transformer,ch4t-test-001742,9,-0.466245,-1.096917,1.215231,-0.362654,-8.675659,-7.965073,1.110e-16
Set Transformer,ch4t-test-001743,12,-0.031395,1.504847,0.066766,-0.075995,-6.434370,-7.898594,0.000e+00
Set Transformer,ch4t-test-001744,4,1.360568,-0.416325,1.295277,0.312680,-5.187773,-7.739973,4.441e-16
Set Transformer,ch4t-test-001745,10,-0.108145,1.709267,-0.041929,0.113313,-6.025652,-7.698158,2.220e-16
Set Transformer,ch4t-test-001746,7,0.722579,0.304716,0.810570,-0.388176,-6.559346,-8.009035,0.000e+00
Set Transformer,ch4t-test-001747,12,4.216872,-1.273635,-1.415848,1.828543,-4.426174,-7.782105,0.000e+00
Set Transformer,ch4t-test-001748,11,2.414985,-0.325463,0.735836,0.963474,-4.162343,-7.951175,4.441e-16
Set Transformer,ch4t-test-001749,11,1.129291,0.557952,1.286045,-0.216449,-5.385680,-8.142520,4.441e-16
Set Transformer,ch4t-test-001750,8,0.009719,-0.045848,0.132336,-0.074189,-7.899531,-7.921549,0.000e+00
Set Transformer,ch4t-test-001751,9,-0.283913,1.243939,0.081336,0.202152,-6.585176,-7.828690,0.000e+00
Set Transformer,ch4t-test-001752,7,5.297077,-0.401108,-1.271292,0.716671,-3.465973,-7.807320,8.882e-16
Set Transformer,ch4t-test-001753,11,3.243950,-0.164047,-0.773209,0.416831,-5.120396,-7.843921,0.000e+00
Set Transformer,ch4t-test-001754,5,-0.415838,-0.520087,0.977397,-0.431739,-8.617648,-8.227381,1.110e-16
Set Transformer,ch4t-test-001755,6,3.755570,-1.061198,-1.420751,1.272777,-5.412814,-7.959212,4.441e-16
Set Transformer,ch4t-test-001756,7,-0.195054,-0.188012,0.227606,-0.395494,-8.587945,-8.036992,1.110e-16
Set Transformer,ch4t-test-001757,12,2.263438,0.588221,0.615415,0.607976,-3.957278,-8.032327,0.000e+00
Set Transformer,ch4t-test-001758,11,-0.266552,-0.483720,0.068554,-0.116526,-8.463118,-7.664874,0.000e+00
Set Transformer,ch4t-test-001759,11,3.990771,-1.190892,-0.596234,0.612347,-4.904341,-7.720334,8.882e-16
Set Transformer,ch4t-test-001760,4,0.383318,0.862599,0.559359,-0.062389,-6.532856,-8.275743,0.000e+00
Set Transformer,ch4t-test-001761,9,1.437717,-0.430725,1.414214,0.078758,-5.502016,-8.001981,4.441e-16
Set Transformer,ch4t-test-001762,9,1.397350,-1.156809,1.620908,0.721810,-5.307037,-7.890296,4.441e-16
Set Transformer,ch4t-test-001763,10,4.731861,-0.415915,-0.562172,0.333297,-3.850752,-7.937823,8.882e-16
Set Transformer,ch4t-test-001764,12,6.294768,-1.526611,-2.577365,1.793891,-4.121397,-8.106079,8.882e-16
Set Transformer,ch4t-test-001765,4,3.163810,0.152263,0.056222,0.255195,-4.687765,-8.315254,4.441e-16
Set Transformer,ch4t-test-001766,12,3.167686,-0.671751,1.487682,0.010158,-3.535419,-7.529194,4.441e-16
Set Transformer,ch4t-test-001767,4,0.495496,-0.373715,0.622174,-0.122581,-7.140124,-7.761496,1.110e-16
Set Transformer,ch4t-test-001768,9,-0.289234,-0.624755,0.158752,-0.168390,-8.717289,-7.793661,0.000e+00
Set Transformer,ch4t-test-001769,7,6.079520,-1.589116,-1.929648,1.381521,-3.924755,-7.867032,8.882e-16
Set Transformer,ch4t-test-001770,7,1.351046,-1.661923,2.077917,-0.221169,-6.357365,-7.903236,2.220e-16
Set Transformer,ch4t-test-001771,7,0.819666,0.349525,0.438806,0.422365,-5.891484,-7.921845,0.000e+00
Set Transformer,ch4t-test-001772,9,-0.190401,0.816475,-0.361543,-0.056830,-7.730802,-7.938504,1.388e-16
Set Transformer,ch4t-test-001773,12,4.197164,0.285212,-0.477550,0.311238,-3.715029,-8.031092,8.882e-16
Set Transformer,ch4t-test-001774,4,1.110341,-0.067899,0.425545,0.063928,-6.500251,-8.032166,0.000e+00
Set Transformer,ch4t-test-001775,7,2.028416,0.404059,0.690179,0.696853,-4.107794,-7.927300,0.000e+00
Set Transformer,ch4t-test-001776,6,5.737476,-1.763842,-1.605537,1.090409,-4.548173,-8.006677,8.882e-16
Set Transformer,ch4t-test-001777,8,0.995610,0.741090,0.484438,0.258773,-5.352963,-7.832875,4.441e-16
Set Transformer,ch4t-test-001778,9,-0.058681,1.990258,-0.244288,0.015452,-6.252822,-7.955562,2.220e-16
Set Transformer,ch4t-test-001779,11,0.689123,0.787613,0.178111,0.194193,-5.854996,-7.704036,0.000e+00
Set Transformer,ch4t-test-001780,4,-0.075427,0.729384,-0.084770,-0.035936,-7.402291,-7.935541,1.110e-16
Set Transformer,ch4t-test-001781,5,-0.003431,0.170315,0.046907,0.028612,-7.641037,-7.883440,0.000e+00
Set Transformer,ch4t-test-001782,10,1.854722,1.171537,1.092867,0.230817,-3.530986,-7.880929,8.882e-16
Set Transformer,ch4t-test-001783,4,-1.278799,-1.237845,1.151098,-0.894110,-9.905614,-7.645958,0.000e+00
Set Transformer,ch4t-test-001784,8,1.047438,0.220203,1.763105,0.047905,-4.846380,-7.925031,4.441e-16
Set Transformer,ch4t-test-001785,8,1.818208,0.465856,0.209438,0.296431,-5.089095,-7.879027,0.000e+00
Set Transformer,ch4t-test-001786,5,-0.094987,-0.359500,-0.092842,-0.002754,-8.330197,-7.780114,0.000e+00
Set Transformer,ch4t-test-001787,5,1.750567,0.312923,-0.096067,-0.910860,-6.842489,-7.899051,0.000e+00
Set Transformer,ch4t-test-001788,9,-0.085472,0.697174,-0.231253,0.230187,-7.157780,-7.768417,0.000e+00
Set Transformer,ch4t-test-001789,8,1.439528,1.626350,0.368305,0.548720,-3.931127,-7.914031,4.441e-16
Set Transformer,ch4t-test-001790,4,0.343408,0.495562,0.758834,0.227715,-6.223700,-8.049219,4.441e-16
Set Transformer,ch4t-test-001791,9,0.649981,1.391567,1.374497,0.185585,-4.351706,-7.953336,0.000e+00
Set Transformer,ch4t-test-001792,5,2.084117,0.495638,0.250112,-0.221270,-5.409474,-8.018071,0.000e+00
Set Transformer,ch4t-test-001793,6,-0.197084,0.612444,-0.079641,0.201877,-7.336082,-7.873678,0.000e+00
Set Transformer,ch4t-test-001794,6,2.094048,-0.410243,1.630380,0.175314,-4.277824,-7.767322,8.882e-16
Set Transformer,ch4t-test-001795,10,0.559360,-0.133513,1.054999,-0.335684,-6.848018,-7.993180,0.000e+00
Set Transformer,ch4t-test-001796,10,5.658638,-1.327916,-1.366054,0.292243,-4.576577,-7.833487,0.000e+00
Set Transformer,ch4t-test-001797,4,0.485387,0.915806,0.372446,0.132888,-6.152977,-8.059504,0.000e+00
Set Transformer,ch4t-test-001798,9,-0.070153,0.723765,0.074222,0.215695,-6.785377,-7.728906,0.000e+00
Set Transformer,ch4t-test-001799,4,-0.002018,-0.001390,0.019866,0.037311,-7.578041,-7.631810,6.939e-18
Set Transformer,ch4t-test-001800,11,3.492198,-0.815085,1.430878,0.295410,-3.506023,-7.909422,0.000e+00
Set Transformer,ch4t-test-001801,4,-0.079595,1.154990,-0.076239,-0.150694,-7.277782,-8.126244,0.000e+00
Set Transformer,ch4t-test-001802,4,2.749251,0.293367,0.137869,0.524368,-4.221085,-7.925940,0.000e+00
Set Transformer,ch4t-test-001803,5,0.309464,0.289124,0.616320,0.129516,-6.574506,-7.918930,0.000e+00
Set Transformer,ch4t-test-001804,8,2.786929,0.377513,0.483978,0.602508,-3.626161,-7.877089,0.000e+00
Set Transformer,ch4t-test-001805,7,1.149510,-0.408910,0.985030,-0.487441,-6.708777,-7.946965,4.441e-16
Set Transformer,ch4t-test-001806,5,3.671293,-0.355043,-1.254747,0.579082,-4.868308,-7.508894,4.441e-16
Set Transformer,ch4t-test-001807,6,1.159708,0.377616,0.834991,0.339882,-5.179347,-7.891545,4.441e-16
Set Transformer,ch4t-test-001808,5,1.460312,0.765109,-0.068776,0.622502,-5.049804,-7.828950,4.441e-16
Set Transformer,ch4t-test-001809,7,0.422650,-0.162263,2.307503,-0.137410,-5.505002,-7.935481,0.000e+00
Set Transformer,ch4t-test-001810,5,1.908956,0.858242,0.841652,0.108410,-4.154159,-7.871420,0.000e+00
Set Transformer,ch4t-test-001811,8,1.884260,0.354542,0.163265,0.609402,-5.007760,-8.019229,4.441e-16
Set Transformer,ch4t-test-001812,4,0.584321,-0.148301,1.238307,0.038577,-6.949025,-8.661930,0.000e+00
Set Transformer,ch4t-test-001813,9,3.865934,-1.301880,-1.411725,1.256288,-5.869154,-8.277771,0.000e+00
Set Transformer,ch4t-test-001814,7,0.773348,0.127171,0.515833,0.040148,-6.318727,-7.775226,0.000e+00
Set Transformer,ch4t-test-001815,5,-0.057069,0.355074,0.062309,0.132614,-7.975217,-8.468145,0.000e+00
Set Transformer,ch4t-test-001816,5,0.883996,-0.428273,1.009371,-1.010457,-7.550904,-8.005542,0.000e+00
Set Transformer,ch4t-test-001817,7,3.865011,0.362189,-1.770250,-0.505444,-6.139291,-8.090798,4.441e-16
Set Transformer,ch4t-test-001818,11,-0.116236,2.246158,-0.249367,0.075850,-6.364641,-8.321046,4.441e-16
Set Transformer,ch4t-test-001819,7,1.711676,0.330426,1.700474,-0.191927,-4.870541,-8.421190,0.000e+00
Set Transformer,ch4t-test-001820,6,0.734107,-0.619037,1.351215,-0.573427,-6.578225,-7.471083,2.220e-16
Set Transformer,ch4t-test-001821,7,6.594127,-1.873099,-2.087643,0.790503,-4.497111,-7.920999,0.000e+00
Set Transformer,ch4t-test-001822,12,1.861784,0.441631,0.441470,0.413883,-4.700060,-7.858828,0.000e+00
Set Transformer,ch4t-test-001823,7,0.081137,1.244489,-0.165974,-0.092939,-6.917930,-7.984643,0.000e+00
Set Transformer,ch4t-test-001824,9,-0.068447,0.293789,0.391893,-0.249074,-7.412485,-7.780646,0.000e+00
Set Transformer,ch4t-test-001825,11,3.604318,-0.984043,-0.980605,0.543939,-5.454237,-7.637846,0.000e+00
Set Transformer,ch4t-test-001826,10,2.750758,-0.305134,0.552436,0.464703,-4.455420,-7.918182,4.441e-16
Set Transformer,ch4t-test-001827,4,0.013948,0.898704,0.053961,-0.369834,-7.102903,-7.699683,0.000e+00
Set Transformer,ch4t-test-001828,7,-0.171562,0.286855,0.004712,-0.244897,-8.050873,-7.925981,2.776e-17
Set Transformer,ch4t-test-001829,9,4.961810,0.705850,-1.954554,0.944426,-3.063741,-7.721273,8.882e-16
Set Transformer,ch4t-test-001830,5,0.847092,-1.300527,1.946974,-0.272100,-6.799935,-8.021374,0.000e+00
Set Transformer,ch4t-test-001831,9,2.854234,1.025752,-0.545882,1.033939,-3.789369,-8.157412,0.000e+00
Set Transformer,ch4t-test-001832,7,0.228787,0.815992,0.952679,0.105878,-5.581767,-7.685104,0.000e+00
Set Transformer,ch4t-test-001833,12,5.339647,-1.575811,-0.774917,0.640788,-4.515840,-8.145548,0.000e+00
Set Transformer,ch4t-test-001834,12,4.104592,-0.754735,0.016669,0.650798,-3.891551,-7.908875,0.000e+00
Set Transformer,ch4t-test-001835,7,5.662692,-1.464724,-1.575545,1.494059,-3.662674,-7.779156,0.000e+00
Set Transformer,ch4t-test-001836,8,2.651491,0.684505,-1.901827,0.264129,-6.047406,-7.745705,2.220e-16
Set Transformer,ch4t-test-001837,6,-0.510794,-0.268124,-0.234915,-0.124786,-8.890717,-7.752097,0.000e+00
Set Transformer,ch4t-test-001838,6,1.094018,0.928184,0.445349,0.187603,-5.298755,-7.953908,0.000e+00
Set Transformer,ch4t-test-001839,5,0.014228,1.041419,-0.148293,0.073561,-7.001532,-7.982446,1.110e-16
Set Transformer,ch4t-test-001840,5,0.114248,1.268995,-0.227244,0.053194,-6.597151,-7.806344,2.220e-16
Set Transformer,ch4t-test-001841,10,-0.107331,1.264872,-0.248598,0.343311,-6.677921,-7.930176,2.220e-16
Set Transformer,ch4t-test-001842,5,1.468884,0.329833,0.415480,0.180322,-5.461374,-7.855894,0.000e+00
Set Transformer,ch4t-test-001843,7,-0.076292,0.873398,-0.029182,-0.040324,-7.330279,-8.057878,1.110e-16
Set Transformer,ch4t-test-001844,10,4.839908,-0.717360,-0.456039,0.650118,-3.477653,-7.794280,0.000e+00
Set Transformer,ch4t-test-001845,6,-0.003943,0.213366,0.048958,0.056041,-7.648768,-7.963190,0.000e+00
Set Transformer,ch4t-test-001846,8,4.738280,-1.079893,-0.929622,0.627521,-4.531186,-7.887473,8.882e-16
Set Transformer,ch4t-test-001847,11,1.596594,0.855633,0.184960,0.556898,-4.854272,-8.048357,8.882e-16
Set Transformer,ch4t-test-001848,4,1.772360,-0.014734,0.727305,0.156426,-5.239788,-7.881146,4.441e-16
Set Transformer,ch4t-test-001849,9,0.990993,-0.380567,1.515838,0.161868,-5.680309,-7.968441,0.000e+00
Set Transformer,ch4t-test-001850,11,-0.006140,1.517167,0.041348,0.181504,-6.234092,-7.967971,2.220e-16
Set Transformer,ch4t-test-001851,12,2.683753,0.654647,1.877740,0.222115,-2.639608,-8.077862,0.000e+00
Set Transformer,ch4t-test-001852,7,6.232677,-2.187445,-0.750184,0.887752,-3.859239,-8.042038,8.882e-16
Set Transformer,ch4t-test-001853,11,1.569954,0.497431,0.438059,0.094527,-5.190675,-7.790646,0.000e+00
Set Transformer,ch4t-test-001854,10,1.491355,0.073196,0.683108,0.966493,-4.604116,-7.818267,0.000e+00
Set Transformer,ch4t-test-001855,4,1.955119,0.021818,1.032207,-0.168800,-5.482687,-8.323032,0.000e+00
Set Transformer,ch4t-test-001856,4,0.666330,0.114507,1.462583,0.232965,-5.331008,-7.807392,0.000e+00
Set Transformer,ch4t-test-001857,9,1.075135,0.909372,0.200198,0.522660,-5.243539,-7.950903,0.000e+00
Set Transformer,ch4t-test-001858,11,3.931712,-0.132275,0.367574,0.130658,-3.409211,-7.706881,8.882e-16
Set Transformer,ch4t-test-001859,6,1.353170,-0.404348,1.578570,-0.341867,-5.425424,-7.610949,0.000e+00
Set Transformer,ch4t-test-001860,10,2.343155,-1.040298,1.956157,0.327061,-4.371207,-7.957282,4.441e-16
Set Transformer,ch4t-test-001861,6,1.868956,0.423723,1.737221,-0.026919,-3.676863,-7.679843,8.882e-16
Set Transformer,ch4t-test-001862,7,-0.059435,0.392550,-0.023730,-0.011735,-7.582116,-7.879766,5.551e-17
Set Transformer,ch4t-test-001863,6,2.832994,0.282480,0.800891,0.599094,-3.321740,-7.837200,0.000e+00
Set Transformer,ch4t-test-001864,4,-0.020095,0.238810,0.009981,0.244637,-7.885982,-8.359315,0.000e+00
Set Transformer,ch4t-test-001865,10,3.179592,-1.097661,0.973311,0.055939,-4.758171,-7.869353,4.441e-16
Set Transformer,ch4t-test-001866,12,1.121880,-0.117364,0.396174,-0.445264,-6.752564,-7.707990,3.331e-16
Set Transformer,ch4t-test-001867,9,2.349882,-0.694463,1.765280,0.271649,-4.316364,-8.008711,4.441e-16
Set Transformer,ch4t-test-001868,4,-0.903161,-0.322764,1.108977,-1.231560,-9.279266,-7.930757,0.000e+00
Set Transformer,ch4t-test-001869,12,0.033844,0.390171,0.059844,-0.147060,-7.520369,-7.857167,0.000e+00
Set Transformer,ch4t-test-001870,10,2.022453,-0.023893,0.466366,0.543763,-4.861618,-7.870307,4.441e-16
Set Transformer,ch4t-test-001871,7,1.905524,-0.164300,0.162304,0.507306,-5.561541,-7.972375,0.000e+00
Set Transformer,ch4t-test-001872,4,0.066232,0.779074,-0.155932,0.052899,-7.791142,-8.533415,0.000e+00
Set Transformer,ch4t-test-001873,8,1.530940,1.093652,0.039807,0.606935,-4.664010,-7.935344,0.000e+00
Set Transformer,ch4t-test-001874,7,1.831266,0.384990,1.601056,0.167768,-3.942163,-7.927243,4.441e-16
Set Transformer,ch4t-test-001875,7,1.153278,-0.001164,0.760166,-0.098302,-6.258123,-8.072100,2.220e-16
Set Transformer,ch4t-test-001876,4,1.107945,0.321787,0.448587,0.165749,-6.065152,-8.109220,0.000e+00
Set Transformer,ch4t-test-001877,7,1.401023,0.411278,0.696212,0.336435,-4.871229,-7.716178,4.441e-16
Set Transformer,ch4t-test-001878,10,0.251825,0.687157,0.219645,0.174436,-7.061943,-8.395006,0.000e+00
Set Transformer,ch4t-test-001879,6,1.858725,-0.401306,0.901980,0.704779,-5.099207,-8.163385,0.000e+00
Set Transformer,ch4t-test-001880,9,2.183629,-0.076661,1.045672,0.684332,-4.002317,-7.839288,4.441e-16
Set Transformer,ch4t-test-001881,11,0.693166,2.057940,1.291265,0.021257,-3.910238,-7.973866,0.000e+00
Set Transformer,ch4t-test-001882,11,1.745474,-0.955879,1.858996,0.097070,-5.161998,-7.907659,4.441e-16
Set Transformer,ch4t-test-001883,5,2.813995,-0.174803,1.090416,0.317179,-4.110946,-8.157732,0.000e+00
Set Transformer,ch4t-test-001884,7,1.454808,0.260354,0.761939,0.241525,-5.392642,-8.111269,0.000e+00
Set Transformer,ch4t-test-001885,5,1.320329,0.965515,0.808678,0.112864,-4.879742,-8.087128,0.000e+00
Set Transformer,ch4t-test-001886,11,2.683375,-1.074549,1.221201,0.322492,-4.369179,-7.521699,4.441e-16
Set Transformer,ch4t-test-001887,12,-0.220529,1.067964,-0.031427,0.226832,-6.963270,-8.006110,2.220e-16
Set Transformer,ch4t-test-001888,6,0.568441,0.470205,0.647949,0.268069,-5.610168,-7.564832,2.220e-16
Set Transformer,ch4t-test-001889,10,2.903683,-0.329850,1.029689,0.908510,-3.334333,-7.846365,8.882e-16
Set Transformer,ch4t-test-001890,5,-0.068290,0.451176,-0.008125,0.206072,-7.276523,-7.857356,0.000e+00
Set Transformer,ch4t-test-001891,12,1.873930,0.865404,0.263788,0.378472,-4.701774,-8.083369,0.000e+00
Set Transformer,ch4t-test-001892,12,-0.841299,-0.641184,1.709459,-0.127979,-7.682962,-7.781958,5.551e-17
Set Transformer,ch4t-test-001893,9,0.092371,0.485582,0.082794,0.176018,-7.401746,-8.238511,0.000e+00
Set Transformer,ch4t-test-001894,9,0.067761,0.379374,1.347418,-0.533615,-6.495758,-7.756696,0.000e+00
Set Transformer,ch4t-test-001895,6,-0.009674,0.321822,-0.057716,0.318065,-7.544699,-8.117197,0.000e+00
Set Transformer,ch4t-test-001896,7,-0.037345,0.483746,0.096150,0.086993,-7.289653,-7.919197,0.000e+00
Set Transformer,ch4t-test-001897,5,4.912574,-1.117634,-1.696613,1.126961,-4.613114,-7.838401,0.000e+00
Set Transformer,ch4t-test-001898,8,1.932053,0.024045,0.322143,0.202393,-5.543460,-8.024094,0.000e+00
Set Transformer,ch4t-test-001899,12,2.289772,0.323193,0.723981,0.347818,-4.315385,-8.000149,0.000e+00
Set Transformer,ch4t-test-001900,12,-0.036929,1.261956,0.118763,-0.130391,-6.766818,-7.980218,2.220e-16
Set Transformer,ch4t-test-001901,7,3.587008,-1.375086,-0.764447,1.597194,-5.034471,-8.079140,0.000e+00
Set Transformer,ch4t-test-001902,5,-0.065116,0.230094,0.087034,0.169400,-7.351197,-7.772610,5.551e-17
Set Transformer,ch4t-test-001903,4,0.638235,-0.241711,-0.078925,-0.145384,-7.390318,-7.562533,8.327e-17
Set Transformer,ch4t-test-001904,12,0.021860,0.969973,-0.046420,0.234582,-7.201459,-8.381455,0.000e+00
Set Transformer,ch4t-test-001905,7,-0.013594,-0.011009,-0.003274,-0.031433,-7.698570,-7.639259,0.000e+00
Set Transformer,ch4t-test-001906,9,5.468041,-1.774196,-2.794337,0.362529,-6.582789,-7.844826,0.000e+00
Set Transformer,ch4t-test-001907,9,1.422005,0.484267,0.074115,0.517648,-5.407368,-7.905403,0.000e+00
Set Transformer,ch4t-test-001908,5,1.645395,0.156895,1.646676,-0.235173,-4.480063,-7.693857,4.441e-16
Set Transformer,ch4t-test-001909,8,0.915171,0.969900,0.521323,0.369691,-5.828963,-8.605048,0.000e+00
Set Transformer,ch4t-test-001910,4,1.989661,-0.462963,1.558435,0.481937,-4.050826,-7.617896,0.000e+00
Set Transformer,ch4t-test-001911,7,0.722939,-0.338277,0.616182,0.419022,-6.589094,-8.008960,2.220e-16
Set Transformer,ch4t-test-001912,12,1.714057,0.407027,0.336681,0.741465,-4.430559,-7.629789,0.000e+00
Set Transformer,ch4t-test-001913,8,1.337753,-0.327606,0.438434,0.256008,-6.125242,-7.829832,4.441e-16
Set Transformer,ch4t-test-001914,6,2.927510,-0.796468,1.837491,0.454188,-3.433943,-7.856664,8.882e-16
Set Transformer,ch4t-test-001915,12,-0.021812,2.341046,-0.053205,0.258683,-5.631552,-8.156264,4.441e-16
Set Transformer,ch4t-test-001916,6,1.292372,-1.032553,1.550714,-0.083867,-6.175468,-7.902134,2.220e-16
Set Transformer,ch4t-test-001917,7,2.429862,-0.230532,0.527660,0.132857,-5.200129,-8.059975,4.441e-16
Set Transformer,ch4t-test-001918,11,0.161839,-1.506647,1.995263,-0.564739,-8.085482,-8.171198,2.220e-16
Set Transformer,ch4t-test-001919,10,-0.133455,0.979670,-0.149900,0.270786,-6.718819,-7.685920,0.000e+00
Set Transformer,ch4t-test-001920,9,2.050261,-0.373863,1.439035,-0.096219,-4.595482,-7.614695,0.000e+00
Set Transformer,ch4t-test-001921,5,-0.023796,0.181569,-0.161569,0.185778,-7.979238,-8.161218,2.776e-17
Set Transformer,ch4t-test-001922,4,0.247132,0.817090,0.439035,0.000909,-6.356325,-7.860491,2.220e-16
Set Transformer,ch4t-test-001923,10,1.531050,0.739711,0.491952,0.349646,-4.622708,-7.735067,0.000e+00
Set Transformer,ch4t-test-001924,4,4.740616,0.487254,-0.193357,0.004643,-2.824418,-7.863575,0.000e+00
Set Transformer,ch4t-test-001925,9,2.275142,-0.528024,1.393382,0.218971,-4.358562,-7.718033,4.441e-16
Set Transformer,ch4t-test-001926,9,-0.261198,1.857194,-0.185089,0.101114,-6.513109,-8.025130,2.220e-16
Set Transformer,ch4t-test-001927,12,1.154848,-0.021054,0.841628,-0.166258,-6.085929,-7.895093,0.000e+00
Set Transformer,ch4t-test-001928,11,2.714855,1.867497,1.061890,0.215992,-2.413144,-8.273378,0.000e+00
Set Transformer,ch4t-test-001929,6,1.878595,0.894906,0.440293,0.243932,-4.668599,-8.126326,4.441e-16
Set Transformer,ch4t-test-001930,6,0.077859,0.491261,-0.174548,-0.055564,-7.266058,-7.605065,0.000e+00
Set Transformer,ch4t-test-001931,11,5.165336,-0.963828,-1.760738,2.092989,-3.418948,-7.952707,0.000e+00
Set Transformer,ch4t-test-001932,9,2.386589,-0.336886,1.454709,0.238802,-3.988107,-7.731321,4.441e-16
Set Transformer,ch4t-test-001933,10,0.642938,0.507381,1.091274,-0.233396,-5.906202,-7.914399,0.000e+00
Set Transformer,ch4t-test-001934,6,0.143078,-0.013130,-0.054745,-0.050283,-7.943560,-7.968480,2.776e-17
Set Transformer,ch4t-test-001935,11,1.184550,0.212053,0.107232,0.047287,-6.224952,-7.776074,0.000e+00
Set Transformer,ch4t-test-001936,11,1.050612,-0.644878,1.202182,0.302896,-5.871667,-7.782480,2.220e-16
Set Transformer,ch4t-test-001937,8,1.877637,-0.532474,0.330791,0.496295,-5.745583,-7.917831,4.441e-16
Set Transformer,ch4t-test-001938,11,2.311883,-0.203277,1.389238,0.231150,-4.045483,-7.774477,4.441e-16
Set Transformer,ch4t-test-001939,8,1.095751,-0.523838,1.353995,1.123446,-4.601100,-7.650453,0.000e+00
Set Transformer,ch4t-test-001940,7,1.345480,2.297763,0.864507,0.226968,-2.832325,-7.567042,0.000e+00
Set Transformer,ch4t-test-001941,9,0.069131,0.996155,-0.150157,0.115794,-7.067204,-8.098126,0.000e+00
Set Transformer,ch4t-test-001942,8,1.589866,0.549968,0.823456,-0.078392,-4.948742,-7.833640,0.000e+00
Set Transformer,ch4t-test-001943,11,1.763116,1.531402,0.723296,-0.041979,-4.072784,-8.048620,4.441e-16
Set Transformer,ch4t-test-001944,8,2.271012,0.321967,-0.435350,0.610866,-5.070026,-7.838522,0.000e+00
Set Transformer,ch4t-test-001945,10,0.328466,-0.259407,0.843766,-0.491849,-7.512379,-7.933355,0.000e+00
Set Transformer,ch4t-test-001946,6,1.692731,0.629838,0.077200,0.495158,-4.719725,-7.614652,0.000e+00
Set Transformer,ch4t-test-001947,8,1.680909,-0.202761,0.299550,0.158741,-6.161152,-8.097590,2.220e-16
Set Transformer,ch4t-test-001948,8,0.389902,0.770780,0.135932,-0.029418,-6.751935,-8.019130,0.000e+00
Set Transformer,ch4t-test-001949,6,0.019986,-0.932955,0.137065,0.050878,-8.510930,-7.785904,0.000e+00
Set Transformer,ch4t-test-001950,7,-0.054218,0.147804,-0.216643,0.352813,-7.668917,-7.898673,2.776e-17
Set Transformer,ch4t-test-001951,10,-0.148232,2.157733,-0.161580,-0.056441,-5.799979,-7.591460,0.000e+00
Set Transformer,ch4t-test-001952,10,2.111294,-0.981240,2.020582,-0.402904,-5.176793,-7.924525,4.441e-16
Set Transformer,ch4t-test-001953,7,0.120873,-1.065811,0.313139,-0.252664,-8.751054,-7.866590,1.110e-16
Set Transformer,ch4t-test-001954,4,-0.046078,0.353508,0.069293,0.023598,-7.855018,-8.255338,5.551e-17
Set Transformer,ch4t-test-001955,7,-0.248084,-0.078375,1.642505,-0.721561,-7.207606,-7.802092,0.000e+00
Set Transformer,ch4t-test-001956,10,3.042214,-0.988160,-0.783524,1.027523,-5.264148,-7.562203,0.000e+00
Set Transformer,ch4t-test-001957,11,-0.153468,1.529465,-0.231496,0.288135,-6.371934,-7.804570,0.000e+00
Set Transformer,ch4t-test-001958,12,1.874985,-0.119453,1.275200,-0.210743,-4.838559,-7.658547,8.882e-16
Set Transformer,ch4t-test-001959,7,1.707479,0.758862,0.399830,0.593547,-4.272146,-7.731865,0.000e+00
Set Transformer,ch4t-test-001960,4,-0.018252,0.026621,-0.004129,0.203968,-7.488202,-7.696411,0.000e+00
Set Transformer,ch4t-test-001961,9,-0.100799,1.176172,0.342657,-0.168896,-6.546486,-7.795620,0.000e+00
Set Transformer,ch4t-test-001962,12,2.404767,0.413514,0.484241,0.733849,-3.983536,-8.019906,8.882e-16
Set Transformer,ch4t-test-001963,11,1.192971,0.494823,0.826201,0.554146,-4.740301,-7.808441,0.000e+00
Set Transformer,ch4t-test-001964,10,0.940691,0.475667,0.633250,0.330390,-5.412347,-7.792346,4.441e-16
Set Transformer,ch4t-test-001965,12,4.183065,-0.684157,-0.049201,0.876659,-3.499811,-7.826177,1.776e-15
Set Transformer,ch4t-test-001966,10,2.161865,1.824909,0.054613,0.399117,-3.910575,-8.351079,8.882e-16
Set Transformer,ch4t-test-001967,11,1.547481,0.494317,0.324230,0.403613,-5.041728,-7.811368,0.000e+00
Set Transformer,ch4t-test-001968,8,-0.434303,-0.129464,0.833572,-0.134554,-7.526494,-7.661744,0.000e+00
Set Transformer,ch4t-test-001969,4,1.387813,-0.288547,1.604885,-0.409747,-5.454429,-7.748833,0.000e+00
Set Transformer,ch4t-test-001970,7,-0.171329,0.966906,-0.223838,0.172633,-7.021525,-7.765897,0.000e+00
Set Transformer,ch4t-test-001971,4,-0.030479,0.659465,-0.027728,0.080845,-7.479296,-8.161399,1.110e-16
Set Transformer,ch4t-test-001972,10,1.896025,0.449300,0.794994,0.774699,-4.111549,-8.026568,0.000e+00
Set Transformer,ch4t-test-001973,5,-0.072147,0.950505,-0.311563,0.484258,-7.002473,-8.053525,0.000e+00
Set Transformer,ch4t-test-001974,5,-0.071912,1.316187,-0.065758,0.205921,-6.419647,-7.804084,0.000e+00
Set Transformer,ch4t-test-001975,4,0.748783,-1.319113,1.067178,-0.357745,-7.927119,-8.066223,5.551e-17
Set Transformer,ch4t-test-001976,8,1.637795,-0.203308,1.826656,0.325597,-4.196662,-7.783401,0.000e+00
Set Transformer,ch4t-test-001977,7,2.988966,-0.453375,0.885251,0.484654,-4.085807,-7.991303,4.441e-16
Set Transformer,ch4t-test-001978,4,1.789543,-0.099095,1.495024,-0.269122,-5.153601,-8.069950,0.000e+00
Set Transformer,ch4t-test-001979,10,4.810182,-0.624956,-2.098140,1.438167,-4.562531,-8.087785,0.000e+00
Set Transformer,ch4t-test-001980,7,1.745366,-0.457256,1.349586,0.086384,-5.099366,-7.823446,0.000e+00
Set Transformer,ch4t-test-001981,5,2.119617,0.584741,0.372402,0.546852,-4.395390,-8.019001,4.441e-16
Set Transformer,ch4t-test-001982,5,0.087162,0.555812,-0.105306,0.098517,-7.254843,-7.891029,0.000e+00
Set Transformer,ch4t-test-001983,5,0.980722,0.826852,0.045240,0.294418,-5.573822,-7.721054,0.000e+00
Set Transformer,ch4t-test-001984,11,3.367627,0.056113,0.049173,0.748582,-3.528845,-7.750339,8.882e-16
Set Transformer,ch4t-test-001985,7,1.278225,-0.114989,1.428581,0.395664,-4.825578,-7.813059,0.000e+00
Set Transformer,ch4t-test-001986,10,3.713192,-0.875624,1.579692,0.101218,-3.265737,-7.784214,8.882e-16
Set Transformer,ch4t-test-001987,11,1.961487,-1.158787,1.877147,0.043142,-5.072804,-7.795794,4.441e-16
Set Transformer,ch4t-test-001988,8,1.557912,0.508039,0.954365,0.237237,-4.763818,-8.021371,0.000e+00
Set Transformer,ch4t-test-001989,4,0.329059,-0.224528,1.040785,-0.313304,-6.940953,-7.772966,1.110e-16
Set Transformer,ch4t-test-001990,9,5.334376,-1.021488,-0.156906,0.466144,-3.107737,-7.729863,0.000e+00
Set Transformer,ch4t-test-001991,4,4.193701,-0.499117,-0.809040,0.269221,-4.629626,-7.784392,4.441e-16
Set Transformer,ch4t-test-001992,11,0.922947,1.410275,0.383890,0.548665,-4.312215,-7.577992,4.441e-16
Set Transformer,ch4t-test-001993,4,-0.401649,1.242959,-0.065848,0.042545,-7.028001,-7.846008,0.000e+00
Set Transformer,ch4t-test-001994,11,-0.044541,0.799821,-0.171329,0.048710,-7.251769,-7.884430,0.000e+00
Set Transformer,ch4t-test-001995,6,4.354326,-0.987310,-0.129704,0.896732,-3.894315,-8.028358,8.882e-16
Set Transformer,ch4t-test-001996,9,1.536588,-1.312492,1.845879,0.179494,-5.646881,-7.896349,0.000e+00
Set Transformer,ch4t-test-001997,8,0.495753,-0.409118,1.033808,0.081430,-6.739373,-7.941246,2.220e-16
Set Transformer,ch4t-test-001998,12,1.261276,0.799216,0.919843,0.357996,-4.618597,-7.956929,4.441e-16
Set Transformer,ch4t-test-001999,9,1.582228,0.332783,0.405486,0.242196,-5.260825,-7.823519,0.000e+00
